mtllib material.mtl
o matcha_isi
v -0.388312 -0.233579 0.163949
v -0.389664 -0.197393 0.141919
v -0.393197 -0.224415 0.146334
v -0.387553 -0.210699 0.154356
v -0.381969 -0.209839 0.167774
v -0.380035 -0.225019 0.179052
v -0.384075 -0.180677 0.149023
v -0.383215 -0.191442 0.156532
v -0.378924 -0.167580 0.156182
v -0.383096 -0.164044 0.143533
v -0.379302 -0.194060 0.167113
v -0.373759 -0.179266 0.173468
v -0.373729 -0.165885 0.167862
v -0.373576 -0.189966 0.178463
v -0.366675 -0.180198 0.189777
v -0.387590 -0.169753 0.133049
v -0.387379 -0.160260 0.128917
v -0.384118 -0.148703 0.134037
v -0.379476 -0.151992 0.148295
v -0.379323 -0.140476 0.143451
v -0.384123 -0.140050 0.129737
v -0.379585 -0.128323 0.136534
v -0.374292 -0.123385 0.148487
v -0.384225 -0.114962 0.116046
v -0.374960 -0.143976 0.156297
v -0.372604 -0.149379 0.164268
v -0.379165 -0.118349 0.133050
v -0.366151 -0.130384 0.171666
v -0.365373 -0.116656 0.167917
v -0.372133 -0.109415 0.148371
v -0.362057 -0.119310 0.176862
v -0.366627 -0.145861 0.176713
v -0.375913 -0.104237 0.136195
v -0.371129 -0.086354 0.142574
v -0.366092 -0.088984 0.156496
v -0.366530 -0.082014 0.152659
v -0.379967 -0.103426 0.123935
v -0.375509 -0.085944 0.129798
v -0.369865 -0.072744 0.139658
v -0.366466 -0.064659 0.144981
v -0.369010 -0.055390 0.133637
v -0.363896 -0.055173 0.147633
v -0.375396 -0.075835 0.125127
v -0.360656 -0.065589 0.159885
v -0.363325 -0.081379 0.160116
v -0.362246 -0.089569 0.165750
v -0.358039 -0.104627 0.181109
v -0.360552 -0.043401 0.151707
v -0.366687 -0.040257 0.135136
v -0.366654 -0.035571 0.133517
v -0.360896 -0.025106 0.143681
v -0.363248 -0.023589 0.136853
v -0.357132 -0.003593 0.144054
v -0.353550 -0.005545 0.153955
v -0.362830 -0.005684 0.129299
v -0.367107 -0.025977 0.127295
v -0.370926 -0.033616 0.120299
v -0.370753 -0.040859 0.124145
v -0.353829 0.012739 0.146819
v -0.357920 0.009195 0.137552
v -0.358126 0.016970 0.133789
v -0.354259 0.031726 0.137471
v -0.349401 0.031327 0.150028
v -0.347335 0.019125 0.159743
v -0.343875 0.032671 0.162691
v -0.349309 0.048541 0.144150
v -0.344950 0.048145 0.154874
v -0.357562 -0.066683 0.167469
v -0.357976 -0.088470 0.174779
v -0.355466 -0.027906 0.157749
v -0.353457 -0.050722 0.170852
v -0.349675 -0.003743 0.162430
v -0.353934 0.043685 0.134138
v -0.349286 0.059667 0.139345
v -0.343603 0.064352 0.151491
v -0.358066 0.029025 0.128222
v -0.353711 -0.089623 0.185386
v -0.353145 0.065736 0.125807
v -0.355546 0.047651 0.127764
v -0.343290 0.085096 0.144661
v -0.340230 0.078321 0.154222
v -0.347140 0.083295 0.135179
v -0.340547 0.118193 0.139364
v -0.336418 0.102421 0.155127
v -0.336402 0.130119 0.145361
v -0.339763 0.136161 0.134398
v -0.335505 0.150448 0.138626
v -0.339471 0.151690 0.127692
v -0.334227 0.166384 0.136161
v -0.331385 0.166384 0.143336
v -0.331731 0.170998 0.140439
v -0.336197 0.167004 0.130431
v -0.332231 0.129274 0.155445
v -0.332256 0.116481 0.159823
v -0.330855 0.147789 0.150605
v -0.328648 0.154860 0.152990
v -0.344965 0.125367 0.124514
v -0.345042 0.132135 0.121401
v -0.344090 0.105838 0.134274
v -0.340691 0.169241 0.115950
v -0.343144 0.147981 0.118858
v -0.362441 0.008202 0.125130
v -0.340709 0.050628 0.163719
v -0.337139 0.067482 0.164788
v -0.336031 0.080033 0.162957
v -0.331509 0.104648 0.165243
v -0.345407 0.004687 0.168967
v -0.344951 -0.015283 0.176567
v -0.348491 -0.032281 0.174675
v -0.336164 0.043334 0.176212
v -0.337451 0.048430 0.171670
v -0.353393 -0.071024 0.177899
v -0.350159 -0.050590 0.177685
v -0.325016 0.149256 0.163174
v -0.327568 0.132684 0.164336
v -0.327703 0.169099 0.150645
v -0.326614 0.184443 0.145984
v -0.323252 0.178126 0.156598
v -0.322538 0.190350 0.153417
v -0.372537 -0.197245 0.183301
v -0.366156 -0.185340 0.192684
v -0.374845 -0.222119 0.188666
v -0.367609 -0.160732 0.179490
v -0.323216 0.203410 0.147638
v -0.319014 0.209025 0.155143
v -0.319145 0.185638 0.162683
v -0.333410 0.188919 0.126617
v -0.330175 0.181742 0.138441
v -0.336695 0.183026 0.120515
v -0.336018 0.195139 0.116451
v -0.326773 0.206149 0.137997
v -0.330076 0.209560 0.127526
v -0.332894 0.204751 0.121397
v -0.352777 -0.077216 0.181736
v -0.348826 -0.062447 0.184327
v -0.323683 0.130723 0.173062
v -0.323266 0.123208 0.176399
v -0.327375 0.107822 0.172872
v -0.353180 -0.093297 0.187744
v -0.353551 -0.101305 0.189468
v -0.357864 -0.116681 0.185038
v -0.361408 -0.143401 0.186629
v -0.361533 -0.161825 0.191972
v -0.349420 -0.078280 0.189818
v -0.369427 -0.174376 0.180799
v -0.364575 -0.168227 0.188325
v -0.319123 0.155680 0.173020
v -0.314959 0.181113 0.172735
v -0.314436 0.200355 0.167099
v -0.323493 0.217635 0.143344
v -0.332096 0.052852 0.181093
v -0.331469 0.043334 0.185825
v -0.329674 0.068525 0.179789
v -0.329737 0.079016 0.176192
v -0.337515 0.023241 0.179579
v -0.341357 0.001557 0.178272
v -0.333737 0.018754 0.188118
v -0.336220 -0.000787 0.188791
v -0.327904 0.038453 0.194308
v -0.340369 -0.012795 0.184750
v -0.345231 -0.036321 0.182552
v -0.344789 -0.058982 0.190848
v -0.344803 -0.066764 0.193616
v -0.314107 0.228736 0.159093
v -0.319872 0.227909 0.147269
v -0.325649 0.222512 0.136161
v -0.326406 0.218195 0.136161
v -0.325199 0.213877 0.140479
v -0.327300 0.222375 0.131572
v -0.365926 -0.197753 0.196760
v -0.370303 -0.203348 0.190183
v -0.369423 -0.226454 0.200929
v -0.328727 0.217115 0.129189
v -0.323554 0.104773 0.181294
v -0.327774 0.047912 0.191422
v -0.362325 -0.180333 0.198397
v -0.354479 -0.121227 0.192995
v -0.324105 0.083290 0.185797
v -0.323707 0.063831 0.192890
v -0.369911 -0.049782 0.128830
v -0.373265 -0.055970 0.120988
v -0.368452 -0.017434 0.118328
v -0.366342 0.000349 0.116449
v -0.316296 0.145956 0.181678
v -0.319126 0.125659 0.183277
v -0.355713 -0.141514 0.196916
v -0.349428 -0.116416 0.200686
v -0.349086 -0.147700 0.210854
v -0.354386 -0.155391 0.203344
v -0.349703 -0.167235 0.215822
v -0.356294 -0.163820 0.202583
v -0.360252 -0.173057 0.199106
v -0.356953 -0.177570 0.206824
v -0.310157 0.233215 0.165282
v -0.310310 0.203011 0.174048
v -0.310550 0.179715 0.181220
v -0.349323 -0.089860 0.194003
v -0.345357 -0.115720 0.207590
v -0.345864 -0.082884 0.197859
v -0.361247 -0.210797 0.210133
v -0.359489 -0.192513 0.207057
v -0.339605 -0.034993 0.192640
v -0.319149 0.102385 0.189800
v -0.319447 0.081154 0.194629
v -0.320585 0.062390 0.198838
v -0.323424 0.046464 0.199870
v -0.323121 0.041175 0.202156
v -0.306009 0.220752 0.176510
v -0.304384 0.192381 0.187734
v -0.339376 -0.063384 0.202022
v -0.329785 -0.038193 0.210590
v -0.332491 -0.056828 0.212056
v -0.327681 -0.056192 0.219871
v -0.333907 -0.068502 0.212994
v -0.327446 -0.002646 0.204367
v -0.330285 0.012445 0.195788
v -0.323605 0.034185 0.202992
v -0.353011 -0.199551 0.220717
v -0.363120 -0.233463 0.214915
v -0.349367 -0.177913 0.220020
v -0.344899 -0.153115 0.219778
v -0.314938 0.127042 0.189986
v -0.311391 0.145843 0.190073
v -0.306590 0.156703 0.194771
v -0.339752 -0.136785 0.222961
v -0.353858 -0.228796 0.228949
v -0.349248 -0.204574 0.228508
v -0.345408 -0.167988 0.223254
v -0.301491 0.218195 0.184860
v -0.296940 0.200925 0.197440
v -0.301520 0.182076 0.195245
v -0.302283 0.239872 0.176814
v -0.309059 0.139045 0.195664
v -0.301868 0.158533 0.201694
v -0.339019 -0.117599 0.218685
v -0.340631 -0.084035 0.206901
v -0.332271 -0.099288 0.224634
v -0.327981 -0.090486 0.228995
v -0.327903 -0.074334 0.224419
v -0.330129 -0.109694 0.230617
v -0.319395 0.043591 0.207482
v -0.316914 0.059963 0.205686
v -0.312334 0.079280 0.206581
v -0.315341 0.088305 0.199441
v -0.310293 0.108097 0.202444
v -0.323781 0.007828 0.207592
v -0.323817 -0.009400 0.211964
v -0.323690 0.019587 0.205313
v -0.319195 0.036857 0.209363
v -0.327851 -0.233581 0.267687
v -0.323498 -0.229370 0.271965
v -0.336555 -0.228941 0.254816
v -0.310796 -0.228051 0.286300
v -0.315521 -0.229164 0.281361
v -0.333367 -0.200289 0.250611
v -0.325339 -0.195482 0.259830
v -0.323312 -0.180596 0.258764
v -0.319154 -0.177782 0.263303
v -0.319850 -0.199092 0.267526
v -0.321542 -0.166678 0.257105
v -0.315673 -0.166068 0.264303
v -0.314508 -0.153115 0.262919
v -0.319032 -0.150957 0.256649
v -0.333326 -0.173174 0.242875
v -0.325461 -0.160671 0.250087
v -0.325330 -0.139369 0.244718
v -0.318917 -0.135081 0.252190
v -0.313050 -0.132031 0.258739
v -0.311709 -0.117318 0.256697
v -0.321756 -0.126094 0.246124
v -0.325512 -0.118983 0.239354
v -0.319114 -0.109689 0.245965
v -0.312671 -0.099667 0.251963
v -0.321702 -0.100545 0.240589
v -0.316970 -0.088317 0.243821
v -0.310400 -0.089801 0.252375
v -0.311718 -0.071407 0.245952
v -0.321793 -0.071373 0.232695
v -0.323716 -0.091590 0.235563
v -0.309845 -0.047586 0.242766
v -0.319405 -0.056209 0.232327
v -0.297388 -0.029602 0.254450
v -0.301972 -0.019687 0.246131
v -0.306398 -0.025701 0.241954
v -0.302901 -0.077794 0.258250
v -0.299913 -0.051303 0.255976
v -0.293312 -0.029016 0.259071
v -0.317097 -0.040634 0.231018
v -0.298690 -0.101305 0.268942
v -0.296018 -0.094742 0.270485
v -0.294221 -0.077602 0.268262
v -0.293639 -0.023589 0.257300
v -0.296887 -0.010636 0.249557
v -0.323297 -0.062447 0.228443
v -0.295770 -0.116291 0.274986
v -0.299441 -0.139018 0.276555
v -0.290701 -0.101305 0.278005
v -0.315302 -0.200707 0.273386
v -0.307498 -0.182465 0.277549
v -0.307512 -0.171798 0.275015
v -0.297222 -0.144158 0.280324
v -0.297905 -0.159592 0.283128
v -0.308666 -0.198547 0.280398
v -0.340453 -0.187656 0.236917
v -0.345026 -0.204926 0.235141
v -0.340293 -0.168227 0.231261
v -0.334646 -0.139631 0.231477
v -0.311883 -0.010636 0.229968
v -0.303399 -0.000453 0.238989
v -0.298221 -0.006318 0.246824
v -0.308333 0.006109 0.230836
v -0.297607 0.026503 0.240677
v -0.303175 0.037286 0.231175
v -0.298018 0.056811 0.233654
v -0.293086 0.060829 0.238936
v -0.291160 0.005180 0.253136
v -0.293341 0.017257 0.247874
v -0.290853 0.047530 0.244457
v -0.294029 0.081544 0.232491
v -0.287675 0.088169 0.238749
v -0.293647 0.101081 0.228199
v -0.288551 0.064770 0.243440
v -0.297249 0.089353 0.226153
v -0.284432 0.055721 0.250162
v -0.315197 0.041175 0.214124
v -0.306350 0.022424 0.230029
v -0.312643 0.032337 0.219300
v -0.313626 0.017614 0.220634
v -0.305727 0.054127 0.223730
v -0.297104 0.118891 0.219415
v -0.291080 0.123238 0.226564
v -0.286870 0.109853 0.234815
v -0.282501 0.134454 0.234754
v -0.280297 0.095999 0.246036
v -0.284694 0.148032 0.228851
v -0.289093 0.139281 0.225182
v -0.284772 0.164073 0.224632
v -0.291035 0.157684 0.217853
v -0.293231 0.138661 0.219521
v -0.297437 0.155685 0.209091
v -0.293348 0.168122 0.211592
v -0.280439 0.151038 0.233250
v -0.271425 0.183430 0.235864
v -0.274001 0.191308 0.230601
v -0.266571 0.204449 0.236639
v -0.272663 0.199305 0.230272
v -0.287493 0.189393 0.213291
v -0.281141 0.199669 0.219053
v -0.286648 0.175063 0.218843
v -0.294126 0.181819 0.206257
v -0.289584 0.200925 0.208003
v -0.286183 0.210673 0.209740
v -0.293516 0.199214 0.203199
v -0.292996 0.190131 0.205715
v -0.274005 0.217655 0.224680
v -0.275761 0.228402 0.219803
v -0.266882 0.222512 0.232538
v -0.290698 0.230413 0.197701
v -0.273105 0.138956 0.244628
v -0.279844 0.129033 0.239048
v -0.266988 0.136161 0.252146
v -0.275941 0.099429 0.250326
v -0.262741 0.223274 0.237091
v -0.289183 0.026412 0.250650
v -0.284965 0.009558 0.259400
v -0.282275 0.038164 0.255861
v -0.282430 0.026723 0.258047
v -0.279957 0.008354 0.265136
v -0.270978 0.087589 0.258363
v -0.254537 0.222304 0.246213
v -0.313509 0.056758 0.211840
v -0.304265 0.071154 0.221020
v -0.300682 0.094594 0.219969
v -0.310598 0.092985 0.205625
v -0.302036 0.120838 0.211664
v -0.282482 0.001237 0.263903
v -0.318722 -0.008477 0.219421
v -0.316014 -0.026996 0.228647
v -0.319959 -0.038700 0.226119
v -0.268043 0.160001 0.245210
v -0.266351 0.170150 0.244856
v -0.260944 0.200033 0.243973
v -0.258695 0.182298 0.250363
v -0.258873 0.161972 0.254872
v -0.281903 -0.009873 0.266441
v -0.287691 -0.012547 0.260508
v -0.278059 -0.014954 0.271886
v -0.276101 0.000158 0.271022
v -0.275543 0.073700 0.255928
v -0.265308 0.082259 0.265617
v -0.269758 0.069239 0.263088
v -0.264122 0.140597 0.254192
v -0.287192 -0.032200 0.266483
v -0.280473 -0.025794 0.272154
v -0.287075 -0.096987 0.280932
v -0.282889 -0.081876 0.281598
v -0.277183 -0.065069 0.283984
v -0.282845 -0.054161 0.275619
v -0.280266 -0.044111 0.276265
v -0.277555 -0.074320 0.285941
v -0.272294 0.051600 0.263990
v -0.268673 0.094808 0.259279
v -0.264866 0.116247 0.258450
v -0.260629 0.123398 0.261212
v -0.262944 0.094326 0.265413
v -0.295710 -0.172051 0.287943
v -0.296716 -0.185880 0.290024
v -0.299892 -0.200880 0.290504
v -0.299212 -0.226866 0.298305
v -0.291007 -0.193679 0.297807
v -0.291107 -0.144693 0.287099
v -0.291350 -0.156893 0.289503
v -0.283958 -0.115337 0.287514
v -0.289441 -0.112099 0.281146
v -0.284388 -0.101305 0.284695
v -0.264921 0.149114 0.250675
v -0.267791 0.153431 0.246544
v -0.258010 0.153431 0.257259
v -0.261237 0.136161 0.258310
v -0.257648 0.142168 0.260658
v -0.293320 -0.218300 0.302263
v -0.273404 0.034911 0.265918
v -0.271625 0.022825 0.270323
v -0.266973 0.039468 0.271616
v -0.272146 0.002317 0.274635
v -0.263858 0.064773 0.269839
v -0.285697 -0.164913 0.296814
v -0.270544 -0.011715 0.278952
v -0.249830 0.226830 0.250132
v -0.251771 0.186892 0.256411
v -0.252097 0.175832 0.258358
v -0.252310 0.162675 0.261265
v -0.276903 -0.086302 0.288690
v -0.279570 -0.096987 0.288556
v -0.273720 -0.071082 0.289127
v -0.283623 -0.135111 0.292576
v -0.278543 -0.157433 0.302591
v -0.278128 -0.143879 0.300037
v -0.282673 -0.177402 0.302368
v -0.285793 -0.194005 0.303299
v -0.250850 0.150733 0.265198
v -0.258406 0.086509 0.271697
v -0.273138 -0.075399 0.290649
v -0.258972 0.080506 0.272235
v -0.272633 -0.057050 0.286456
v -0.245493 0.226830 0.254457
v -0.243592 0.205606 0.260365
v -0.239907 0.174690 0.270444
v -0.235509 0.226570 0.263906
v -0.271261 -0.115451 0.300186
v -0.273750 -0.127636 0.300491
v -0.251758 0.141585 0.266650
v -0.256895 0.129685 0.263664
v -0.269657 -0.026050 0.282927
v -0.266511 -0.053831 0.291645
v -0.262754 -0.023589 0.289002
v -0.261398 -0.011105 0.287601
v -0.255485 -0.006947 0.292221
v -0.261339 0.007033 0.283897
v -0.249845 0.014754 0.292781
v -0.252447 0.027597 0.287841
v -0.248034 0.051649 0.287214
v -0.241943 0.055962 0.291886
v -0.254237 0.060604 0.279617
v -0.257220 0.046572 0.279636
v -0.256741 0.100566 0.270010
v -0.249132 0.091586 0.279144
v -0.242719 0.118162 0.279307
v -0.268284 -0.090560 0.297760
v -0.237237 0.159598 0.276417
v -0.243462 0.142951 0.274088
v -0.267309 -0.106874 0.302186
v -0.247418 0.129685 0.272562
v -0.235442 0.132189 0.283221
v -0.269559 -0.147183 0.308748
v -0.274111 -0.157433 0.306798
v -0.274500 -0.173924 0.309325
v -0.271745 -0.183280 0.313728
v -0.256571 0.067080 0.276322
v -0.257066 -0.060288 0.301601
v -0.252235 -0.026389 0.298994
v -0.239956 0.067841 0.291442
v -0.252923 0.082058 0.277527
v -0.282709 -0.232990 0.315694
v -0.274332 -0.194913 0.314013
v -0.273779 -0.222019 0.321009
v -0.262543 -0.185767 0.322239
v -0.235321 0.101621 0.289580
v -0.257850 -0.130608 0.315357
v -0.266475 -0.161751 0.314435
v -0.261072 -0.154125 0.317511
v -0.265310 -0.175468 0.317824
v -0.261249 -0.091306 0.304268
v -0.263583 -0.074291 0.299002
v -0.258632 -0.111267 0.310793
v -0.233359 0.061761 0.298380
v -0.230161 0.092473 0.295802
v -0.246468 -0.007782 0.300213
v -0.255110 -0.074525 0.306412
v -0.248144 -0.090511 0.315364
v -0.251872 -0.107641 0.315765
v -0.240389 0.020298 0.299796
v -0.244209 -0.075399 0.315681
v -0.249507 -0.128419 0.321645
v -0.238953 -0.085824 0.321836
v -0.356749 0.064347 0.115367
v -0.358102 0.082766 0.102377
v -0.360549 0.078953 0.096224
v -0.362392 0.058178 0.099313
v -0.359641 0.085174 0.095941
v -0.359067 0.053920 0.113295
v -0.361220 0.043554 0.111699
v -0.363335 0.063245 0.093102
v -0.362576 0.082542 0.086754
v -0.365905 0.060855 0.083822
v -0.367503 0.032540 0.094560
v -0.364850 0.032000 0.104859
v -0.371004 0.025092 0.085892
v -0.371009 0.003484 0.098898
v -0.369807 0.038501 0.081525
v -0.362373 0.022702 0.118222
v -0.366557 0.009345 0.111438
v -0.374333 -0.016288 0.097263
v -0.370039 -0.013900 0.111220
v -0.373841 -0.024111 0.103773
v -0.375868 -0.010221 0.087457
v -0.379696 -0.013541 0.073031
v -0.379264 -0.021252 0.079796
v -0.378618 -0.036401 0.093180
v -0.382302 -0.037621 0.077874
v -0.376491 -0.041684 0.105089
v -0.384040 -0.052075 0.081880
v -0.381400 -0.050683 0.091767
v -0.384100 -0.060331 0.086490
v -0.382445 -0.067844 0.096224
v -0.377397 -0.048377 0.104925
v -0.378676 -0.062432 0.106842
v -0.382960 -0.079361 0.100922
v -0.383312 -0.087273 0.104433
v -0.379753 -0.086425 0.116616
v -0.385046 -0.073313 0.088527
v -0.386769 -0.087273 0.090827
v -0.388474 -0.120398 0.103974
v -0.386307 -0.128292 0.116191
v -0.388443 -0.142195 0.116801
v -0.393864 -0.152556 0.101638
v -0.391672 -0.159403 0.113868
v -0.388250 -0.147878 0.120434
v -0.392813 -0.128879 0.091147
v -0.388372 -0.090882 0.086267
v -0.395369 -0.165450 0.103797
v -0.392540 -0.171470 0.117759
v -0.397348 -0.161339 0.093120
v -0.360351 0.088668 0.090827
v -0.357228 0.094870 0.098007
v -0.358596 0.100536 0.088506
v -0.376501 -0.053991 0.109800
v -0.351835 0.090052 0.118434
v -0.352986 0.108448 0.105580
v -0.359180 0.038628 0.120802
v -0.348017 0.109667 0.121065
v -0.356191 0.106478 0.095144
v -0.351919 0.125367 0.101621
v -0.348406 0.125367 0.113848
v -0.348137 0.131272 0.111858
v -0.353253 0.126109 0.096016
v -0.349334 0.146614 0.098542
v -0.351896 0.149114 0.086509
v -0.339759 0.204164 0.099729
v -0.342836 0.213877 0.082192
v -0.345276 0.185990 0.090934
v -0.343192 0.184194 0.099462
v -0.346569 0.146134 0.108750
v -0.335791 0.208390 0.110920
v -0.338723 0.216036 0.097303
v -0.351650 0.162066 0.080033
v -0.347610 0.187972 0.080033
v -0.345231 0.211620 0.073478
v -0.341127 0.224335 0.082114
v -0.340816 0.215192 0.089583
v -0.348541 0.194245 0.071192
v -0.352468 0.174315 0.066907
v -0.353775 0.159025 0.073067
v -0.338997 0.225750 0.090827
v -0.335636 0.221849 0.105670
v -0.333439 0.218809 0.114248
v -0.331161 0.222704 0.119268
v -0.357348 0.120389 0.082030
v -0.358916 0.110985 0.081310
v -0.363578 0.100306 0.067896
v -0.398248 -0.186801 0.106981
v -0.403135 -0.204849 0.100500
v -0.401218 -0.229557 0.124805
v -0.403518 -0.221582 0.110895
v -0.398922 -0.207667 0.118432
v -0.408848 -0.232073 0.096589
v -0.399305 -0.230832 0.131844
v -0.392608 -0.190549 0.129251
v -0.395734 -0.215371 0.133788
v -0.376603 -0.000177 0.076852
v -0.364009 0.092985 0.071398
v -0.354591 0.139805 0.080327
v -0.354932 0.149166 0.072556
v -0.396145 -0.141831 0.084297
v -0.399906 -0.162485 0.082531
v -0.407018 -0.213286 0.089816
v -0.411722 -0.230832 0.082192
v -0.409223 -0.211899 0.077770
v -0.404511 -0.182635 0.076706
v -0.398628 -0.145581 0.074641
v -0.393760 -0.106648 0.069305
v -0.391844 -0.111902 0.083497
v -0.401350 -0.152600 0.066518
v -0.398823 -0.133007 0.061891
v -0.404393 -0.155274 0.051969
v -0.390934 -0.092670 0.074636
v -0.392615 -0.091429 0.064088
v -0.394689 -0.100765 0.058445
v -0.362607 0.108054 0.066493
v -0.365435 0.094605 0.063302
v -0.373794 0.028222 0.071398
v -0.374723 0.020056 0.072738
v -0.374042 0.003396 0.086509
v -0.369149 0.055207 0.072477
v -0.367499 0.064953 0.073589
v -0.364784 0.083271 0.075715
v -0.385743 -0.060288 0.078953
v -0.387515 -0.077679 0.079908
v -0.387872 -0.071206 0.072808
v -0.387010 -0.062447 0.073556
v -0.344496 0.220983 0.068251
v -0.347354 0.222512 0.054127
v -0.347113 0.211179 0.064382
v -0.375460 0.025993 0.064863
v -0.355778 0.162066 0.060604
v -0.356259 0.155590 0.062763
v -0.356322 0.142637 0.069239
v -0.360224 0.123914 0.064110
v -0.364705 0.107018 0.056286
v -0.412254 -0.224752 0.073699
v -0.378676 0.000158 0.066001
v -0.383126 -0.035257 0.071599
v -0.381507 -0.022509 0.069239
v -0.385043 -0.050622 0.075371
v -0.366835 0.103780 0.047652
v -0.367322 0.079760 0.063583
v -0.370325 0.057142 0.064549
v -0.387253 -0.058129 0.069239
v -0.373955 0.043655 0.055537
v -0.370420 0.069734 0.051516
v -0.367864 0.089725 0.049809
v -0.367673 0.101621 0.041175
v -0.368571 0.090827 0.041175
v -0.390120 -0.074320 0.062223
v -0.350796 0.193487 0.059233
v -0.348690 0.218195 0.049810
v -0.355311 0.172462 0.051435
v -0.350598 0.204469 0.049582
v -0.349742 0.221143 0.038717
v -0.351857 0.205242 0.039016
v -0.386966 -0.053812 0.067080
v -0.383101 -0.026406 0.062918
v -0.381836 -0.013874 0.059524
v -0.380493 -0.001961 0.056351
v -0.377713 0.022285 0.054127
v -0.358176 0.155299 0.051795
v -0.358610 0.145025 0.053810
v -0.411185 -0.211001 0.065591
v -0.405452 -0.171787 0.060683
v -0.415082 -0.220546 0.049609
v -0.408465 -0.188848 0.058602
v -0.407831 -0.174164 0.043873
v -0.411508 -0.203544 0.054254
v -0.405723 -0.159389 0.047871
v -0.404602 -0.149877 0.043334
v -0.405672 -0.155423 0.043054
v -0.401661 -0.143649 0.054586
v -0.402102 -0.136351 0.041426
v -0.399266 -0.116146 0.038206
v -0.410698 -0.190004 0.041195
v -0.415883 -0.218040 0.037966
v -0.409267 -0.175154 0.029858
v -0.418019 -0.229027 0.035725
v -0.398212 -0.123972 0.056286
v -0.396183 -0.097095 0.043207
v -0.397736 -0.098326 0.030169
v -0.398713 -0.101305 0.023904
v -0.395076 -0.089431 0.043334
v -0.393405 -0.074841 0.037373
v -0.392256 -0.079216 0.053554
v -0.401775 -0.129047 0.032159
v -0.404806 -0.146639 0.034698
v -0.388383 -0.056308 0.059189
v -0.390104 -0.054891 0.043334
v -0.388451 -0.042836 0.043562
v -0.385745 -0.025747 0.042254
v -0.384360 -0.016460 0.042300
v -0.391268 -0.056510 0.034294
v -0.389340 -0.041840 0.033780
v -0.391613 -0.051653 0.023904
v -0.393131 -0.067311 0.028419
v -0.395012 -0.078368 0.023635
v -0.385748 -0.019001 0.031460
v -0.406905 -0.161751 0.034698
v -0.382342 -0.004160 0.045492
v -0.378066 0.026063 0.047651
v -0.379758 0.021526 0.038712
v -0.383863 -0.007429 0.035194
v -0.380509 0.021778 0.029367
v -0.384272 -0.003028 0.021439
v -0.386833 -0.020081 0.017428
v -0.381473 0.018508 0.022285
v -0.376015 0.046109 0.036265
v -0.373243 0.056556 0.045492
v -0.371120 0.081970 0.028948
v -0.375111 0.060934 0.020130
v -0.378024 0.036857 0.030381
v -0.372670 0.079113 0.013111
v -0.375431 0.064669 0.002317
v -0.376733 0.053540 0.012031
v -0.377355 0.051429 0.004475
v -0.379857 0.032435 0.008793
v -0.378838 0.036237 0.019574
v -0.371158 0.090429 0.004385
v -0.368860 0.103779 0.007174
v -0.368992 0.100002 0.017968
v -0.381825 0.019587 0.013111
v -0.368983 0.092985 0.032540
v -0.390894 -0.045176 0.020666
v -0.388412 -0.034664 0.030571
v -0.415001 -0.207574 0.026059
v -0.367623 0.107508 0.025793
v -0.401874 -0.124915 0.021740
v -0.393525 -0.064116 0.014190
v -0.392252 -0.052672 0.015406
v -0.405605 -0.150507 0.031404
v -0.401297 -0.117352 0.006634
v -0.399085 -0.101305 0.017428
v -0.395108 -0.075399 0.012031
v -0.397044 -0.084104 0.002317
v -0.382868 0.012571 0.010952
v -0.385193 -0.004446 0.005015
v -0.387950 -0.023813 0.004475
v -0.389034 -0.031533 0.008270
v -0.411030 -0.181794 0.018508
v -0.407671 -0.162830 0.022285
v -0.406252 -0.153445 0.020936
v -0.409462 -0.170479 0.012004
v -0.412895 -0.190362 0.006313
v -0.417268 -0.216434 0.009517
v -0.409880 -0.171199 0.000495
v -0.419476 -0.231278 0.017428
v -0.400923 -0.116629 0.017599
v -0.399316 -0.101305 0.008793
v -0.397747 -0.088352 -0.002001
v -0.367674 0.112414 0.004475
v -0.391560 -0.045176 0.004475
v -0.392743 -0.051633 0.000270
v -0.366217 0.122740 0.013215
v -0.366820 0.108026 0.040186
v -0.366801 0.113328 0.026988
v -0.365915 0.127526 0.000158
v -0.363823 0.138050 0.015269
v -0.364506 0.136161 0.007714
v -0.363862 0.134002 0.021746
v -0.364970 0.118351 0.037937
v -0.362306 0.134268 0.037022
v -0.362327 0.140233 0.029057
v -0.361223 0.140479 0.039016
v -0.361622 0.132356 0.045534
v -0.364246 0.115653 0.048191
v -0.359752 0.138320 0.051969
v -0.360555 0.151273 0.035238
v -0.362093 0.148488 0.021147
v -0.361293 0.153431 0.021746
v -0.358238 0.160100 0.045837
v -0.360722 0.153431 0.030381
v -0.357460 0.168482 0.039131
v -0.358440 0.166124 0.030333
v -0.354141 0.195454 0.029345
v -0.357076 0.175019 0.031460
v -0.350432 0.223837 0.026812
v -0.355082 0.194374 0.017428
v -0.357161 0.183654 0.008793
v -0.358071 0.170378 0.025624
v -0.359708 0.164225 0.008793
v -0.356151 0.191210 0.004475
v -0.357360 0.185813 -0.007398
v -0.358085 0.180412 -0.004160
v -0.353923 0.204679 0.008793
v -0.362175 0.150905 0.009333
v -0.364411 0.137780 0.000158
v -0.347965 0.244100 0.017428
v -0.351169 0.224671 0.002317
v -0.354947 0.199204 -0.002001
v -0.359342 0.168543 -0.003080
v -0.404479 -0.138544 0.008793
v -0.403178 -0.128290 0.001237
v -0.403909 -0.131528 -0.008477
v -0.404582 -0.135845 -0.008477
v -0.382682 0.015269 0.004475
v -0.389676 -0.034383 0.000158
v -0.392739 -0.051669 -0.006252
v -0.360246 0.162066 0.000158
v -0.393550 -0.060288 0.001237
v -0.394381 -0.068923 0.000158
v -0.396143 -0.079108 -0.000921
v -0.405589 -0.146558 0.004475
v -0.406947 -0.156354 -0.005239
v -0.408857 -0.166068 0.004475
v -0.406996 -0.157433 0.013111
v -0.378384 0.044413 0.000158
v -0.418693 -0.224079 -0.002001
v -0.411401 -0.181180 0.000158
v -0.409813 -0.171541 -0.007465
v -0.411751 -0.184235 -0.008477
v -0.368812 0.104859 -0.004160
v -0.371908 0.086047 -0.002438
v -0.375419 0.064596 -0.004160
v -0.366911 0.117980 -0.007938
v -0.369169 0.101960 -0.012795
v -0.372906 0.078953 -0.008477
v -0.401075 -0.116309 -0.008477
v -0.386186 -0.011176 -0.004160
v -0.382949 0.013111 -0.002001
v -0.389530 -0.034201 -0.006318
v -0.381975 0.019587 -0.002001
v -0.380018 0.031175 0.000158
v -0.378975 0.039016 -0.002001
v -0.362148 0.150193 -0.009557
v -0.359548 0.166924 -0.010636
v -0.405649 -0.147624 -0.012509
v -0.404777 -0.138004 -0.017112
v -0.399918 -0.107781 -0.005779
v -0.356952 0.187972 -0.012795
v -0.353995 0.203768 -0.012795
v -0.353268 0.209496 -0.006318
v -0.347769 0.245719 -0.010636
v -0.357780 0.182028 -0.014954
v -0.377113 0.051969 -0.011715
v -0.377905 0.045492 -0.012795
v -0.403696 -0.131528 -0.019271
v -0.364805 0.134002 -0.008477
v -0.420681 -0.238117 -0.013334
v -0.418470 -0.226664 -0.021226
v -0.410564 -0.180085 -0.018763
v -0.393280 -0.058129 -0.011715
v -0.394024 -0.066764 -0.004160
v -0.394834 -0.073241 -0.006318
v -0.397031 -0.085254 -0.007535
v -0.385399 -0.008477 -0.019271
v -0.406196 -0.153793 -0.019365
v -0.407923 -0.163909 -0.018192
v -0.407679 -0.167957 -0.031954
v -0.399194 -0.104543 -0.012795
v -0.400617 -0.116970 -0.021746
v -0.386537 -0.021430 -0.027906
v -0.385274 -0.010636 -0.027906
v -0.382973 0.009671 -0.012788
v -0.384524 -0.005163 -0.026977
v -0.369096 0.098652 -0.027367
v -0.371603 0.080268 -0.031185
v -0.369055 0.096224 -0.034383
v -0.370102 0.085430 -0.043018
v -0.371163 0.077957 -0.043134
v -0.366565 0.116931 -0.019256
v -0.365740 0.123208 -0.017112
v -0.373906 0.070656 -0.016320
v -0.376495 0.054127 -0.017112
v -0.392684 -0.054110 -0.015661
v -0.363087 0.142530 -0.016753
v -0.360541 0.157749 -0.018192
v -0.358397 0.173569 -0.021344
v -0.388421 -0.032402 -0.019836
v -0.389814 -0.048954 -0.035462
v -0.404482 -0.147719 -0.037621
v -0.406131 -0.159276 -0.036705
v -0.356493 0.187972 -0.021430
v -0.378433 0.034698 -0.023589
v -0.380519 0.022876 -0.017930
v -0.393725 -0.073241 -0.026827
v -0.394223 -0.078638 -0.030605
v -0.392924 -0.068069 -0.031030
v -0.378235 0.032540 -0.030065
v -0.376598 0.049810 -0.023589
v -0.347562 0.241132 -0.025478
v -0.352986 0.206877 -0.022985
v -0.389800 -0.039240 -0.015493
v -0.390451 -0.050573 -0.031144
v -0.374460 0.062765 -0.025752
v -0.359497 0.160447 -0.027906
v -0.362163 0.143690 -0.027861
v -0.404719 -0.140163 -0.023589
v -0.366822 0.108020 -0.038556
v -0.373852 0.060604 -0.034383
v -0.403856 -0.136925 -0.028446
v -0.401579 -0.124888 -0.028711
v -0.387436 -0.036541 -0.045176
v -0.386008 -0.022509 -0.037081
v -0.398274 -0.105607 -0.028164
v -0.396919 -0.091806 -0.020965
v -0.392495 -0.074457 -0.044366
v -0.397759 -0.109228 -0.040706
v -0.416988 -0.224895 -0.037621
v -0.414730 -0.207914 -0.027754
v -0.408670 -0.179831 -0.041973
v -0.413987 -0.209361 -0.039740
v -0.392647 -0.059282 -0.024624
v -0.390476 -0.062447 -0.047335
v -0.388605 -0.046731 -0.046670
v -0.362945 0.135818 -0.030077
v -0.361573 0.136161 -0.047335
v -0.360006 0.149923 -0.039240
v -0.360486 0.140479 -0.051653
v -0.364770 0.123208 -0.027906
v -0.356753 0.182035 -0.027906
v -0.384088 -0.008604 -0.038531
v -0.405149 -0.158528 -0.047259
v -0.406454 -0.170577 -0.049692
v -0.350699 0.216545 -0.032204
v -0.351606 0.207290 -0.037361
v -0.354989 0.190900 -0.030968
v -0.358303 0.164646 -0.034342
v -0.362940 0.127294 -0.040234
v -0.363760 0.119944 -0.045077
v -0.411858 -0.205802 -0.054289
v -0.403055 -0.140163 -0.040859
v -0.396934 -0.111565 -0.051937
v -0.392646 -0.082516 -0.055110
v -0.387617 -0.043018 -0.051653
v -0.378573 0.020088 -0.046225
v -0.381357 0.001191 -0.048360
v -0.371917 0.058643 -0.051855
v -0.375001 0.043696 -0.044730
v -0.376296 0.031997 -0.047848
v -0.355154 0.180891 -0.040798
v -0.347720 0.221075 -0.052380
v -0.350590 0.205242 -0.047335
v -0.370279 0.075715 -0.053812
v -0.371161 0.071469 -0.050629
v -0.372246 0.066001 -0.043018
v -0.391071 -0.071082 -0.051653
v -0.389706 -0.064605 -0.054891
v -0.362612 0.121439 -0.052623
v -0.366832 0.095129 -0.055952
v -0.361044 0.127526 -0.058129
v -0.384791 -0.021589 -0.046028
v -0.382965 -0.010636 -0.049494
v -0.362654 0.114319 -0.060566
v -0.360508 0.136161 -0.055970
v -0.405787 -0.174835 -0.060692
v -0.410714 -0.205655 -0.062541
v -0.413514 -0.222835 -0.063969
v -0.414352 -0.239322 -0.075531
v -0.408987 -0.206614 -0.074124
v -0.405695 -0.187641 -0.075414
v -0.403829 -0.170386 -0.068923
v -0.403839 -0.157433 -0.055970
v -0.401908 -0.140976 -0.050745
v -0.395318 -0.107913 -0.060160
v -0.392547 -0.087559 -0.061056
v -0.377800 0.015809 -0.057050
v -0.374934 0.028963 -0.061019
v -0.372902 0.040949 -0.061407
v -0.387223 -0.049494 -0.060288
v -0.370184 0.071398 -0.058129
v -0.368014 0.081024 -0.061343
v -0.366840 0.090858 -0.060316
v -0.386611 -0.039780 -0.054891
v -0.356346 0.156669 -0.057589
v -0.357099 0.150364 -0.060440
v -0.370411 0.054553 -0.065029
v -0.368764 0.058445 -0.072161
v -0.369233 0.047651 -0.078098
v -0.370595 0.034766 -0.079737
v -0.375264 0.018577 -0.070058
v -0.377829 0.004475 -0.066764
v -0.382711 -0.024090 -0.061126
v -0.375657 0.013750 -0.071790
v -0.354106 0.180508 -0.047719
v -0.399537 -0.137496 -0.061870
v -0.393275 -0.104666 -0.069744
v -0.358949 0.141440 -0.060211
v -0.382703 -0.030554 -0.066810
v -0.384998 -0.047067 -0.070294
v -0.391170 -0.084035 -0.065685
v -0.389103 -0.071717 -0.064026
v -0.386371 -0.055970 -0.070002
v -0.372646 0.023904 -0.079717
v -0.392742 -0.116403 -0.081885
v -0.401207 -0.149757 -0.063622
v -0.397837 -0.147053 -0.078914
v -0.395517 -0.129966 -0.077327
v -0.401290 -0.168717 -0.081436
v -0.405649 -0.194400 -0.081649
v -0.406576 -0.207154 -0.087086
v -0.348884 0.201455 -0.060152
v -0.345622 0.223855 -0.062896
v -0.352356 0.182035 -0.056510
v -0.353376 0.169353 -0.061966
v -0.355823 0.148508 -0.069399
v -0.366836 0.051790 -0.088374
v -0.366620 0.060099 -0.082669
v -0.359798 0.128605 -0.064605
v -0.359313 0.122554 -0.071546
v -0.358234 0.137600 -0.066615
v -0.372933 0.019587 -0.081876
v -0.378727 -0.015374 -0.075245
v -0.384095 -0.059322 -0.083982
v -0.386209 -0.072161 -0.080257
v -0.388623 -0.075399 -0.069911
v -0.361638 0.106704 -0.072383
v -0.363851 0.094012 -0.072125
v -0.386623 -0.082940 -0.085949
v -0.368614 0.043334 -0.084035
v -0.350198 0.180257 -0.068934
v -0.368326 0.070302 -0.067905
v -0.389057 -0.093246 -0.083073
v -0.388443 -0.111956 -0.099236
v -0.393590 -0.136833 -0.090975
v -0.386191 -0.100225 -0.101305
v -0.384507 -0.089908 -0.101800
v -0.383207 -0.092670 -0.109940
v -0.344331 0.211762 -0.075124
v -0.347516 0.182575 -0.079717
v -0.350409 0.170020 -0.076054
v -0.353099 0.153221 -0.078456
v -0.345970 0.200149 -0.074719
v -0.365778 0.077699 -0.074130
v -0.361746 0.085288 -0.086737
v -0.364382 0.067476 -0.087412
v -0.358581 0.104464 -0.087273
v -0.355694 0.131844 -0.081876
v -0.379069 -0.037874 -0.089387
v -0.365533 0.054127 -0.092670
v -0.382408 -0.055970 -0.089431
v -0.382079 -0.049494 -0.086193
v -0.353039 0.145465 -0.084814
v -0.352641 0.140479 -0.089763
v -0.374201 0.003419 -0.084034
v -0.371194 0.017787 -0.090666
v -0.376709 -0.020510 -0.087517
v -0.403303 -0.191974 -0.090511
v -0.398627 -0.165759 -0.090878
v -0.370388 0.022998 -0.090768
v -0.367976 0.035589 -0.090407
v -0.382325 -0.072849 -0.098227
v -0.382147 -0.079717 -0.103464
v -0.382422 -0.088352 -0.109940
v -0.381991 -0.062447 -0.094828
v -0.365955 0.048849 -0.093803
v -0.392541 -0.146820 -0.101830
v -0.390310 -0.131089 -0.101646
v -0.340538 0.209079 -0.092124
v -0.345208 0.178502 -0.092399
v -0.346743 0.164128 -0.096837
v -0.403477 -0.205466 -0.099146
v -0.340930 0.228997 -0.081879
v -0.377694 -0.042477 -0.097978
v -0.373603 -0.024311 -0.101939
v -0.379836 -0.055705 -0.099324
v -0.360790 0.071381 -0.099101
v -0.362461 0.055931 -0.103258
v -0.356842 0.097303 -0.098117
v -0.353759 0.129856 -0.090713
v -0.339910 0.190173 -0.105085
v -0.349875 0.147752 -0.095837
v -0.349305 0.140479 -0.102541
v -0.370715 -0.003683 -0.101158
v -0.377949 -0.062447 -0.109940
v -0.378963 -0.067105 -0.108684
v -0.386909 -0.116416 -0.107781
v -0.369145 0.008793 -0.101305
v -0.365016 0.039016 -0.100174
v -0.378057 -0.076475 -0.116389
v -0.366627 0.031362 -0.098540
v -0.368783 -0.005239 -0.108860
v -0.370113 -0.034457 -0.119617
v -0.374757 -0.045148 -0.109763
v -0.347150 0.157749 -0.099146
v -0.379826 -0.087094 -0.117605
v 0.336510 0.092857 -0.155849
v 0.331292 0.084350 -0.168806
v 0.332101 0.101621 -0.162879
v 0.336959 0.103657 -0.152186
v 0.331754 0.105938 -0.162201
v 0.335679 0.107615 -0.153606
v 0.329507 0.090126 -0.170616
v 0.324314 0.103936 -0.177094
v 0.324002 0.088821 -0.181218
v 0.324383 0.110256 -0.174973
v 0.319228 0.110256 -0.184705
v 0.319715 0.104184 -0.185598
v 0.325953 0.122146 -0.167332
v 0.333158 0.121073 -0.153413
v 0.317120 0.125423 -0.182625
v 0.320474 0.135180 -0.173326
v 0.311609 0.138280 -0.188306
v 0.310704 0.126065 -0.193603
v 0.315410 0.113221 -0.190285
v 0.331070 0.148783 -0.148303
v 0.315329 0.103779 -0.193044
v 0.328255 0.068669 -0.179487
v 0.328294 0.046402 -0.186288
v 0.323678 0.068818 -0.187673
v 0.332412 0.049949 -0.177371
v 0.342043 0.054127 -0.156874
v 0.341889 0.034467 -0.162758
v 0.345452 0.051097 -0.150714
v 0.323924 0.045363 -0.194089
v 0.317272 0.062349 -0.200233
v 0.317356 0.087626 -0.192814
v 0.318642 0.092985 -0.189431
v 0.315542 0.144403 -0.179698
v 0.319194 0.155484 -0.169897
v 0.321934 0.162066 -0.162771
v 0.315565 0.158197 -0.176393
v 0.322138 0.169082 -0.160693
v 0.307523 0.151487 -0.191919
v 0.332516 0.027141 -0.185314
v 0.329093 0.028222 -0.191195
v 0.336506 0.036444 -0.173773
v 0.336962 0.024543 -0.177241
v 0.345969 0.041175 -0.152155
v 0.340086 0.081119 -0.152067
v 0.326122 0.173303 -0.150434
v 0.332328 0.160479 -0.141680
v 0.336065 0.128896 -0.144367
v 0.336873 0.117382 -0.146747
v 0.331020 0.013526 -0.191667
v 0.339298 -0.011818 -0.183425
v 0.339275 0.007593 -0.178127
v 0.345888 -0.016379 -0.172370
v 0.340515 -0.030657 -0.187016
v 0.345474 -0.052213 -0.185323
v 0.341681 -0.055017 -0.193162
v 0.345536 -0.030448 -0.177579
v 0.350373 -0.030266 -0.167915
v 0.349717 0.001025 -0.159229
v 0.343594 0.007650 -0.169577
v 0.351841 -0.075654 -0.180218
v 0.353959 -0.102799 -0.185022
v 0.347650 -0.077819 -0.189217
v 0.358392 -0.104271 -0.176607
v 0.349811 -0.052121 -0.176719
v 0.349683 -0.104780 -0.193764
v 0.345358 -0.092670 -0.198072
v 0.340488 -0.073540 -0.200842
v 0.358150 -0.077852 -0.167666
v 0.362866 -0.107566 -0.168297
v 0.360846 -0.122476 -0.176899
v 0.366770 -0.122108 -0.164218
v 0.356526 -0.135162 -0.189609
v 0.364537 -0.144992 -0.176965
v 0.347282 -0.114576 -0.200800
v 0.338765 -0.089813 -0.208689
v 0.336381 -0.053812 -0.201854
v 0.330270 -0.072473 -0.217588
v 0.332224 -0.090127 -0.219433
v 0.336034 -0.106949 -0.217734
v 0.334907 -0.117832 -0.222415
v 0.343165 -0.118808 -0.209164
v 0.335040 -0.032578 -0.197053
v 0.347870 -0.143958 -0.209011
v 0.338971 -0.139834 -0.222497
v 0.334707 -0.019545 -0.193670
v 0.328015 -0.012225 -0.203009
v 0.354162 -0.157610 -0.202697
v 0.359424 -0.151254 -0.189933
v 0.361658 -0.163283 -0.190154
v 0.357492 -0.164989 -0.199104
v 0.362508 -0.180844 -0.194705
v 0.358976 -0.186934 -0.203748
v 0.349807 -0.159996 -0.211276
v 0.354870 -0.186236 -0.210853
v 0.351952 -0.197021 -0.219656
v 0.364306 -0.198225 -0.197845
v 0.361685 -0.210355 -0.207573
v 0.369568 -0.151023 -0.168313
v 0.353644 -0.047335 -0.166999
v 0.354108 -0.022575 -0.157366
v 0.368980 -0.180217 -0.180894
v 0.374525 -0.155340 -0.158482
v 0.377931 -0.186573 -0.163724
v 0.368573 -0.165143 -0.175963
v 0.369065 -0.192319 -0.185584
v 0.378393 -0.208389 -0.172379
v 0.349469 0.009397 -0.156511
v 0.341284 0.020652 -0.169387
v 0.347695 0.031464 -0.150794
v 0.348830 0.021689 -0.152135
v 0.349819 0.047089 -0.142175
v 0.356806 -0.060288 -0.164317
v 0.377720 -0.156870 -0.151353
v 0.376869 -0.142614 -0.148182
v 0.379828 -0.144480 -0.141603
v 0.369698 -0.121374 -0.157314
v 0.371704 -0.118674 -0.151291
v 0.367162 -0.099073 -0.155303
v 0.370316 -0.084981 -0.141506
v 0.375065 -0.117601 -0.141973
v 0.363718 -0.084490 -0.157728
v 0.383990 -0.207386 -0.159125
v 0.381181 -0.187675 -0.156600
v 0.382909 -0.140163 -0.131528
v 0.353867 0.000158 -0.150162
v 0.361660 -0.060261 -0.152953
v 0.358123 -0.025782 -0.148957
v 0.366808 -0.062385 -0.140940
v 0.362223 -0.042237 -0.144658
v 0.362798 -0.028151 -0.137901
v 0.371438 -0.073434 -0.133599
v 0.354219 0.006761 -0.146688
v 0.345543 0.073433 -0.142273
v 0.339541 0.092985 -0.148798
v 0.333084 0.165381 -0.137976
v 0.332629 0.177272 -0.133730
v 0.337127 0.155765 -0.132189
v 0.336922 0.164190 -0.129353
v 0.339936 0.121374 -0.137804
v 0.373829 -0.224761 -0.189940
v 0.377708 -0.220158 -0.179614
v 0.371315 -0.231986 -0.198148
v 0.385219 -0.219356 -0.162623
v 0.362832 -0.237311 -0.215719
v 0.319294 0.176165 -0.165242
v 0.318425 0.170702 -0.168719
v 0.315242 0.176202 -0.173495
v 0.314966 0.170702 -0.176125
v 0.319404 0.183294 -0.161744
v 0.322415 0.185927 -0.153767
v 0.319539 0.196308 -0.155136
v 0.325207 0.200994 -0.139761
v 0.332644 0.185965 -0.129452
v 0.341059 0.105938 -0.141802
v 0.316202 0.196409 -0.161950
v 0.314517 0.205242 -0.162232
v 0.319790 0.206696 -0.150554
v 0.308707 0.204942 -0.173438
v 0.312299 0.193391 -0.170556
v 0.315079 0.185996 -0.168471
v 0.319572 0.223960 -0.146442
v 0.314932 0.231147 -0.154417
v 0.311663 0.213877 -0.165518
v 0.305998 0.231147 -0.171296
v 0.302550 0.217646 -0.180420
v 0.307394 0.183654 -0.182334
v 0.332291 0.200925 -0.122646
v 0.323607 0.219623 -0.138172
v 0.328524 0.213664 -0.127959
v 0.332995 0.206267 -0.119819
v 0.350502 0.054005 -0.137828
v 0.328738 0.197683 -0.132708
v 0.388623 -0.220655 -0.154964
v 0.349844 -0.178785 -0.217000
v 0.341125 -0.155918 -0.224162
v 0.344973 -0.190299 -0.228713
v 0.324750 0.023904 -0.199697
v 0.309907 0.181443 -0.179127
v 0.304234 0.179252 -0.189136
v 0.311201 0.173387 -0.181462
v 0.353741 0.021809 -0.139950
v 0.354376 0.030381 -0.134988
v 0.353959 0.043334 -0.133042
v 0.354231 -0.232834 -0.228726
v 0.350054 -0.213981 -0.228951
v 0.358559 0.000447 -0.138122
v 0.353646 0.055878 -0.128770
v 0.351408 0.072305 -0.127279
v 0.344778 0.092839 -0.135534
v 0.345118 0.097303 -0.132906
v 0.330615 0.220354 -0.119654
v 0.340472 0.160635 -0.121681
v 0.344916 0.129961 -0.121377
v 0.344924 0.116123 -0.126516
v 0.341915 0.138165 -0.126475
v 0.340904 0.151273 -0.124052
v 0.384231 -0.187824 -0.148873
v 0.383486 -0.171125 -0.143038
v 0.383767 -0.157360 -0.135637
v 0.388376 -0.203201 -0.145697
v 0.384296 -0.143330 -0.128965
v 0.363453 -0.016520 -0.131141
v 0.358027 0.029366 -0.125936
v 0.359081 0.020235 -0.126642
v 0.358330 0.007943 -0.135331
v 0.335241 0.196697 -0.116399
v 0.336550 0.205242 -0.110989
v 0.334661 0.209560 -0.114257
v 0.332793 0.216187 -0.115406
v 0.336894 0.181321 -0.120638
v 0.333759 0.222504 -0.109215
v 0.336328 0.216178 -0.104887
v 0.365761 -0.044980 -0.136180
v 0.337085 0.208117 -0.108265
v 0.389306 -0.189232 -0.135671
v 0.386719 -0.155274 -0.126131
v 0.392842 -0.200570 -0.131637
v 0.375210 -0.099869 -0.134178
v 0.375273 -0.075399 -0.123493
v 0.379589 -0.114257 -0.127821
v 0.393066 -0.219984 -0.142352
v 0.370281 -0.047723 -0.124189
v 0.367087 -0.026198 -0.124855
v 0.384054 -0.140163 -0.128210
v 0.358472 0.042948 -0.120600
v 0.352208 0.091357 -0.115452
v 0.357726 0.068295 -0.111098
v 0.357509 0.055207 -0.117719
v 0.345876 0.105812 -0.128174
v 0.350092 0.112334 -0.113178
v 0.361223 0.000158 -0.130678
v 0.362317 0.005165 -0.125117
v 0.343508 0.166384 -0.109940
v 0.366199 -0.002880 -0.116969
v 0.361937 0.026056 -0.115683
v 0.362539 0.019664 -0.116669
v 0.374609 -0.058786 -0.116039
v 0.375072 -0.046784 -0.107872
v 0.344840 0.160367 -0.108646
v 0.344331 0.146925 -0.114983
v 0.354793 0.113523 -0.098059
v 0.350078 0.122555 -0.108710
v 0.393119 -0.187560 -0.123273
v 0.400842 -0.234848 -0.127389
v 0.397285 -0.211866 -0.124763
v 0.396492 -0.195452 -0.116965
v 0.395955 -0.182303 -0.110552
v 0.336785 0.188888 -0.116359
v 0.339283 0.192225 -0.106509
v 0.343960 0.173940 -0.103464
v 0.340649 0.195038 -0.100845
v 0.341409 0.200925 -0.097521
v 0.383804 -0.115727 -0.115690
v 0.384438 -0.103368 -0.107835
v 0.381208 -0.096857 -0.114538
v 0.378324 -0.078098 -0.115337
v 0.379823 -0.074455 -0.108689
v 0.340873 0.205242 -0.097878
v 0.356382 0.105938 -0.096987
v 0.354645 0.096174 -0.105774
v 0.376102 -0.035449 -0.098332
v 0.361029 0.067080 -0.101305
v 0.362035 0.048906 -0.106387
v 0.362680 0.061391 -0.098557
v 0.341890 0.188015 -0.100318
v 0.366154 0.006576 -0.112163
v 0.366120 0.019672 -0.105024
v 0.388442 -0.155256 -0.120626
v 0.393106 -0.167924 -0.112276
v 0.357944 0.081707 -0.102346
v 0.357645 0.090868 -0.097763
v 0.358352 0.100736 -0.092037
v 0.370416 -0.027670 -0.114846
v 0.369767 -0.004160 -0.105622
v 0.369154 0.016349 -0.095908
v 0.373403 -0.025747 -0.103464
v 0.336774 0.222064 -0.099678
v 0.339764 0.222512 -0.088352
v 0.366944 0.025763 -0.099226
v 0.363701 0.039633 -0.105052
v 0.404622 -0.236904 -0.115791
v 0.400270 -0.199552 -0.106120
v 0.405532 -0.226069 -0.104925
v 0.341296 0.207605 -0.095009
v 0.387540 -0.134584 -0.113498
v 0.386304 -0.117412 -0.107878
v 0.350725 0.127041 -0.103976
v 0.348074 0.145876 -0.102384
v 0.358760 0.109172 -0.087205
v 0.380821 -0.084572 -0.109848
v 0.384347 -0.094391 -0.102333
v 0.386623 -0.103464 -0.100225
v 0.379890 -0.057084 -0.096945
v 0.382562 -0.071082 -0.096987
v 0.345567 0.167680 -0.102039
v 0.340008 0.215668 -0.092314
v 0.365773 0.041175 -0.096987
v 0.344096 0.200925 -0.088352
v 0.393463 -0.159592 -0.105622
v 0.391597 -0.148223 -0.105566
v 0.362060 0.069400 -0.096082
v 0.355678 0.116732 -0.092670
v 0.343499 0.205242 -0.088352
v 0.345179 0.192289 -0.085992
v 0.383458 -0.074764 -0.095641
v 0.384220 -0.086762 -0.098321
v 0.366203 0.048164 -0.091575
v 0.351009 0.136868 -0.096093
v 0.365077 0.062763 -0.088352
v 0.378067 -0.032983 -0.089474
v 0.373408 -0.009957 -0.094966
v 0.381734 -0.046904 -0.083588
v 0.374217 -0.000921 -0.086193
v 0.371018 0.025261 -0.083105
v 0.383658 -0.064235 -0.088169
v 0.347163 0.159908 -0.100225
v 0.345276 0.188295 -0.087604
v 0.347807 0.195528 -0.074320
v 0.349216 0.186432 -0.073333
v 0.345360 0.201960 -0.082796
v 0.347216 0.176199 -0.089352
v 0.368928 0.028222 -0.090511
v 0.367048 0.059786 -0.081336
v 0.401266 -0.184026 -0.090745
v 0.398376 -0.181201 -0.100598
v 0.397242 -0.164722 -0.094237
v 0.395404 -0.148258 -0.089971
v 0.403283 -0.203265 -0.096724
v 0.407049 -0.217374 -0.091560
v 0.360585 0.084350 -0.090511
v 0.361987 0.091047 -0.080474
v 0.360617 0.103779 -0.081876
v 0.388540 -0.105622 -0.093908
v 0.347912 0.168545 -0.092111
v 0.388631 -0.101761 -0.091084
v 0.388095 -0.091257 -0.085170
v 0.392203 -0.133784 -0.094188
v 0.389695 -0.118682 -0.094766
v 0.394550 -0.127210 -0.079717
v 0.392983 -0.112261 -0.076270
v 0.386588 -0.073241 -0.081876
v 0.386282 -0.064605 -0.077558
v 0.345364 0.218972 -0.067045
v 0.342427 0.220312 -0.079017
v 0.342297 0.215897 -0.082854
v 0.346393 0.209526 -0.069933
v 0.390181 -0.113179 -0.089757
v 0.365865 0.075715 -0.075399
v 0.363470 0.086754 -0.076479
v 0.367217 0.071757 -0.071660
v 0.352866 0.146566 -0.082151
v 0.354006 0.135349 -0.084835
v 0.356759 0.118891 -0.086193
v 0.350638 0.156177 -0.086785
v 0.374569 0.006634 -0.079717
v 0.380298 -0.030452 -0.077709
v 0.352114 0.171781 -0.071082
v 0.352652 0.177178 -0.064605
v 0.350383 0.192642 -0.062806
v 0.347567 0.200925 -0.072161
v 0.357254 0.135927 -0.069800
v 0.354724 0.153431 -0.069045
v 0.345554 0.204869 -0.079447
v 0.397005 -0.144397 -0.079685
v 0.400016 -0.160132 -0.077558
v 0.402364 -0.176970 -0.079768
v 0.408628 -0.213771 -0.080790
v 0.364425 0.096266 -0.065759
v 0.387372 -0.060288 -0.068923
v 0.383687 -0.037877 -0.066772
v 0.387127 -0.051653 -0.062447
v 0.380877 -0.022605 -0.068872
v 0.360778 0.105938 -0.079717
v 0.354000 0.161682 -0.067423
v 0.397323 -0.125409 -0.064315
v 0.399490 -0.141353 -0.064272
v 0.390898 -0.085654 -0.066225
v 0.393618 -0.106485 -0.068168
v 0.366087 0.088668 -0.062447
v 0.388715 -0.069129 -0.068787
v 0.388731 -0.061318 -0.062476
v 0.389466 -0.085099 -0.074413
v 0.360928 0.123208 -0.062447
v 0.357927 0.141385 -0.062026
v 0.361041 0.112250 -0.070360
v 0.378648 0.002317 -0.062447
v 0.371571 0.041775 -0.067559
v 0.373441 0.022285 -0.073241
v 0.369492 0.042254 -0.079717
v 0.356672 0.156400 -0.056780
v 0.355166 0.170014 -0.055860
v 0.406465 -0.190255 -0.069830
v 0.412511 -0.223336 -0.068338
v 0.402461 -0.164326 -0.067946
v 0.369295 0.054127 -0.073241
v 0.348172 0.214957 -0.054891
v 0.347508 0.228989 -0.047335
v 0.348624 0.206321 -0.060288
v 0.368608 0.075715 -0.060288
v 0.388814 -0.051243 -0.052150
v 0.384437 -0.032755 -0.057596
v 0.362881 0.115028 -0.058052
v 0.362696 0.123453 -0.051850
v 0.363842 0.101892 -0.064568
v 0.310516 0.166384 -0.184640
v 0.307854 0.169678 -0.187938
v 0.310703 0.155846 -0.185731
v 0.378744 0.010952 -0.053812
v 0.374588 0.025358 -0.063896
v 0.304887 0.138316 -0.199426
v 0.325402 0.009333 -0.201967
v 0.323660 -0.006262 -0.208734
v 0.324786 -0.022351 -0.210796
v 0.302738 0.183654 -0.190008
v 0.300592 0.158487 -0.201441
v 0.322886 0.035756 -0.198956
v 0.319696 0.026254 -0.207143
v 0.304944 0.164225 -0.193620
v 0.296411 0.180315 -0.201479
v 0.298968 0.203057 -0.190101
v 0.332739 -0.048183 -0.205921
v 0.324793 -0.054891 -0.220870
v 0.320996 -0.034143 -0.220003
v 0.310712 0.113053 -0.197964
v 0.302237 0.122727 -0.208130
v 0.306494 0.104420 -0.206764
v 0.300895 0.172831 -0.197144
v 0.319374 -0.005283 -0.215281
v 0.319692 0.009203 -0.210997
v 0.296956 0.148130 -0.209582
v 0.305942 0.090827 -0.210208
v 0.314996 0.052372 -0.206536
v 0.308676 0.064037 -0.213264
v 0.312770 0.042123 -0.212580
v 0.315172 0.028222 -0.213323
v 0.296766 0.221433 -0.188395
v 0.345067 -0.213561 -0.236562
v 0.341246 -0.192647 -0.235189
v 0.332688 -0.136550 -0.231292
v 0.328624 -0.112099 -0.230225
v 0.332600 -0.152824 -0.236224
v 0.341031 -0.175144 -0.229965
v 0.327890 -0.081512 -0.223752
v 0.321740 -0.057991 -0.226399
v 0.297345 0.169466 -0.203648
v 0.288700 0.186262 -0.211988
v 0.292889 0.153431 -0.214424
v 0.294140 0.129787 -0.218444
v 0.300507 0.113693 -0.213166
v 0.288853 0.175019 -0.214837
v 0.284543 0.185813 -0.219068
v 0.280693 0.189439 -0.224201
v 0.282907 0.201925 -0.214901
v 0.290231 0.193978 -0.206499
v 0.280444 0.216036 -0.214134
v 0.280905 0.186560 -0.224498
v 0.306259 0.054127 -0.219379
v 0.315195 -0.036506 -0.229546
v 0.314633 -0.016501 -0.225176
v 0.310733 -0.006318 -0.228266
v 0.306528 -0.026635 -0.239226
v 0.315086 0.010952 -0.217510
v 0.310764 0.007956 -0.224454
v 0.314992 0.022127 -0.215219
v 0.300407 0.090853 -0.218411
v 0.302164 0.059263 -0.224044
v 0.302681 0.070318 -0.220456
v 0.282965 0.176930 -0.222755
v 0.341183 -0.218164 -0.243694
v 0.336498 -0.190202 -0.241292
v 0.333075 -0.167396 -0.239399
v 0.305389 0.041183 -0.223545
v 0.295991 0.027768 -0.239567
v 0.297587 0.047728 -0.232890
v 0.309139 0.028208 -0.221776
v 0.313078 -0.043760 -0.234636
v 0.320533 -0.065145 -0.230004
v 0.304233 0.010952 -0.232578
v 0.302313 -0.005113 -0.239369
v 0.294112 0.017428 -0.244248
v 0.297748 -0.006108 -0.245536
v 0.295822 -0.023168 -0.252308
v 0.306260 -0.049494 -0.245357
v 0.297882 -0.042127 -0.254342
v 0.308255 -0.073724 -0.248419
v 0.314517 -0.068906 -0.239084
v 0.316015 -0.116710 -0.249011
v 0.311078 -0.113975 -0.254652
v 0.317774 -0.136445 -0.251788
v 0.310573 -0.125652 -0.258340
v 0.315215 -0.164603 -0.261981
v 0.328047 -0.165129 -0.245621
v 0.330511 -0.180342 -0.246510
v 0.313091 -0.173540 -0.266882
v 0.310567 -0.157036 -0.265904
v 0.306623 -0.125446 -0.263117
v 0.304544 -0.109243 -0.261251
v 0.325745 -0.144091 -0.243254
v 0.327192 -0.192946 -0.254554
v 0.323213 -0.090802 -0.232680
v 0.285923 0.149114 -0.225474
v 0.286843 0.167969 -0.219247
v 0.280977 0.160822 -0.228897
v 0.280645 0.147920 -0.232801
v 0.289469 0.127447 -0.225480
v 0.291890 0.108097 -0.226511
v 0.291771 0.086755 -0.231443
v 0.293017 0.068159 -0.234186
v 0.293615 0.042254 -0.239318
v 0.337137 -0.217002 -0.248932
v 0.330313 -0.226209 -0.260875
v 0.276628 0.221916 -0.218093
v 0.272370 0.218195 -0.224623
v 0.274471 0.210615 -0.223769
v 0.280794 0.198875 -0.219418
v 0.284660 0.105938 -0.236717
v 0.286248 0.082900 -0.239512
v 0.286305 0.137463 -0.227395
v 0.274313 0.203090 -0.226523
v 0.267897 0.217115 -0.230371
v 0.289353 0.046572 -0.243697
v 0.281610 0.095144 -0.242567
v 0.285413 0.028222 -0.252790
v 0.286383 0.010967 -0.255222
v 0.280105 0.131844 -0.236468
v 0.278676 0.106141 -0.243826
v 0.317452 -0.195187 -0.267560
v 0.321449 -0.219589 -0.269842
v 0.276441 0.192174 -0.228611
v 0.383054 -0.014954 -0.048415
v 0.382461 -0.020890 -0.058129
v 0.380087 0.002192 -0.053703
v 0.380087 0.008685 -0.047212
v 0.371981 0.050951 -0.059948
v 0.373944 0.045492 -0.051653
v 0.374136 0.036857 -0.055970
v 0.359902 0.141291 -0.050307
v 0.364637 0.118891 -0.043018
v 0.365401 0.108097 -0.048415
v 0.367528 0.089385 -0.052377
v 0.368889 0.080033 -0.053812
v 0.375638 0.033572 -0.049542
v 0.378605 0.026888 -0.036002
v 0.369485 0.062763 -0.064605
v 0.358480 0.163934 -0.038382
v 0.354076 0.182644 -0.050605
v 0.351559 0.194988 -0.052732
v 0.375500 0.044402 -0.041946
v 0.390117 -0.066764 -0.058129
v 0.390562 -0.059748 -0.048415
v 0.350185 0.213180 -0.042166
v 0.398347 -0.123706 -0.056224
v 0.394369 -0.101305 -0.058129
v 0.392808 -0.088949 -0.055922
v 0.406020 -0.177411 -0.059191
v 0.410935 -0.207741 -0.060470
v 0.402353 -0.146662 -0.051095
v 0.348622 0.228989 -0.038700
v 0.357277 0.166384 -0.045176
v 0.373974 0.049810 -0.047335
v 0.391610 -0.073241 -0.051653
v 0.392205 -0.066764 -0.040859
v 0.371575 0.056195 -0.056998
v 0.370003 0.064921 -0.058129
v 0.369834 0.077874 -0.047335
v 0.398745 -0.118575 -0.047335
v 0.394325 -0.091051 -0.045716
v 0.382109 0.001237 -0.039780
v 0.385155 -0.020168 -0.038047
v 0.381688 0.007714 -0.035462
v 0.387770 -0.037286 -0.039780
v 0.416592 -0.231763 -0.050716
v 0.407124 -0.177941 -0.051653
v 0.413000 -0.209982 -0.046940
v 0.353221 0.196829 -0.038082
v 0.355498 0.183654 -0.038700
v 0.358666 0.167866 -0.031508
v 0.367759 0.101833 -0.036473
v 0.361109 0.142637 -0.038700
v 0.361906 0.134622 -0.043151
v 0.365292 0.121050 -0.034383
v 0.401447 -0.135101 -0.045242
v 0.401037 -0.127149 -0.038682
v 0.399545 -0.117496 -0.038700
v 0.395217 -0.089971 -0.036002
v 0.405042 -0.158046 -0.043209
v 0.404876 -0.149875 -0.032231
v 0.409390 -0.183041 -0.038736
v 0.415570 -0.215558 -0.030721
v 0.413537 -0.200609 -0.025747
v 0.377803 0.039016 -0.028986
v 0.380917 0.020347 -0.023593
v 0.383187 0.001237 -0.030065
v 0.386399 -0.021970 -0.028986
v 0.393594 -0.079771 -0.038630
v 0.359624 0.157749 -0.034383
v 0.390619 -0.052732 -0.038700
v 0.391960 -0.060288 -0.035462
v 0.375726 0.047269 -0.035897
v 0.350794 0.216036 -0.032224
v 0.356344 0.186892 -0.021430
v 0.394087 -0.075939 -0.027906
v 0.370340 0.087589 -0.030065
v 0.366601 0.118891 -0.023589
v 0.362804 0.134457 -0.034535
v 0.361102 0.148574 -0.030065
v 0.359981 0.164225 -0.020350
v 0.365718 0.123208 -0.025747
v 0.355980 0.185813 -0.030065
v 0.357616 0.177711 -0.025727
v 0.372207 0.059690 -0.043280
v 0.371464 0.064887 -0.042978
v 0.374077 0.060604 -0.024668
v 0.372247 0.071088 -0.029757
v 0.375828 0.052228 -0.021703
v 0.389327 -0.039521 -0.026245
v 0.401445 -0.124993 -0.030068
v 0.395521 -0.086193 -0.025747
v 0.398826 -0.108319 -0.028986
v 0.408379 -0.172005 -0.030065
v 0.377296 0.045492 -0.021430
v 0.378510 0.039016 -0.020350
v 0.375245 0.058096 -0.014982
v 0.372662 0.076097 -0.017234
v 0.369904 0.097033 -0.018731
v 0.391787 -0.055970 -0.030065
v 0.387369 -0.024668 -0.021430
v 0.384675 -0.004657 -0.021469
v 0.383505 0.006046 -0.016145
v 0.417761 -0.223607 -0.021135
v 0.416583 -0.215232 -0.014967
v 0.414663 -0.202656 -0.015316
v 0.411162 -0.184896 -0.019808
v 0.407195 -0.159626 -0.019392
v 0.397045 -0.091262 -0.013538
v 0.399185 -0.106972 -0.018731
v 0.402511 -0.126075 -0.014083
v 0.351597 0.217115 -0.018192
v 0.354954 0.196623 -0.016033
v 0.363227 0.137222 -0.020624
v 0.366282 0.124248 -0.012825
v 0.367185 0.119435 -0.012175
v 0.394879 -0.075399 -0.013874
v 0.395159 -0.073780 -0.004160
v 0.399297 -0.104543 -0.004429
v 0.393064 -0.060233 -0.017275
v 0.361839 0.149653 -0.011446
v 0.360793 0.162066 -0.008477
v 0.358625 0.173537 -0.017112
v 0.380332 0.028381 -0.011670
v 0.378823 0.039016 -0.012795
v 0.392124 -0.053812 -0.017112
v 0.388909 -0.031567 -0.005868
v 0.386096 -0.010636 -0.008477
v 0.353646 0.207216 -0.007425
v 0.350730 0.229242 0.002856
v 0.353107 0.216036 0.006634
v 0.376350 0.054267 -0.000382
v 0.370058 0.099013 -0.008477
v 0.367929 0.116732 -0.000921
v 0.373907 0.069509 -0.008477
v 0.364057 0.136161 -0.006318
v 0.362799 0.144528 0.000158
v 0.361978 0.151273 0.005555
v 0.405265 -0.143210 -0.007398
v 0.409785 -0.174334 -0.011664
v 0.412012 -0.186307 -0.004429
v 0.402291 -0.122388 -0.002001
v 0.405263 -0.142322 0.000158
v 0.409339 -0.170053 0.000698
v 0.414626 -0.200700 -0.008477
v 0.417439 -0.217879 0.000158
v 0.393168 -0.057376 -0.002001
v 0.367049 0.122642 0.001907
v 0.363937 0.138320 0.005555
v 0.394552 -0.067844 0.001237
v 0.397652 -0.092009 0.000158
v 0.356802 0.185813 -0.006049
v 0.353840 0.207464 0.000158
v 0.356091 0.191210 0.003936
v 0.358575 0.173271 -0.002001
v 0.358694 0.173940 0.010952
v 0.383029 0.011761 -0.002001
v 0.386235 -0.010636 0.000158
v 0.374109 0.069239 0.000158
v 0.369424 0.104859 0.000158
v 0.360122 0.166384 -0.003080
v 0.378937 0.039016 -0.004160
v 0.380158 0.030273 0.000095
v 0.414454 -0.199070 0.001237
v 0.352938 0.218195 0.013111
v 0.353552 0.213877 0.013111
v 0.354095 0.206463 0.010952
v 0.355088 0.198226 0.013111
v 0.357066 0.183654 0.013111
v 0.363030 0.143350 0.011492
v 0.360854 0.162066 0.006634
v 0.366500 0.125617 0.010952
v 0.403356 -0.129369 0.007714
v 0.407811 -0.160671 0.008253
v 0.389738 -0.036541 0.002317
v 0.388455 -0.028020 0.006526
v 0.391050 -0.045176 0.013111
v 0.393513 -0.059945 0.007714
v 0.365964 0.127526 0.017428
v 0.416821 -0.215180 0.010952
v 0.386130 -0.010636 0.008793
v 0.382804 0.012031 0.009872
v 0.379933 0.030639 0.008793
v 0.388440 -0.029847 0.017428
v 0.386307 -0.014954 0.020666
v 0.382238 0.012031 0.021746
v 0.379755 0.028315 0.019496
v 0.391777 -0.051653 0.021746
v 0.393023 -0.058571 0.017266
v 0.411103 -0.181648 0.008711
v 0.399572 -0.106702 0.013111
v 0.398370 -0.099146 0.017428
v 0.395056 -0.073241 0.010952
v 0.378700 0.040095 0.004475
v 0.375069 0.062377 0.008793
v 0.354109 0.205839 0.021874
v 0.372845 0.077874 0.008793
v 0.367139 0.120961 0.017128
v 0.369322 0.104859 0.008793
v 0.361574 0.153431 0.013111
v 0.414711 -0.202363 0.012047
v 0.417771 -0.223714 0.022554
v 0.399846 -0.109940 0.021746
v 0.396529 -0.089431 0.030381
v 0.394509 -0.072673 0.022701
v 0.403070 -0.128829 0.015269
v 0.353059 0.216036 0.019587
v 0.353463 0.209560 0.026063
v 0.378232 0.041175 0.013111
v 0.372959 0.074636 0.017428
v 0.375444 0.054611 0.026590
v 0.371873 0.077621 0.027684
v 0.373127 0.064921 0.039016
v 0.369336 0.101621 0.017428
v 0.368265 0.104802 0.026267
v 0.412912 -0.193997 0.018508
v 0.409871 -0.178423 0.023635
v 0.407193 -0.160395 0.021940
v 0.413103 -0.198450 0.028222
v 0.359795 0.166384 0.015269
v 0.363129 0.140578 0.023809
v 0.361332 0.152352 0.021746
v 0.355215 0.192829 0.024174
v 0.357135 0.179309 0.022763
v 0.401726 -0.123747 0.027211
v 0.398444 -0.104244 0.032000
v 0.405131 -0.150018 0.032071
v 0.406436 -0.161704 0.042339
v 0.407774 -0.172005 0.042254
v 0.410067 -0.187515 0.042202
v 0.387981 -0.030065 0.027143
v 0.385887 -0.017112 0.032540
v 0.365848 0.125367 0.026063
v 0.361939 0.143851 0.032703
v 0.395607 -0.092130 0.046572
v 0.395743 -0.088352 0.039016
v 0.398563 -0.111019 0.042254
v 0.401306 -0.126852 0.038320
v 0.403490 -0.146103 0.044810
v 0.393733 -0.072096 0.032890
v 0.391364 -0.053272 0.030381
v 0.413856 -0.212221 0.045293
v 0.415451 -0.214978 0.033651
v 0.409494 -0.193685 0.056636
v 0.412242 -0.211667 0.058429
v 0.407859 -0.177941 0.050350
v 0.406119 -0.163251 0.048473
v 0.367120 0.116407 0.025676
v 0.351133 0.223068 0.027170
v 0.378445 0.032540 0.028222
v 0.381308 0.010952 0.034698
v 0.383828 -0.006617 0.036302
v 0.384406 -0.017209 0.047527
v 0.374546 0.055185 0.037966
v 0.376411 0.041207 0.036582
v 0.360103 0.155590 0.030921
v 0.386980 -0.027906 0.035778
v 0.385861 -0.027906 0.047651
v 0.353867 0.201413 0.030423
v 0.377930 0.030381 0.036857
v 0.379714 0.011650 0.047483
v 0.381672 -0.007398 0.054127
v 0.378667 0.010952 0.056286
v 0.380851 -0.010027 0.062838
v 0.356161 0.176638 0.036857
v 0.359069 0.155250 0.041227
v 0.369481 0.084350 0.042254
v 0.369411 0.077874 0.055207
v 0.370995 0.070003 0.052636
v 0.372875 0.060604 0.047651
v 0.364336 0.129685 0.034698
v 0.365758 0.121050 0.033619
v 0.391388 -0.058129 0.036857
v 0.392763 -0.071059 0.041205
v 0.392336 -0.074951 0.050781
v 0.393819 -0.089448 0.057907
v 0.354203 0.188852 0.038807
v 0.352373 0.209560 0.036857
v 0.353190 0.200925 0.036857
v 0.400444 -0.127484 0.047658
v 0.396538 -0.104886 0.053680
v 0.404073 -0.161751 0.060604
v 0.394564 -0.096987 0.060604
v 0.366525 0.091381 0.057642
v 0.367265 0.082796 0.065589
v 0.368171 0.088668 0.047651
v 0.366940 0.103842 0.039075
v 0.365961 0.099490 0.051474
v 0.369266 0.074636 0.060604
v 0.363590 0.130131 0.040459
v 0.349668 0.217070 0.048705
v 0.374305 0.043295 0.051658
v 0.387147 -0.043541 0.055701
v 0.389715 -0.064605 0.058194
v 0.384331 -0.023017 0.054719
v 0.364806 0.121050 0.041175
v 0.362795 0.129435 0.047382
v 0.376403 0.029460 0.050481
v 0.364578 0.107018 0.054127
v 0.353241 0.180265 0.055064
v 0.358498 0.149977 0.052012
v 0.352068 0.195528 0.047921
v 0.362807 0.118660 0.057187
v 0.363324 0.102053 0.066961
v 0.414161 -0.234223 0.072321
v 0.371484 0.062905 0.055923
v 0.398991 -0.129369 0.060604
v 0.401979 -0.152573 0.064121
v 0.405209 -0.174841 0.066950
v 0.407673 -0.195486 0.070861
v 0.386561 -0.052732 0.069239
v 0.391002 -0.075399 0.060604
v 0.395700 -0.111019 0.064921
v 0.363962 0.094370 0.071158
v 0.349965 0.201272 0.056605
v 0.356443 0.156130 0.058445
v 0.349988 0.186488 0.069802
v 0.384977 -0.043034 0.069757
v 0.384253 -0.034796 0.065804
v 0.351182 0.209803 0.044707
v 0.373401 0.037282 0.063125
v 0.376639 0.016916 0.062787
v 0.377957 0.000158 0.071398
v 0.370372 0.059446 0.065405
v 0.399319 -0.143401 0.070858
v 0.401538 -0.161257 0.074623
v 0.361518 0.128605 0.056286
v 0.360247 0.127526 0.064921
v 0.388575 -0.070225 0.069997
v 0.390133 -0.077018 0.067080
v 0.392989 -0.095318 0.068862
v 0.360034 0.111885 0.078973
v 0.361558 0.097303 0.082192
v 0.367631 0.077046 0.068335
v 0.383986 -0.046388 0.078873
v 0.365085 0.086509 0.073556
v 0.365711 0.080033 0.075715
v 0.378765 -0.010636 0.075715
v 0.346535 0.223432 0.061548
v 0.348797 0.210663 0.057483
v 0.354170 0.158791 0.069185
v 0.356281 0.135379 0.077912
v 0.411891 -0.227067 0.078129
v 0.411732 -0.232990 0.084350
v 0.405572 -0.208430 0.093306
v 0.405446 -0.220526 0.103001
v 0.401561 -0.193757 0.099426
v 0.404187 -0.193677 0.087482
v 0.399263 -0.189815 0.105938
v 0.392842 -0.151609 0.106184
v 0.382141 -0.040859 0.083271
v 0.382545 -0.034340 0.074139
v 0.394002 -0.109937 0.073411
v 0.375582 0.017391 0.068135
v 0.373215 0.028222 0.071398
v 0.348100 0.200925 0.067080
v 0.347615 0.207401 0.064921
v 0.344688 0.218251 0.073465
v 0.371393 0.034715 0.076132
v 0.369236 0.054667 0.074636
v 0.358619 0.125827 0.075034
v 0.358501 0.112322 0.086442
v 0.401520 -0.215056 0.114247
v 0.396837 -0.190408 0.115325
v 0.393013 -0.172807 0.118736
v 0.390757 -0.156354 0.116732
v 0.388488 -0.133013 0.111505
v 0.388235 -0.106708 0.096457
v 0.384337 -0.090350 0.100842
v 0.387453 -0.091442 0.089851
v 0.382935 -0.102655 0.113131
v 0.378790 -0.087315 0.119055
v 0.391694 -0.132302 0.098655
v 0.391846 -0.107593 0.081849
v 0.391680 -0.094828 0.074636
v 0.388038 -0.079134 0.078722
v 0.382837 -0.075476 0.098343
v 0.394500 -0.144480 0.094510
v 0.397400 -0.150425 0.085822
v 0.400775 -0.174247 0.088600
v 0.350151 0.171130 0.080597
v 0.354984 0.136098 0.083163
v 0.347823 0.185813 0.081112
v 0.380816 -0.024955 0.074870
v 0.386058 -0.066305 0.079403
v 0.378257 -0.026827 0.087193
v 0.380133 -0.038576 0.090948
v 0.369159 0.042794 0.082192
v 0.364719 0.062763 0.090827
v 0.371191 0.018473 0.087499
v 0.382183 -0.045176 0.086509
v 0.374887 0.000476 0.085750
v 0.371397 0.008370 0.094848
v 0.341125 0.222051 0.087060
v 0.378098 -0.012795 0.080033
v 0.359245 0.095589 0.093777
v 0.362656 0.073173 0.093254
v 0.347590 0.166384 0.095144
v 0.345589 0.185940 0.090931
v 0.352936 0.138955 0.089875
v 0.353054 0.131744 0.093994
v 0.345782 0.198848 0.078522
v 0.345839 0.206793 0.072948
v 0.354159 0.120729 0.097670
v 0.354130 0.111983 0.103534
v 0.367113 0.030992 0.098210
v 0.383745 -0.056967 0.084437
v 0.376691 -0.015784 0.087136
v 0.340879 0.216519 0.090949
v 0.343723 0.211718 0.080033
v 0.339047 0.209560 0.100541
v 0.340822 0.205242 0.094519
v 0.339268 0.198766 0.104859
v 0.341722 0.200898 0.093088
v 0.369186 0.019587 0.095144
v 0.380553 -0.058218 0.097444
v 0.378517 -0.052732 0.102736
v 0.365948 0.046518 0.093752
v 0.362844 0.060691 0.099499
v 0.344909 0.182285 0.096050
v 0.345367 0.157085 0.109329
v 0.380014 -0.044169 0.094816
v 0.341568 0.192554 0.100779
v 0.364149 0.040412 0.103629
v 0.364727 0.032540 0.107018
v 0.362948 0.035241 0.112859
v 0.362221 0.045492 0.107355
v 0.378639 -0.071082 0.112414
v 0.375488 -0.071082 0.124250
v 0.372553 -0.000666 0.095538
v 0.374501 -0.021569 0.098343
v 0.369838 0.006634 0.101621
v 0.375947 -0.032373 0.101208
v 0.293685 -0.039058 -0.258814
v 0.287303 -0.004801 -0.257858
v 0.289331 -0.017598 -0.258775
v 0.276882 0.187972 -0.229132
v 0.277049 0.169182 -0.231686
v 0.295062 -0.063326 -0.262405
v 0.288887 -0.049494 -0.266890
v 0.269681 0.200925 -0.233234
v 0.262023 0.213779 -0.237981
v 0.260786 0.223592 -0.236958
v 0.294152 -0.086017 -0.267850
v 0.283654 0.044642 -0.250995
v 0.278606 0.064921 -0.252384
v 0.280067 0.032540 -0.258066
v 0.271794 0.077874 -0.257421
v 0.274937 0.142637 -0.240635
v 0.307892 -0.085114 -0.251461
v 0.291645 -0.109940 -0.276214
v 0.289480 -0.082296 -0.272390
v 0.289405 -0.066764 -0.269671
v 0.310703 -0.196291 -0.275805
v 0.313510 -0.222196 -0.279773
v 0.305435 -0.167851 -0.274370
v 0.277711 0.010181 -0.265257
v 0.276121 0.159908 -0.234769
v 0.283554 -0.043018 -0.271416
v 0.300219 -0.143268 -0.274536
v 0.290161 -0.124216 -0.281267
v 0.285479 -0.108623 -0.282740
v 0.276027 -0.075005 -0.285429
v 0.273728 0.147003 -0.240978
v 0.262541 0.199922 -0.241831
v 0.273709 0.129276 -0.244324
v 0.271836 0.113016 -0.249914
v 0.275454 0.047762 -0.259561
v 0.267461 0.054127 -0.267118
v 0.269364 0.064921 -0.262497
v 0.267615 0.077874 -0.261905
v 0.309042 -0.228881 -0.286619
v 0.295983 -0.226404 -0.299988
v 0.289190 -0.159886 -0.289967
v 0.298775 -0.166068 -0.281246
v 0.289380 -0.173594 -0.293120
v 0.297807 -0.191974 -0.288837
v 0.286094 -0.199093 -0.303083
v 0.280746 -0.161761 -0.299053
v 0.276979 -0.099063 -0.289622
v 0.282959 -0.129660 -0.289930
v 0.265063 0.138916 -0.252373
v 0.282809 -0.050428 -0.273848
v 0.276360 0.094605 -0.248522
v 0.269903 0.090040 -0.256459
v 0.250762 0.221433 -0.248309
v 0.276128 -0.005779 -0.270459
v 0.252786 0.211748 -0.248706
v 0.254554 0.201709 -0.249918
v 0.267523 0.194271 -0.237851
v 0.257172 0.197476 -0.248224
v 0.272052 0.029815 -0.267414
v 0.270662 0.003482 -0.274123
v 0.277397 -0.044637 -0.278170
v 0.274506 -0.021704 -0.275809
v 0.269191 0.044797 -0.266931
v 0.264505 0.125367 -0.255015
v 0.282078 -0.073471 -0.278812
v 0.264638 0.144796 -0.251335
v 0.259740 0.192289 -0.246495
v 0.268056 0.190131 -0.238009
v 0.242850 0.227370 -0.255225
v 0.270417 0.166336 -0.239344
v 0.267695 0.159908 -0.243615
v 0.257523 0.152658 -0.256127
v 0.256609 0.165773 -0.254137
v 0.274040 0.179876 -0.233219
v 0.256305 0.180416 -0.251650
v 0.244027 0.207906 -0.258527
v 0.259769 0.139083 -0.257841
v 0.258272 0.097303 -0.266632
v 0.263586 0.110555 -0.258954
v 0.258953 0.124827 -0.260806
v 0.276628 -0.062447 -0.282256
v 0.272183 -0.094746 -0.293454
v 0.276347 -0.050171 -0.280356
v 0.267849 -0.127201 -0.303754
v 0.275128 -0.136683 -0.299039
v 0.270637 -0.151629 -0.306475
v 0.261754 0.063842 -0.270609
v 0.263016 0.075715 -0.267032
v 0.260112 0.082192 -0.268372
v 0.286068 -0.215628 -0.307342
v 0.280226 -0.187089 -0.305837
v 0.249946 0.162606 -0.261496
v 0.248370 0.184734 -0.258842
v 0.248408 0.197643 -0.256731
v 0.267737 0.029842 -0.271740
v 0.264300 0.013757 -0.278286
v 0.267342 -0.034976 -0.285501
v 0.266194 -0.015340 -0.282610
v 0.247255 0.150949 -0.266571
v 0.263110 0.054127 -0.271448
v 0.260993 0.046095 -0.274702
v 0.254741 0.137393 -0.263071
v 0.239399 0.207761 -0.262847
v 0.241252 0.200925 -0.262603
v 0.242872 0.189653 -0.263072
v 0.261062 0.030075 -0.278039
v 0.259363 -0.016444 -0.289255
v 0.257137 0.109611 -0.265454
v 0.252116 0.124288 -0.267448
v 0.249866 0.140479 -0.266890
v 0.238973 0.155734 -0.273034
v 0.231833 0.176825 -0.275541
v 0.267801 -0.075455 -0.293400
v 0.268550 -0.097527 -0.297404
v 0.264579 -0.102848 -0.302040
v 0.258703 -0.053812 -0.297297
v 0.254687 -0.037758 -0.297572
v 0.252517 -0.016869 -0.295408
v 0.253613 -0.049494 -0.300970
v 0.266497 -0.063526 -0.291861
v 0.278803 -0.217508 -0.314633
v 0.268439 -0.163909 -0.311244
v 0.260256 -0.135645 -0.312065
v 0.242406 0.100169 -0.280956
v 0.242281 0.121171 -0.276945
v 0.242343 0.136161 -0.274366
v 0.242037 0.082623 -0.284888
v 0.245978 0.066540 -0.284521
v 0.228605 0.224671 -0.269342
v 0.219744 0.213877 -0.279937
v 0.271741 -0.220128 -0.321619
v 0.271482 -0.193291 -0.315381
v 0.261961 -0.174845 -0.319382
v 0.254817 -0.146940 -0.319277
v 0.250445 0.044869 -0.284684
v 0.252099 0.014800 -0.289267
v 0.229122 0.204545 -0.272614
v 0.219868 0.202971 -0.281083
v 0.215079 0.213877 -0.284000
v 0.228806 0.120238 -0.288963
v 0.233994 0.071398 -0.294027
v 0.239049 0.056595 -0.292659
v 0.233282 0.056183 -0.297734
v 0.239966 0.021247 -0.298447
v 0.229565 0.136681 -0.285298
v 0.226279 0.154448 -0.284280
v 0.261255 -0.078023 -0.299813
v 0.254315 -0.065612 -0.303157
v 0.260635 -0.093494 -0.303602
v 0.232407 0.191173 -0.272010
v 0.222849 0.195528 -0.279693
v 0.220155 0.182421 -0.284643
v 0.264373 -0.216036 -0.326921
v 0.242666 -0.062447 -0.312567
v 0.242366 -0.085899 -0.317536
v 0.255718 -0.102856 -0.309636
v 0.244468 -0.105622 -0.319636
v 0.259576 -0.120699 -0.309637
v 0.238075 -0.125537 -0.328334
v 0.240893 -0.006593 -0.303126
v 0.232632 0.023812 -0.304115
v 0.226574 0.051704 -0.304035
v 0.246273 -0.035345 -0.304235
v 0.236561 -0.029557 -0.311044
v 0.235403 -0.099401 -0.325769
v 0.234599 -0.063704 -0.319384
v 0.237065 -0.048752 -0.314573
v 0.248055 -0.134537 -0.322025
v 0.242139 -0.140628 -0.328126
v 0.250284 -0.148798 -0.323422
v 0.254903 -0.168193 -0.323666
v 0.236101 0.160987 -0.274569
v 0.225636 0.167463 -0.282552
v 0.212307 0.218195 -0.285265
v 0.207613 0.216565 -0.289272
v 0.227528 0.076788 -0.298301
v 0.222483 0.136193 -0.291263
v 0.222877 0.121050 -0.293722
v 0.220980 0.105938 -0.298249
v 0.217949 0.152573 -0.291460
v 0.218217 0.164225 -0.289132
v 0.256406 -0.228984 -0.336523
v 0.256497 -0.198582 -0.329241
v 0.215213 0.195182 -0.286021
v 0.219819 0.073660 -0.304825
v 0.215585 0.101780 -0.303165
v 0.210062 0.209560 -0.288425
v 0.209453 0.202004 -0.289450
v 0.224100 0.039727 -0.308101
v 0.225265 0.020061 -0.310497
v 0.229181 -0.042322 -0.319487
v 0.248949 -0.197040 -0.334821
v 0.250623 -0.228513 -0.340965
v 0.215378 0.134002 -0.297253
v 0.217425 0.116732 -0.298791
v 0.242023 -0.177652 -0.335603
v 0.242220 -0.157748 -0.331426
v 0.234085 -0.134836 -0.333101
v 0.208448 0.141645 -0.301029
v 0.208569 0.157476 -0.297740
v 0.211375 0.184745 -0.291015
v 0.203247 0.196607 -0.294928
v 0.202785 0.184480 -0.297537
v 0.199664 0.202512 -0.296632
v 0.228924 -0.108051 -0.332248
v 0.230024 -0.071681 -0.324338
v 0.224716 -0.047176 -0.323691
v 0.227319 -0.031684 -0.318633
v 0.223010 0.002399 -0.315387
v 0.198601 0.107485 -0.314901
v 0.232248 -0.201473 -0.347789
v 0.226168 -0.176822 -0.346373
v 0.242571 -0.201931 -0.340719
v 0.237762 -0.226080 -0.349659
v 0.189945 0.149114 -0.313543
v 0.195771 0.155453 -0.307738
v 0.195619 0.166467 -0.305539
v 0.197583 0.183654 -0.301282
v 0.211740 0.052047 -0.315039
v 0.210851 0.070485 -0.312004
v 0.216181 0.015594 -0.317823
v 0.214022 0.042254 -0.315126
v 0.199741 0.098592 -0.315540
v 0.191553 0.105938 -0.320332
v 0.221380 -0.032945 -0.323093
v 0.219989 -0.006136 -0.319090
v 0.197692 0.222569 -0.294268
v 0.204170 0.114708 -0.309096
v 0.196101 0.118920 -0.313962
v 0.205678 0.125367 -0.305919
v 0.195649 0.126192 -0.312876
v 0.186066 0.154116 -0.315203
v 0.202868 0.212627 -0.293301
v 0.186700 0.163023 -0.312369
v 0.230095 -0.153814 -0.339183
v 0.190510 0.217087 -0.300342
v 0.188889 0.101621 -0.322851
v 0.181341 0.150811 -0.319249
v 0.224342 -0.113421 -0.336391
v 0.219764 -0.076333 -0.332387
v 0.220154 -0.052399 -0.327843
v 0.218159 -0.104653 -0.338751
v 0.233407 -0.232669 -0.353949
v 0.185850 0.144796 -0.317214
v 0.191353 0.135554 -0.314465
v 0.186109 0.125459 -0.319348
v 0.183568 0.137240 -0.319636
v 0.191110 0.090827 -0.322276
v 0.222405 -0.143414 -0.342478
v 0.219647 -0.119239 -0.340487
v 0.189532 0.116572 -0.318925
v 0.185783 0.108017 -0.323641
v 0.202163 0.062658 -0.319439
v 0.202154 0.051481 -0.321596
v 0.202403 0.041175 -0.323225
v 0.203219 0.075024 -0.316528
v 0.199377 0.090248 -0.316861
v 0.193652 0.064179 -0.324612
v 0.188234 0.078870 -0.325654
v 0.208131 0.010112 -0.324200
v 0.207593 -0.033692 -0.332420
v 0.206899 -0.051022 -0.336299
v 0.201751 -0.026340 -0.334817
v 0.203248 0.016728 -0.326249
v 0.198802 -0.043849 -0.339912
v 0.217510 -0.171342 -0.350908
v 0.180385 0.179337 -0.313549
v 0.182720 0.197346 -0.308724
v 0.179937 0.162854 -0.316731
v 0.193664 0.208536 -0.299807
v 0.212735 -0.070002 -0.335885
v 0.216975 -0.087229 -0.336101
v 0.181808 0.213877 -0.306587
v 0.207929 -0.227828 -0.368671
v 0.220902 -0.221851 -0.359589
v 0.212481 -0.201737 -0.360381
v 0.220205 -0.198287 -0.354919
v 0.206726 -0.181339 -0.359599
v 0.176473 0.144796 -0.323291
v 0.213703 -0.139721 -0.347469
v 0.211473 -0.154971 -0.351553
v 0.200778 -0.142052 -0.355673
v 0.211711 -0.118592 -0.345243
v 0.209181 -0.100776 -0.343341
v 0.175373 0.187465 -0.315236
v 0.176714 0.205734 -0.311086
v 0.175718 0.164225 -0.319101
v 0.172688 0.229867 -0.309530
v 0.201181 -0.060632 -0.341569
v 0.200299 -0.075097 -0.344488
v 0.190266 -0.068439 -0.349646
v 0.195214 -0.090511 -0.350023
v 0.183171 0.060750 -0.331518
v 0.172245 0.073556 -0.336253
v 0.177217 0.052121 -0.336395
v 0.178538 0.087078 -0.330664
v 0.180372 0.100841 -0.328168
v 0.180303 0.105938 -0.327338
v 0.193529 0.047006 -0.327753
v 0.186910 0.007268 -0.338126
v 0.191356 0.026314 -0.332123
v 0.177216 0.000289 -0.345270
v 0.189103 -0.029642 -0.343078
v 0.181726 0.022915 -0.338367
v 0.168562 0.004531 -0.349576
v 0.174153 0.030331 -0.341403
v 0.176558 -0.043059 -0.352844
v 0.171491 -0.021399 -0.351856
v 0.184160 -0.066764 -0.352932
v 0.182407 0.117744 -0.323014
v 0.168749 0.158625 -0.324117
v 0.175655 0.149114 -0.322879
v 0.173091 0.122039 -0.327844
v 0.175125 0.114573 -0.328028
v 0.171460 0.134002 -0.327241
v 0.169292 0.181763 -0.319847
v 0.168735 0.206456 -0.315667
v 0.183558 -0.099512 -0.358181
v 0.176554 -0.071082 -0.357875
v 0.197567 -0.179178 -0.364480
v 0.195598 -0.196801 -0.369057
v 0.198714 -0.125217 -0.353853
v 0.185057 -0.119924 -0.360604
v 0.186145 -0.146044 -0.364754
v 0.192686 -0.219951 -0.375688
v 0.185926 -0.231575 -0.381724
v 0.170361 -0.004160 -0.349986
v 0.181740 -0.017633 -0.345389
v 0.163945 -0.005264 -0.353735
v 0.162529 0.203593 -0.319541
v 0.163984 0.227291 -0.314897
v 0.163824 0.170702 -0.324748
v 0.161192 0.183115 -0.323988
v 0.170587 0.023950 -0.344527
v 0.169250 0.088706 -0.335751
v 0.170013 0.040587 -0.342119
v 0.159530 0.061302 -0.345051
v 0.155333 0.076169 -0.345126
v 0.184456 -0.187691 -0.373368
v 0.185531 -0.202200 -0.375741
v 0.177376 -0.134133 -0.367302
v 0.169306 -0.119997 -0.368946
v 0.177297 -0.154932 -0.371215
v 0.175690 -0.102607 -0.362879
v 0.168722 -0.097299 -0.365642
v 0.167928 0.114210 -0.332046
v 0.164004 0.126339 -0.332180
v 0.170702 0.144796 -0.326275
v 0.166637 -0.040694 -0.357820
v 0.162125 -0.018169 -0.356363
v 0.171967 0.103260 -0.332181
v 0.162066 0.092985 -0.338761
v 0.162078 0.035576 -0.347050
v 0.156488 0.152231 -0.331723
v 0.176343 -0.198092 -0.379699
v 0.175591 -0.179482 -0.376469
v 0.160302 0.003567 -0.354078
v 0.163663 0.017459 -0.349463
v 0.153167 0.205386 -0.324047
v 0.149713 0.222512 -0.322917
v 0.151658 0.186841 -0.328164
v 0.150205 0.162712 -0.333065
v 0.172113 -0.228122 -0.388061
v 0.163978 -0.231946 -0.392628
v 0.162020 -0.206403 -0.388404
v 0.168694 -0.197290 -0.383347
v 0.166965 -0.184514 -0.381679
v 0.160988 -0.170812 -0.381931
v 0.166638 -0.149595 -0.375590
v 0.167721 -0.135371 -0.372429
v 0.161104 -0.108308 -0.371106
v 0.168498 -0.067108 -0.361268
v 0.159645 -0.046363 -0.362391
v 0.160817 0.111256 -0.336168
v 0.159682 0.142757 -0.331949
v 0.155168 0.020057 -0.353078
v 0.145400 0.159937 -0.335814
v 0.153863 0.048947 -0.349503
v 0.149676 0.063176 -0.349767
v 0.153466 -0.029699 -0.362390
v 0.151357 -0.018192 -0.361453
v 0.155260 -0.005299 -0.358047
v 0.144446 0.207401 -0.327922
v 0.138623 0.179055 -0.335577
v 0.148720 0.037783 -0.353309
v 0.142716 0.056574 -0.353918
v 0.152262 0.028021 -0.353039
v 0.149354 0.117655 -0.340724
v 0.149977 0.096746 -0.343833
v 0.147682 0.074928 -0.348921
v 0.139011 0.097291 -0.348787
v 0.150531 0.143070 -0.336270
v 0.137529 0.062763 -0.355391
v 0.159283 -0.134563 -0.376297
v 0.138215 0.224393 -0.327930
v 0.150822 -0.047382 -0.366654
v 0.157623 -0.073733 -0.367264
v 0.148811 -0.070628 -0.370778
v 0.148791 -0.099566 -0.375248
v 0.151802 0.001252 -0.358427
v 0.155099 -0.190570 -0.388258
v 0.136896 0.193873 -0.333680
v 0.125576 0.184777 -0.340280
v 0.129832 0.206079 -0.334526
v 0.130583 0.161184 -0.342200
v 0.138568 0.152073 -0.340233
v 0.135587 0.116503 -0.347113
v 0.131844 0.101621 -0.351331
v 0.143362 0.022233 -0.357944
v 0.150285 -0.153115 -0.383680
v 0.147190 0.009765 -0.358585
v 0.147984 -0.039586 -0.366542
v 0.147490 -0.134454 -0.381441
v 0.138276 -0.151064 -0.388405
v 0.134037 -0.132105 -0.386576
v 0.150720 -0.177034 -0.387568
v 0.130181 0.089273 -0.353741
v 0.130209 0.081082 -0.355137
v 0.151043 -0.224863 -0.396963
v 0.129545 0.066797 -0.358148
v 0.140562 0.035620 -0.357157
v 0.133450 0.041175 -0.359369
v 0.132836 0.056286 -0.358160
v 0.146043 -0.006318 -0.362172
v 0.125258 0.103475 -0.353841
v 0.142412 -0.229168 -0.401290
v 0.125128 0.157132 -0.345153
v 0.137413 -0.053339 -0.372958
v 0.122708 0.212968 -0.336229
v 0.120783 0.195044 -0.340287
v 0.118740 0.172505 -0.345189
v 0.112377 0.185742 -0.345234
v 0.140208 -0.022927 -0.366694
v 0.145123 -0.188959 -0.392102
v 0.136938 -0.172730 -0.392424
v 0.130796 -0.153810 -0.391754
v 0.130049 0.027011 -0.362662
v 0.137872 0.010794 -0.362043
v 0.136492 -0.107964 -0.381648
v 0.125581 -0.068405 -0.379869
v 0.126907 -0.045934 -0.375831
v 0.135610 -0.028506 -0.369442
v 0.132721 -0.014431 -0.368182
v 0.131521 -0.080469 -0.379393
v 0.127461 -0.104047 -0.384472
v 0.126069 -0.133686 -0.389858
v 0.127526 0.058445 -0.359969
v 0.135970 -0.195124 -0.396889
v 0.134002 -0.223276 -0.403322
v 0.125257 -0.213281 -0.404476
v 0.129113 -0.185751 -0.397607
v 0.123634 0.116169 -0.351945
v 0.125316 0.126042 -0.349727
v 0.113364 0.223510 -0.338095
v 0.110107 0.206320 -0.341985
v 0.119790 0.085229 -0.358267
v 0.121095 0.021859 -0.366852
v 0.121589 0.035778 -0.364516
v 0.119770 -0.154793 -0.395846
v 0.122474 -0.141033 -0.392516
v 0.116331 -0.149007 -0.396041
v 0.122517 -0.175233 -0.398090
v 0.118450 -0.105394 -0.387925
v 0.112416 0.159911 -0.349565
v 0.108270 0.168903 -0.349624
v 0.118019 0.121248 -0.353096
v 0.116577 0.145731 -0.350002
v 0.124355 0.043240 -0.362516
v 0.116126 0.002559 -0.371265
v 0.118875 -0.027415 -0.375463
v 0.131756 -0.000347 -0.366095
v 0.121022 -0.007313 -0.371146
v 0.117278 -0.077140 -0.384120
v 0.119132 -0.050206 -0.379270
v 0.121050 -0.222196 -0.407647
v 0.114573 -0.189815 -0.403419
v 0.112964 -0.216923 -0.409231
v 0.112126 0.014558 -0.371055
v 0.116985 0.047174 -0.364606
v 0.104087 0.028477 -0.371614
v 0.099424 0.013016 -0.375458
v 0.120988 0.060604 -0.361952
v 0.117226 0.066563 -0.362362
v 0.106919 -0.003359 -0.375269
v 0.106302 0.147534 -0.353242
v 0.106627 0.116206 -0.357568
v 0.101251 0.129739 -0.357308
v 0.102109 0.159791 -0.352961
v 0.112363 0.103673 -0.358184
v 0.104027 0.085430 -0.363330
v 0.114877 0.091821 -0.358973
v 0.105930 -0.228195 -0.413406
v 0.106643 0.052442 -0.367231
v 0.097342 0.220913 -0.343683
v 0.110280 -0.109405 -0.391264
v 0.107075 -0.078526 -0.387649
v 0.094715 -0.098311 -0.394137
v 0.098976 -0.057225 -0.386695
v 0.101877 -0.095697 -0.391736
v 0.097769 -0.118771 -0.396578
v 0.086683 -0.129070 -0.401424
v 0.095888 -0.140628 -0.400629
v 0.108320 -0.136617 -0.396261
v 0.105938 -0.045176 -0.382700
v 0.096668 -0.008589 -0.379292
v 0.097316 -0.028346 -0.382435
v 0.091175 -0.035491 -0.385324
v 0.105026 -0.170483 -0.402902
v 0.111737 -0.166675 -0.400222
v 0.099283 0.185523 -0.349512
v 0.099511 -0.150874 -0.401389
v 0.106928 0.215465 -0.341460
v 0.091052 0.214007 -0.346523
v 0.091782 0.206874 -0.347545
v 0.085571 0.008014 -0.380424
v 0.096912 0.029341 -0.373694
v 0.081164 0.014262 -0.380708
v 0.094989 0.168272 -0.353840
v 0.091035 0.183859 -0.352155
v 0.092985 0.097303 -0.365030
v 0.103172 -0.209640 -0.410747
v 0.094891 -0.216073 -0.414263
v 0.096374 -0.186713 -0.408307
v 0.097303 -0.161751 -0.403654
v 0.103389 0.064081 -0.366726
v 0.095765 0.050266 -0.370665
v 0.095460 0.086509 -0.365645
v 0.083654 -0.008477 -0.383064
v 0.080033 0.004475 -0.382557
v -0.244319 0.039192 -0.291548
v -0.255599 0.044994 -0.280967
v -0.245582 0.052345 -0.288805
v -0.263506 0.026620 -0.276439
v -0.263199 0.039016 -0.275091
v -0.246162 0.016474 -0.293684
v -0.260032 0.017428 -0.281125
v -0.258974 0.048865 -0.277269
v -0.251199 0.058445 -0.282514
v -0.266140 0.043334 -0.271519
v -0.267498 0.032540 -0.271816
v -0.267079 0.019587 -0.274107
v -0.237923 0.051969 -0.295210
v -0.234844 0.036302 -0.299878
v -0.241784 0.023225 -0.296255
v -0.231845 0.013875 -0.306331
v -0.240594 0.058445 -0.291837
v -0.260894 0.055631 -0.273848
v -0.221947 0.046140 -0.308492
v -0.229109 0.054584 -0.301713
v -0.220815 0.010952 -0.315617
v -0.214785 0.039679 -0.315130
v -0.210893 0.055206 -0.315459
v -0.232329 0.071905 -0.295478
v -0.239363 0.074636 -0.289005
v -0.244800 0.072624 -0.284748
v -0.249755 0.090827 -0.275690
v -0.232908 0.095808 -0.290133
v -0.227714 0.089573 -0.295696
v -0.212185 0.071398 -0.311305
v -0.215951 0.090881 -0.304755
v -0.218250 0.106940 -0.300211
v -0.237172 0.107860 -0.284281
v -0.243241 0.099478 -0.280099
v -0.232543 0.130174 -0.284430
v -0.226040 0.123634 -0.290903
v -0.242675 0.123208 -0.277079
v -0.247870 0.114700 -0.273802
v -0.207949 0.092321 -0.310545
v -0.205146 0.108665 -0.309794
v -0.229442 0.142396 -0.284536
v -0.220487 0.146212 -0.291029
v -0.223101 0.161257 -0.286282
v -0.211530 0.162066 -0.295696
v -0.211580 0.166384 -0.294871
v -0.221247 0.180553 -0.283836
v -0.211069 0.138320 -0.299668
v -0.209513 0.152260 -0.298432
v -0.202779 0.164265 -0.302080
v -0.237623 -0.011486 -0.306650
v -0.246070 -0.016844 -0.300676
v -0.252205 -0.019282 -0.295876
v -0.251947 -0.042567 -0.301047
v -0.239190 -0.036118 -0.310482
v -0.244384 -0.048306 -0.308680
v -0.260908 -0.003823 -0.284649
v -0.232205 -0.021879 -0.313090
v -0.236582 -0.045176 -0.314459
v -0.237325 -0.051569 -0.315038
v -0.255075 -0.050573 -0.299866
v -0.261089 -0.035239 -0.291309
v -0.252673 -0.064083 -0.304226
v -0.236785 -0.063796 -0.317189
v -0.244714 -0.070714 -0.312185
v -0.245215 -0.084035 -0.314479
v -0.261335 -0.060570 -0.295851
v -0.258487 -0.075399 -0.301699
v -0.266574 -0.045176 -0.288182
v -0.266554 -0.029500 -0.284894
v -0.249383 -0.077558 -0.310011
v -0.253918 -0.075399 -0.305828
v -0.254592 -0.103401 -0.310718
v -0.237062 -0.095820 -0.323476
v -0.237346 -0.104221 -0.324632
v -0.243805 -0.111490 -0.320838
v -0.229419 -0.114118 -0.332753
v -0.233818 -0.128395 -0.332141
v -0.229881 -0.099146 -0.329479
v -0.225294 -0.026857 -0.319235
v -0.217696 -0.007301 -0.321179
v -0.219500 -0.049494 -0.327609
v -0.232316 -0.051653 -0.318845
v -0.207253 0.119680 -0.305892
v -0.208382 0.046075 -0.318729
v -0.203824 0.058445 -0.320097
v -0.205517 0.075748 -0.315399
v -0.214346 0.178759 -0.289726
v -0.210603 0.184052 -0.291484
v -0.205099 0.171546 -0.298578
v -0.226752 -0.122571 -0.336384
v -0.233877 -0.150674 -0.336469
v -0.241326 -0.134839 -0.327744
v -0.239713 -0.172656 -0.336388
v -0.241422 -0.156995 -0.332142
v -0.253411 -0.134496 -0.317968
v -0.246138 -0.177845 -0.332449
v -0.249098 -0.161751 -0.327050
v -0.260073 -0.174164 -0.320499
v -0.260594 -0.136927 -0.312392
v -0.258157 -0.093650 -0.305674
v -0.274029 -0.193025 -0.312884
v -0.268261 -0.163802 -0.311442
v -0.265600 -0.190894 -0.319619
v -0.246393 -0.189430 -0.334810
v -0.240395 -0.187023 -0.338842
v -0.271663 -0.228505 -0.323503
v -0.278525 -0.228234 -0.317371
v -0.256674 -0.230543 -0.336457
v -0.266409 -0.208833 -0.323176
v -0.256520 -0.206063 -0.330631
v -0.247019 -0.213979 -0.340149
v -0.273793 -0.162370 -0.306190
v -0.264368 -0.125051 -0.306450
v -0.286978 -0.224287 -0.308565
v -0.280831 -0.193153 -0.306718
v -0.263380 -0.097405 -0.301684
v -0.280022 -0.167134 -0.301337
v -0.274639 -0.131244 -0.298114
v -0.270475 -0.121039 -0.299890
v -0.269708 -0.090977 -0.294268
v -0.270366 -0.060007 -0.287098
v -0.216120 0.222512 -0.279939
v -0.205833 0.205132 -0.291149
v -0.223571 0.213877 -0.275505
v -0.236205 0.141895 -0.278842
v -0.243880 0.127205 -0.275179
v -0.231144 0.229628 -0.265680
v -0.239824 0.232086 -0.257084
v -0.242943 0.207538 -0.259121
v -0.242989 0.185813 -0.263475
v -0.228884 0.207779 -0.272041
v -0.235267 0.167398 -0.274234
v -0.246332 0.153905 -0.266834
v -0.230548 0.177718 -0.276394
v -0.243461 0.142817 -0.272082
v -0.252180 0.127526 -0.267309
v -0.251775 0.121050 -0.269067
v -0.197966 0.221786 -0.293866
v -0.198152 0.200801 -0.297535
v -0.198439 0.182127 -0.300592
v -0.189733 0.233009 -0.297698
v -0.183306 0.195984 -0.308528
v -0.184530 0.227940 -0.302141
v -0.225023 -0.065626 -0.326351
v -0.233988 -0.078627 -0.321786
v -0.216386 -0.088156 -0.336462
v -0.210549 -0.062447 -0.336038
v -0.207028 -0.051866 -0.336575
v -0.210059 -0.025701 -0.329706
v -0.206765 0.024758 -0.323445
v -0.229927 -0.087301 -0.326539
v -0.220592 -0.096960 -0.335382
v -0.219837 -0.119280 -0.340799
v -0.186300 0.123480 -0.320246
v -0.198252 0.108239 -0.314883
v -0.195529 0.121050 -0.314126
v -0.182901 0.138320 -0.319781
v -0.194034 0.147118 -0.310312
v -0.240730 -0.225305 -0.347537
v -0.232728 -0.201304 -0.347606
v -0.230261 -0.184418 -0.345599
v -0.232946 -0.228810 -0.353853
v -0.226712 -0.173095 -0.345720
v -0.200177 0.150983 -0.305358
v -0.188306 0.153952 -0.313217
v -0.176064 0.144796 -0.323166
v -0.186758 0.162060 -0.312987
v -0.197757 0.162066 -0.305935
v -0.199694 0.096168 -0.315671
v -0.193152 0.105938 -0.318698
v -0.181887 0.120870 -0.323724
v -0.176923 0.127526 -0.325900
v -0.187141 0.177492 -0.309351
v -0.195556 0.175286 -0.304146
v -0.220076 -0.132701 -0.342546
v -0.249361 0.082147 -0.278080
v -0.259965 0.089577 -0.265951
v -0.257750 0.079264 -0.270699
v -0.255355 0.097303 -0.269102
v -0.254557 0.114449 -0.267510
v -0.200698 0.072477 -0.319396
v -0.193167 0.087954 -0.321378
v -0.198327 0.060133 -0.323579
v -0.191191 0.074160 -0.325256
v -0.183805 0.091396 -0.326750
v -0.197128 0.166384 -0.305525
v -0.203423 0.045492 -0.322152
v -0.179381 0.174037 -0.315178
v -0.179052 0.213415 -0.308225
v -0.217638 -0.175599 -0.352187
v -0.219352 -0.198233 -0.355806
v -0.210655 -0.100379 -0.342646
v -0.208909 -0.081283 -0.340262
v -0.193661 -0.051063 -0.344960
v -0.197161 -0.025050 -0.338039
v -0.201641 -0.081442 -0.344888
v -0.201726 -0.011109 -0.332749
v -0.196488 -0.008403 -0.335623
v -0.193908 0.022714 -0.332156
v -0.200490 0.032286 -0.326250
v -0.173075 0.242362 -0.306673
v -0.171146 0.201905 -0.315153
v -0.168096 0.189726 -0.319268
v -0.172329 0.171400 -0.320009
v -0.175193 0.156178 -0.321270
v -0.167116 0.145368 -0.328394
v -0.172081 0.134630 -0.327408
v -0.219803 -0.229349 -0.362375
v -0.194997 0.054127 -0.326537
v -0.211628 -0.152645 -0.351694
v -0.210110 -0.131528 -0.348781
v -0.202916 -0.159118 -0.358289
v -0.213288 -0.120075 -0.345075
v -0.211369 -0.184477 -0.357934
v -0.197870 -0.092670 -0.349213
v -0.202879 -0.117066 -0.350525
v -0.191349 0.060604 -0.327897
v -0.188017 0.047614 -0.331438
v -0.179913 0.054127 -0.335876
v -0.182541 0.060556 -0.333295
v -0.182784 0.040475 -0.335758
v -0.182518 0.102090 -0.325964
v -0.171521 0.098562 -0.333250
v -0.167769 0.092985 -0.336357
v -0.180144 0.023904 -0.340326
v -0.175942 0.010397 -0.345027
v -0.180278 -0.008330 -0.345345
v -0.174174 0.043638 -0.340391
v -0.185643 -0.019757 -0.344103
v -0.185133 -0.046592 -0.349355
v -0.181376 -0.035935 -0.349677
v -0.179806 0.077874 -0.331493
v -0.178401 0.067180 -0.334310
v -0.172022 0.123208 -0.329545
v -0.174076 0.104966 -0.330536
v -0.189712 -0.065010 -0.349506
v -0.194059 -0.082113 -0.349521
v -0.200176 -0.134351 -0.355201
v -0.206550 -0.203310 -0.364678
v -0.206940 -0.234463 -0.371067
v -0.196884 -0.206594 -0.370919
v -0.191549 -0.182298 -0.368956
v -0.203554 -0.180579 -0.361857
v -0.185829 -0.163078 -0.368592
v -0.197742 -0.163499 -0.362122
v -0.188012 -0.131528 -0.361532
v -0.177056 -0.149831 -0.370781
v -0.176687 -0.175226 -0.375587
v -0.187112 -0.094028 -0.355738
v -0.189657 -0.114368 -0.357602
v -0.186018 -0.079294 -0.353710
v -0.165001 0.209974 -0.317194
v -0.163418 0.137987 -0.331688
v -0.167304 0.125367 -0.331829
v -0.172448 0.021438 -0.345195
v -0.175446 -0.017722 -0.349617
v -0.168260 0.008909 -0.349583
v -0.171508 0.113048 -0.330750
v -0.173200 0.054127 -0.339682
v -0.158441 0.200382 -0.322498
v -0.164502 0.177409 -0.323396
v -0.167714 0.157749 -0.325164
v -0.251944 0.183654 -0.255192
v -0.269968 -0.001829 -0.275382
v -0.176296 -0.096987 -0.362223
v -0.180129 -0.124916 -0.364669
v -0.188213 -0.231901 -0.380853
v -0.187423 -0.201096 -0.374874
v -0.184983 -0.217007 -0.379522
v -0.154869 0.227975 -0.319321
v -0.173327 -0.077795 -0.360240
v -0.165617 -0.090652 -0.366607
v -0.176714 -0.045704 -0.353809
v -0.167819 0.078953 -0.338024
v -0.159491 0.092606 -0.340881
v -0.160009 0.073606 -0.342844
v -0.170033 0.069459 -0.338348
v -0.165316 0.061090 -0.342441
v -0.164361 0.110256 -0.335026
v -0.158781 0.097303 -0.340534
v -0.158704 0.116517 -0.337093
v -0.158938 0.144450 -0.332961
v -0.164008 0.022033 -0.349616
v -0.168542 0.034490 -0.344936
v -0.165865 0.043334 -0.344907
v -0.171221 -0.131528 -0.370474
v -0.167025 -0.147441 -0.375388
v -0.170464 -0.180728 -0.379710
v -0.158439 -0.092670 -0.370591
v -0.160945 -0.129317 -0.375232
v -0.169129 -0.062361 -0.359840
v -0.153675 -0.084286 -0.371378
v -0.171170 -0.028774 -0.353798
v -0.165063 -0.012255 -0.354138
v -0.159442 0.010484 -0.353813
v -0.156093 0.161784 -0.330560
v -0.148977 0.153541 -0.335978
v -0.149988 0.168268 -0.332418
v -0.175594 -0.205524 -0.381952
v -0.175423 -0.229431 -0.386881
v -0.143317 0.209560 -0.328475
v -0.141427 0.229528 -0.325816
v -0.154114 0.110256 -0.340378
v -0.159323 0.035696 -0.349436
v -0.156200 0.044413 -0.349546
v -0.158787 0.054127 -0.347011
v -0.142317 0.060593 -0.353880
v -0.143232 0.076854 -0.350516
v -0.150161 0.120446 -0.340653
v -0.159851 0.125367 -0.335470
v -0.155234 0.133950 -0.336206
v -0.154665 0.021240 -0.354298
v -0.163255 -0.209077 -0.388688
v -0.160518 -0.227979 -0.393717
v -0.144480 -0.094828 -0.377484
v -0.154193 -0.128316 -0.378248
v -0.156446 -0.151600 -0.381106
v -0.162498 -0.183930 -0.384108
v -0.150985 0.090924 -0.345260
v -0.149894 0.097303 -0.344775
v -0.145572 0.054127 -0.353393
v -0.168190 -0.043018 -0.357595
v -0.156649 -0.058302 -0.365282
v -0.148746 -0.067182 -0.370450
v -0.155104 -0.034868 -0.362442
v -0.160108 -0.021222 -0.357908
v -0.153143 -0.013879 -0.359995
v -0.129516 0.224958 -0.331987
v -0.144184 0.189859 -0.331451
v -0.131528 0.207401 -0.334411
v -0.135768 0.217208 -0.330654
v -0.140751 0.171763 -0.336059
v -0.124927 0.211410 -0.336566
v -0.151077 0.034360 -0.353520
v -0.146977 0.045536 -0.353575
v -0.152765 0.142974 -0.336062
v -0.144415 0.109141 -0.345033
v -0.137988 0.153415 -0.340925
v -0.138602 0.157749 -0.339881
v -0.131351 0.170852 -0.340235
v -0.150488 0.009511 -0.358008
v -0.146291 0.020884 -0.358065
v -0.292083 -0.213408 -0.300823
v -0.297793 -0.224198 -0.297795
v -0.133482 0.189586 -0.336207
v -0.141676 -0.051036 -0.370884
v -0.141533 -0.071558 -0.374360
v -0.138978 -0.089673 -0.378964
v -0.135611 0.140068 -0.343693
v -0.150731 -0.222660 -0.396967
v -0.146024 -0.178329 -0.390239
v -0.142655 -0.222196 -0.400103
v -0.149641 -0.193259 -0.391569
v -0.146582 -0.142925 -0.383943
v -0.137870 -0.096598 -0.380544
v -0.144594 -0.114961 -0.380423
v -0.137594 0.044413 -0.357651
v -0.141272 0.092985 -0.349156
v -0.133696 0.056310 -0.358203
v -0.136008 0.071956 -0.354377
v -0.134559 0.085881 -0.352825
v -0.141519 0.037225 -0.356987
v -0.126089 0.188396 -0.339425
v -0.146117 -0.005165 -0.361757
v -0.137299 -0.033716 -0.369837
v -0.123579 -0.042862 -0.376834
v -0.128910 -0.068044 -0.378733
v -0.121557 0.011629 -0.368737
v -0.123161 -0.010807 -0.371617
v -0.132683 -0.004533 -0.366950
v -0.139363 0.015269 -0.361597
v -0.135234 0.020865 -0.362291
v -0.120573 0.030289 -0.366115
v -0.128833 0.039016 -0.361729
v -0.127161 0.047493 -0.361415
v -0.135179 -0.133918 -0.387083
v -0.138628 -0.113485 -0.382620
v -0.134455 0.108126 -0.349194
v -0.131528 0.153431 -0.343367
v -0.132360 -0.082041 -0.380014
v -0.129772 -0.092670 -0.383013
v -0.119835 -0.076461 -0.383559
v -0.121690 0.170538 -0.344054
v -0.120204 0.194769 -0.340653
v -0.118647 -0.051314 -0.380011
v -0.110642 -0.005249 -0.375316
v -0.112066 -0.034449 -0.379777
v -0.134329 -0.181049 -0.395259
v -0.133698 -0.211381 -0.401379
v -0.127248 -0.152748 -0.393090
v -0.119116 -0.131377 -0.392463
v -0.127854 0.097248 -0.353380
v -0.117083 0.126414 -0.352690
v -0.118227 0.145278 -0.349442
v -0.107069 0.143333 -0.353653
v -0.111253 0.158597 -0.349688
v -0.097148 0.162770 -0.353704
v -0.102975 0.178110 -0.349414
v -0.111893 0.185407 -0.345178
v -0.126251 0.071846 -0.358005
v -0.123547 -0.109365 -0.387561
v -0.115625 0.043518 -0.365957
v -0.110248 0.015846 -0.371981
v -0.107562 0.224569 -0.340073
v -0.115354 0.211744 -0.339677
v -0.122603 -0.172688 -0.398008
v -0.118572 -0.183855 -0.401343
v -0.113892 -0.154470 -0.397939
v -0.122933 -0.218835 -0.406476
v -0.111720 -0.086985 -0.388307
v -0.118575 -0.092670 -0.386886
v -0.114244 -0.107510 -0.390399
v -0.111917 -0.055030 -0.382901
v -0.107766 -0.025776 -0.379783
v -0.109413 0.113890 -0.357053
v -0.118575 0.092985 -0.357152
v -0.108157 0.071821 -0.363814
v -0.121421 0.056483 -0.362192
v -0.107171 0.051795 -0.367410
v -0.095562 0.079460 -0.366483
v -0.099202 0.043440 -0.371170
v -0.098810 0.131126 -0.358103
v -0.098067 0.115653 -0.360364
v -0.095167 0.137300 -0.358296
v -0.106163 -0.070547 -0.387024
v -0.104819 -0.045670 -0.383810
v -0.107619 0.199756 -0.343901
v -0.098732 0.185177 -0.349446
v -0.118354 -0.233114 -0.410532
v -0.106824 -0.125928 -0.395497
v -0.098962 -0.146961 -0.401325
v -0.102043 -0.174664 -0.404842
v -0.108821 -0.206250 -0.408507
v -0.105528 -0.227743 -0.413416
v -0.104461 -0.012933 -0.378615
v -0.092807 0.037040 -0.373959
v -0.103840 0.011247 -0.374750
v -0.103464 -0.086193 -0.390583
v -0.092285 0.210639 -0.346708
v -0.086941 0.227195 -0.346230
v -0.093781 0.204340 -0.347163
v -0.248526 0.231147 -0.248539
v -0.250607 0.203717 -0.252219
v -0.276409 -0.080670 -0.285315
v -0.289410 -0.177151 -0.294275
v -0.293294 -0.119992 -0.275900
v -0.290094 -0.132065 -0.282330
v -0.299440 -0.141901 -0.274546
v -0.282658 -0.134116 -0.290750
v -0.288417 -0.148798 -0.288380
v -0.297634 -0.152023 -0.279273
v -0.297974 -0.193179 -0.289361
v -0.280277 -0.110379 -0.287826
v -0.270900 -0.045176 -0.283815
v -0.271792 -0.023589 -0.278284
v -0.265444 0.073484 -0.264363
v -0.259052 0.132967 -0.259058
v -0.260442 0.125367 -0.259386
v -0.255516 0.147673 -0.259007
v -0.253974 0.168543 -0.256130
v -0.258285 0.193575 -0.246442
v -0.260667 0.179017 -0.247150
v -0.266814 0.096224 -0.257631
v -0.272204 0.082245 -0.254868
v -0.268723 0.048345 -0.267641
v -0.265030 0.116077 -0.256370
v -0.271555 0.019857 -0.269422
v -0.090016 0.179313 -0.352960
v -0.085876 0.155069 -0.358124
v -0.086455 0.024579 -0.377558
v -0.095526 -0.015347 -0.381577
v -0.090375 -0.030484 -0.385497
v -0.086489 -0.042505 -0.388500
v -0.096867 -0.062050 -0.388321
v -0.095215 -0.084735 -0.392568
v -0.078660 0.206264 -0.351202
v -0.080705 0.191601 -0.353049
v -0.094828 -0.128290 -0.399310
v -0.095435 -0.099988 -0.394776
v -0.088352 -0.146639 -0.404063
v -0.084637 -0.129770 -0.402170
v -0.085065 -0.097312 -0.396992
v -0.093197 -0.187579 -0.409516
v -0.090981 0.115334 -0.362426
v -0.086935 0.083551 -0.368212
v -0.080352 0.124974 -0.363847
v -0.086558 0.065527 -0.371254
v -0.079327 0.051363 -0.375378
v -0.086003 0.125008 -0.362470
v -0.074667 0.227937 -0.349390
v -0.077726 0.020863 -0.380305
v -0.090485 -0.227629 -0.417348
v -0.080931 -0.226341 -0.419381
v -0.081379 -0.179536 -0.411007
v -0.079139 -0.145349 -0.405960
v -0.073241 -0.128290 -0.404447
v -0.076193 -0.107798 -0.400703
v -0.085988 -0.062994 -0.391203
v -0.069225 0.204956 -0.353672
v -0.071064 0.062731 -0.375466
v -0.075175 0.079970 -0.371624
v -0.071082 0.101621 -0.369491
v -0.075399 0.121050 -0.365597
v -0.080890 0.155734 -0.359179
v -0.077602 0.166462 -0.358213
v -0.078988 -0.032241 -0.388539
v -0.064605 0.050889 -0.378569
v -0.067438 0.027954 -0.381462
v -0.080310 -0.013129 -0.385083
v -0.067121 0.183072 -0.357506
v -0.073241 0.153431 -0.361154
v -0.066764 0.164225 -0.360759
v -0.082236 -0.071947 -0.393397
v -0.069475 -0.071091 -0.395930
v -0.075879 -0.091145 -0.397985
v -0.077558 -0.045176 -0.390881
v -0.074320 -0.040859 -0.390898
v -0.062838 0.102115 -0.371231
v -0.071415 0.088390 -0.371179
v -0.070002 0.134002 -0.364495
v -0.066404 0.121244 -0.367376
v -0.055804 0.106830 -0.371760
v -0.271237 0.039016 -0.266842
v -0.257955 0.208591 -0.243259
v -0.272018 0.056516 -0.261797
v -0.307727 -0.228753 -0.288315
v -0.288047 -0.091678 -0.275364
v -0.276174 -0.035805 -0.276185
v -0.276713 -0.011482 -0.270289
v -0.288468 -0.014954 -0.258171
v -0.283366 0.004040 -0.259314
v -0.277393 0.013551 -0.263986
v -0.291325 -0.031954 -0.258431
v -0.293405 -0.063503 -0.263180
v -0.299010 -0.116293 -0.268540
v -0.306696 -0.135845 -0.264467
v -0.295726 -0.086290 -0.265481
v -0.287174 -0.059560 -0.269216
v -0.271269 0.153431 -0.240998
v -0.268303 0.136949 -0.248040
v -0.254363 0.246259 -0.239228
v -0.269416 0.118891 -0.251044
v -0.272176 0.126458 -0.246320
v -0.274086 0.102531 -0.248729
v -0.281053 0.095144 -0.242272
v -0.276085 0.112414 -0.244776
v -0.278363 0.119790 -0.240587
v -0.282826 0.073734 -0.245069
v -0.276210 0.061244 -0.255723
v -0.269503 0.170374 -0.239253
v -0.267436 0.189678 -0.237198
v -0.276310 0.153431 -0.235338
v -0.273985 0.142283 -0.240353
v -0.278182 0.128828 -0.238756
v -0.312578 -0.210925 -0.277996
v -0.308821 -0.193842 -0.277339
v -0.309773 -0.172935 -0.270674
v -0.317181 -0.190292 -0.266449
v -0.312712 -0.148602 -0.260869
v -0.319819 -0.220666 -0.272422
v -0.269674 0.201737 -0.231524
v -0.297912 -0.009486 -0.246128
v -0.299968 -0.014954 -0.244921
v -0.279033 0.025377 -0.259808
v -0.292355 0.012729 -0.246604
v -0.287002 0.028222 -0.249777
v -0.275985 0.041175 -0.260845
v -0.283877 0.052336 -0.248630
v -0.288896 0.073711 -0.237781
v -0.297825 -0.067448 -0.258980
v -0.295835 -0.048782 -0.257016
v -0.302109 -0.034166 -0.245987
v -0.306932 -0.026287 -0.238536
v -0.310711 -0.040846 -0.237305
v -0.310450 -0.055251 -0.241300
v -0.307173 -0.062447 -0.246870
v -0.306281 -0.015620 -0.237152
v -0.303828 -0.010065 -0.238904
v -0.285063 0.102680 -0.236010
v -0.308361 -0.116400 -0.257594
v -0.315639 -0.096987 -0.244550
v -0.306670 -0.078188 -0.250596
v -0.317603 -0.139365 -0.252266
v -0.312978 -0.114485 -0.251476
v -0.310620 -0.073241 -0.244939
v -0.314941 -0.089431 -0.243691
v -0.273602 0.181173 -0.231844
v -0.276285 0.162302 -0.233136
v -0.271607 0.234224 -0.221899
v -0.276384 0.206429 -0.222468
v -0.319203 -0.154252 -0.254402
v -0.321030 -0.180281 -0.258841
v -0.318803 -0.079717 -0.236558
v -0.284575 0.120965 -0.232703
v -0.283364 0.146955 -0.228194
v -0.326852 -0.195020 -0.255608
v -0.324178 -0.166068 -0.250953
v -0.332342 -0.228468 -0.258959
v -0.287204 0.039812 -0.247252
v -0.298957 0.020282 -0.236674
v -0.292900 0.131844 -0.219285
v -0.288974 0.150488 -0.219828
v -0.289216 0.118969 -0.227174
v -0.295556 0.107884 -0.221271
v -0.295667 0.089963 -0.225537
v -0.301756 0.089751 -0.217440
v -0.297708 0.064632 -0.228613
v -0.304996 0.070273 -0.217395
v -0.295135 0.046839 -0.235601
v -0.299324 0.001211 -0.241096
v -0.279788 0.179446 -0.224544
v -0.312851 -0.071082 -0.241546
v -0.318671 -0.096987 -0.240728
v -0.321705 -0.106907 -0.238099
v -0.316279 -0.111019 -0.246367
v -0.321981 -0.136597 -0.245810
v -0.327863 -0.149346 -0.241466
v -0.330346 -0.170390 -0.243750
v -0.282418 0.212349 -0.213250
v -0.288691 0.187972 -0.210811
v -0.286813 0.162561 -0.219197
v -0.309886 -0.007385 -0.229578
v -0.305769 0.019587 -0.227818
v -0.301677 0.039166 -0.228606
v -0.303679 0.047194 -0.224154
v -0.305860 0.058445 -0.219317
v -0.310907 0.061613 -0.211682
v -0.332784 -0.203890 -0.250324
v -0.314497 -0.058129 -0.236510
v -0.314787 -0.044346 -0.232629
v -0.325890 -0.114880 -0.234187
v -0.292490 0.166547 -0.210519
v -0.293520 0.183654 -0.205074
v -0.292919 0.147455 -0.214964
v -0.339763 -0.185789 -0.234818
v -0.337786 -0.202540 -0.242834
v -0.349700 -0.216827 -0.229967
v -0.340867 -0.224630 -0.245853
v -0.349692 -0.238356 -0.237494
v -0.308431 0.041107 -0.218819
v -0.312675 0.014128 -0.219526
v -0.310126 -0.017112 -0.232121
v -0.314615 -0.010636 -0.223748
v -0.333986 -0.154534 -0.234195
v -0.309194 0.073558 -0.210618
v -0.315214 0.062763 -0.205232
v -0.313351 0.075281 -0.204108
v -0.306399 0.091725 -0.210338
v -0.291098 0.221297 -0.198449
v -0.294177 0.204794 -0.198298
v -0.315358 -0.032594 -0.228260
v -0.314929 0.057176 -0.206942
v -0.318879 -0.071720 -0.233424
v -0.315343 -0.065881 -0.236826
v -0.314306 0.041175 -0.210312
v -0.321122 0.024782 -0.204314
v -0.318876 -0.002001 -0.215009
v -0.320374 -0.025072 -0.218779
v -0.323337 -0.089669 -0.232490
v -0.301153 0.111718 -0.212362
v -0.300181 0.122434 -0.211106
v -0.306241 0.131844 -0.200411
v -0.299539 0.136071 -0.208727
v -0.306393 0.138333 -0.198455
v -0.302077 0.149114 -0.200624
v -0.329490 -0.104310 -0.226266
v -0.334072 -0.119142 -0.223320
v -0.340765 -0.154321 -0.224100
v -0.323653 -0.077587 -0.228664
v -0.321606 -0.048437 -0.223437
v -0.299697 0.173973 -0.197887
v -0.310234 0.136161 -0.193341
v -0.320969 -0.053428 -0.225692
v -0.327566 -0.051653 -0.215058
v -0.323740 -0.066496 -0.224427
v -0.332566 -0.066045 -0.210764
v -0.327883 -0.031073 -0.208500
v -0.324840 -0.008253 -0.207240
v -0.327562 0.010952 -0.197768
v -0.309258 0.116591 -0.198711
v -0.313101 0.086557 -0.201447
v -0.317162 0.095878 -0.192493
v -0.325023 -0.071706 -0.224131
v -0.335735 -0.073543 -0.208124
v -0.329951 -0.086652 -0.221457
v -0.342274 -0.177925 -0.228687
v -0.348887 -0.199080 -0.225103
v -0.346856 -0.175090 -0.220659
v -0.344841 -0.159592 -0.219393
v -0.299702 0.190304 -0.193798
v -0.297505 0.221654 -0.188348
v -0.310517 0.131844 -0.193808
v -0.306269 0.182476 -0.185292
v -0.307949 0.168997 -0.185825
v -0.311827 0.153456 -0.183648
v -0.330171 -0.079382 -0.218889
v -0.336350 -0.085578 -0.210960
v -0.337208 -0.101305 -0.213474
v -0.339070 -0.115426 -0.214420
v -0.342925 -0.102194 -0.204160
v -0.345547 -0.129960 -0.208432
v -0.342918 -0.148038 -0.218712
v -0.349221 -0.154710 -0.210812
v -0.319269 0.064462 -0.198327
v -0.319117 0.080409 -0.193581
v -0.321157 0.039082 -0.200107
v -0.315200 0.047651 -0.207626
v -0.319008 0.048730 -0.201407
v -0.309070 0.147532 -0.190122
v -0.313083 0.125124 -0.190453
v -0.319503 0.105519 -0.185765
v -0.315135 0.116979 -0.189101
v -0.315221 0.149114 -0.179385
v -0.303538 0.200094 -0.184528
v -0.332250 -0.047832 -0.206351
v -0.340154 -0.065798 -0.198202
v -0.353605 -0.217849 -0.223906
v -0.353699 -0.203631 -0.218672
v -0.320284 0.058445 -0.197923
v -0.301764 0.221738 -0.181051
v -0.349222 -0.172248 -0.215841
v -0.352855 -0.161751 -0.206662
v -0.353828 -0.179329 -0.210225
v -0.360739 -0.210717 -0.209005
v -0.363509 -0.235308 -0.213773
v -0.330074 0.017042 -0.191864
v -0.316624 0.153389 -0.175286
v -0.314634 0.173716 -0.172934
v -0.310464 0.187972 -0.176421
v -0.323556 0.098858 -0.180998
v -0.323284 0.086416 -0.184862
v -0.327448 0.092985 -0.175897
v -0.323226 0.064891 -0.191174
v -0.332092 -0.008269 -0.195235
v -0.336125 -0.035014 -0.195792
v -0.336632 0.002704 -0.184450
v -0.338253 -0.025722 -0.189366
v -0.342744 -0.052188 -0.189316
v -0.344905 -0.077131 -0.193501
v -0.340798 -0.082726 -0.202532
v -0.306181 0.206378 -0.177882
v -0.321212 0.119410 -0.177791
v -0.326019 0.105285 -0.174181
v -0.330002 0.097303 -0.169826
v -0.318663 0.129685 -0.179910
v -0.314660 0.135181 -0.185831
v -0.328022 0.036167 -0.189199
v -0.331870 0.022523 -0.186877
v -0.336489 0.014564 -0.180934
v -0.326233 0.049567 -0.188714
v -0.349426 -0.131221 -0.202090
v -0.357439 -0.157433 -0.196997
v -0.310909 0.211034 -0.167775
v -0.310761 0.230055 -0.162897
v -0.319360 0.139047 -0.175817
v -0.366691 -0.213500 -0.199308
v -0.370545 -0.231650 -0.199441
v -0.340809 -0.011825 -0.180951
v -0.345097 -0.009521 -0.172248
v -0.349349 -0.007732 -0.163440
v -0.344384 -0.027132 -0.178484
v -0.346468 -0.098999 -0.196708
v -0.361658 -0.094591 -0.165884
v -0.361815 -0.109940 -0.171107
v -0.365907 -0.090732 -0.155830
v -0.366873 -0.107525 -0.159677
v -0.356177 -0.097477 -0.177753
v -0.357640 -0.112099 -0.180077
v -0.353517 -0.112099 -0.188021
v -0.353109 -0.138389 -0.197886
v -0.362495 -0.164109 -0.189770
v -0.360111 -0.172545 -0.196235
v -0.327066 0.080033 -0.179343
v -0.314721 0.190739 -0.167637
v -0.313631 0.215540 -0.161161
v -0.318982 0.179337 -0.163191
v -0.319196 0.189305 -0.159288
v -0.350376 -0.057588 -0.176592
v -0.349298 -0.043086 -0.174167
v -0.349124 -0.073951 -0.184652
v -0.350529 -0.097078 -0.188420
v -0.358184 -0.077667 -0.168196
v -0.362467 -0.077908 -0.159480
v -0.327415 0.060604 -0.184381
v -0.331209 0.044413 -0.180845
v -0.327359 0.075715 -0.179899
v -0.334058 0.034660 -0.178266
v -0.360209 -0.179358 -0.198324
v -0.365259 -0.190358 -0.193036
v -0.372214 -0.211743 -0.188020
v -0.360006 -0.150575 -0.189475
v -0.357653 -0.129732 -0.185893
v -0.332276 0.101548 -0.163865
v -0.324231 0.135591 -0.167464
v -0.327138 0.119804 -0.166227
v -0.323708 0.156130 -0.160914
v -0.331922 0.092985 -0.167433
v -0.357704 -0.120892 -0.182506
v -0.362250 -0.123192 -0.173758
v -0.366400 -0.174703 -0.184551
v -0.368400 -0.180529 -0.182502
v -0.376407 -0.201953 -0.175660
v -0.375488 -0.216684 -0.183314
v -0.331811 0.114573 -0.158527
v -0.331834 0.122639 -0.155300
v -0.327538 0.138630 -0.159590
v -0.327269 0.158087 -0.152939
v -0.323446 0.175122 -0.155451
v -0.349223 -0.025252 -0.168409
v -0.353432 -0.047335 -0.167278
v -0.349131 -0.016380 -0.166227
v -0.337138 0.044933 -0.168979
v -0.332995 0.059524 -0.173544
v -0.342813 0.010586 -0.169813
v -0.344192 0.021681 -0.162550
v -0.342019 0.040073 -0.160443
v -0.344826 0.056286 -0.149993
v -0.349355 0.003302 -0.159107
v -0.355721 -0.067936 -0.169259
v -0.334242 0.095144 -0.161751
v -0.320609 0.220164 -0.145062
v -0.365682 -0.151738 -0.178196
v -0.366451 -0.163556 -0.181235
v -0.366710 -0.132222 -0.167954
v -0.367084 -0.122321 -0.163452
v -0.340858 0.070774 -0.153415
v -0.345169 0.064416 -0.146456
v -0.333141 0.077577 -0.167144
v -0.353531 -0.026649 -0.159853
v -0.357941 -0.038182 -0.154658
v -0.353179 -0.010636 -0.156166
v -0.336880 0.078936 -0.158689
v -0.340227 0.086504 -0.148981
v -0.331842 0.083638 -0.168648
v -0.357250 -0.059037 -0.162467
v -0.375797 -0.181085 -0.166922
v -0.370517 -0.173251 -0.175035
v -0.376398 -0.172145 -0.161740
v -0.329230 0.169416 -0.144908
v -0.353411 -0.006318 -0.154113
v -0.379170 -0.206800 -0.171476
v -0.379066 -0.219038 -0.176324
v -0.375267 -0.158782 -0.159111
v -0.370029 -0.127723 -0.158854
v -0.361537 -0.062627 -0.153934
v -0.358197 -0.030080 -0.150950
v -0.323743 0.197187 -0.146226
v -0.328968 0.175574 -0.143103
v -0.344062 0.083863 -0.141011
v -0.343117 0.096224 -0.138374
v -0.330560 0.140479 -0.152219
v -0.330627 0.155381 -0.146425
v -0.335952 0.162066 -0.132019
v -0.336565 0.166117 -0.129237
v -0.335156 0.101621 -0.157433
v -0.336851 0.119141 -0.145250
v -0.383464 -0.215479 -0.164807
v -0.336877 0.086509 -0.156766
v -0.348062 0.040095 -0.146997
v -0.349016 0.054127 -0.140984
v -0.353639 0.038103 -0.134361
v -0.344989 0.034306 -0.155951
v -0.356894 0.028196 -0.129787
v -0.350730 0.015631 -0.150518
v -0.357017 0.018656 -0.133640
v -0.357970 0.001740 -0.139551
v -0.349493 0.060100 -0.137823
v -0.349457 0.070776 -0.133395
v -0.379700 -0.182029 -0.158500
v -0.382234 -0.199723 -0.160712
v -0.387079 -0.212978 -0.154647
v -0.373603 -0.133927 -0.152850
v -0.372616 -0.119654 -0.149630
v -0.370894 -0.107384 -0.150310
v -0.370491 -0.094861 -0.146539
v -0.391958 -0.231435 -0.151811
v -0.366749 -0.080808 -0.150731
v -0.322657 0.223495 -0.138873
v -0.327511 0.209560 -0.132441
v -0.326805 0.197752 -0.138585
v -0.361776 -0.051694 -0.149410
v -0.366349 -0.063339 -0.142856
v -0.361420 -0.040859 -0.147152
v -0.366259 -0.075399 -0.149506
v -0.358350 -0.019271 -0.144815
v -0.362102 -0.016741 -0.134713
v -0.336882 0.095942 -0.154988
v -0.354049 -0.017634 -0.155038
v -0.359024 -0.014954 -0.141551
v -0.361610 -0.009557 -0.133158
v -0.362503 -0.034490 -0.142284
v -0.333033 0.177052 -0.132306
v -0.340990 0.112755 -0.138158
v -0.340133 0.123055 -0.135533
v -0.340580 0.134537 -0.129670
v -0.334759 0.152352 -0.137241
v -0.353471 0.053012 -0.130295
v -0.375197 -0.101305 -0.137239
v -0.371119 -0.077778 -0.137909
v -0.366259 -0.051794 -0.138219
v -0.358170 -0.006600 -0.142238
v -0.347016 0.090803 -0.130318
v -0.383755 -0.179034 -0.146757
v -0.390115 -0.203867 -0.141745
v -0.349169 0.105938 -0.119553
v -0.339910 0.103789 -0.144319
v -0.345173 0.106743 -0.129921
v -0.344962 0.114062 -0.126957
v -0.349413 0.111588 -0.115937
v -0.378666 -0.122918 -0.135143
v -0.379305 -0.155287 -0.147653
v -0.376172 -0.116959 -0.139549
v -0.376810 -0.105927 -0.134482
v -0.369932 -0.061293 -0.132542
v -0.358000 0.038073 -0.123078
v -0.361416 0.021408 -0.120326
v -0.357848 0.049810 -0.119730
v -0.332033 0.222703 -0.114306
v -0.327021 0.220691 -0.128436
v -0.331692 0.211718 -0.120348
v -0.335790 0.176876 -0.125229
v -0.336040 0.194598 -0.114704
v -0.337895 0.181121 -0.116873
v -0.338892 0.166384 -0.122893
v -0.340868 0.168127 -0.116201
v -0.365816 -0.039192 -0.135032
v -0.370970 -0.055131 -0.126659
v -0.352219 0.090827 -0.116416
v -0.352903 0.072094 -0.123345
v -0.358922 0.057849 -0.113153
v -0.331525 0.199798 -0.125038
v -0.343587 0.129685 -0.123533
v -0.345187 0.137936 -0.116248
v -0.341195 0.147070 -0.121402
v -0.345047 0.150875 -0.108826
v -0.362062 0.007073 -0.125710
v -0.362304 0.003580 -0.126549
v -0.339997 0.162066 -0.121222
v -0.383868 -0.156051 -0.135453
v -0.388205 -0.180624 -0.135160
v -0.395545 -0.208356 -0.128354
v -0.392345 -0.177918 -0.121136
v -0.387952 -0.154348 -0.122171
v -0.387701 -0.136247 -0.113839
v -0.383989 -0.112939 -0.116035
v -0.383656 -0.129009 -0.123630
v -0.379101 -0.094224 -0.123219
v -0.376060 -0.086443 -0.128161
v -0.374439 -0.069538 -0.124335
v -0.383857 -0.103323 -0.111732
v -0.397080 -0.228608 -0.135889
v -0.346671 0.135936 -0.112836
v -0.341009 0.153431 -0.119528
v -0.337269 0.147751 -0.132102
v -0.366914 -0.033889 -0.129613
v -0.366388 -0.016683 -0.122280
v -0.345430 0.123774 -0.120269
v -0.360692 0.041175 -0.114257
v -0.335948 0.204561 -0.110421
v -0.349011 0.121252 -0.111202
v -0.401372 -0.233009 -0.125039
v -0.348434 0.127526 -0.109940
v -0.342441 0.162862 -0.113153
v -0.335669 0.225011 -0.102826
v -0.366476 0.005316 -0.112346
v -0.374307 -0.054123 -0.116222
v -0.362243 0.049810 -0.106849
v -0.349286 0.137007 -0.104320
v -0.343176 0.166430 -0.108936
v -0.358082 0.072987 -0.107645
v -0.354374 0.095072 -0.108011
v -0.353074 0.106952 -0.106666
v -0.338444 0.202004 -0.103464
v -0.367449 0.019428 -0.102559
v -0.352407 0.119910 -0.101226
v -0.351334 0.129685 -0.099499
v -0.397397 -0.195971 -0.115064
v -0.391385 -0.151578 -0.109192
v -0.397335 -0.173450 -0.101367
v -0.401713 -0.208205 -0.107707
v -0.068394 -0.017698 -0.388335
v -0.068923 0.000158 -0.385352
v -0.073477 -0.183904 -0.413431
v -0.069367 -0.163481 -0.410803
v -0.071076 -0.206547 -0.417790
v -0.066729 -0.230866 -0.422957
v -0.065274 0.228094 -0.351328
v -0.060288 0.207401 -0.355091
v -0.067401 -0.105513 -0.402107
v -0.064764 -0.130391 -0.406338
v -0.059912 -0.177770 -0.414882
v -0.054173 -0.112802 -0.405570
v -0.064610 -0.211397 -0.419779
v -0.065685 0.077874 -0.373883
v -0.062447 0.086509 -0.373166
v -0.069444 -0.051103 -0.393239
v -0.065081 -0.042519 -0.392819
v -0.066764 -0.028986 -0.390304
v -0.065750 0.149029 -0.363111
v -0.058238 0.162177 -0.362535
v -0.055970 0.141558 -0.365709
v -0.051456 0.131349 -0.367999
v -0.058290 -0.095811 -0.402046
v -0.055970 0.177178 -0.360478
v -0.051169 0.185050 -0.360000
v -0.051653 0.210639 -0.355980
v -0.060288 0.061683 -0.377594
v -0.052968 0.083104 -0.375152
v -0.059573 0.021585 -0.383819
v -0.060288 0.039016 -0.380996
v -0.058129 0.000158 -0.387086
v -0.047335 0.014190 -0.386708
v -0.044039 0.024931 -0.385542
v -0.051653 0.040635 -0.382051
v -0.052479 0.055357 -0.379810
v -0.051653 0.099462 -0.373526
v -0.055431 -0.232451 -0.425025
v -0.051614 -0.213598 -0.422090
v -0.047335 -0.229752 -0.425622
v -0.047285 -0.100286 -0.404668
v -0.056502 -0.080530 -0.399687
v -0.047154 -0.077083 -0.400556
v -0.056368 -0.064484 -0.397324
v -0.048266 -0.054515 -0.397091
v -0.054960 -0.038706 -0.393676
v -0.061510 -0.015074 -0.388993
v -0.044264 0.239933 -0.352894
v -0.043997 -0.106382 -0.406142
v -0.051679 -0.126105 -0.407754
v -0.050598 -0.153409 -0.412169
v -0.052674 -0.195281 -0.418875
v -0.044540 -0.177237 -0.416949
v -0.034065 -0.154526 -0.414338
v -0.044739 -0.133880 -0.409816
v -0.034061 -0.175976 -0.417940
v -0.033369 -0.202891 -0.422322
v -0.042671 0.064642 -0.379743
v -0.041938 0.082192 -0.376760
v -0.034922 0.090287 -0.376317
v -0.043762 0.140146 -0.367662
v -0.031259 0.154610 -0.367479
v -0.030875 0.139939 -0.369294
v -0.038771 0.127486 -0.370271
v -0.046413 0.110436 -0.372373
v -0.043018 0.101621 -0.374343
v -0.042148 0.097079 -0.374977
v -0.039319 -0.099278 -0.405597
v -0.038171 -0.117233 -0.408305
v -0.043018 0.044413 -0.382583
v -0.040961 0.032053 -0.384748
v -0.026827 0.064921 -0.381414
v -0.027367 0.057366 -0.382477
v -0.034278 0.068086 -0.380147
v -0.038748 -0.213530 -0.423616
v -0.030439 -0.229753 -0.427372
v -0.038855 0.008922 -0.388439
v -0.038160 -0.004160 -0.390088
v -0.034383 0.021206 -0.387151
v -0.036539 -0.074507 -0.401392
v -0.032224 -0.103464 -0.407083
v -0.028536 -0.096352 -0.406246
v -0.027844 -0.072260 -0.401870
v -0.040859 -0.058129 -0.398538
v -0.047335 0.208480 -0.356794
v -0.041938 0.192289 -0.360025
v -0.038785 0.168635 -0.364164
v -0.041993 -0.043532 -0.396006
v -0.040621 -0.022294 -0.392554
v -0.029962 -0.129327 -0.410657
v -0.027906 -0.109940 -0.408404
v -0.027654 -0.176231 -0.418592
v -0.031144 0.081652 -0.377971
v -0.030065 0.166384 -0.365465
v -0.032310 0.177570 -0.363293
v -0.021430 0.155590 -0.368432
v -0.021430 0.140479 -0.370057
v -0.024398 0.118351 -0.372955
v -0.034383 0.114573 -0.372749
v -0.034383 0.105938 -0.374368
v -0.030065 -0.055970 -0.399166
v -0.022206 -0.030577 -0.395388
v -0.004160 -0.040859 -0.398475
v -0.015763 -0.052462 -0.399559
v -0.012794 -0.066998 -0.401920
v -0.005615 -0.024293 -0.395409
v -0.017664 -0.017377 -0.393556
v -0.026557 -0.004699 -0.391114
v -0.014954 -0.004834 -0.391863
v -0.025534 0.017331 -0.388409
v -0.016033 0.011492 -0.389696
v -0.027906 0.218195 -0.357341
v -0.005239 0.216071 -0.359016
v -0.024744 0.180830 -0.363338
v -0.019271 0.207401 -0.359392
v -0.021362 0.167488 -0.365944
v -0.043466 0.203811 -0.357902
v -0.030790 0.207852 -0.358256
v -0.027906 0.026603 -0.386823
v -0.029559 0.038010 -0.384723
v -0.023549 0.042525 -0.384459
v -0.026827 -0.215180 -0.424930
v -0.018192 -0.196140 -0.422307
v -0.019101 -0.138752 -0.412944
v -0.019256 -0.123925 -0.410621
v -0.016779 -0.172745 -0.418749
v -0.021430 -0.108860 -0.408701
v -0.020350 -0.099146 -0.407366
v -0.021430 -0.075399 -0.402925
v -0.012795 -0.090596 -0.406242
v -0.030113 0.101070 -0.375403
v -0.023049 0.082813 -0.378376
v -0.018192 0.094605 -0.376737
v -0.019271 0.064921 -0.381887
v -0.017112 -0.215720 -0.425622
v -0.012795 -0.230832 -0.428599
v -0.006318 -0.202407 -0.423726
v -0.012795 0.153431 -0.369235
v -0.015493 0.054868 -0.383494
v -0.012795 0.157749 -0.368503
v -0.017112 0.022994 -0.387978
v -0.018254 0.105177 -0.375364
v -0.017139 0.131981 -0.371362
v -0.010096 0.141930 -0.370345
v -0.016033 0.036857 -0.385623
v 0.002317 -0.040859 -0.398781
v 0.000158 -0.058448 -0.401013
v -0.000921 -0.071622 -0.403007
v 0.000158 -0.026662 -0.396026
v 0.004484 -0.012742 -0.393524
v -0.011176 -0.129369 -0.411734
v -0.008477 -0.173089 -0.419139
v -0.006318 0.013111 -0.389785
v -0.010636 0.198766 -0.361322
v -0.017112 0.177718 -0.364212
v 0.001237 0.211718 -0.360053
v -0.010636 0.168436 -0.366063
v 0.008793 0.209560 -0.360695
v -0.000382 0.227318 -0.357391
v -0.009557 -0.098067 -0.407620
v 0.000158 -0.091083 -0.406471
v -0.000921 -0.099146 -0.407827
v -0.012795 -0.105622 -0.408650
v -0.004141 -0.006348 -0.392524
v 0.004475 0.000158 -0.391491
v -0.008477 0.042254 -0.385039
v -0.012795 0.071768 -0.380826
v -0.000921 0.092446 -0.377434
v -0.008477 0.062763 -0.382560
v -0.003350 0.103206 -0.375827
v 0.000158 0.198169 -0.361786
v -0.002001 0.190099 -0.362802
v -0.002001 0.170702 -0.365727
v -0.004001 -0.118489 -0.410270
v -0.002001 -0.105622 -0.408741
v -0.000921 -0.211942 -0.425396
v -0.006786 0.021733 -0.388421
v -0.000921 -0.127210 -0.411578
v 0.002317 -0.172857 -0.419194
v 0.006634 -0.209244 -0.424841
v -0.003074 0.052471 -0.384029
v -0.000112 0.032944 -0.386436
v 0.013111 0.205242 -0.361256
v -0.000382 0.130580 -0.371738
v -0.001328 0.077540 -0.379845
v 0.008793 -0.035721 -0.397838
v 0.009603 -0.018829 -0.394414
v -0.002001 0.013111 -0.389812
v -0.000598 0.163669 -0.366857
v 0.008793 0.175019 -0.365035
v -0.002001 0.060604 -0.382885
v 0.005555 -0.232990 -0.429169
v 0.017428 0.209560 -0.360690
v 0.013111 0.213877 -0.359950
v 0.012031 0.221949 -0.358201
v 0.009872 -0.043557 -0.399104
v 0.008793 -0.060535 -0.401170
v 0.005555 0.041175 -0.385128
v 0.013653 0.195510 -0.361969
v 0.017428 0.172860 -0.365131
v 0.018238 0.034159 -0.385693
v 0.020936 0.022999 -0.387586
v 0.010952 0.049932 -0.384117
v 0.008793 0.056286 -0.383280
v 0.008253 0.072252 -0.380502
v 0.008793 0.103779 -0.375571
v 0.010952 -0.076479 -0.403487
v 0.010412 -0.094828 -0.406751
v 0.007714 -0.158483 -0.416673
v 0.011246 -0.121812 -0.410481
v 0.008793 -0.103464 -0.408150
v 0.017428 -0.103464 -0.407764
v 0.020849 0.217452 -0.358885
v -0.006318 0.155590 -0.368739
v 0.015809 -0.212482 -0.425119
v 0.017428 -0.231911 -0.428645
v 0.022825 0.154008 -0.367433
v 0.008793 0.157139 -0.367415
v 0.017867 0.070747 -0.380271
v 0.021206 0.094332 -0.376420
v 0.021206 0.114573 -0.373486
v 0.022825 0.138860 -0.369594
v 0.006634 0.148034 -0.368853
v 0.000158 0.143177 -0.369933
v 0.017428 0.056286 -0.382845
v 0.017347 0.047609 -0.384101
v 0.013111 -0.183608 -0.420567
v 0.026063 -0.210323 -0.424222
v 0.019398 -0.173326 -0.418636
v 0.014138 -0.145883 -0.414251
v 0.022797 -0.149688 -0.414285
v 0.031460 -0.129546 -0.410558
v 0.013111 0.000158 -0.391064
v 0.014460 0.012031 -0.389373
v 0.030381 0.019587 -0.387721
v 0.027143 0.170162 -0.365097
v 0.023904 0.205242 -0.360828
v 0.023904 0.196607 -0.361446
v 0.021211 0.188264 -0.362548
v 0.017428 -0.040859 -0.398298
v 0.015953 -0.035252 -0.397441
v 0.027143 -0.021980 -0.394057
v 0.034698 -0.002001 -0.389970
v 0.037980 0.005655 -0.388641
v 0.036857 0.023904 -0.386512
v 0.032577 0.131917 -0.370037
v 0.030381 0.116732 -0.372602
v 0.019047 -0.054891 -0.399895
v 0.016505 -0.069116 -0.402014
v 0.021746 -0.080796 -0.403530
v 0.026063 -0.101305 -0.406866
v 0.028936 -0.074740 -0.401856
v 0.028182 -0.095627 -0.405713
v 0.025798 0.068698 -0.380019
v 0.026063 0.055207 -0.382254
v 0.037991 0.146255 -0.367493
v 0.031475 0.034697 -0.384683
v 0.034519 0.179648 -0.363044
v 0.030381 0.196607 -0.360921
v 0.028769 -0.052723 -0.398786
v 0.034967 -0.018896 -0.392941
v 0.026512 -0.038422 -0.397104
v 0.037939 0.103256 -0.373893
v 0.035667 0.064329 -0.379701
v 0.049810 0.088668 -0.374718
v 0.041590 0.119214 -0.371202
v 0.051449 0.111959 -0.371083
v 0.049455 0.066458 -0.377809
v 0.040095 0.164225 -0.364925
v 0.026063 0.209560 -0.360033
v 0.036857 0.019587 -0.387222
v 0.031460 -0.190894 -0.420594
v 0.038081 -0.213410 -0.423779
v 0.034698 -0.171465 -0.417180
v 0.037483 -0.129820 -0.410100
v 0.036857 -0.148798 -0.412940
v 0.028170 0.223618 -0.356883
v 0.026725 0.040628 -0.384177
v 0.037937 0.194718 -0.360439
v 0.043769 -0.000967 -0.388970
v 0.039016 -0.190894 -0.419875
v 0.043334 -0.174703 -0.416809
v 0.047478 -0.188905 -0.418570
v 0.049676 -0.212313 -0.422267
v 0.034536 -0.099262 -0.405674
v 0.048388 0.173322 -0.362472
v 0.049270 0.164225 -0.363867
v 0.045889 0.151117 -0.366000
v 0.044953 0.042794 -0.381900
v 0.052147 0.032183 -0.382771
v 0.054949 0.051457 -0.379231
v 0.039016 -0.113448 -0.407310
v 0.050889 -0.127210 -0.408042
v 0.048101 -0.133247 -0.409366
v 0.046151 -0.150032 -0.412042
v 0.039828 -0.027359 -0.393807
v 0.036857 -0.038700 -0.395949
v 0.041458 0.225502 -0.354990
v 0.039581 -0.065389 -0.399275
v 0.040428 -0.081015 -0.401407
v 0.041175 -0.096987 -0.404269
v 0.053028 0.007152 -0.386675
v 0.053973 -0.015110 -0.389864
v 0.067080 0.000158 -0.385887
v 0.069611 0.009119 -0.384166
v 0.055488 -0.036213 -0.392787
v 0.046516 -0.034981 -0.394030
v 0.049085 -0.054487 -0.396345
v 0.074202 -0.087667 -0.397047
v 0.043334 0.023904 -0.385669
v 0.050805 0.145257 -0.366101
v 0.057159 0.134235 -0.366691
v 0.049389 -0.167050 -0.414661
v 0.062423 0.018710 -0.383377
v 0.049857 0.220393 -0.354703
v 0.037419 0.210150 -0.358274
v 0.055746 -0.230832 -0.424785
v 0.054962 -0.187344 -0.417256
v 0.062448 -0.209277 -0.419914
v 0.059961 -0.173489 -0.414151
v 0.056286 0.090287 -0.373599
v 0.061798 0.078256 -0.374412
v 0.064997 0.040234 -0.379320
v 0.062629 0.101504 -0.370972
v 0.069238 0.027692 -0.380533
v 0.060604 0.117811 -0.368676
v 0.059851 -0.089375 -0.399832
v 0.053614 -0.110961 -0.404683
v 0.070832 -0.105920 -0.400782
v 0.061617 -0.124144 -0.405861
v 0.062542 0.165065 -0.361800
v 0.051429 0.182035 -0.360483
v 0.064271 0.158952 -0.362405
v 0.061683 -0.138004 -0.408031
v 0.063020 -0.155244 -0.410177
v 0.055207 -0.157973 -0.412014
v 0.068813 -0.129854 -0.405618
v 0.073556 -0.125051 -0.403838
v 0.060604 0.144796 -0.364666
v 0.070858 0.132383 -0.364460
v 0.065081 -0.231751 -0.423461
v 0.071840 -0.214196 -0.419165
v 0.073510 -0.190694 -0.414633
v 0.056197 0.224587 -0.353048
v 0.073731 0.004738 -0.384145
v 0.068072 0.088030 -0.371957
v 0.071045 0.054014 -0.376064
v 0.077334 0.034698 -0.377668
v 0.066937 0.184861 -0.357335
v 0.067661 -0.047793 -0.392238
v 0.072093 -0.068647 -0.394491
v 0.070564 -0.026212 -0.388693
v 0.081981 -0.084807 -0.395086
v 0.081101 -0.107538 -0.398986
v 0.069790 -0.167125 -0.411030
v 0.080295 -0.172331 -0.409832
v 0.071398 0.209560 -0.352299
v 0.070250 0.234295 -0.349129
v 0.075804 0.176871 -0.357021
v 0.077727 0.168344 -0.358167
v 0.071398 0.162066 -0.360547
v 0.075715 0.010952 -0.382683
v 0.074636 -0.017382 -0.386590
v 0.088635 -0.054914 -0.389003
v 0.090251 -0.084091 -0.393096
v 0.080872 -0.032705 -0.387414
v 0.076354 -0.139953 -0.405606
v 0.074636 -0.155274 -0.407929
v 0.080033 0.097303 -0.368291
v 0.083227 0.100608 -0.367070
v 0.071526 0.113835 -0.367097
v 0.079086 0.108223 -0.366330
v 0.091283 0.111851 -0.362618
v -0.406734 -0.230199 -0.103878
v 0.083844 -0.225420 -0.418631
v 0.082495 -0.193633 -0.413165
v 0.084974 -0.178475 -0.409867
v 0.082814 0.133351 -0.361738
v 0.079884 -0.125786 -0.402571
v 0.079737 0.086198 -0.369667
v 0.089426 -0.161092 -0.405468
v 0.083981 0.059907 -0.372285
v 0.089732 0.038482 -0.374071
v 0.091906 0.069239 -0.369066
v 0.088231 0.085388 -0.367692
v 0.078453 0.214939 -0.349804
v 0.084203 0.178696 -0.354809
v 0.088668 -0.150957 -0.404149
v 0.082054 0.161855 -0.358170
v 0.079001 0.207476 -0.350835
v 0.090196 0.120865 -0.361545
v 0.090827 0.159908 -0.356198
v 0.077857 -0.008477 -0.384643
v 0.095558 0.101894 -0.363492
v 0.104144 0.111497 -0.359085
v 0.225620 0.120340 0.293300
v 0.211614 0.112033 0.306624
v 0.228355 0.110256 0.293221
v 0.218255 0.105938 0.302427
v 0.232514 0.123208 0.286975
v 0.212675 0.107546 0.306597
v 0.227148 0.134002 0.289683
v 0.233069 0.132790 0.284910
v 0.219996 0.127526 0.296458
v 0.220722 0.137510 0.294035
v 0.219411 0.116936 0.298956
v 0.246206 0.116465 0.276434
v 0.248042 0.131844 0.271824
v 0.231481 0.106434 0.291109
v 0.251615 0.103779 0.273742
v 0.234688 0.099462 0.289219
v 0.222751 0.095469 0.300059
v 0.228650 0.092985 0.295622
v 0.242306 0.094252 0.283641
v 0.251914 0.090891 0.275712
v 0.219268 0.087380 0.304461
v 0.243814 0.137278 0.274469
v 0.254178 0.136244 0.265307
v 0.254499 0.123208 0.267476
v 0.260312 0.137784 0.259222
v 0.264178 0.131844 0.256621
v 0.257946 0.104859 0.267668
v 0.257418 0.088403 0.270919
v 0.232962 0.147670 0.281436
v 0.249948 0.147495 0.266146
v 0.229832 0.150589 0.283538
v 0.243908 0.151273 0.270918
v 0.235977 0.169541 0.274784
v 0.229545 0.164875 0.281269
v 0.236684 0.187322 0.270620
v 0.229483 0.187516 0.276900
v 0.245750 0.183654 0.263053
v 0.222158 0.166690 0.286995
v 0.219392 0.149114 0.292356
v 0.219831 0.187972 0.284703
v 0.232792 0.203083 0.270514
v 0.229714 0.205242 0.272794
v 0.222737 0.205251 0.278646
v 0.248139 0.200345 0.256783
v 0.246641 0.207941 0.256632
v 0.238109 0.077874 0.290942
v 0.228982 0.082164 0.298064
v 0.232560 0.075715 0.296205
v 0.251130 0.066358 0.281294
v 0.257769 0.071340 0.273955
v 0.239511 0.065502 0.291755
v 0.224666 0.077845 0.302383
v 0.258619 0.058445 0.275907
v 0.230941 0.218148 0.269836
v 0.237615 0.220301 0.263521
v 0.216263 0.219246 0.281629
v 0.229233 0.065461 0.300432
v 0.230954 0.057665 0.300466
v 0.237998 0.049810 0.296230
v 0.232985 0.041175 0.302123
v 0.239567 0.045373 0.295721
v 0.227313 0.043334 0.306247
v 0.232627 0.023904 0.304927
v 0.242596 0.030381 0.295547
v 0.249388 0.035330 0.288735
v 0.238584 0.012438 0.302284
v 0.207284 0.170243 0.297983
v 0.212877 0.156939 0.295968
v 0.233651 -0.025045 0.313572
v 0.244031 -0.020647 0.304321
v 0.237485 -0.047924 0.315228
v 0.249387 0.004542 0.294737
v 0.248518 -0.061776 0.308667
v 0.244836 -0.077558 0.315051
v 0.249893 -0.075399 0.310434
v 0.240348 -0.063218 0.315797
v 0.250757 -0.039682 0.302543
v 0.258009 -0.071082 0.302186
v 0.257178 -0.046256 0.298167
v 0.254774 -0.008262 0.292570
v 0.258793 0.019317 0.283362
v 0.254134 0.044670 0.282707
v 0.268307 -0.066764 0.292018
v 0.260174 -0.037579 0.293637
v 0.267513 -0.049064 0.289110
v 0.278591 -0.069200 0.282912
v 0.266927 -0.020448 0.283610
v 0.268272 0.004642 0.276981
v 0.278576 -0.040125 0.276414
v 0.277771 -0.057050 0.280866
v 0.285123 -0.068894 0.276488
v 0.250401 -0.092265 0.312826
v 0.238748 -0.094650 0.322933
v 0.258636 -0.084035 0.304012
v 0.278557 -0.081876 0.285023
v 0.262485 -0.092137 0.302106
v 0.274091 -0.087273 0.290299
v 0.271553 -0.108482 0.297488
v 0.266820 -0.108608 0.301888
v 0.258701 -0.116054 0.310572
v 0.246665 -0.111833 0.319997
v 0.261697 -0.143232 0.313087
v 0.240617 -0.117275 0.325942
v 0.235671 -0.109940 0.328441
v 0.274387 -0.154196 0.304068
v 0.276481 -0.133688 0.298069
v 0.265722 -0.154212 0.311892
v 0.268515 -0.163909 0.311631
v 0.248340 -0.137502 0.323280
v 0.257753 -0.161840 0.320438
v 0.279039 -0.163909 0.301702
v 0.280715 -0.153977 0.297992
v 0.280838 -0.133507 0.293791
v 0.278320 -0.120734 0.293421
v 0.280498 -0.090660 0.284821
v 0.260531 0.042031 0.277113
v 0.270174 0.031156 0.270170
v 0.265151 0.017752 0.277557
v 0.234248 -0.060035 0.320092
v 0.241418 -0.154316 0.332208
v 0.240154 -0.140882 0.330456
v 0.229181 -0.043794 0.320893
v 0.252497 0.182304 0.256816
v 0.254596 0.154776 0.260000
v 0.256695 0.187972 0.251301
v 0.255609 -0.177211 0.325841
v 0.263020 -0.174703 0.319232
v 0.243771 -0.198232 0.339558
v 0.272317 -0.175311 0.311163
v 0.271050 -0.183338 0.314367
v 0.270044 -0.203405 0.319684
v 0.276792 -0.220608 0.317659
v 0.275986 -0.204926 0.314888
v 0.277627 -0.188044 0.309471
v 0.272042 -0.229135 0.323871
v 0.255709 -0.202257 0.330925
v 0.252683 -0.226698 0.339045
v 0.285689 -0.211191 0.307150
v 0.284304 -0.185894 0.302627
v 0.292946 -0.228590 0.304278
v 0.241785 -0.177447 0.336809
v 0.239738 -0.211435 0.345529
v 0.206955 0.218195 0.289110
v 0.210750 0.205242 0.288048
v 0.223212 0.054948 0.306969
v 0.227623 0.032853 0.307568
v 0.222665 0.021700 0.312922
v 0.225623 -0.024080 0.319558
v 0.224184 -0.001820 0.316300
v 0.214910 0.010029 0.320877
v 0.207572 0.000757 0.328421
v 0.220464 -0.027493 0.324055
v 0.217686 -0.014139 0.323592
v 0.232233 -0.114257 0.331843
v 0.232942 -0.135306 0.334746
v 0.236049 -0.159623 0.337355
v 0.237620 -0.224369 0.349877
v 0.231207 -0.190145 0.347119
v 0.231009 -0.160607 0.341159
v 0.227192 -0.129408 0.337650
v 0.206122 0.181632 0.296450
v 0.201057 0.170702 0.302486
v 0.229685 -0.063024 0.324085
v 0.219702 0.065020 0.307680
v 0.206175 0.089747 0.313876
v 0.216962 0.097303 0.304436
v 0.206891 0.101868 0.311290
v 0.216203 0.079931 0.308183
v 0.221088 -0.048734 0.327689
v 0.208870 -0.016579 0.330362
v 0.202933 -0.003126 0.332506
v 0.207985 0.149431 0.300806
v 0.218664 0.037822 0.313528
v 0.230920 -0.102207 0.330288
v 0.227893 -0.092399 0.330391
v 0.217191 0.045462 0.313235
v 0.207120 0.067080 0.316250
v 0.198434 0.166384 0.305082
v 0.203007 0.160539 0.302539
v 0.211661 0.125400 0.302890
v 0.205717 0.137006 0.304880
v 0.203114 0.125367 0.308882
v 0.209982 0.120536 0.305243
v 0.209951 0.021535 0.322158
v 0.205929 0.013510 0.326608
v 0.200621 0.005057 0.332397
v 0.202677 0.084350 0.317236
v 0.198804 0.086681 0.319684
v 0.209984 0.073170 0.313397
v 0.200348 0.073556 0.319995
v 0.200078 0.063340 0.321661
v 0.216564 -0.068923 0.334401
v 0.217022 -0.084749 0.336535
v 0.216715 -0.099070 0.339337
v 0.205517 -0.092670 0.345739
v 0.204130 -0.080911 0.344575
v 0.219872 -0.109122 0.339186
v 0.220388 -0.125222 0.341585
v 0.196992 0.092129 0.319897
v 0.205527 0.207865 0.291514
v 0.198349 0.200925 0.297780
v 0.200452 0.212798 0.294506
v 0.194412 0.215900 0.298046
v 0.208367 0.044409 0.319579
v 0.208186 0.032540 0.321623
v 0.194864 0.169615 0.306966
v 0.228948 -0.237452 0.358490
v 0.227364 -0.209685 0.353846
v 0.225119 -0.166523 0.346348
v 0.215705 -0.138102 0.347061
v 0.214461 -0.167692 0.353529
v 0.207267 -0.152529 0.355172
v 0.212777 -0.123702 0.346562
v 0.202016 0.103779 0.314271
v 0.205630 0.112414 0.310579
v 0.241807 0.221969 0.259080
v 0.215541 -0.053633 0.332301
v 0.211893 -0.039120 0.332124
v 0.197373 -0.088952 0.350346
v 0.208542 -0.065711 0.339119
v 0.202408 -0.019067 0.334894
v 0.196676 -0.006318 0.336952
v 0.187605 0.199251 0.305235
v 0.190726 0.180960 0.306619
v 0.196744 0.020070 0.331204
v 0.200364 0.147197 0.306363
v 0.185723 0.129388 0.319600
v 0.194868 0.136144 0.312234
v 0.177188 0.152180 0.320270
v 0.191968 0.114527 0.318468
v 0.196386 0.155576 0.307509
v 0.182530 0.157749 0.315924
v 0.190367 0.166384 0.310159
v 0.219443 -0.195426 0.356131
v 0.220521 -0.232465 0.362940
v 0.207271 -0.190217 0.362755
v 0.207204 -0.233627 0.371352
v 0.210491 -0.178975 0.358418
v 0.200297 -0.159385 0.360595
v 0.201513 -0.173665 0.362753
v 0.194497 0.002489 0.336956
v 0.208360 -0.104759 0.345697
v 0.200439 0.035241 0.326167
v 0.198829 0.054366 0.324015
v 0.191032 0.071823 0.326222
v 0.207162 -0.121466 0.349741
v 0.199573 -0.138149 0.357289
v 0.182422 0.118240 0.323877
v 0.177214 0.134107 0.323997
v 0.171963 0.150057 0.323777
v 0.172987 0.168935 0.319732
v 0.182911 0.098558 0.326859
v 0.193989 0.105938 0.318817
v 0.192864 0.088668 0.323067
v 0.192529 -0.094828 0.354143
v 0.201967 -0.109374 0.350277
v 0.179130 0.197686 0.310770
v 0.176135 0.217254 0.308898
v 0.184511 0.178056 0.311161
v 0.174109 0.188411 0.315440
v 0.202244 -0.051776 0.340162
v 0.196771 -0.071451 0.347378
v 0.190114 -0.086245 0.354189
v 0.200562 -0.038501 0.339039
v 0.176345 0.116732 0.327822
v 0.172612 0.126383 0.328162
v 0.186420 0.021109 0.337281
v 0.183164 0.032631 0.336769
v 0.187212 0.041175 0.332893
v 0.188996 0.050900 0.330458
v 0.182226 0.062763 0.333044
v 0.183031 0.073837 0.330665
v 0.192863 -0.021430 0.340944
v 0.187067 -0.045694 0.348179
v 0.186426 -0.065436 0.352072
v 0.200767 -0.219438 0.372314
v 0.198533 -0.186159 0.367021
v 0.190715 -0.231881 0.380423
v 0.183842 -0.194539 0.376749
v 0.189053 -0.176777 0.370391
v 0.183957 -0.157969 0.369465
v 0.193463 -0.146639 0.362292
v 0.180883 -0.033442 0.349552
v 0.184109 -0.018531 0.345427
v 0.176298 0.062763 0.336450
v 0.179471 0.019900 0.341550
v 0.166021 0.037642 0.345364
v 0.170607 0.048730 0.341035
v 0.172654 0.058349 0.338963
v 0.201786 -0.125051 0.353500
v 0.188857 -0.004160 0.341136
v 0.166824 0.196442 0.318004
v 0.164186 0.172746 0.323954
v 0.164256 0.215580 0.315886
v 0.172077 0.103779 0.332205
v 0.176250 0.086588 0.332458
v 0.170884 0.077971 0.336568
v 0.187301 0.002918 0.340882
v 0.198495 -0.116018 0.353428
v 0.180166 -0.112685 0.363052
v 0.185852 -0.094828 0.357874
v 0.182037 -0.129150 0.364761
v 0.183007 -0.087002 0.358178
v 0.173585 -0.067558 0.359435
v 0.174177 -0.029016 0.352386
v 0.175127 -0.008024 0.348677
v 0.186804 -0.141227 0.364842
v 0.164534 0.148251 0.328102
v 0.156248 0.204216 0.322168
v 0.151282 0.180553 0.329229
v 0.150351 0.168543 0.331905
v 0.153784 0.228989 0.319286
v 0.182335 -0.231637 0.384856
v 0.176787 -0.236479 0.388545
v 0.174239 -0.142123 0.371452
v 0.168319 -0.134837 0.373024
v 0.173652 -0.162350 0.375656
v 0.179681 -0.201565 0.380277
v 0.172862 -0.191866 0.381760
v 0.170925 -0.222915 0.388859
v 0.168812 -0.173579 0.380231
v 0.156980 0.041774 0.349472
v 0.161167 0.028965 0.349412
v 0.164005 0.060726 0.343183
v 0.168710 0.004977 0.349963
v 0.163342 -0.015231 0.355651
v 0.165906 0.122145 0.332374
v 0.165990 -0.041711 0.358824
v 0.163701 -0.081186 0.366899
v 0.172357 -0.091590 0.364282
v 0.158892 -0.050775 0.363904
v 0.155561 -0.031823 0.362126
v 0.150320 0.006303 0.358424
v 0.162572 0.069546 0.342306
v 0.151168 0.060294 0.349829
v 0.164519 0.098390 0.336712
v 0.159877 0.112320 0.336913
v 0.151375 0.087482 0.344572
v 0.164965 -0.115304 0.371303
v 0.174068 -0.107205 0.365517
v 0.147923 0.049810 0.352951
v 0.148093 0.032279 0.355241
v 0.151176 0.148840 0.334643
v 0.144199 0.205056 0.328077
v 0.159957 0.004617 0.354222
v 0.145903 0.071922 0.349984
v 0.159793 -0.132732 0.376800
v 0.162647 -0.158274 0.380070
v 0.142668 0.181123 0.333286
v 0.135181 0.170702 0.339026
v 0.143542 0.153784 0.337431
v 0.155234 0.126277 0.336760
v 0.131960 0.237259 0.328583
v 0.134663 0.204158 0.332654
v 0.142369 0.059886 0.354080
v 0.142399 0.054487 0.354866
v 0.159636 -0.097077 0.371148
v 0.147305 -0.085397 0.375318
v 0.150401 -0.115013 0.378061
v 0.153998 -0.103927 0.374545
v 0.150505 -0.124632 0.379760
v 0.140126 0.089176 0.349510
v 0.147414 0.116454 0.341947
v 0.144626 0.132383 0.340590
v 0.145363 0.020796 0.358307
v 0.138587 0.040086 0.358326
v 0.142483 -0.079717 0.376517
v 0.156706 -0.067975 0.367798
v 0.161116 -0.228113 0.394329
v 0.164265 -0.190592 0.385510
v 0.147924 -0.026830 0.364764
v 0.145338 -0.004589 0.362349
v 0.134843 -0.002001 0.366426
v 0.137518 -0.018369 0.367765
v 0.142265 -0.047335 0.370695
v 0.142490 -0.069010 0.374132
v 0.146753 -0.142137 0.384139
v 0.133584 0.181364 0.337357
v 0.129778 0.173035 0.341289
v 0.133714 0.164225 0.340463
v 0.156758 -0.184958 0.387728
v 0.147754 -0.164989 0.387740
v 0.146060 -0.193729 0.393847
v 0.138323 -0.138110 0.387019
v 0.133680 0.075726 0.354633
v 0.137010 -0.084035 0.379612
v 0.149885 -0.094828 0.375191
v 0.140955 -0.104506 0.380255
v 0.129567 0.142322 0.345513
v 0.129881 0.159967 0.342528
v 0.133916 0.103562 0.349844
v 0.134077 0.113432 0.348095
v 0.125961 0.120959 0.350124
v 0.120450 0.170702 0.345369
v 0.123061 0.159908 0.345324
v 0.116694 0.146866 0.349866
v 0.138275 -0.120849 0.384403
v 0.132582 -0.105622 0.383873
v 0.129441 -0.099174 0.384043
v 0.121896 0.239840 0.332545
v 0.126252 0.201256 0.336722
v 0.123357 0.189354 0.339955
v 0.134209 0.052607 0.358600
v 0.138018 -0.190866 0.396495
v 0.128527 -0.182405 0.398535
v 0.142551 -0.226666 0.401663
v 0.133254 -0.159905 0.392727
v 0.130129 -0.138550 0.390284
v 0.122784 -0.156655 0.395944
v 0.126859 -0.119945 0.388508
v 0.119411 -0.104811 0.388499
v 0.125376 0.183654 0.340362
v 0.117059 0.175513 0.345662
v 0.123208 0.175019 0.343573
v 0.135323 0.020630 0.362527
v 0.129633 0.001045 0.368026
v 0.129590 0.064728 0.358480
v 0.120946 0.086295 0.357693
v 0.121001 0.107989 0.354180
v 0.134314 -0.081363 0.380212
v 0.136117 -0.094693 0.380865
v 0.124312 -0.090315 0.384703
v 0.133703 -0.035797 0.372165
v 0.139666 -0.064945 0.374568
v 0.128614 -0.062296 0.378373
v 0.121075 -0.055913 0.380112
v 0.118883 -0.028775 0.376413
v 0.126718 -0.014138 0.371323
v 0.120984 0.000005 0.371446
v 0.131138 -0.073086 0.379442
v 0.116668 0.204180 0.339942
v 0.112627 0.233816 0.337005
v 0.126458 0.038489 0.363270
v 0.121283 0.049810 0.363843
v 0.121509 0.057703 0.362632
v 0.120865 0.015397 0.368773
v 0.108175 0.138502 0.354226
v 0.114477 0.127350 0.353479
v 0.110759 0.189607 0.344540
v 0.260909 0.151670 0.254430
v 0.256777 0.164969 0.255710
v 0.261038 0.181836 0.248053
v 0.282842 -0.172280 0.300106
v 0.291917 -0.187048 0.295152
v 0.290659 -0.174165 0.292812
v 0.297377 -0.183338 0.288700
v 0.290067 -0.161751 0.290083
v 0.291894 -0.144480 0.284894
v 0.270086 0.043334 0.267401
v 0.267239 0.058445 0.267216
v 0.264661 0.072991 0.266547
v 0.261638 0.090735 0.266213
v 0.295876 -0.196831 0.293175
v 0.284985 -0.081336 0.278499
v 0.268556 0.101621 0.257757
v 0.263817 0.118914 0.258953
v 0.270817 0.108097 0.254066
v 0.276089 0.101621 0.250161
v 0.285400 -0.053812 0.272453
v 0.274733 0.028222 0.266116
v 0.272392 0.017428 0.270249
v 0.265795 0.140846 0.252848
v 0.280897 -0.000921 0.265228
v 0.284609 0.017428 0.257137
v 0.280455 -0.025697 0.271288
v 0.290396 -0.064605 0.269879
v 0.255023 0.203199 0.249102
v 0.246119 0.221398 0.254744
v 0.298894 -0.221785 0.296468
v 0.267471 0.136161 0.252312
v 0.291699 -0.135476 0.283070
v 0.288452 -0.100061 0.278479
v 0.293653 -0.085020 0.270073
v 0.289360 -0.069425 0.272082
v 0.278484 0.032610 0.261199
v 0.278856 0.044413 0.257838
v 0.273871 0.055207 0.260881
v 0.298291 -0.156354 0.280503
v 0.302052 -0.168227 0.278912
v 0.278179 0.105938 0.246808
v 0.103635 0.119194 0.358450
v 0.300609 -0.145560 0.275821
v 0.296123 -0.120681 0.274562
v 0.300223 -0.137451 0.274315
v 0.296616 -0.108688 0.271243
v 0.301916 -0.118575 0.267272
v 0.293895 -0.048467 0.262081
v 0.273705 0.077874 0.255624
v 0.307850 -0.223552 0.287347
v 0.289428 0.004441 0.254886
v 0.292322 -0.013769 0.255653
v 0.274005 0.087652 0.253480
v 0.265244 0.166384 0.246299
v 0.266923 0.158109 0.246263
v 0.269779 0.152019 0.244806
v 0.275559 0.147074 0.239817
v 0.271618 0.139913 0.246789
v 0.296256 -0.070077 0.264384
v 0.297760 -0.095383 0.267503
v 0.274235 0.094098 0.252641
v 0.276747 0.116650 0.244957
v 0.270035 0.117799 0.252297
v 0.271917 0.131844 0.248143
v 0.263598 0.229400 0.233382
v 0.258546 0.217113 0.241803
v 0.266728 0.185813 0.240832
v 0.259814 0.202022 0.244091
v 0.276059 0.192289 0.228471
v 0.310911 -0.177306 0.272037
v 0.305862 -0.164093 0.273611
v 0.305975 -0.153115 0.271306
v 0.289380 0.018432 0.251615
v 0.307779 -0.190594 0.278696
v 0.310565 -0.182550 0.273808
v 0.310406 -0.199949 0.277947
v 0.313786 -0.220577 0.279866
v 0.282448 0.073556 0.246746
v 0.287106 0.071398 0.241728
v 0.289201 0.061391 0.241652
v 0.284895 0.046557 0.250303
v 0.285560 0.031680 0.253284
v 0.298047 -0.056083 0.259185
v 0.280204 0.101621 0.245549
v 0.278844 0.123208 0.241106
v 0.284272 0.115781 0.236535
v 0.272004 0.209560 0.227826
v 0.302397 -0.079649 0.259222
v 0.297936 -0.024086 0.251510
v 0.295706 0.002268 0.248174
v 0.276543 0.135499 0.242016
v 0.285886 0.124270 0.232391
v 0.318483 -0.200093 0.268383
v 0.285281 0.087589 0.240520
v 0.276709 0.159908 0.234468
v 0.307516 -0.140304 0.266442
v 0.114958 -0.069162 0.384291
v 0.272494 0.186830 0.233863
v 0.276381 0.188992 0.228860
v 0.311145 -0.163612 0.267348
v 0.268578 0.202870 0.233625
v 0.276983 0.200757 0.224329
v 0.280319 0.195458 0.221820
v 0.315415 -0.150561 0.259304
v 0.326268 -0.162341 0.248590
v 0.276755 0.168593 0.232144
v 0.272782 0.177178 0.235180
v 0.283849 0.142353 0.230886
v 0.280375 0.095144 0.245749
v 0.282634 0.105938 0.241532
v 0.302631 -0.099838 0.262531
v 0.306742 -0.115052 0.260341
v 0.328484 -0.225325 0.263769
v 0.328340 -0.193966 0.254696
v 0.278894 0.140479 0.237918
v 0.289338 0.124748 0.227777
v 0.295095 0.021346 0.243973
v 0.291087 0.042522 0.243427
v 0.315175 -0.180206 0.267635
v 0.302143 -0.007528 0.242637
v 0.282994 0.183654 0.220418
v 0.286132 0.191514 0.214269
v 0.318220 -0.169591 0.260466
v 0.319023 -0.176862 0.261650
v 0.320038 -0.187133 0.263068
v 0.304913 -0.059035 0.251443
v 0.319429 -0.134780 0.250289
v 0.320794 -0.113244 0.242602
v 0.309108 -0.110939 0.256367
v 0.320971 -0.148798 0.251952
v 0.314107 -0.105659 0.249201
v 0.321529 -0.100765 0.239027
v 0.306604 -0.083475 0.254765
v 0.288544 0.108097 0.233459
v 0.315229 -0.054335 0.237472
v 0.308916 -0.037887 0.240938
v 0.310870 -0.064605 0.245009
v 0.308950 -0.069471 0.248534
v 0.296888 0.064929 0.231007
v 0.290467 0.093141 0.233233
v 0.305905 -0.002001 0.236575
v 0.306558 0.008093 0.233108
v 0.280641 0.206321 0.218014
v 0.279131 0.225211 0.215157
v 0.291596 0.051429 0.240714
v 0.299614 0.062763 0.227804
v 0.332991 -0.208108 0.252976
v 0.338982 -0.233493 0.252599
v 0.336680 -0.214859 0.250247
v 0.335165 -0.188677 0.244201
v 0.328311 -0.146544 0.241966
v 0.328223 -0.129717 0.237530
v 0.328661 -0.118788 0.233811
v 0.327803 -0.090511 0.228288
v 0.300120 0.088560 0.221821
v 0.291552 0.101172 0.230867
v 0.293803 0.105938 0.226903
v 0.293661 0.116262 0.224546
v 0.299470 0.039111 0.232947
v 0.315480 -0.036363 0.231890
v 0.313200 -0.018629 0.230633
v 0.311050 0.000309 0.229027
v 0.334609 -0.169357 0.239291
v 0.288039 0.154162 0.222004
v 0.293072 0.170702 0.210796
v 0.293689 0.183267 0.206235
v 0.305909 0.062763 0.219246
v 0.306763 0.082731 0.213968
v 0.305799 0.043923 0.222836
v 0.341696 -0.226514 0.246895
v 0.319271 -0.058129 0.232704
v 0.317306 -0.067824 0.236824
v 0.319104 -0.077558 0.236717
v 0.328007 -0.080832 0.225347
v 0.323262 -0.072019 0.229285
v 0.295935 0.162002 0.209113
v 0.289415 0.144796 0.222496
v 0.294962 0.153433 0.212509
v 0.294228 0.133343 0.218313
v 0.308690 0.031936 0.222257
v 0.305586 0.094769 0.212835
v 0.297691 0.112830 0.219795
v 0.310935 0.085943 0.207268
v 0.341487 -0.184877 0.233924
v 0.345341 -0.212440 0.237296
v 0.332855 -0.139264 0.233658
v 0.332283 -0.114257 0.227421
v 0.336571 -0.155833 0.232760
v 0.297621 0.177599 0.202422
v 0.282794 0.227433 0.209534
v 0.287832 0.204621 0.208375
v 0.346548 -0.234067 0.242074
v 0.313267 0.010864 0.222639
v 0.317068 0.039016 0.207824
v 0.296048 0.193797 0.199484
v 0.302409 0.165514 0.198791
v 0.301732 0.172860 0.197712
v 0.311810 0.047651 0.213462
v 0.312695 0.066001 0.208819
v 0.323772 -0.003352 0.211399
v 0.319739 -0.011303 0.219397
v 0.320240 -0.037228 0.225249
v 0.293923 0.247338 0.188223
v 0.298796 0.203782 0.192473
v 0.323553 -0.029701 0.218169
v 0.324620 -0.017112 0.213173
v 0.328227 -0.034308 0.211826
v 0.327548 -0.006318 0.206138
v 0.302107 0.155590 0.201579
v 0.332324 -0.084035 0.219893
v 0.326131 -0.065798 0.223281
v 0.318400 0.049783 0.203172
v 0.305469 0.138160 0.199940
v 0.305421 0.129516 0.202382
v 0.313351 0.142683 0.186488
v 0.306537 0.157945 0.194160
v 0.304437 0.113585 0.209388
v 0.330939 -0.068923 0.216799
v 0.314642 0.084350 0.201978
v 0.310460 0.113062 0.200016
v 0.315901 0.127950 0.186230
v 0.317056 0.078147 0.199676
v 0.349982 -0.212460 0.230226
v 0.347511 -0.187539 0.225403
v 0.303106 0.199337 0.186949
v 0.322572 0.007322 0.209660
v 0.321178 0.022783 0.206615
v 0.321433 0.040360 0.200751
v 0.336476 -0.136097 0.227192
v 0.337357 -0.112220 0.218911
v 0.347362 -0.169762 0.219766
v 0.329815 -0.049056 0.213789
v 0.336611 -0.046668 0.202558
v 0.336792 -0.052425 0.203961
v 0.336765 -0.064739 0.206371
v 0.336819 -0.080835 0.211534
v 0.328274 0.025952 0.194417
v 0.328124 0.041267 0.189779
v 0.319563 0.083813 0.194290
v 0.323513 0.077874 0.189338
v 0.333408 0.009277 0.190838
v 0.317949 0.097566 0.192360
v 0.319819 0.134350 0.177528
v 0.306673 0.164225 0.192228
v 0.313118 0.155176 0.183538
v 0.340777 -0.053812 0.197913
v 0.340380 -0.049494 0.197191
v 0.327597 0.053065 0.187403
v 0.325457 0.058592 0.189813
v 0.356326 -0.220194 0.222459
v 0.354096 -0.203242 0.220176
v 0.349629 -0.154544 0.211293
v 0.346213 -0.132086 0.209997
v 0.343301 -0.108860 0.208123
v 0.345007 -0.081876 0.197750
v 0.350259 -0.115603 0.198116
v 0.345850 -0.096653 0.200349
v 0.356328 -0.127960 0.191247
v 0.358369 -0.147490 0.194176
v 0.358250 -0.162244 0.198843
v 0.359698 -0.187915 0.204453
v 0.341353 -0.077133 0.202717
v 0.336199 -0.029872 0.197068
v 0.328932 0.009898 0.198235
v 0.332210 -0.006318 0.198006
v 0.342844 -0.063858 0.196029
v 0.336873 0.021393 0.181394
v 0.306507 0.186051 0.185470
v 0.306538 0.209746 0.178082
v 0.306431 0.230892 0.172359
v 0.310504 0.179337 0.180516
v 0.332835 -0.020346 0.199777
v 0.324003 0.086634 0.185861
v 0.362917 -0.211001 0.207552
v 0.365118 -0.227840 0.209774
v 0.367122 -0.208370 0.198706
v 0.366504 -0.191974 0.193175
v 0.356738 -0.187910 0.209759
v 0.362176 -0.182470 0.198016
v 0.336719 0.002105 0.187128
v 0.334682 0.041813 0.178063
v 0.332378 0.052921 0.178913
v 0.323583 0.100411 0.181373
v 0.341411 -0.022107 0.185182
v 0.341385 -0.036969 0.190306
v 0.335022 -0.012808 0.194016
v 0.332170 0.064921 0.176317
v 0.328645 0.077753 0.180161
v 0.331186 0.084350 0.173354
v 0.328701 0.100427 0.171884
v 0.362319 -0.161313 0.191144
v 0.357914 -0.114216 0.183121
v 0.362774 -0.146992 0.185692
v 0.319834 0.152317 0.172116
v 0.311070 0.196103 0.173600
v 0.341381 -0.010330 0.181583
v 0.345926 -0.009803 0.172486
v 0.340778 0.005720 0.178143
v 0.341120 0.022739 0.172591
v 0.345601 0.009138 0.167686
v 0.340991 0.035424 0.168002
v 0.337979 0.047597 0.169903
v 0.323087 0.130441 0.172682
v 0.324980 0.138498 0.166386
v 0.331895 0.099932 0.165823
v 0.323239 0.156092 0.164361
v 0.315258 0.161913 0.177120
v 0.310392 0.222512 0.167272
v 0.349214 -0.064605 0.184452
v 0.353895 -0.102994 0.187375
v 0.349615 -0.086218 0.190416
v 0.345360 -0.055397 0.189708
v 0.335988 0.063545 0.169177
v 0.332563 0.077463 0.172763
v 0.320188 0.168543 0.165015
v 0.324708 0.161747 0.159290
v 0.315036 0.177737 0.172237
v 0.320991 0.178263 0.159866
v 0.345870 -0.035743 0.181120
v 0.369538 -0.189275 0.185983
v 0.353527 -0.080799 0.180925
v 0.351311 -0.057674 0.178004
v 0.357427 -0.068923 0.169214
v 0.358394 -0.087560 0.172973
v 0.362258 -0.112857 0.173509
v 0.375724 -0.228993 0.190002
v 0.377455 -0.223236 0.183847
v 0.375187 -0.191071 0.174809
v 0.369274 -0.171067 0.180353
v 0.324743 0.175019 0.152921
v 0.328227 0.163872 0.151126
v 0.327809 0.157749 0.154472
v 0.327596 0.143584 0.159304
v 0.332196 0.120774 0.157837
v 0.343450 0.038596 0.161462
v 0.344487 0.051969 0.155192
v 0.339378 0.065286 0.161532
v 0.344783 0.017369 0.166584
v 0.323684 0.185147 0.152775
v 0.322241 0.188684 0.154507
v 0.315798 0.192289 0.165149
v 0.316262 0.198874 0.161878
v 0.319692 0.196646 0.155606
v 0.313368 0.233306 0.157749
v 0.324814 0.198306 0.144897
v 0.321789 0.210176 0.146758
v 0.327805 0.192289 0.141474
v 0.328057 0.204002 0.135603
v 0.327566 0.187972 0.143511
v 0.367023 -0.147401 0.176890
v 0.349913 0.004693 0.159980
v 0.349603 -0.010234 0.164964
v 0.352398 -0.029270 0.165085
v 0.355919 -0.055403 0.167345
v 0.362486 -0.071082 0.159116
v 0.362735 -0.062924 0.155345
v 0.356551 -0.044406 0.161275
v 0.362396 -0.089342 0.164894
v 0.335684 0.085185 0.163616
v 0.338841 0.099812 0.150823
v 0.335907 0.080033 0.164904
v 0.336736 0.124171 0.146491
v 0.331149 0.145369 0.150679
v 0.340299 0.086647 0.152477
v 0.340490 0.075603 0.155705
v 0.325104 0.221823 0.134985
v 0.365735 -0.118849 0.167957
v 0.344567 0.060612 0.151784
v 0.349949 0.052338 0.142806
v 0.332775 0.176922 0.134458
v 0.332060 0.164422 0.142377
v 0.328609 0.179337 0.142855
v 0.373873 -0.169830 0.169708
v 0.382112 -0.196839 0.161197
v 0.384246 -0.226624 0.170024
v 0.380249 -0.207331 0.170306
v 0.371266 -0.150170 0.168050
v 0.336815 0.158944 0.133729
v 0.333235 0.185813 0.129916
v 0.331029 0.192469 0.133254
v 0.350690 0.044413 0.143367
v 0.349122 0.035863 0.149366
v 0.349421 0.021958 0.154051
v 0.353100 0.006634 0.151807
v 0.355212 -0.010112 0.152249
v 0.357687 -0.032906 0.154121
v 0.362502 -0.043618 0.146560
v 0.367245 -0.068404 0.147191
v 0.336874 0.149114 0.136053
v 0.336765 0.143555 0.138317
v 0.337259 0.165099 0.129892
v 0.336645 0.177000 0.125123
v 0.366982 -0.089729 0.154305
v 0.370494 -0.113980 0.154211
v 0.357452 0.000158 0.143414
v 0.358710 -0.011142 0.144150
v 0.361914 -0.019271 0.138925
v 0.363562 -0.035896 0.140661
v 0.364400 -0.053663 0.146220
v 0.328686 0.223266 0.125678
v 0.382211 -0.182644 0.154938
v 0.348443 0.066183 0.139659
v 0.371280 -0.121667 0.155434
v 0.377103 -0.127808 0.142718
v 0.377544 -0.147414 0.151219
v 0.345310 0.073917 0.144536
v 0.348874 0.077874 0.133567
v 0.343642 0.088128 0.143717
v 0.344453 0.116094 0.130546
v 0.340957 0.140479 0.128875
v 0.340184 0.146816 0.128519
v 0.388550 -0.224042 0.158161
v 0.340578 0.155590 0.125252
v 0.353747 0.022974 0.142844
v 0.355988 0.034698 0.132556
v 0.354052 0.048561 0.133563
v 0.358856 0.037879 0.124418
v 0.353277 0.059395 0.129917
v 0.375390 -0.158480 0.160863
v 0.383754 -0.158933 0.139432
v 0.380208 -0.165514 0.151554
v 0.383953 -0.172437 0.145498
v 0.388364 -0.202367 0.147656
v 0.358584 0.004873 0.138505
v 0.346570 0.099773 0.131543
v 0.370997 -0.097149 0.146701
v 0.375509 -0.119302 0.143034
v 0.370649 -0.081876 0.142274
v 0.371250 -0.071082 0.137652
v 0.332561 0.211407 0.120908
v 0.358588 0.017348 0.132356
v 0.356679 0.027143 0.133210
v 0.378972 -0.142272 0.145092
v 0.336051 0.191243 0.119994
v 0.340168 0.166416 0.121156
v 0.388418 -0.184934 0.139545
v 0.386737 -0.156354 0.129685
v 0.367581 -0.035844 0.129902
v 0.370380 -0.058121 0.131851
v 0.366385 -0.058129 0.143361
v 0.371303 -0.067266 0.135430
v 0.354215 0.078384 0.118370
v 0.353017 0.092277 0.115905
v 0.392542 -0.217536 0.143856
v 0.332394 0.226285 0.114160
v 0.383497 -0.143416 0.132915
v 0.383892 -0.126901 0.122855
v 0.378886 -0.104020 0.126877
v 0.375269 -0.085085 0.129927
v 0.379206 -0.116999 0.131618
v 0.349893 0.108157 0.118929
v 0.354143 0.103343 0.107911
v 0.357448 0.087009 0.104301
v 0.344898 0.127664 0.123763
v 0.360964 0.028222 0.120206
v 0.362446 0.032540 0.115385
v 0.396017 -0.217853 0.133925
v 0.391584 -0.199058 0.136979
v 0.358522 0.064964 0.112435
v 0.363445 -0.008477 0.129937
v 0.369815 -0.034506 0.122741
v 0.372334 -0.050787 0.122448
v 0.362347 0.005338 0.127318
v 0.359780 0.023851 0.125454
v 0.357427 0.053923 0.120234
v 0.344108 0.144796 0.117866
v 0.374719 -0.062724 0.121523
v 0.345396 0.138633 0.116617
v 0.349667 0.125368 0.110371
v 0.391259 -0.182259 0.129685
v 0.394575 -0.196889 0.126686
v 0.398215 -0.215720 0.125838
v 0.343781 0.157749 0.114573
v 0.357576 0.043334 0.125478
v 0.344486 0.153431 0.114077
v 0.336017 0.207376 0.112212
v 0.337370 0.218876 0.102355
v 0.388398 -0.155152 0.123935
v 0.375107 -0.050470 0.113671
v 0.374920 -0.036681 0.107764
v 0.378162 -0.040859 0.099462
v 0.366035 -0.009090 0.122022
v 0.370578 -0.027760 0.116866
v 0.341392 0.170379 0.115054
v 0.341130 0.185140 0.107699
v 0.348929 0.138260 0.105259
v 0.368046 0.003062 0.109439
v 0.363193 0.020730 0.115770
v 0.366341 0.023904 0.103536
v 0.360959 0.078953 0.096224
v 0.360772 0.067080 0.103779
v 0.370178 -0.008956 0.107337
v -0.265566 -0.217323 0.326877
v -0.256610 -0.199601 0.330158
v -0.248944 -0.212077 0.339054
v -0.241660 -0.215600 0.345589
v -0.235467 -0.193858 0.345471
v -0.246268 -0.187875 0.335802
v -0.230511 -0.175252 0.345320
v -0.253197 -0.176322 0.328047
v -0.252054 -0.159692 0.325851
v -0.240130 -0.134001 0.330014
v -0.240985 -0.116477 0.325969
v -0.225962 -0.113808 0.336745
v -0.230386 -0.134954 0.337544
v -0.225360 -0.156078 0.345506
v -0.223793 -0.183208 0.351650
v -0.219543 -0.155531 0.349552
v -0.230723 -0.159909 0.342250
v -0.233355 -0.207886 0.350148
v -0.220252 -0.090573 0.337093
v -0.238834 -0.072094 0.319391
v -0.220129 -0.064246 0.332679
v -0.228559 -0.052115 0.323885
v -0.220677 -0.025120 0.324470
v -0.228409 0.000122 0.313331
v -0.216002 -0.007475 0.324178
v -0.214652 -0.032777 0.330462
v -0.221010 0.015269 0.316077
v -0.229056 0.027089 0.307873
v -0.242944 -0.041129 0.309834
v -0.228678 -0.032212 0.319664
v -0.241607 -0.001461 0.303010
v -0.228823 0.059597 0.302511
v -0.218994 0.050955 0.311767
v -0.220773 0.085295 0.304702
v -0.215724 0.071421 0.311026
v -0.225041 0.100147 0.298628
v -0.213003 0.027143 0.320323
v -0.219737 0.103764 0.302155
v -0.213184 0.096148 0.308591
v -0.233177 0.110256 0.289604
v -0.228837 0.120921 0.291015
v -0.219028 0.124824 0.298124
v -0.226449 0.140479 0.289375
v -0.221669 0.149084 0.291601
v -0.212933 0.153272 0.297592
v -0.210275 0.142637 0.301573
v -0.221937 0.170718 0.287065
v -0.215720 0.171045 0.291857
v -0.222786 0.195157 0.281459
v -0.212606 0.184505 0.291692
v -0.229110 0.160073 0.283415
v -0.236501 0.144796 0.280087
v -0.210840 0.197301 0.291128
v -0.206898 0.202261 0.293602
v -0.211974 0.208933 0.287762
v -0.233295 0.174158 0.276758
v -0.229091 0.191236 0.276851
v -0.225979 0.207077 0.276095
v -0.222754 0.223862 0.275779
v -0.202525 0.219360 0.293568
v -0.203665 0.209560 0.294446
v -0.231373 0.212699 0.270148
v -0.202114 0.200925 0.297600
v -0.197908 0.211559 0.298332
v -0.202538 0.196607 0.297901
v -0.214675 -0.051878 0.334077
v -0.209908 -0.045176 0.336318
v -0.209582 0.106686 0.309116
v -0.212833 0.117032 0.304386
v -0.210254 0.125093 0.304602
v -0.210642 0.071398 0.314801
v -0.206842 0.173802 0.297898
v -0.206707 0.153431 0.302123
v -0.200915 0.185273 0.300068
v -0.211285 0.046572 0.318177
v -0.205683 0.026242 0.325709
v -0.206912 0.190092 0.295123
v -0.208486 0.005871 0.326861
v -0.197845 0.014480 0.333055
v -0.215654 -0.095097 0.341200
v -0.215537 -0.069604 0.336809
v -0.219098 -0.116159 0.342158
v -0.207136 0.082394 0.315375
v -0.213360 -0.112099 0.345418
v -0.216290 -0.138680 0.348200
v -0.207249 -0.130521 0.352884
v -0.204380 -0.148779 0.358185
v -0.210444 -0.096987 0.344969
v -0.215515 -0.179278 0.356369
v -0.209127 -0.083341 0.343334
v -0.210219 -0.004160 0.327500
v -0.208816 -0.034151 0.334846
v -0.197421 0.218195 0.297430
v -0.198079 0.139019 0.310773
v -0.199507 0.125367 0.312097
v -0.198375 0.159657 0.306654
v -0.188906 0.151273 0.314747
v -0.201120 0.115599 0.312933
v -0.228791 -0.222677 0.356438
v -0.200369 0.102713 0.316268
v -0.189225 0.100673 0.324163
v -0.197206 0.196607 0.301603
v -0.206297 0.045329 0.321756
v -0.202818 0.073760 0.319690
v -0.186292 0.121119 0.321637
v -0.190406 0.114454 0.320344
v -0.184948 0.140479 0.319310
v -0.202001 -0.040859 0.340780
v -0.218205 -0.199516 0.358627
v -0.218075 -0.231357 0.365120
v -0.184658 0.170332 0.313511
v -0.187837 0.181897 0.309298
v -0.186817 0.189381 0.308807
v -0.197678 -0.000019 0.334972
v -0.203669 -0.009520 0.332752
v -0.194611 0.200122 0.302665
v -0.200175 -0.048152 0.343150
v -0.197374 0.021746 0.331971
v -0.208789 -0.056803 0.338627
v -0.192938 0.085175 0.324062
v -0.183562 0.097303 0.328433
v -0.193318 0.207401 0.301926
v -0.181218 0.151392 0.319681
v -0.176872 0.142672 0.323981
v -0.181096 0.126343 0.323924
v -0.176697 0.098772 0.332521
v -0.198355 0.036554 0.328185
v -0.194468 0.043094 0.329406
v -0.193643 0.056745 0.327997
v -0.204569 -0.028452 0.336264
v -0.193313 0.010952 0.336435
v -0.189874 -0.004491 0.340542
v -0.181791 0.108450 0.326941
v -0.185789 0.225587 0.302568
v -0.189411 0.216367 0.302558
v -0.178064 0.216257 0.309690
v -0.186537 0.204517 0.306236
v -0.211153 -0.199427 0.363007
v -0.203691 -0.175822 0.363018
v -0.196909 -0.045176 0.344673
v -0.185097 -0.018523 0.345900
v -0.174673 0.170702 0.319632
v -0.177017 0.095893 0.332701
v -0.199128 -0.132678 0.358284
v -0.205331 -0.119601 0.351765
v -0.205646 -0.107195 0.349427
v -0.180220 -0.000155 0.345607
v -0.186457 0.086341 0.327744
v -0.170555 0.184552 0.319446
v -0.178125 0.191756 0.313647
v -0.202937 -0.229260 0.373723
v -0.175093 0.029278 0.343221
v -0.168789 0.038635 0.345276
v -0.164152 0.023991 0.350061
v -0.159124 0.043989 0.349645
v -0.163750 0.054779 0.345482
v -0.175282 0.062420 0.337867
v -0.165352 0.084350 0.339555
v -0.179808 0.049545 0.337262
v -0.171606 0.138320 0.327773
v -0.187605 -0.031063 0.346883
v -0.175227 -0.021220 0.352114
v -0.180524 -0.045176 0.353848
v -0.197085 -0.146639 0.362095
v -0.167602 0.220937 0.314990
v -0.168367 0.216482 0.315419
v -0.171338 0.148222 0.326119
v -0.163754 0.181045 0.323895
v -0.174716 0.007002 0.347483
v -0.174236 0.205242 0.313317
v -0.166085 0.203264 0.318279
v -0.201177 -0.201046 0.369081
v -0.180783 0.027197 0.340400
v -0.184573 0.015269 0.340750
v -0.165510 -0.001595 0.353914
v -0.163012 -0.024975 0.359293
v -0.199528 -0.060301 0.344630
v -0.206746 -0.063707 0.341054
v -0.191822 -0.076030 0.351859
v -0.185375 -0.067257 0.354064
v -0.185848 -0.095652 0.358710
v -0.176812 -0.090676 0.362807
v -0.193871 -0.109977 0.356485
v -0.189994 -0.117511 0.360084
v -0.187015 -0.051653 0.351247
v -0.178593 -0.051454 0.355886
v -0.171484 0.123208 0.329879
v -0.175248 0.112050 0.329674
v -0.193405 -0.137531 0.362451
v -0.174823 -0.070355 0.360444
v -0.190984 -0.230832 0.380732
v -0.190740 -0.204168 0.375467
v -0.182803 -0.182633 0.375511
v -0.194435 -0.172879 0.367632
v -0.177225 -0.166602 0.375476
v -0.188604 -0.146639 0.366540
v -0.157356 0.198226 0.323944
v -0.147940 0.203815 0.327866
v -0.160610 0.214672 0.319828
v -0.162903 0.140479 0.332131
v -0.180905 -0.119782 0.365421
v -0.173522 -0.106093 0.366928
v -0.168267 -0.090383 0.367171
v -0.167763 -0.067851 0.363749
v -0.165660 -0.110955 0.371655
v -0.179090 -0.135124 0.369290
v -0.168307 -0.142099 0.375824
v -0.157833 -0.113465 0.375812
v -0.169478 -0.169221 0.379699
v -0.167092 -0.053812 0.362266
v -0.159498 -0.034609 0.362791
v -0.158122 0.125388 0.336605
v -0.165189 0.115621 0.334427
v -0.155277 0.106587 0.341048
v -0.164081 0.107270 0.336667
v -0.174290 0.103799 0.332409
v -0.167680 0.100278 0.336673
v -0.155768 0.218761 0.321604
v -0.162663 0.161437 0.328039
v -0.152667 0.187524 0.328301
v -0.184555 -0.232995 0.384487
v -0.181706 -0.199612 0.379298
v -0.155065 0.055702 0.349781
v -0.157653 0.072790 0.345415
v -0.151890 0.084476 0.346219
v -0.168538 0.096057 0.337074
v -0.135635 0.228861 0.329235
v -0.173830 -0.198563 0.382969
v -0.175875 -0.230497 0.388259
v -0.158758 0.019592 0.353513
v -0.151071 0.020667 0.356991
v -0.150716 0.041654 0.354092
v -0.146747 0.052265 0.354247
v -0.159550 -0.090639 0.371449
v -0.158889 -0.071057 0.368574
v -0.159943 -0.052732 0.365540
v -0.178266 0.088668 0.332185
v -0.166240 0.088668 0.338639
v -0.150693 0.158715 0.334319
v -0.146410 0.180896 0.332506
v -0.142525 0.216547 0.328389
v -0.135177 0.208102 0.333250
v -0.141383 0.190123 0.333146
v -0.128422 0.201980 0.337379
v -0.160231 0.095761 0.340813
v -0.154375 0.138320 0.336533
v -0.159856 0.146749 0.332312
v -0.154826 -0.022602 0.362649
v -0.150275 -0.008530 0.362157
v -0.155282 -0.049447 0.367157
v -0.154036 -0.043018 0.366653
v -0.163966 -0.223377 0.392379
v -0.161636 -0.192975 0.387550
v -0.160680 -0.168215 0.383582
v -0.159142 -0.141504 0.379904
v -0.147203 0.111362 0.343871
v -0.147207 0.136161 0.340109
v -0.124591 0.194448 0.340193
v -0.132619 0.185844 0.337808
v -0.126666 0.233571 0.332357
v -0.151315 -0.095727 0.375941
v -0.151405 -0.067575 0.371330
v -0.148243 -0.117913 0.380663
v -0.139187 0.149969 0.340911
v -0.143824 0.020667 0.360210
v -0.135265 0.028322 0.362599
v -0.133488 0.060115 0.358440
v -0.140299 0.088462 0.350571
v -0.129341 0.069178 0.358505
v -0.134867 0.108720 0.349575
v -0.135364 0.135039 0.345363
v -0.121600 0.199636 0.340718
v -0.149612 -0.172028 0.389047
v -0.149552 -0.188793 0.391984
v -0.152744 -0.138045 0.382106
v -0.145653 -0.145129 0.386196
v -0.140425 -0.168085 0.392069
v -0.142548 -0.197938 0.396459
v -0.154681 -0.212467 0.394283
v -0.147386 -0.230684 0.400766
v -0.125443 0.183376 0.341257
v -0.127304 0.148765 0.346137
v -0.125847 0.136161 0.349116
v -0.124102 0.218115 0.335945
v -0.121149 0.086409 0.358346
v -0.127768 0.095276 0.354393
v -0.136866 -0.012059 0.368198
v -0.128017 -0.032224 0.375263
v -0.126339 0.006798 0.369336
v -0.124592 0.041861 0.364428
v -0.121992 0.061213 0.362521
v -0.111705 0.192002 0.345754
v -0.139641 -0.095322 0.380578
v -0.137925 -0.062418 0.375887
v -0.137574 -0.116767 0.384693
v -0.133086 -0.046704 0.375555
v -0.121469 -0.042044 0.379202
v -0.127950 -0.068884 0.380657
v -0.117396 0.181274 0.344689
v -0.116013 0.202783 0.342078
v -0.135387 -0.138952 0.389081
v -0.125809 -0.161374 0.396383
v -0.122893 -0.153115 0.396002
v -0.131382 -0.120792 0.387607
v -0.127420 -0.182267 0.399260
v -0.129327 -0.094920 0.384406
v -0.128220 -0.198597 0.401884
v -0.134456 -0.213576 0.402478
v -0.127210 -0.228673 0.407934
v -0.111880 0.137845 0.354126
v -0.120057 0.123250 0.353187
v -0.111085 0.216268 0.340892
v -0.112734 0.099029 0.359252
v -0.114260 0.147044 0.351307
v -0.116661 0.155403 0.348960
v -0.107929 0.168853 0.349930
v -0.106225 0.150248 0.353315
v -0.116257 -0.006657 0.375216
v -0.107673 -0.017348 0.380069
v -0.116495 0.013277 0.371668
v -0.111756 0.078530 0.363085
v -0.109398 0.062866 0.366500
v -0.114634 0.041446 0.367731
v -0.107781 0.016349 0.373907
v -0.111576 -0.002540 0.376048
v -0.106133 0.196607 0.346696
v -0.121826 -0.110097 0.389298
v -0.117841 -0.136837 0.394785
v -0.120513 -0.229076 0.410256
v -0.116094 -0.173316 0.401470
v -0.111911 -0.155933 0.399948
v -0.115272 -0.194134 0.405355
v -0.100208 0.097574 0.363433
v -0.106117 0.123201 0.357733
v -0.105622 0.136161 0.356408
v -0.100959 0.075773 0.367049
v -0.117385 -0.068953 0.384287
v -0.124214 -0.078726 0.383518
v -0.112099 -0.102384 0.391215
v -0.110640 -0.120588 0.394368
v -0.107738 -0.074902 0.388161
v -0.114045 -0.033284 0.380331
v -0.110277 -0.049964 0.383912
v -0.102805 -0.098216 0.393320
v -0.099679 -0.135671 0.399967
v -0.112550 -0.223564 0.411697
v -0.101652 -0.168332 0.405005
v -0.096987 -0.153115 0.403840
v -0.100320 -0.189303 0.408918
v -0.102087 0.181307 0.349712
v -0.094797 0.220298 0.345554
v -0.098971 0.207401 0.346451
v -0.104808 -0.008074 0.379229
v -0.099146 0.006634 0.378038
v -0.099431 0.029175 0.374274
v -0.110857 0.207091 0.342757
v -0.105391 0.048383 0.369631
v -0.094621 0.060124 0.371412
v -0.091391 0.070007 0.370786
v -0.099172 0.139348 0.357712
v -0.101933 0.190688 0.348915
v -0.099146 0.170702 0.352243
v -0.091590 0.181495 0.352691
v -0.093749 0.046572 0.373257
v -0.098130 0.133045 0.358952
v -0.103464 -0.030065 0.382894
v -0.096219 -0.076978 0.391701
v -0.095440 -0.050227 0.388024
v -0.090511 0.102700 0.365155
v -0.096197 0.195910 0.349699
v -0.090703 0.208283 0.348631
v -0.094507 0.192289 0.350708
v -0.077633 -0.134258 0.405227
v -0.081547 -0.114957 0.401399
v -0.086309 -0.132549 0.402979
v -0.090549 -0.111462 0.398684
v -0.086044 -0.089107 0.396229
v -0.076911 -0.101435 0.400342
v -0.077558 -0.075399 0.395925
v -0.090560 -0.047263 0.388750
v -0.097588 -0.214271 0.414221
v -0.094828 -0.226514 0.417044
v -0.089781 -0.171073 0.408578
v -0.096272 -0.198729 0.411719
v -0.083678 -0.153193 0.407205
v -0.091117 0.146400 0.358439
v -0.088877 0.160448 0.356517
v -0.084994 0.181707 0.354342
v -0.096987 -0.014954 0.382540
v -0.090793 0.029843 0.376471
v -0.085375 0.012446 0.380810
v -0.097368 0.113489 0.361629
v -0.087699 0.124181 0.362587
v -0.087572 0.114683 0.363949
v -0.081144 0.216162 0.349766
v -0.076581 0.201503 0.353292
v -0.084035 0.192289 0.353221
v -0.084035 0.140479 0.361411
v -0.081207 0.153012 0.359651
v -0.082057 0.134304 0.362874
v -0.082596 -0.004789 0.383837
v -0.084035 0.064921 0.373409
v -0.087812 -0.030065 0.386533
v -0.091473 -0.018243 0.384241
v -0.087275 0.046592 0.374877
v -0.077409 0.058204 0.375757
v -0.086223 -0.190320 0.412693
v -0.087329 -0.224850 0.418520
v -0.084406 0.075399 0.371557
v -0.081614 0.101583 0.367482
v -0.073069 0.119980 0.366457
v -0.076545 0.166469 0.358398
v -0.080257 0.034698 0.378094
v -0.077558 0.013111 0.382482
v -0.077059 0.006223 0.383620
v -0.073861 0.046119 0.377811
v -0.078251 0.139148 0.362975
v -0.068923 0.217115 0.352306
v -0.071637 -0.153673 0.409912
v -0.070542 0.156130 0.361320
v -0.079717 -0.229213 0.420823
v -0.076305 -0.051595 0.392589
v -0.073780 -0.172005 0.412251
v -0.081346 -0.206000 0.416517
v -0.073926 -0.031352 0.389698
v -0.075015 0.079908 0.372780
v -0.068094 0.107810 0.369251
v -0.073146 0.064791 0.375768
v -0.080257 -0.019271 0.386580
v -0.069463 -0.007398 0.386916
v -0.054053 0.198786 0.358558
v -0.062581 0.207531 0.355179
v -0.068923 0.189051 0.356889
v -0.071193 0.008795 0.384438
v 0.087619 -0.051594 0.389983
v 0.089747 -0.062447 0.390849
v 0.094958 -0.056397 0.388684
v 0.077964 -0.055824 0.393077
v 0.090105 -0.073158 0.392087
v 0.103636 -0.071187 0.388101
v 0.080033 -0.049494 0.391584
v 0.070757 -0.071703 0.396378
v 0.094646 -0.080141 0.391992
v 0.084603 -0.096631 0.397435
v 0.092582 -0.127225 0.400316
v 0.086509 -0.116416 0.400076
v 0.078394 -0.117495 0.402139
v 0.071467 -0.131454 0.406023
v 0.079869 -0.142539 0.405974
v 0.089196 -0.164861 0.407319
v 0.098778 -0.159049 0.403846
v 0.099118 -0.105478 0.394968
v 0.105363 -0.125084 0.396344
v 0.109793 -0.158856 0.400508
v 0.121222 -0.081588 0.384473
v 0.108855 -0.107280 0.392284
v 0.099462 -0.051653 0.386555
v 0.095183 -0.036799 0.385343
v 0.104429 -0.032435 0.381782
v 0.086509 -0.029525 0.386480
v 0.107996 -0.000053 0.375754
v 0.103584 0.008439 0.375724
v 0.099381 0.020644 0.374923
v 0.090824 0.004471 0.380103
v 0.090827 0.019587 0.377541
v 0.095144 0.041175 0.373302
v 0.088736 0.035887 0.375760
v 0.089747 0.051969 0.373293
v 0.099235 0.047105 0.371401
v 0.095643 0.052833 0.371611
v 0.111582 0.022962 0.370615
v 0.117857 0.038845 0.366272
v 0.105621 0.054729 0.368292
v 0.095246 0.089036 0.365696
v 0.105806 0.090289 0.362244
v 0.083667 0.079064 0.370346
v 0.086566 0.100073 0.366336
v 0.111214 0.048270 0.367432
v 0.113468 0.078016 0.361713
v 0.090872 0.116824 0.362847
v 0.082192 0.118891 0.364833
v 0.086364 0.125141 0.362795
v 0.095499 0.135935 0.358493
v 0.103911 0.147212 0.354241
v 0.085693 0.139437 0.360414
v 0.099265 0.160480 0.353398
v 0.089452 0.192246 0.350602
v 0.076433 0.204433 0.351969
v 0.083207 0.176000 0.355130
v 0.105971 0.174058 0.349208
v 0.092211 0.164834 0.354640
v 0.109632 0.162870 0.349656
v 0.112414 0.170702 0.347821
v 0.099192 0.193698 0.347539
v 0.087570 0.206931 0.348698
v 0.098114 0.208107 0.345506
v 0.106460 0.210774 0.342460
v 0.090577 0.224183 0.345495
v 0.099561 0.234673 0.341280
v 0.074938 0.222708 0.349738
v 0.111646 0.180956 0.346111
v 0.078617 0.024974 0.379697
v 0.080273 0.050130 0.375839
v 0.077874 0.148574 0.360690
v 0.068881 0.176695 0.358442
v 0.073556 0.125367 0.365762
v 0.073565 0.116745 0.367152
v 0.069662 0.121574 0.367237
v 0.111093 -0.203183 0.408116
v 0.107305 -0.227930 0.413720
v 0.117381 -0.233768 0.411739
v 0.100356 -0.198312 0.410347
v 0.114932 -0.181152 0.402889
v 0.125891 -0.227085 0.407760
v 0.121120 -0.197181 0.403814
v 0.093923 -0.218073 0.415577
v 0.093327 -0.191666 0.411009
v 0.082327 -0.192205 0.413741
v 0.082192 -0.232451 0.420812
v 0.077630 -0.160758 0.409323
v 0.079386 -0.000291 0.383524
v 0.076972 -0.034528 0.389577
v 0.075055 0.094594 0.369852
v 0.072751 0.073543 0.373608
v 0.066001 0.051969 0.378450
v 0.069239 0.023904 0.381858
v 0.071562 -0.003844 0.385734
v 0.060604 -0.136925 0.409000
v 0.068500 -0.162568 0.411445
v 0.061224 -0.128744 0.407504
v 0.069239 -0.118575 0.404206
v 0.057645 -0.111678 0.405093
v 0.074122 -0.090188 0.398649
v 0.065346 -0.098681 0.401768
v 0.062905 0.209296 0.354242
v 0.074093 -0.196772 0.416278
v 0.072705 -0.229498 0.422267
v 0.069905 0.193098 0.355382
v 0.062801 0.183697 0.358523
v 0.055207 0.206321 0.356166
v 0.065904 0.145765 0.363734
v 0.069239 0.158828 0.360931
v 0.057366 0.151273 0.364310
v 0.057878 0.133418 0.367444
v 0.060604 0.176099 0.360083
v 0.062830 0.091667 0.372770
v 0.064077 0.070962 0.375670
v 0.052302 0.056618 0.380162
v 0.065461 -0.051653 0.394831
v 0.065987 -0.033866 0.391615
v 0.062878 0.000477 0.386729
v 0.063249 0.020617 0.383507
v 0.059600 0.046383 0.380408
v 0.045492 0.054127 0.381654
v 0.057984 0.229587 0.352337
v 0.046039 0.225218 0.355033
v 0.043334 0.195528 0.359753
v 0.053048 0.178797 0.360906
v 0.060604 -0.081336 0.399679
v 0.068288 -0.062432 0.395792
v 0.058445 -0.232990 0.425326
v 0.068314 -0.209898 0.419647
v 0.060604 -0.214101 0.421627
v 0.060647 -0.181127 0.415878
v 0.065091 -0.177770 0.414593
v 0.051969 -0.157433 0.413279
v 0.054765 0.107608 0.371971
v 0.060604 0.118891 0.369324
v 0.058299 -0.147588 0.410957
v 0.059749 -0.058986 0.396796
v 0.054127 -0.075939 0.399845
v 0.051429 0.067089 0.378445
v 0.049722 0.081577 0.376336
v 0.051692 0.118620 0.370790
v 0.047651 0.135082 0.368687
v 0.043680 0.116006 0.372277
v 0.046572 0.105938 0.373436
v 0.049530 0.094862 0.374490
v 0.053556 0.158801 0.363696
v 0.054112 0.029307 0.383633
v 0.057386 -0.007916 0.388860
v 0.056235 -0.034307 0.393205
v 0.051969 0.008793 0.387186
v 0.053048 0.043334 0.381829
v 0.054134 -0.053267 0.396681
v 0.052155 -0.094007 0.403019
v 0.044413 -0.114797 0.407475
v 0.047915 -0.133475 0.410360
v 0.039016 0.227909 0.355641
v 0.038716 0.190672 0.361126
v 0.035778 0.160987 0.365719
v 0.028222 0.177178 0.364338
v 0.030381 0.221433 0.357460
v 0.051759 -0.212814 0.422650
v 0.040615 -0.216697 0.424717
v 0.043980 -0.185817 0.418820
v 0.042289 -0.170488 0.416453
v 0.037937 0.051969 0.382998
v 0.041725 0.037545 0.384076
v 0.044449 0.021035 0.386247
v 0.043329 0.005179 0.388851
v 0.044055 -0.016131 0.391862
v 0.036252 0.013908 0.388375
v 0.034698 0.029301 0.385999
v 0.034516 -0.022024 0.393807
v 0.043334 -0.037351 0.395216
v 0.034698 0.058445 0.382315
v 0.038839 0.069748 0.379577
v 0.037958 -0.098053 0.405476
v 0.037510 -0.078155 0.402191
v 0.043334 -0.058129 0.398632
v 0.030392 0.103787 0.375787
v 0.034698 0.112954 0.373768
v 0.042072 -0.132714 0.410860
v 0.032540 -0.053812 0.398982
v 0.026123 -0.013245 0.393259
v 0.026897 0.010031 0.389745
v 0.023981 0.025464 0.387534
v 0.026603 0.039016 0.385462
v 0.019587 0.144796 0.370293
v 0.019643 0.158603 0.367653
v 0.032143 0.153543 0.367327
v 0.019587 0.172860 0.365753
v 0.040674 0.091987 0.375883
v 0.037937 0.078953 0.378058
v 0.034698 -0.114437 0.408485
v 0.027880 -0.095012 0.405979
v 0.028572 -0.067695 0.401387
v 0.022769 -0.044900 0.398342
v 0.019644 -0.065456 0.401638
v 0.012059 -0.042276 0.398529
v 0.016322 -0.010096 0.393429
v 0.008894 0.019521 0.389292
v 0.034936 0.122941 0.372068
v 0.026063 0.107970 0.375460
v 0.030381 0.054127 0.383467
v 0.012580 0.142332 0.371429
v 0.030698 0.048980 0.384132
v 0.030381 -0.170386 0.417552
v 0.032540 -0.131528 0.411441
v 0.025524 -0.107241 0.408097
v 0.030817 -0.212981 0.424963
v 0.023948 -0.226957 0.428078
v 0.030921 -0.190085 0.420805
v 0.019587 0.179337 0.364815
v 0.020461 0.193204 0.362368
v 0.017140 -0.085767 0.405248
v 0.028222 0.092985 0.376780
v 0.028222 0.058445 0.382847
v 0.015269 0.153431 0.368879
v 0.018091 0.070914 0.380923
v 0.015809 0.091366 0.377902
v 0.011436 -0.094002 0.406962
v 0.026189 0.211888 0.359093
v 0.021746 0.221540 0.357839
v 0.017428 0.210540 0.359602
v 0.020666 0.101621 0.376521
v 0.021746 -0.205019 0.424078
v 0.019587 -0.181986 0.420163
v 0.023365 -0.141709 0.413446
v 0.017428 -0.114581 0.409653
v 0.003396 -0.100225 0.408242
v 0.017428 0.032540 0.386952
v 0.019587 0.047214 0.384813
v 0.013111 0.177178 0.365518
v 0.016349 0.121050 0.373604
v 0.019975 0.108155 0.375799
v 0.015269 0.129685 0.372489
v 0.006634 0.140479 0.372023
v 0.005015 0.088057 0.379010
v 0.008253 0.068159 0.381801
v 0.018508 0.059524 0.382927
v 0.005555 0.105938 0.376506
v 0.004475 0.145227 0.371334
v 0.000158 0.156669 0.369030
v 0.002317 0.164833 0.367544
v 0.012031 -0.069463 0.402676
v 0.004475 -0.062330 0.401711
v 0.000158 -0.085234 0.405988
v 0.002317 -0.025747 0.396346
v 0.001237 0.012301 0.390533
v 0.013111 -0.219854 0.427295
v 0.008849 -0.201232 0.423874
v 0.010932 -0.180716 0.420312
v 0.011044 -0.136325 0.413035
v 0.004475 -0.153655 0.416031
v 0.000158 -0.175907 0.419729
v 0.001777 -0.137111 0.413290
v -0.017112 -0.156354 0.416448
v -0.011446 -0.135815 0.413025
v 0.004476 -0.117485 0.410422
v -0.013237 -0.121643 0.410890
v -0.010636 -0.101844 0.408519
v 0.007174 0.031460 0.387509
v -0.004920 0.025955 0.388920
v 0.013111 0.040635 0.385819
v 0.008793 0.193925 0.362580
v -0.010636 0.101621 0.377560
v 0.003396 0.113651 0.375268
v -0.012795 0.105938 0.376918
v 0.000698 0.125367 0.373356
v 0.004475 0.175019 0.366026
v -0.003350 -0.067362 0.402665
v -0.009557 0.031196 0.388005
v -0.002001 -0.038700 0.398247
v -0.004160 -0.020890 0.395636
v -0.000921 0.131844 0.372696
v -0.006318 -0.086976 0.406352
v 0.000698 -0.213862 0.426375
v -0.004160 -0.198711 0.423524
v -0.005239 -0.227593 0.428870
v -0.010636 0.023904 0.389265
v -0.002001 0.067080 0.382088
v 0.007174 0.055350 0.383522
v -0.014954 0.041175 0.385868
v -0.002001 0.140479 0.372099
v -0.000382 0.044605 0.385071
v -0.016033 0.048301 0.384573
v -0.017112 0.058445 0.383059
v -0.006280 0.080726 0.379919
v -0.004160 0.091906 0.378605
v -0.008477 0.153431 0.369815
v -0.003350 0.165786 0.367327
v -0.012795 0.225750 0.357000
v -0.004323 0.215413 0.358607
v -0.016033 0.207941 0.359697
v -0.004160 0.185813 0.363888
v -0.021430 0.196607 0.361723
v -0.032224 0.200925 0.360831
v -0.017518 0.026244 0.388768
v -0.021430 0.033619 0.387160
v -0.007938 0.116732 0.374608
v -0.009557 0.007714 0.391106
v -0.012795 -0.017652 0.394996
v -0.014514 -0.037041 0.397679
v -0.013604 -0.066285 0.402352
v -0.012796 -0.085995 0.406045
v -0.009557 0.014190 0.390241
v -0.009564 -0.173090 0.419152
v -0.021430 -0.161751 0.417141
v -0.010700 -0.194213 0.422588
v -0.026543 -0.174876 0.418701
v -0.019271 -0.184514 0.420629
v -0.018731 -0.202402 0.423679
v -0.019271 0.101621 0.377430
v -0.019271 -0.229213 0.428663
v -0.025637 -0.222017 0.426995
v -0.014954 0.084350 0.379169
v -0.023589 0.224131 0.356870
v -0.026882 0.210292 0.358922
v -0.017112 -0.105622 0.408832
v -0.009705 0.145973 0.370996
v -0.014954 0.153431 0.369678
v -0.028986 0.194448 0.361823
v -0.028859 0.185307 0.362682
v -0.012795 0.170702 0.366025
v -0.015671 0.165142 0.366971
v -0.017112 0.157749 0.368736
v -0.019271 0.125367 0.372827
v -0.027906 0.118891 0.373598
v -0.021430 0.107606 0.376375
v -0.024615 -0.147084 0.414594
v -0.026827 -0.135306 0.412354
v -0.021430 0.006634 0.390877
v -0.021553 -0.012480 0.393848
v -0.025552 0.045658 0.384753
v -0.026827 0.058445 0.382714
v -0.020959 0.072943 0.380405
v -0.012713 0.134003 0.372027
v -0.030065 0.007714 0.390279
v -0.033303 -0.159592 0.416306
v -0.034532 -0.150327 0.414646
v -0.022659 -0.089131 0.406059
v -0.028466 -0.126541 0.410857
v -0.024668 -0.068907 0.402268
v -0.026888 -0.034805 0.396678
v -0.030269 -0.017488 0.393999
v -0.038700 0.196607 0.361107
v -0.037131 -0.174678 0.417995
v -0.038584 -0.192896 0.420659
v -0.027734 -0.206681 0.423914
v -0.031144 0.078953 0.378952
v -0.039780 0.217115 0.356653
v -0.032224 0.216036 0.357494
v -0.032224 0.121050 0.372938
v -0.029708 0.107882 0.375753
v -0.024333 0.134025 0.371241
v -0.039563 0.069062 0.379774
v -0.036541 0.056286 0.382308
v -0.038700 0.200925 0.360434
v -0.025747 -0.106702 0.408452
v -0.023049 0.172860 0.364978
v -0.026827 0.140479 0.369960
v -0.034406 -0.075110 0.402588
v -0.036541 -0.032763 0.395591
v -0.038887 -0.008861 0.391952
v -0.037273 0.013137 0.388830
v -0.024990 0.025449 0.388234
v -0.032888 0.038578 0.385177
v -0.027906 0.101621 0.376791
v -0.040318 0.208374 0.358324
v -0.038700 -0.138004 0.411878
v -0.041938 0.076795 0.378362
v -0.035039 0.103042 0.375807
v -0.034237 -0.094927 0.405994
v -0.042274 -0.158878 0.415448
v -0.034383 0.187972 0.361904
v -0.040333 -0.206268 0.422797
v -0.043065 -0.221048 0.425226
v -0.030069 0.164179 0.365948
v -0.023589 0.157749 0.368186
v -0.021430 0.153431 0.369138
v -0.043557 -0.171465 0.416937
v -0.049003 -0.186311 0.418538
v -0.047335 0.183654 0.361048
v -0.039240 0.160852 0.365448
v -0.038700 0.144796 0.368072
v -0.042759 0.132105 0.369905
v -0.039217 0.114022 0.373495
v -0.039780 -0.120734 0.409002
v -0.039037 -0.098877 0.406050
v -0.044782 -0.134430 0.410520
v -0.043834 -0.051801 0.397909
v -0.045176 -0.033303 0.394727
v -0.042010 -0.078282 0.402313
v -0.051606 -0.207165 0.421637
v -0.029525 0.146955 0.368760
v -0.049494 0.187972 0.360265
v -0.045176 0.196607 0.360347
v -0.048415 -0.229213 0.426012
v -0.061395 -0.211902 0.421115
v -0.056510 -0.176862 0.416034
v -0.050233 0.061280 0.379903
v -0.049494 0.078414 0.377250
v -0.051653 -0.153115 0.413283
v -0.051215 -0.160043 0.414584
v -0.043018 0.054127 0.381870
v -0.043018 0.107018 0.374057
v -0.056583 0.073892 0.377010
v -0.048016 -0.117091 0.407453
v -0.051653 0.150193 0.365546
v -0.056914 0.139275 0.366714
v -0.049578 0.124914 0.370127
v -0.054956 0.174000 0.361417
v -0.057668 0.190180 0.358810
v -0.061084 0.088520 0.373862
v -0.051129 0.206837 0.357363
v -0.055776 0.217600 0.354537
v -0.053812 -0.072026 0.399704
v -0.052732 -0.099146 0.404220
v -0.057186 -0.052055 0.396129
v -0.059216 -0.030870 0.392288
v -0.061053 -0.121050 0.406092
v -0.049197 0.004167 0.388696
v -0.047335 0.040095 0.383077
v -0.059048 0.043844 0.380795
v -0.067736 0.032412 0.380892
v -0.062447 0.060604 0.378166
v -0.069008 0.069328 0.375801
v -0.038700 0.030381 0.385649
v -0.064008 0.021673 0.383331
v -0.061367 0.008793 0.386078
v -0.059884 -0.003183 0.388099
v -0.059763 -0.136620 0.408807
v -0.061952 0.152136 0.363598
v -0.058129 -0.155274 0.412659
v -0.056774 0.165066 0.362355
v -0.064605 -0.057050 0.395705
v -0.066924 -0.076119 0.398171
v -0.066622 -0.097144 0.401666
v -0.070578 -0.129004 0.405737
v -0.071374 -0.235947 0.423537
v -0.071445 -0.200958 0.417547
v -0.060805 -0.171494 0.414569
v -0.062986 -0.160671 0.412691
v -0.062447 0.128605 0.367370
v -0.075399 0.136161 0.363979
vt 0.489273 0.144318
vt 0.504729 0.152958
vt 0.493265 0.151880
vt 0.498995 0.147770
vt 0.499247 0.141596
vt 0.492717 0.137024
vt 0.511801 0.149179
vt 0.507148 0.146102
vt 0.517380 0.145420
vt 0.518974 0.151159
vt 0.505959 0.141282
vt 0.512255 0.137739
vt 0.518050 0.139878
vt 0.507623 0.135816
vt 0.511718 0.130065
vt 0.516585 0.156111
vt 0.520692 0.157727
vt 0.525627 0.155109
vt 0.524135 0.148613
vt 0.529143 0.150508
vt 0.529393 0.156837
vt 0.534465 0.153329
vt 0.536561 0.147595
vt 0.540376 0.162419
vt 0.527562 0.144619
vt 0.525186 0.141043
vt 0.538820 0.154661
vt 0.533407 0.136879
vt 0.539409 0.138200
vt 0.542645 0.147247
vt 0.538207 0.134022
vt 0.526649 0.135012
vt 0.544950 0.152822
vt 0.552721 0.149388
vt 0.551520 0.142870
vt 0.554587 0.144490
vt 0.545361 0.158495
vt 0.552962 0.155343
vt 0.558714 0.150351
vt 0.562257 0.147589
vt 0.566387 0.152669
vt 0.566428 0.146054
vt 0.557422 0.157236
vt 0.561803 0.140504
vt 0.554847 0.140904
vt 0.551239 0.138449
vt 0.544595 0.131547
vt 0.571602 0.143793
vt 0.573022 0.151638
vt 0.575089 0.152295
vt 0.579700 0.147132
vt 0.580388 0.150342
vt 0.589240 0.146321
vt 0.588353 0.141623
vt 0.588361 0.153392
vt 0.579362 0.154936
vt 0.576002 0.158454
vt 0.572795 0.156842
vt 0.596465 0.144603
vt 0.594913 0.149134
vt 0.598373 0.150725
vt 0.604933 0.148541
vt 0.604736 0.142509
vt 0.599300 0.138143
vt 0.605329 0.136316
vt 0.612391 0.144921
vt 0.612209 0.139728
vt 0.561304 0.136872
vt 0.551706 0.134037
vt 0.578447 0.140415
vt 0.568342 0.134739
vt 0.589146 0.137457
vt 0.610245 0.149864
vt 0.617365 0.146912
vt 0.619450 0.140892
vt 0.603757 0.153026
vt 0.551147 0.128994
vt 0.620113 0.153204
vt 0.612032 0.152787
vt 0.628705 0.143675
vt 0.625688 0.139172
vt 0.627920 0.148281
vt 0.643484 0.145414
vt 0.636439 0.138140
vt 0.648809 0.142205
vt 0.651522 0.147352
vt 0.657942 0.144867
vt 0.658512 0.150115
vt 0.665073 0.145684
vt 0.665072 0.142202
vt 0.667146 0.143475
vt 0.665365 0.148418
vt 0.648440 0.137287
vt 0.642728 0.135468
vt 0.656763 0.139066
vt 0.659941 0.137692
vt 0.646721 0.152363
vt 0.649754 0.153679
vt 0.637986 0.148144
vt 0.666423 0.155256
vt 0.656875 0.154436
vt 0.594516 0.155045
vt 0.613318 0.135330
vt 0.620866 0.134252
vt 0.626467 0.134815
vt 0.637454 0.133082
vt 0.592892 0.134011
vt 0.584041 0.130831
vt 0.576509 0.132260
vt 0.610082 0.129377
vt 0.612347 0.131476
vt 0.559386 0.131903
vt 0.568401 0.131364
vt 0.657447 0.132811
vt 0.649993 0.132775
vt 0.666309 0.138518
vt 0.673236 0.140285
vt 0.670401 0.135262
vt 0.675898 0.136473
vt 0.504479 0.133802
vt 0.509490 0.128872
vt 0.493847 0.132372
vt 0.520212 0.134158
vt 0.681748 0.139019
vt 0.684290 0.135153
vt 0.673801 0.132005
vt 0.675259 0.149567
vt 0.672015 0.144054
vt 0.672613 0.152678
vt 0.678076 0.154285
vt 0.682970 0.143671
vt 0.684517 0.148630
vt 0.682377 0.151682
vt 0.556646 0.130258
vt 0.563166 0.128445
vt 0.649148 0.128463
vt 0.645795 0.127002
vt 0.638898 0.129187
vt 0.549533 0.127961
vt 0.546028 0.127362
vt 0.539326 0.129977
vt 0.527684 0.130106
vt 0.519688 0.128112
vt 0.556144 0.126386
vt 0.514318 0.134048
vt 0.516933 0.130157
vt 0.660377 0.127671
vt 0.671815 0.127065
vt 0.680455 0.129337
vt 0.688097 0.140878
vt 0.614349 0.126631
vt 0.610108 0.124578
vt 0.621377 0.126718
vt 0.626058 0.128213
vt 0.601159 0.128233
vt 0.591525 0.129467
vt 0.599199 0.124039
vt 0.590523 0.124217
vt 0.607967 0.120447
vt 0.585167 0.126647
vt 0.574731 0.128460
vt 0.564712 0.125049
vt 0.561269 0.123950
vt 0.693168 0.132666
vt 0.692740 0.138618
vt 0.690282 0.144254
vt 0.688341 0.144378
vt 0.686413 0.142367
vt 0.690229 0.146458
vt 0.504153 0.127344
vt 0.501821 0.130767
vt 0.491870 0.126729
vt 0.687886 0.147702
vt 0.637576 0.125011
vt 0.612174 0.121603
vt 0.511609 0.125886
vt 0.537332 0.126185
vt 0.628014 0.123222
vt 0.619331 0.120230
vt 0.568872 0.154791
vt 0.566194 0.158590
vt 0.583198 0.158881
vt 0.591081 0.159306
vt 0.656058 0.123556
vt 0.646942 0.123400
vt 0.528478 0.124953
vt 0.539435 0.122138
vt 0.525744 0.118201
vt 0.522433 0.122236
vt 0.517208 0.116514
vt 0.518774 0.122958
vt 0.514765 0.125153
vt 0.512758 0.121543
vt 0.695229 0.129383
vt 0.681703 0.125698
vt 0.671254 0.122729
vt 0.551046 0.124721
vt 0.539744 0.118600
vt 0.554128 0.122498
vt 0.498443 0.121437
vt 0.506313 0.122073
vt 0.575351 0.123311
vt 0.636571 0.120681
vt 0.627123 0.118709
vt 0.618726 0.117200
vt 0.611573 0.117335
vt 0.609224 0.116347
vt 0.689717 0.123919
vt 0.677039 0.118889
vt 0.562794 0.119520
vt 0.574015 0.114160
vt 0.565731 0.114138
vt 0.566046 0.110051
vt 0.560568 0.114060
vt 0.589792 0.116200
vt 0.596444 0.120247
vt 0.606128 0.116087
vt 0.503160 0.115591
vt 0.488699 0.120301
vt 0.512531 0.114911
vt 0.523350 0.113902
vt 0.647627 0.119846
vt 0.656089 0.119161
vt 0.661031 0.116327
vt 0.530514 0.111499
vt 0.490486 0.113045
vt 0.500917 0.111891
vt 0.516846 0.112749
vt 0.688658 0.119595
vt 0.681011 0.113468
vt 0.672488 0.115201
vt 0.698365 0.123136
vt 0.653102 0.116390
vt 0.661942 0.112559
vt 0.538933 0.112951
vt 0.553661 0.117867
vt 0.547004 0.109176
vt 0.550907 0.106545
vt 0.558038 0.108306
vt 0.542439 0.106395
vt 0.610351 0.113459
vt 0.617697 0.113690
vt 0.626406 0.112424
vt 0.630373 0.115953
vt 0.639271 0.113784
vt 0.594483 0.114176
vt 0.586844 0.112402
vt 0.599684 0.115109
vt 0.607378 0.112640
vt 0.487815 0.092695
vt 0.489622 0.089975
vt 0.490035 0.099498
vt 0.490124 0.081408
vt 0.489638 0.084472
vt 0.502606 0.099950
vt 0.504678 0.094541
vt 0.511237 0.094357
vt 0.512486 0.091634
vt 0.503072 0.090359
vt 0.517392 0.094471
vt 0.517687 0.090344
vt 0.523400 0.090552
vt 0.524327 0.093993
vt 0.514536 0.102626
vt 0.520045 0.098012
vt 0.529423 0.099944
vt 0.531354 0.095596
vt 0.532759 0.091707
vt 0.539277 0.092143
vt 0.535297 0.098552
vt 0.538395 0.101999
vt 0.542542 0.097997
vt 0.547038 0.094203
vt 0.546533 0.100664
vt 0.551983 0.098339
vt 0.551427 0.093516
vt 0.559545 0.096311
vt 0.559408 0.103744
vt 0.550456 0.103058
vt 0.570109 0.097169
vt 0.566135 0.103380
vt 0.578289 0.089806
vt 0.582606 0.094124
vt 0.579859 0.096756
vt 0.556870 0.089485
vt 0.568647 0.089731
vt 0.578636 0.087049
vt 0.573075 0.103394
vt 0.546524 0.084364
vt 0.549474 0.083131
vt 0.557111 0.083554
vt 0.581040 0.087827
vt 0.586754 0.091613
vt 0.563324 0.105745
vt 0.539957 0.081314
vt 0.529818 0.081661
vt 0.546655 0.078959
vt 0.502356 0.087061
vt 0.510490 0.083423
vt 0.515217 0.084323
vt 0.527557 0.079696
vt 0.520710 0.078841
vt 0.503330 0.082761
vt 0.508207 0.106611
vt 0.500705 0.108465
vt 0.516722 0.108578
vt 0.529276 0.107112
vt 0.586475 0.102702
vt 0.591144 0.097287
vt 0.588647 0.093002
vt 0.593966 0.101627
vt 0.603222 0.095433
vt 0.607888 0.100490
vt 0.616665 0.098461
vt 0.618567 0.095277
vt 0.593898 0.088953
vt 0.599213 0.091576
vt 0.612716 0.092508
vt 0.627777 0.098138
vt 0.630889 0.094245
vt 0.636493 0.099861
vt 0.620436 0.092476
vt 0.631186 0.101408
vt 0.616520 0.088811
vt 0.609362 0.109914
vt 0.601236 0.101577
vt 0.605507 0.107253
vt 0.598977 0.106862
vt 0.615314 0.104083
vt 0.644345 0.104231
vt 0.646424 0.100080
vt 0.640570 0.095759
vt 0.651649 0.094956
vt 0.634566 0.089718
vt 0.657648 0.097894
vt 0.653632 0.100284
vt 0.664815 0.099695
vt 0.661802 0.103749
vt 0.653261 0.103447
vt 0.660765 0.108629
vt 0.666419 0.106814
vt 0.659111 0.095188
vt 0.673871 0.092296
vt 0.677327 0.095037
vt 0.683429 0.091034
vt 0.680948 0.094923
vt 0.676105 0.104959
vt 0.680877 0.101311
vt 0.669694 0.102479
vt 0.672544 0.109189
vt 0.681194 0.107638
vt 0.685659 0.106251
vt 0.680321 0.110416
vt 0.676288 0.109216
vt 0.689109 0.097630
vt 0.693867 0.100063
vt 0.691491 0.092919
vt 0.694389 0.112202
vt 0.653929 0.088884
vt 0.649310 0.092597
vt 0.652859 0.084444
vt 0.636212 0.087028
vt 0.691966 0.090143
vt 0.603381 0.089554
vt 0.595984 0.085066
vt 0.608781 0.085933
vt 0.603692 0.085047
vt 0.595572 0.081618
vt 0.631075 0.082600
vt 0.691811 0.084548
vt 0.616331 0.110504
vt 0.622932 0.104905
vt 0.633450 0.104649
vt 0.632541 0.112498
vt 0.645110 0.108400
vt 0.592348 0.082674
vt 0.587328 0.108359
vt 0.579148 0.104105
vt 0.573900 0.105942
vt 0.663500 0.087601
vt 0.668087 0.087428
vt 0.681634 0.086749
vt 0.673772 0.083512
vt 0.664668 0.081605
vt 0.587440 0.081471
vt 0.586118 0.085153
vt 0.585268 0.078410
vt 0.592025 0.078352
vt 0.624769 0.084530
vt 0.628861 0.078347
vt 0.622945 0.080294
vt 0.654931 0.082980
vt 0.577366 0.082691
vt 0.580375 0.078877
vt 0.548636 0.076949
vt 0.555438 0.075654
vt 0.563017 0.073366
vt 0.567737 0.078012
vt 0.572251 0.077166
vt 0.558889 0.072703
vt 0.615024 0.080436
vt 0.634360 0.081733
vt 0.644047 0.081277
vt 0.647374 0.079203
vt 0.634314 0.077928
vt 0.515219 0.076496
vt 0.509060 0.076028
vt 0.502337 0.076763
vt 0.490689 0.073907
vt 0.505638 0.071677
vt 0.527405 0.075606
vt 0.521990 0.074776
vt 0.540574 0.073607
vt 0.541912 0.077412
vt 0.546773 0.074839
vt 0.658741 0.084583
vt 0.660581 0.086935
vt 0.660886 0.080357
vt 0.653039 0.080628
vt 0.655838 0.078872
vt 0.494564 0.070820
vt 0.607575 0.079827
vt 0.602244 0.077606
vt 0.609781 0.076050
vt 0.593088 0.075984
vt 0.621134 0.076155
vt 0.518516 0.070577
vt 0.586898 0.073826
vt 0.694002 0.081896
vt 0.676070 0.079467
vt 0.671112 0.078663
vt 0.665205 0.077465
vt 0.553600 0.071431
vt 0.548790 0.072153
vt 0.560410 0.070530
vt 0.531785 0.071620
vt 0.521947 0.066552
vt 0.527982 0.067396
vt 0.513005 0.067724
vt 0.505542 0.068272
vt 0.659909 0.075448
vt 0.630964 0.074292
vt 0.558508 0.069790
vt 0.628275 0.074169
vt 0.566701 0.071269
vt 0.694159 0.079114
vt 0.684741 0.076051
vt 0.671039 0.070837
vt 0.694420 0.072861
vt 0.540776 0.065546
vt 0.535301 0.066073
vt 0.655774 0.075053
vt 0.650300 0.077370
vt 0.580546 0.072005
vt 0.568287 0.067726
vt 0.581828 0.067918
vt 0.587423 0.068167
vt 0.589442 0.064885
vt 0.595497 0.069679
vt 0.599280 0.063322
vt 0.604923 0.065991
vt 0.615771 0.065268
vt 0.617882 0.061912
vt 0.619574 0.069865
vt 0.613231 0.070522
vt 0.637301 0.074615
vt 0.633541 0.069052
vt 0.645634 0.067550
vt 0.551909 0.065739
vt 0.664339 0.067688
vt 0.656673 0.070039
vt 0.544675 0.063777
vt 0.650621 0.071481
vt 0.652151 0.064278
vt 0.526681 0.061858
vt 0.522025 0.063805
vt 0.514686 0.062940
vt 0.510556 0.060563
vt 0.622385 0.071802
vt 0.565670 0.061429
vt 0.580886 0.061323
vt 0.623239 0.061661
vt 0.629160 0.070570
vt 0.488123 0.063049
vt 0.505310 0.061198
vt 0.493177 0.058583
vt 0.509603 0.054879
vt 0.638497 0.061508
vt 0.534338 0.056230
vt 0.520255 0.058881
vt 0.523782 0.056264
vt 0.514167 0.057273
vt 0.551751 0.061413
vt 0.559249 0.064106
vt 0.542928 0.058205
vt 0.620739 0.057200
vt 0.634521 0.057637
vt 0.589346 0.059432
vt 0.559375 0.059033
vt 0.552447 0.053698
vt 0.544716 0.054508
vt 0.602054 0.058157
vt 0.559304 0.052563
vt 0.535535 0.051574
vt 0.554773 0.048727
vt 0.619541 0.158170
vt 0.627810 0.163836
vt 0.626141 0.166818
vt 0.616886 0.165837
vt 0.628918 0.166791
vt 0.614901 0.159420
vt 0.610291 0.160440
vt 0.619184 0.168605
vt 0.627802 0.171134
vt 0.618199 0.172945
vt 0.605515 0.168665
vt 0.605200 0.163908
vt 0.602260 0.172866
vt 0.592573 0.167395
vt 0.608268 0.174535
vt 0.600989 0.157908
vt 0.595093 0.161427
vt 0.583835 0.168621
vt 0.584804 0.162096
vt 0.580327 0.165815
vt 0.586594 0.172981
vt 0.585243 0.179659
vt 0.581780 0.176739
vt 0.574968 0.170998
vt 0.574557 0.178005
vt 0.572543 0.165680
vt 0.568126 0.176554
vt 0.568669 0.172009
vt 0.564468 0.174636
vt 0.561115 0.170332
vt 0.569604 0.165899
vt 0.563426 0.165319
vt 0.556029 0.168460
vt 0.552533 0.167056
vt 0.552823 0.161454
vt 0.558776 0.173956
vt 0.552626 0.173245
vt 0.538082 0.168053
vt 0.534578 0.162697
vt 0.528546 0.162784
vt 0.524177 0.169832
vt 0.521156 0.164497
vt 0.526065 0.161280
vt 0.534489 0.174017
vt 0.551078 0.175391
vt 0.518611 0.169159
vt 0.515949 0.163052
vt 0.520436 0.173831
vt 0.630520 0.169069
vt 0.633257 0.165545
vt 0.635872 0.169796
vt 0.567122 0.163742
vt 0.630995 0.156071
vt 0.639276 0.161660
vt 0.608051 0.156298
vt 0.639743 0.154331
vt 0.638464 0.166587
vt 0.646843 0.163141
vt 0.646768 0.157410
vt 0.649417 0.158202
vt 0.647218 0.165730
vt 0.656382 0.164028
vt 0.657605 0.169555
vt 0.682211 0.161970
vt 0.686704 0.169929
vt 0.674091 0.166588
vt 0.673229 0.162635
vt 0.656098 0.159259
vt 0.684049 0.156583
vt 0.687553 0.162826
vt 0.663455 0.172257
vt 0.675074 0.171607
vt 0.685767 0.174034
vt 0.691412 0.169694
vt 0.687234 0.166452
vt 0.677979 0.175538
vt 0.669085 0.178005
vt 0.662153 0.175562
vt 0.691962 0.165621
vt 0.690102 0.158768
vt 0.688697 0.154782
vt 0.690430 0.152289
vt 0.644786 0.172336
vt 0.640589 0.172893
vt 0.635936 0.179338
vt 0.509456 0.168251
vt 0.501797 0.171538
vt 0.491253 0.161541
vt 0.494680 0.167393
vt 0.500525 0.163733
vt 0.490340 0.173812
vt 0.490669 0.158497
vt 0.507725 0.158452
vt 0.497164 0.157173
vt 0.591144 0.177583
vt 0.632630 0.177910
vt 0.653502 0.172633
vt 0.657767 0.175998
vt 0.528924 0.177340
vt 0.520005 0.178553
vt 0.498261 0.176374
vt 0.490892 0.179980
vt 0.498889 0.181568
vt 0.511389 0.181525
vt 0.527362 0.181711
vt 0.544352 0.183316
vt 0.541943 0.177078
vt 0.524375 0.185454
vt 0.532932 0.187120
vt 0.523287 0.191932
vt 0.550401 0.180657
vt 0.551042 0.185356
vt 0.547019 0.188048
vt 0.639415 0.179791
vt 0.633433 0.181587
vt 0.603777 0.179440
vt 0.600141 0.179016
vt 0.592636 0.173092
vt 0.615793 0.178284
vt 0.620122 0.177549
vt 0.628240 0.176181
vt 0.564551 0.178049
vt 0.556935 0.177948
vt 0.559845 0.181001
vt 0.563659 0.180521
vt 0.690055 0.176182
vt 0.690881 0.182686
vt 0.685671 0.178242
vt 0.602849 0.182475
vt 0.663651 0.181217
vt 0.660733 0.180375
vt 0.654893 0.177661
vt 0.646563 0.180470
vt 0.639063 0.184489
vt 0.493465 0.183531
vt 0.591401 0.182514
vt 0.575664 0.180792
vt 0.581329 0.181562
vt 0.568831 0.179455
vt 0.637708 0.188513
vt 0.626825 0.181789
vt 0.616742 0.181858
vt 0.565593 0.182379
vt 0.610837 0.186274
vt 0.622520 0.187488
vt 0.631449 0.187819
vt 0.636858 0.191478
vt 0.632075 0.191698
vt 0.558583 0.185819
vt 0.677786 0.181049
vt 0.688999 0.184771
vt 0.668452 0.185131
vt 0.682849 0.185196
vt 0.690487 0.189764
vt 0.683354 0.189997
vt 0.567513 0.183253
vt 0.579679 0.184503
vt 0.585260 0.185760
vt 0.590578 0.186923
vt 0.601332 0.187421
vt 0.660739 0.185397
vt 0.656151 0.184666
vt 0.499304 0.186828
vt 0.516122 0.188366
vt 0.495273 0.193815
vt 0.508810 0.189530
vt 0.515207 0.195743
vt 0.502524 0.191620
vt 0.521524 0.193810
vt 0.525693 0.195645
vt 0.523278 0.195863
vt 0.528350 0.190551
vt 0.531644 0.196236
vt 0.540510 0.197311
vt 0.508394 0.197113
vt 0.496354 0.198797
vt 0.514859 0.201885
vt 0.491661 0.199837
vt 0.536920 0.189435
vt 0.548783 0.194764
vt 0.548384 0.200579
vt 0.547147 0.203412
vt 0.552141 0.194566
vt 0.558636 0.196938
vt 0.556517 0.189810
vt 0.534930 0.200208
vt 0.527185 0.199384
vt 0.566513 0.186838
vt 0.567334 0.193898
vt 0.572642 0.193560
vt 0.580231 0.193773
vt 0.584342 0.193558
vt 0.566736 0.197966
vt 0.573207 0.197914
vt 0.569010 0.202514
vt 0.562065 0.200785
vt 0.557262 0.203115
vt 0.583372 0.198470
vt 0.520632 0.199599
vt 0.589740 0.191868
vt 0.603092 0.190262
vt 0.601203 0.194387
vt 0.588439 0.196562
vt 0.601461 0.198576
vt 0.590602 0.202636
vt 0.583111 0.204771
vt 0.600125 0.201822
vt 0.612194 0.194929
vt 0.616724 0.190519
vt 0.628313 0.197421
vt 0.619063 0.201867
vt 0.608162 0.197787
vt 0.627306 0.204623
vt 0.621048 0.209795
vt 0.615904 0.205671
vt 0.615102 0.209110
vt 0.606570 0.207576
vt 0.608068 0.202656
vt 0.632536 0.208300
vt 0.638468 0.206745
vt 0.636572 0.201964
vt 0.600760 0.205912
vt 0.633185 0.195546
vt 0.571915 0.203832
vt 0.576434 0.199197
vt 0.500885 0.203845
vt 0.639774 0.198270
vt 0.536854 0.204748
vt 0.563677 0.207060
vt 0.568687 0.206318
vt 0.525534 0.200885
vt 0.540352 0.211307
vt 0.547230 0.206281
vt 0.558737 0.208220
vt 0.555018 0.212690
vt 0.597684 0.207021
vt 0.590250 0.210016
vt 0.581668 0.210636
vt 0.578177 0.209090
vt 0.512056 0.206916
vt 0.520280 0.205047
vt 0.524385 0.205517
vt 0.517026 0.209646
vt 0.508408 0.212310
vt 0.497080 0.211057
vt 0.516801 0.214703
vt 0.490677 0.207707
vt 0.540527 0.206447
vt 0.547355 0.210103
vt 0.553209 0.214676
vt 0.642386 0.207770
vt 0.572172 0.211046
vt 0.569377 0.213036
vt 0.646814 0.203601
vt 0.639731 0.191776
vt 0.642348 0.197600
vt 0.649217 0.209381
vt 0.653630 0.202323
vt 0.652926 0.205779
vt 0.651710 0.199483
vt 0.644420 0.192527
vt 0.651584 0.192552
vt 0.654376 0.196031
vt 0.654331 0.191505
vt 0.650596 0.188733
vt 0.643054 0.187945
vt 0.653181 0.185655
vt 0.659195 0.192997
vt 0.658189 0.199436
vt 0.660393 0.199052
vt 0.662974 0.187993
vt 0.660240 0.195149
vt 0.666852 0.190827
vt 0.665956 0.194865
vt 0.679131 0.194619
vt 0.669921 0.194146
vt 0.691902 0.195108
vt 0.678868 0.200044
vt 0.674222 0.204202
vt 0.667953 0.196895
vt 0.665524 0.204645
vt 0.677702 0.205978
vt 0.675518 0.211468
vt 0.673029 0.210129
vt 0.683667 0.203711
vt 0.659505 0.204714
vt 0.653807 0.209151
vt 0.701184 0.198881
vt 0.692780 0.206175
vt 0.681438 0.208721
vt 0.667709 0.209910
vt 0.531031 0.210664
vt 0.535610 0.213856
vt 0.534299 0.218195
vt 0.532402 0.218253
vt 0.598998 0.209867
vt 0.577049 0.212767
vt 0.569476 0.215936
vt 0.664734 0.208596
vt 0.565561 0.212759
vt 0.561786 0.213390
vt 0.557286 0.214045
vt 0.527579 0.212672
vt 0.523408 0.217072
vt 0.519021 0.212901
vt 0.522732 0.209006
vt 0.612065 0.211197
vt 0.493780 0.216083
vt 0.512456 0.214948
vt 0.516737 0.218207
vt 0.511199 0.218763
vt 0.639188 0.211829
vt 0.630717 0.211466
vt 0.621152 0.212705
vt 0.645142 0.213244
vt 0.638079 0.215783
vt 0.627678 0.214337
vt 0.541034 0.217986
vt 0.587435 0.214253
vt 0.598169 0.212809
vt 0.577255 0.215656
vt 0.601052 0.212678
vt 0.606186 0.211475
vt 0.609716 0.212279
vt 0.659613 0.213254
vt 0.667153 0.213362
vt 0.527318 0.220180
vt 0.531568 0.222095
vt 0.544746 0.216663
vt 0.676610 0.213854
vt 0.683747 0.213497
vt 0.686167 0.210435
vt 0.702552 0.211543
vt 0.673998 0.214964
vt 0.615686 0.216366
vt 0.612831 0.216987
vt 0.534447 0.222970
vt 0.652315 0.213129
vt 0.487674 0.221040
vt 0.492679 0.224519
vt 0.513128 0.223267
vt 0.566741 0.218483
vt 0.562816 0.215277
vt 0.559998 0.216352
vt 0.554680 0.217083
vt 0.588941 0.220965
vt 0.524704 0.223287
vt 0.520234 0.222872
vt 0.518633 0.229012
vt 0.546292 0.219732
vt 0.540959 0.223890
vt 0.583387 0.225083
vt 0.588167 0.224875
vt 0.596877 0.217711
vt 0.590580 0.224356
vt 0.636940 0.222422
vt 0.628811 0.224536
vt 0.636025 0.225638
vt 0.631411 0.229759
vt 0.628077 0.229971
vt 0.644945 0.218376
vt 0.647706 0.217271
vt 0.624150 0.218045
vt 0.616778 0.218747
vt 0.568583 0.220168
vt 0.656346 0.216676
vt 0.663225 0.216989
vt 0.670384 0.218049
vt 0.578352 0.221672
vt 0.571335 0.228960
vt 0.527620 0.231319
vt 0.522520 0.231038
vt 0.676832 0.217756
vt 0.608295 0.222072
vt 0.602892 0.219764
vt 0.560398 0.225500
vt 0.558085 0.227275
vt 0.562761 0.227288
vt 0.607489 0.225034
vt 0.615016 0.221753
vt 0.700887 0.218376
vt 0.685409 0.218041
vt 0.575217 0.219850
vt 0.570522 0.227049
vt 0.620860 0.222462
vt 0.664690 0.221327
vt 0.657157 0.221674
vt 0.530719 0.224990
vt 0.641424 0.227278
vt 0.620129 0.226410
vt 0.532224 0.227109
vt 0.537568 0.227090
vt 0.577048 0.233096
vt 0.583112 0.229222
vt 0.546110 0.226598
vt 0.552064 0.223173
vt 0.560218 0.233377
vt 0.544745 0.232258
vt 0.493534 0.231781
vt 0.500967 0.227381
vt 0.513525 0.233564
vt 0.500434 0.232713
vt 0.566494 0.224261
vt 0.565616 0.234519
vt 0.572563 0.233948
vt 0.653697 0.222857
vt 0.654308 0.230655
vt 0.660280 0.226701
vt 0.656360 0.232518
vt 0.647999 0.222159
vt 0.674353 0.220826
vt 0.589319 0.229612
vt 0.523007 0.235736
vt 0.517732 0.236944
vt 0.690019 0.222003
vt 0.686005 0.224560
vt 0.678431 0.222021
vt 0.666753 0.224153
vt 0.650171 0.227657
vt 0.646994 0.230002
vt 0.502171 0.239208
vt 0.531014 0.232686
vt 0.543932 0.237323
vt 0.556863 0.238317
vt 0.574323 0.236122
vt 0.602335 0.232563
vt 0.593944 0.233871
vt 0.619743 0.234372
vt 0.612862 0.231442
vt 0.607720 0.233087
vt 0.674239 0.226728
vt 0.692666 0.231084
vt 0.685395 0.229157
vt 0.627371 0.234847
vt 0.625394 0.233502
vt 0.622767 0.230199
vt 0.561887 0.236608
vt 0.564843 0.237968
vt 0.647883 0.233400
vt 0.636136 0.235431
vt 0.650776 0.235771
vt 0.583747 0.233243
vt 0.588701 0.234599
vt 0.644923 0.237166
vt 0.654558 0.234574
vt 0.516020 0.241913
vt 0.502350 0.242923
vt 0.494700 0.243618
vt 0.487500 0.248936
vt 0.502112 0.248173
vt 0.510583 0.248643
vt 0.518147 0.245595
vt 0.523648 0.239635
vt 0.530846 0.237127
vt 0.545727 0.240976
vt 0.554764 0.241073
vt 0.600715 0.237546
vt 0.606728 0.239123
vt 0.612117 0.239083
vt 0.571667 0.240135
vt 0.625577 0.236901
vt 0.629994 0.238186
vt 0.634354 0.237504
vt 0.575849 0.237535
vt 0.663879 0.234924
vt 0.661116 0.236346
vt 0.618310 0.240460
vt 0.620263 0.243632
vt 0.615612 0.246566
vt 0.609904 0.247582
vt 0.602326 0.243417
vt 0.595937 0.242182
vt 0.583048 0.240142
vt 0.600222 0.244299
vt 0.674292 0.229903
vt 0.532633 0.242111
vt 0.547393 0.245271
vt 0.657065 0.236401
vt 0.580323 0.242834
vt 0.573025 0.244651
vt 0.556449 0.243125
vt 0.561922 0.242230
vt 0.569053 0.244658
vt 0.605006 0.247739
vt 0.542477 0.250944
vt 0.527224 0.243029
vt 0.528778 0.249956
vt 0.536342 0.249046
vt 0.519148 0.251264
vt 0.507693 0.251523
vt 0.502115 0.254091
vt 0.684127 0.235129
vt 0.694265 0.235837
vt 0.675273 0.233899
vt 0.669747 0.236677
vt 0.660575 0.240491
vt 0.617782 0.251187
vt 0.621334 0.248413
vt 0.651470 0.238711
vt 0.648991 0.242034
vt 0.655564 0.239428
vt 0.603135 0.248802
vt 0.587351 0.246441
vt 0.567951 0.251091
vt 0.562155 0.249626
vt 0.560438 0.244960
vt 0.641897 0.242745
vt 0.636177 0.242870
vt 0.557507 0.252386
vt 0.613871 0.249382
vt 0.674906 0.239659
vt 0.625409 0.241409
vt 0.552813 0.251185
vt 0.544908 0.258824
vt 0.533635 0.255371
vt 0.550195 0.259630
vt 0.554814 0.259727
vt 0.553799 0.263494
vt 0.689295 0.241804
vt 0.676340 0.244593
vt 0.670544 0.243157
vt 0.663022 0.244574
vt 0.684067 0.241892
vt 0.628941 0.244136
vt 0.632788 0.249809
vt 0.624812 0.250466
vt 0.641425 0.249679
vt 0.653529 0.246605
vt 0.577729 0.253301
vt 0.618976 0.253127
vt 0.569604 0.253539
vt 0.572403 0.251963
vt 0.659753 0.247666
vt 0.657694 0.250068
vt 0.596013 0.250143
vt 0.602616 0.252888
vt 0.585442 0.252176
vt 0.508971 0.255566
vt 0.520700 0.255575
vt 0.604955 0.252843
vt 0.610634 0.252501
vt 0.562365 0.257891
vt 0.559446 0.260399
vt 0.555737 0.263451
vt 0.566884 0.256132
vt 0.616651 0.253761
vt 0.529472 0.260471
vt 0.536473 0.260204
vt 0.688738 0.249775
vt 0.674980 0.250562
vt 0.668649 0.252898
vt 0.503151 0.259629
vt 0.575944 0.257341
vt 0.584220 0.258922
vt 0.570037 0.258113
vt 0.626998 0.255828
vt 0.620184 0.258027
vt 0.638619 0.254874
vt 0.652971 0.250759
vt 0.680750 0.256247
vt 0.661211 0.252752
vt 0.658197 0.256033
vt 0.593420 0.258221
vt 0.567373 0.263155
vt 0.565248 0.262640
vt 0.543171 0.262832
vt 0.598985 0.258046
vt 0.612508 0.256972
vt 0.561316 0.266381
vt 0.609025 0.256349
vt 0.592993 0.261841
vt 0.580301 0.267340
vt 0.575156 0.262883
vt 0.665868 0.254113
vt 0.556579 0.267032
vt 0.424087 0.682035
vt 0.430159 0.685942
vt 0.427756 0.678140
vt 0.422617 0.677153
vt 0.427578 0.676187
vt 0.423443 0.675378
vt 0.431250 0.683344
vt 0.434875 0.677153
vt 0.436492 0.683969
vt 0.434059 0.674288
vt 0.438891 0.674325
vt 0.439117 0.677067
vt 0.430810 0.668852
vt 0.423921 0.669269
vt 0.438573 0.667415
vt 0.434304 0.662968
vt 0.441959 0.661597
vt 0.444162 0.667140
vt 0.441851 0.672985
vt 0.422449 0.656704
vt 0.442907 0.677251
vt 0.434874 0.693073
vt 0.437421 0.703162
vt 0.438992 0.693028
vt 0.433132 0.701520
vt 0.423222 0.699520
vt 0.425459 0.708405
vt 0.420125 0.700845
vt 0.441343 0.703642
vt 0.445165 0.695962
vt 0.442362 0.684519
vt 0.440798 0.682102
vt 0.437823 0.658816
vt 0.433299 0.653784
vt 0.429991 0.650784
vt 0.436574 0.652591
vt 0.429165 0.647615
vt 0.444244 0.655631
vt 0.436101 0.711883
vt 0.439083 0.711414
vt 0.430845 0.707601
vt 0.432054 0.713005
vt 0.420536 0.705310
vt 0.421846 0.687308
vt 0.424365 0.645628
vt 0.419649 0.651372
vt 0.419829 0.665666
vt 0.420555 0.670892
vt 0.438816 0.718027
vt 0.433832 0.729397
vt 0.431863 0.720649
vt 0.428192 0.731399
vt 0.434890 0.737896
vt 0.433120 0.747604
vt 0.436902 0.748902
vt 0.430219 0.737757
vt 0.425500 0.737616
vt 0.422394 0.723497
vt 0.427671 0.720578
vt 0.429740 0.758076
vt 0.431015 0.770262
vt 0.434045 0.759111
vt 0.426878 0.770851
vt 0.428918 0.747506
vt 0.435228 0.771209
vt 0.437834 0.765817
vt 0.440004 0.757249
vt 0.423614 0.758954
vt 0.422766 0.772248
vt 0.426385 0.778953
vt 0.420331 0.778672
vt 0.432046 0.784714
vt 0.425527 0.788974
vt 0.438356 0.775624
vt 0.443282 0.764585
vt 0.441346 0.748385
vt 0.448559 0.756820
vt 0.448759 0.764755
vt 0.447214 0.772288
vt 0.449172 0.777178
vt 0.442378 0.777560
vt 0.439881 0.738787
vt 0.441161 0.788813
vt 0.448187 0.787046
vt 0.438704 0.732903
vt 0.443724 0.729624
vt 0.437354 0.794871
vt 0.431467 0.791901
vt 0.431009 0.797261
vt 0.435246 0.798121
vt 0.432418 0.805102
vt 0.436508 0.807912
vt 0.441490 0.796009
vt 0.440044 0.807679
vt 0.443854 0.812572
vt 0.433072 0.812843
vt 0.437133 0.818343
vt 0.421170 0.791559
vt 0.424408 0.745278
vt 0.420687 0.734082
vt 0.425873 0.804646
vt 0.416395 0.793357
vt 0.417528 0.807231
vt 0.424191 0.797910
vt 0.427536 0.810057
vt 0.420547 0.816955
vt 0.421416 0.719701
vt 0.428110 0.714701
vt 0.419609 0.709658
vt 0.419871 0.714087
vt 0.415901 0.702577
vt 0.422670 0.751057
vt 0.413018 0.793944
vt 0.412050 0.787602
vt 0.408929 0.788355
vt 0.417096 0.778277
vt 0.414385 0.777005
vt 0.416938 0.768327
vt 0.411019 0.761874
vt 0.410114 0.776409
vt 0.418628 0.761832
vt 0.414450 0.816322
vt 0.414171 0.807624
vt 0.404454 0.786318
vt 0.418030 0.723811
vt 0.417288 0.750934
vt 0.416595 0.735438
vt 0.411582 0.751753
vt 0.414024 0.742766
vt 0.411333 0.736376
vt 0.407764 0.756620
vt 0.416629 0.720805
vt 0.416892 0.690694
vt 0.420716 0.681915
vt 0.418063 0.649120
vt 0.416522 0.643680
vt 0.414949 0.653418
vt 0.413909 0.649580
vt 0.416447 0.669000
vt 0.427891 0.824439
vt 0.423294 0.822246
vt 0.431378 0.827752
vt 0.415449 0.821635
vt 0.439594 0.830385
vt 0.431549 0.644466
vt 0.433055 0.646950
vt 0.435575 0.644503
vt 0.436630 0.646999
vt 0.430186 0.641194
vt 0.426462 0.639926
vt 0.427608 0.635193
vt 0.420436 0.632919
vt 0.414856 0.639681
vt 0.417743 0.676029
vt 0.430953 0.635185
vt 0.431435 0.631172
vt 0.425795 0.630436
vt 0.436998 0.631351
vt 0.435101 0.636590
vt 0.433697 0.639965
vt 0.424306 0.622610
vt 0.428397 0.619422
vt 0.433332 0.627282
vt 0.436803 0.619486
vt 0.441031 0.625596
vt 0.440665 0.641022
vt 0.412273 0.632781
vt 0.420224 0.624491
vt 0.415184 0.627078
vt 0.411053 0.630348
vt 0.414090 0.699417
vt 0.416938 0.634354
vt 0.411899 0.822081
vt 0.443484 0.804421
vt 0.448235 0.794267
vt 0.448818 0.809658
vt 0.443252 0.713369
vt 0.438891 0.642038
vt 0.443943 0.643026
vt 0.439476 0.645784
vt 0.414117 0.713905
vt 0.412079 0.709989
vt 0.411481 0.704169
vt 0.446318 0.828597
vt 0.447537 0.820230
vt 0.412387 0.723548
vt 0.409913 0.698470
vt 0.409821 0.691032
vt 0.414454 0.681839
vt 0.413370 0.679795
vt 0.411509 0.623948
vt 0.410169 0.651101
vt 0.409018 0.664934
vt 0.410979 0.671235
vt 0.411667 0.661297
vt 0.410970 0.655351
vt 0.410625 0.807577
vt 0.408624 0.800136
vt 0.405781 0.793954
vt 0.408528 0.814283
vt 0.403178 0.787685
vt 0.408596 0.731071
vt 0.407792 0.710344
vt 0.407821 0.714463
vt 0.411363 0.720138
vt 0.409193 0.634621
vt 0.406858 0.630711
vt 0.408541 0.628797
vt 0.409374 0.625781
vt 0.410518 0.641691
vt 0.406739 0.622824
vt 0.404489 0.625637
vt 0.409991 0.743891
vt 0.405686 0.629377
vt 0.404586 0.808004
vt 0.401539 0.792908
vt 0.402319 0.812918
vt 0.407134 0.768416
vt 0.403048 0.757370
vt 0.403736 0.774739
vt 0.406277 0.821574
vt 0.404374 0.744961
vt 0.405366 0.735332
vt 0.402946 0.786276
vt 0.405683 0.704188
vt 0.405038 0.682256
vt 0.402163 0.692637
vt 0.404777 0.698624
vt 0.411402 0.675911
vt 0.404655 0.672770
vt 0.408929 0.723580
vt 0.406538 0.721252
vt 0.404937 0.648336
vt 0.402520 0.724753
vt 0.402945 0.711693
vt 0.403189 0.714585
vt 0.400271 0.749802
vt 0.396976 0.744295
vt 0.404133 0.651031
vt 0.406656 0.657173
vt 0.397722 0.672017
vt 0.402927 0.668095
vt 0.399090 0.807088
vt 0.399073 0.827765
vt 0.398810 0.817746
vt 0.395997 0.810458
vt 0.393629 0.804583
vt 0.408852 0.638180
vt 0.404437 0.636510
vt 0.402276 0.644795
vt 0.401919 0.635150
vt 0.400510 0.632458
vt 0.398167 0.775226
vt 0.395006 0.769618
vt 0.398278 0.766802
vt 0.399236 0.758461
vt 0.396335 0.756740
vt 0.400793 0.630525
vt 0.396961 0.675429
vt 0.400730 0.679944
vt 0.393021 0.739068
vt 0.397621 0.693045
vt 0.399362 0.701297
vt 0.396179 0.695563
vt 0.401431 0.638321
vt 0.400652 0.720424
vt 0.397853 0.714408
vt 0.399061 0.792819
vt 0.394881 0.798286
vt 0.398659 0.686429
vt 0.396904 0.682205
vt 0.394559 0.677683
vt 0.400744 0.735845
vt 0.397305 0.725154
vt 0.393600 0.715755
vt 0.395640 0.734805
vt 0.402328 0.622872
vt 0.397179 0.622465
vt 0.395405 0.711576
vt 0.398458 0.705446
vt 0.393953 0.828461
vt 0.391085 0.812080
vt 0.389635 0.823603
vt 0.399570 0.629408
vt 0.396530 0.783573
vt 0.394597 0.775854
vt 0.400920 0.665988
vt 0.400866 0.657434
vt 0.392609 0.673820
vt 0.396551 0.761261
vt 0.392856 0.765518
vt 0.391582 0.769547
vt 0.391676 0.748750
vt 0.391175 0.755047
vt 0.401379 0.647615
vt 0.398716 0.625652
vt 0.394837 0.704623
vt 0.396317 0.632303
vt 0.392218 0.794502
vt 0.392573 0.789474
vt 0.395334 0.691909
vt 0.395391 0.670471
vt 0.396459 0.630359
vt 0.395044 0.636131
vt 0.390453 0.756669
vt 0.391307 0.762049
vt 0.392613 0.701385
vt 0.397708 0.661388
vt 0.391614 0.694765
vt 0.389104 0.737817
vt 0.392303 0.727578
vt 0.386004 0.743967
vt 0.388649 0.723361
vt 0.388111 0.711517
vt 0.387456 0.751834
vt 0.400294 0.651087
vt 0.395648 0.637962
vt 0.389842 0.634449
vt 0.389101 0.638537
vt 0.393838 0.631732
vt 0.395960 0.643504
vt 0.391532 0.710323
vt 0.388371 0.695967
vt 0.384874 0.805032
vt 0.389284 0.803943
vt 0.387015 0.796588
vt 0.385674 0.789232
vt 0.386863 0.813552
vt 0.384168 0.819626
vt 0.393387 0.685024
vt 0.389083 0.681811
vt 0.390054 0.676133
vt 0.388697 0.770401
vt 0.396918 0.647032
vt 0.387564 0.768634
vt 0.385294 0.763831
vt 0.387988 0.782892
vt 0.388726 0.776193
vt 0.381787 0.779736
vt 0.380720 0.773028
vt 0.384352 0.755755
vt 0.382701 0.751821
vt 0.387415 0.623645
vt 0.392867 0.623282
vt 0.394439 0.625365
vt 0.388369 0.628000
vt 0.386662 0.773669
vt 0.386247 0.688662
vt 0.387148 0.683667
vt 0.384443 0.690369
vt 0.391740 0.656732
vt 0.392562 0.661861
vt 0.392556 0.669362
vt 0.394129 0.652494
vt 0.385988 0.719843
vt 0.383927 0.736464
vt 0.387563 0.645132
vt 0.384841 0.642553
vt 0.384588 0.635494
vt 0.389045 0.631966
vt 0.385813 0.661297
vt 0.386073 0.653359
vt 0.392442 0.630344
vt 0.381271 0.787348
vt 0.379858 0.794280
vt 0.380311 0.801750
vt 0.379647 0.817891
vt 0.382645 0.679160
vt 0.379008 0.749727
vt 0.378820 0.739592
vt 0.376427 0.745725
vt 0.380241 0.732766
vt 0.389157 0.675119
vt 0.385610 0.649601
vt 0.375064 0.778667
vt 0.374604 0.785730
vt 0.377095 0.760974
vt 0.377325 0.770303
vt 0.380922 0.682515
vt 0.378675 0.753676
vt 0.376128 0.750062
vt 0.380714 0.760890
vt 0.382066 0.666909
vt 0.382517 0.658658
vt 0.385238 0.672029
vt 0.378151 0.721445
vt 0.381706 0.703757
vt 0.383609 0.712661
vt 0.387119 0.703808
vt 0.380678 0.651747
vt 0.380701 0.645585
vt 0.375614 0.807424
vt 0.374055 0.821859
vt 0.375544 0.795968
vt 0.384588 0.698339
vt 0.381837 0.625182
vt 0.378938 0.618651
vt 0.383944 0.629228
vt 0.379515 0.688328
vt 0.371896 0.745334
vt 0.374920 0.737100
vt 0.379838 0.670504
vt 0.377354 0.666557
vt 0.382296 0.676594
vt 0.440825 0.648944
vt 0.442664 0.647450
vt 0.441193 0.653667
vt 0.374600 0.717371
vt 0.379556 0.711075
vt 0.447672 0.661577
vt 0.443946 0.719922
vt 0.446862 0.726948
vt 0.447360 0.734188
vt 0.444612 0.641019
vt 0.449402 0.652458
vt 0.443402 0.708001
vt 0.447190 0.712306
vt 0.445464 0.649892
vt 0.450369 0.642538
vt 0.445503 0.632198
vt 0.443696 0.745849
vt 0.451066 0.748900
vt 0.451649 0.739508
vt 0.445802 0.673054
vt 0.451553 0.668634
vt 0.450069 0.676938
vt 0.447712 0.645966
vt 0.450289 0.726508
vt 0.448627 0.719976
vt 0.453297 0.657123
vt 0.451497 0.683052
vt 0.448048 0.700467
vt 0.452018 0.695178
vt 0.450822 0.705087
vt 0.450539 0.711398
vt 0.445357 0.623856
vt 0.451464 0.820123
vt 0.452028 0.810754
vt 0.452889 0.785607
vt 0.453530 0.774613
vt 0.454654 0.792932
vt 0.450281 0.802889
vt 0.451375 0.760889
vt 0.453818 0.750297
vt 0.450969 0.647480
vt 0.456080 0.639825
vt 0.456046 0.654708
vt 0.457280 0.665400
vt 0.453842 0.672712
vt 0.457121 0.644919
vt 0.459686 0.640036
vt 0.462483 0.638399
vt 0.458515 0.632644
vt 0.453673 0.636296
vt 0.458798 0.626204
vt 0.462546 0.639683
vt 0.454863 0.699642
vt 0.456536 0.740572
vt 0.455062 0.731551
vt 0.457125 0.726946
vt 0.462164 0.736081
vt 0.452120 0.719175
vt 0.455709 0.720504
vt 0.451286 0.714148
vt 0.455848 0.683011
vt 0.457554 0.697301
vt 0.456091 0.692308
vt 0.461451 0.644012
vt 0.454922 0.822240
vt 0.455383 0.809692
vt 0.455635 0.799463
vt 0.456628 0.705471
vt 0.464802 0.711447
vt 0.461932 0.702462
vt 0.455093 0.711361
vt 0.458910 0.743840
vt 0.455425 0.753511
vt 0.460264 0.719102
vt 0.463229 0.726343
vt 0.466995 0.716087
vt 0.466598 0.726750
vt 0.469550 0.734431
vt 0.464478 0.746382
vt 0.469797 0.742996
vt 0.465115 0.757293
vt 0.460192 0.755169
vt 0.463393 0.776673
vt 0.466655 0.775418
vt 0.463932 0.785553
vt 0.468094 0.780674
vt 0.468165 0.798198
vt 0.459109 0.798452
vt 0.458765 0.805281
vt 0.470423 0.802216
vt 0.470754 0.794782
vt 0.470799 0.780556
vt 0.470675 0.773232
vt 0.458881 0.789006
vt 0.462404 0.810962
vt 0.455744 0.765048
vt 0.461802 0.656609
vt 0.459248 0.648085
vt 0.464240 0.651254
vt 0.465776 0.657093
vt 0.461002 0.666415
vt 0.460843 0.675166
vt 0.462735 0.684792
vt 0.463478 0.693200
vt 0.465267 0.704891
vt 0.457788 0.821757
vt 0.463659 0.825961
vt 0.461168 0.623508
vt 0.464624 0.625144
vt 0.463815 0.628604
vt 0.460696 0.634037
vt 0.466352 0.676070
vt 0.467053 0.686472
vt 0.462450 0.661862
vt 0.464877 0.632037
vt 0.467847 0.625568
vt 0.467908 0.702896
vt 0.469284 0.680891
vt 0.472235 0.711127
vt 0.472921 0.718911
vt 0.467313 0.664319
vt 0.470435 0.675892
vt 0.469468 0.811988
vt 0.469123 0.823005
vt 0.465116 0.637095
vt 0.371425 0.728890
vt 0.375534 0.731771
vt 0.374275 0.721312
vt 0.371609 0.718245
vt 0.378581 0.699477
vt 0.374739 0.701748
vt 0.376408 0.705716
vt 0.377288 0.658427
vt 0.373285 0.668405
vt 0.375327 0.673409
vt 0.376473 0.681954
vt 0.376790 0.686223
vt 0.373452 0.707055
vt 0.367247 0.709763
vt 0.381029 0.694253
vt 0.372742 0.647895
vt 0.378794 0.639740
vt 0.380185 0.634180
vt 0.370408 0.702019
vt 0.374057 0.752400
vt 0.369999 0.749057
vt 0.376120 0.625657
vt 0.371575 0.777758
vt 0.373080 0.767790
vt 0.372481 0.762225
vt 0.371375 0.801594
vt 0.371114 0.814935
vt 0.368712 0.787842
vt 0.375107 0.618422
vt 0.375830 0.646956
vt 0.372961 0.699706
vt 0.371043 0.755137
vt 0.366497 0.752009
vt 0.377445 0.697040
vt 0.378235 0.693120
vt 0.373867 0.687024
vt 0.367846 0.775294
vt 0.367955 0.762940
vt 0.368101 0.721422
vt 0.366695 0.730998
vt 0.366398 0.718404
vt 0.366920 0.738753
vt 0.366367 0.825272
vt 0.368106 0.801693
vt 0.365279 0.815698
vt 0.373744 0.632965
vt 0.373548 0.638975
vt 0.369834 0.645928
vt 0.369842 0.675935
vt 0.372191 0.657514
vt 0.373887 0.661268
vt 0.369541 0.667205
vt 0.366479 0.782600
vt 0.363840 0.778933
vt 0.364116 0.774630
vt 0.363740 0.762242
vt 0.364988 0.792732
vt 0.360455 0.788888
vt 0.362414 0.803709
vt 0.358241 0.817894
vt 0.356429 0.811241
vt 0.364522 0.704133
vt 0.361573 0.712407
vt 0.363825 0.721187
vt 0.362655 0.731593
vt 0.365176 0.757743
vt 0.370774 0.650574
vt 0.365958 0.745690
vt 0.364322 0.748991
vt 0.367832 0.700576
vt 0.371816 0.624086
vt 0.366041 0.637002
vt 0.360597 0.755781
vt 0.366557 0.682192
vt 0.364713 0.667888
vt 0.370073 0.661109
vt 0.368570 0.654591
vt 0.364796 0.647248
vt 0.365807 0.665992
vt 0.369809 0.637754
vt 0.367618 0.641302
vt 0.371526 0.695088
vt 0.371560 0.692735
vt 0.363341 0.694203
vt 0.365913 0.689610
vt 0.361760 0.697928
vt 0.360920 0.739424
vt 0.360159 0.777785
vt 0.359371 0.760312
vt 0.360153 0.770305
vt 0.358956 0.798663
vt 0.361411 0.700998
vt 0.360727 0.703905
vt 0.358992 0.695079
vt 0.360550 0.687012
vt 0.361871 0.677613
vt 0.362092 0.746927
vt 0.359260 0.732614
vt 0.359875 0.723617
vt 0.357866 0.718655
vt 0.353994 0.821293
vt 0.351524 0.817507
vt 0.351915 0.811981
vt 0.354237 0.804177
vt 0.354655 0.792950
vt 0.353907 0.762287
vt 0.355733 0.769455
vt 0.353201 0.777900
vt 0.365661 0.623172
vt 0.364001 0.632409
vt 0.364038 0.659445
vt 0.360159 0.665140
vt 0.359713 0.667308
vt 0.354491 0.755192
vt 0.350295 0.754223
vt 0.349579 0.768008
vt 0.356391 0.748507
vt 0.360408 0.653537
vt 0.359503 0.647858
vt 0.363686 0.642924
vt 0.356591 0.708448
vt 0.357414 0.703687
vt 0.356506 0.745619
vt 0.352248 0.735289
vt 0.354005 0.725951
vt 0.360574 0.627326
vt 0.356801 0.617005
vt 0.354682 0.622890
vt 0.352455 0.696381
vt 0.357429 0.676412
vt 0.354683 0.668182
vt 0.356492 0.689730
vt 0.357705 0.659495
vt 0.355135 0.655486
vt 0.352981 0.652260
vt 0.349871 0.785382
vt 0.350973 0.799326
vt 0.347593 0.804507
vt 0.348055 0.775958
vt 0.346620 0.784809
vt 0.345736 0.797153
vt 0.349026 0.810996
vt 0.345012 0.818432
vt 0.349808 0.746817
vt 0.353635 0.665417
vt 0.352555 0.658137
vt 0.348103 0.751420
vt 0.347919 0.762275
vt 0.359238 0.636983
vt 0.357243 0.626967
vt 0.355026 0.634200
vt 0.357036 0.642523
vt 0.351357 0.641800
vt 0.351846 0.715666
vt 0.350227 0.725700
vt 0.352689 0.689586
vt 0.353825 0.673501
vt 0.357276 0.645721
vt 0.353629 0.703421
vt 0.351493 0.707234
vt 0.344893 0.810088
vt 0.351910 0.621699
vt 0.351763 0.623651
vt 0.352459 0.627056
vt 0.351226 0.630704
vt 0.350730 0.637305
vt 0.350107 0.655648
vt 0.352863 0.647358
vt 0.349764 0.663765
vt 0.343660 0.778834
vt 0.342680 0.792792
vt 0.348524 0.737294
vt 0.346929 0.733328
vt 0.343559 0.740876
vt 0.345499 0.747695
vt 0.346983 0.662671
vt 0.340426 0.817041
vt 0.346447 0.725435
vt 0.346651 0.715171
vt 0.347689 0.706786
vt 0.342103 0.733816
vt 0.341118 0.727003
vt 0.341441 0.714774
vt 0.342916 0.707472
vt 0.339601 0.743535
vt 0.341367 0.746790
vt 0.342024 0.802144
vt 0.341890 0.768509
vt 0.340204 0.764996
vt 0.343719 0.753558
vt 0.349876 0.702657
vt 0.348679 0.692414
vt 0.347634 0.626952
vt 0.349169 0.685401
vt 0.346902 0.665665
vt 0.350033 0.673213
vt 0.349726 0.651024
vt 0.340182 0.811320
vt 0.335295 0.820622
vt 0.338044 0.769727
vt 0.334803 0.760261
vt 0.338602 0.752952
vt 0.340391 0.778390
vt 0.348992 0.622441
vt 0.345921 0.625115
vt 0.346119 0.701877
vt 0.345268 0.686569
vt 0.340610 0.695318
vt 0.340847 0.684847
vt 0.335464 0.690203
vt 0.346132 0.674369
vt 0.342342 0.672603
vt 0.337546 0.807441
vt 0.335630 0.800341
vt 0.336749 0.792319
vt 0.333257 0.809217
vt 0.349206 0.645084
vt 0.344594 0.656479
vt 0.345886 0.651200
vt 0.346163 0.632729
vt 0.346326 0.638913
vt 0.335317 0.775778
vt 0.333711 0.766867
vt 0.332577 0.787411
vt 0.327852 0.792397
vt 0.327667 0.797008
vt 0.327375 0.803959
vt 0.337838 0.733601
vt 0.335844 0.727582
vt 0.343117 0.663335
vt 0.340777 0.654653
vt 0.327639 0.760972
vt 0.331050 0.759510
vt 0.329051 0.769598
vt 0.330390 0.776843
vt 0.327103 0.785295
vt 0.334155 0.752372
vt 0.335771 0.743981
vt 0.325591 0.814984
vt 0.330619 0.816490
vt 0.320943 0.806353
vt 0.319852 0.814417
vt 0.324007 0.799453
vt 0.325139 0.792922
vt 0.342993 0.667400
vt 0.345886 0.618932
vt 0.339203 0.705245
vt 0.335708 0.714799
vt 0.334487 0.722694
vt 0.329241 0.727095
vt 0.335619 0.694645
vt 0.335784 0.701009
vt 0.341940 0.649376
vt 0.334104 0.732334
vt 0.328877 0.731922
vt 0.343707 0.628609
vt 0.335329 0.705901
vt 0.330081 0.713999
vt 0.326582 0.722371
vt 0.326162 0.713974
vt 0.322645 0.723227
vt 0.340001 0.639560
vt 0.337367 0.649115
vt 0.334628 0.681241
vt 0.328716 0.683702
vt 0.329612 0.687379
vt 0.331518 0.691827
vt 0.339449 0.661037
vt 0.339646 0.664993
vt 0.332791 0.745948
vt 0.330529 0.751628
vt 0.326214 0.753065
vt 0.322716 0.759382
vt 0.339547 0.633933
vt 0.341155 0.624673
vt 0.340842 0.628563
vt 0.326282 0.776839
vt 0.324189 0.766477
vt 0.319829 0.791865
vt 0.321338 0.762690
vt 0.328034 0.677435
vt 0.324270 0.681049
vt 0.332374 0.679066
vt 0.336649 0.672528
vt 0.331016 0.673994
vt 0.326230 0.684958
vt 0.336917 0.660600
vt 0.336159 0.620751
vt 0.329178 0.699476
vt 0.324885 0.738699
vt 0.323205 0.748120
vt 0.325896 0.729453
vt 0.336304 0.664683
vt 0.333828 0.660627
vt 0.329273 0.705790
vt 0.330083 0.670475
vt 0.332035 0.637139
vt 0.332410 0.651060
vt 0.335724 0.630514
vt 0.329119 0.665088
vt 0.324215 0.672182
vt 0.313387 0.824258
vt 0.327928 0.690454
vt 0.320539 0.777266
vt 0.318464 0.787607
vt 0.316771 0.797575
vt 0.314636 0.806759
vt 0.318640 0.742358
vt 0.321858 0.752917
vt 0.319069 0.768850
vt 0.322114 0.675503
vt 0.332052 0.627523
vt 0.329738 0.647972
vt 0.325670 0.633656
vt 0.318666 0.737942
vt 0.320638 0.734351
vt 0.337678 0.624215
vt 0.323893 0.701730
vt 0.323441 0.710997
vt 0.319134 0.718266
vt 0.323598 0.691617
vt 0.315674 0.783236
vt 0.313629 0.791177
vt 0.329842 0.660617
vt 0.325959 0.660728
vt 0.317813 0.750218
vt 0.318939 0.753405
vt 0.317724 0.761642
vt 0.319182 0.667205
vt 0.317275 0.673684
vt 0.322866 0.683534
vt 0.314522 0.739116
vt 0.320820 0.678997
vt 0.319657 0.681845
vt 0.316893 0.722982
vt 0.330651 0.617268
vt 0.332003 0.623237
vt 0.325027 0.646277
vt 0.320373 0.656539
vt 0.310909 0.820855
vt 0.308045 0.823365
vt 0.304414 0.811915
vt 0.299850 0.817085
vt 0.301904 0.805024
vt 0.307264 0.805405
vt 0.299033 0.802987
vt 0.299666 0.785632
vt 0.312689 0.736421
vt 0.316921 0.733800
vt 0.315323 0.768052
vt 0.321066 0.710553
vt 0.319921 0.705485
vt 0.327350 0.627195
vt 0.328541 0.624353
vt 0.325109 0.619030
vt 0.318001 0.702333
vt 0.319317 0.693374
vt 0.321382 0.661041
vt 0.315848 0.666666
vt 0.294830 0.814169
vt 0.294758 0.802887
vt 0.293555 0.794756
vt 0.294781 0.787355
vt 0.297657 0.776983
vt 0.305052 0.765680
vt 0.303423 0.758064
vt 0.308383 0.759032
vt 0.297562 0.763121
vt 0.295206 0.755896
vt 0.303488 0.777183
vt 0.311604 0.766668
vt 0.315156 0.761194
vt 0.313677 0.753902
vt 0.304926 0.751435
vt 0.305075 0.782852
vt 0.308847 0.785870
vt 0.307135 0.796566
vt 0.320320 0.640135
vt 0.318028 0.655956
vt 0.320570 0.633429
vt 0.316840 0.729496
vt 0.313701 0.748069
vt 0.311229 0.729800
vt 0.309296 0.735063
vt 0.315542 0.698407
vt 0.312302 0.688968
vt 0.312389 0.709188
vt 0.311128 0.738252
vt 0.312702 0.717490
vt 0.308811 0.713472
vt 0.319114 0.616622
vt 0.314886 0.723767
vt 0.312001 0.673916
vt 0.311530 0.684125
vt 0.313602 0.641582
vt 0.316144 0.632889
vt 0.315083 0.654323
vt 0.312989 0.657403
vt 0.322112 0.627568
vt 0.324893 0.624227
vt 0.311002 0.662260
vt 0.308076 0.665957
vt 0.307952 0.703023
vt 0.311694 0.743644
vt 0.311577 0.724790
vt 0.317153 0.618931
vt 0.321883 0.621645
vt 0.312521 0.621579
vt 0.315071 0.623830
vt 0.310169 0.626249
vt 0.315563 0.625873
vt 0.308966 0.708325
vt 0.305765 0.743653
vt 0.303516 0.740947
vt 0.310439 0.696178
vt 0.308308 0.689491
vt 0.313707 0.634296
vt 0.306858 0.645087
vt 0.307399 0.737439
vt 0.311844 0.629317
vt 0.305757 0.698469
vt 0.304013 0.701906
vt 0.301453 0.700410
vt 0.304193 0.695964
vt 0.298666 0.748851
vt 0.293292 0.748345
vt 0.308230 0.717545
vt 0.306308 0.726880
vt 0.305678 0.713932
vt 0.304756 0.731704
vt 0.472456 0.741572
vt 0.473673 0.726037
vt 0.473509 0.731844
vt 0.465211 0.638990
vt 0.466210 0.647416
vt 0.473445 0.752497
vt 0.476591 0.746216
vt 0.468477 0.632972
vt 0.472117 0.626979
vt 0.472023 0.622509
vt 0.475676 0.762670
vt 0.471990 0.703691
vt 0.473707 0.694469
vt 0.475483 0.709106
vt 0.477215 0.688524
vt 0.470074 0.659386
vt 0.466310 0.762405
vt 0.479325 0.773415
vt 0.478493 0.760943
vt 0.477499 0.753975
vt 0.474115 0.812468
vt 0.474661 0.824178
vt 0.475065 0.799613
vt 0.478754 0.719140
vt 0.467604 0.651588
vt 0.479568 0.743229
vt 0.476499 0.788513
vt 0.481508 0.779832
vt 0.483246 0.772751
vt 0.486627 0.757483
vt 0.470490 0.657395
vt 0.473402 0.633308
vt 0.471792 0.665372
vt 0.474357 0.672673
vt 0.477166 0.702157
vt 0.481914 0.699157
vt 0.479730 0.694313
vt 0.479909 0.688451
vt 0.478202 0.827195
vt 0.486363 0.826009
vt 0.484850 0.795872
vt 0.479238 0.798756
vt 0.485887 0.802064
vt 0.482102 0.810440
vt 0.490194 0.813569
vt 0.490300 0.796619
vt 0.487909 0.768330
vt 0.486479 0.782189
vt 0.476851 0.660889
vt 0.480645 0.746551
vt 0.472781 0.681045
vt 0.477327 0.682988
vt 0.478728 0.623286
vt 0.481079 0.726309
vt 0.478379 0.627724
vt 0.478374 0.632335
vt 0.470715 0.635966
vt 0.477102 0.634304
vt 0.480919 0.710203
vt 0.483790 0.722037
vt 0.483588 0.743856
vt 0.483457 0.733464
vt 0.481448 0.703385
vt 0.478040 0.666961
vt 0.482682 0.756882
vt 0.476571 0.658223
vt 0.475851 0.636692
vt 0.470665 0.637837
vt 0.483258 0.620432
vt 0.470703 0.648570
vt 0.472978 0.651415
vt 0.480149 0.654493
vt 0.479613 0.648550
vt 0.467473 0.642557
vt 0.478707 0.641947
vt 0.484231 0.629270
vt 0.480189 0.660709
vt 0.484003 0.679473
vt 0.479770 0.673618
vt 0.481575 0.667091
vt 0.485311 0.751841
vt 0.490536 0.766308
vt 0.484659 0.746326
vt 0.495431 0.780829
vt 0.491803 0.785231
vt 0.495649 0.791899
vt 0.484634 0.694656
vt 0.482962 0.689334
vt 0.484188 0.686345
vt 0.491642 0.821053
vt 0.492773 0.808067
vt 0.484026 0.649835
vt 0.483347 0.639825
vt 0.482470 0.634020
vt 0.483603 0.710106
vt 0.486922 0.717281
vt 0.488860 0.739299
vt 0.488064 0.730436
vt 0.486619 0.655037
vt 0.484610 0.699069
vt 0.486395 0.702631
vt 0.483399 0.661357
vt 0.487024 0.629218
vt 0.486476 0.632355
vt 0.486301 0.637473
vt 0.487632 0.709859
vt 0.492265 0.730791
vt 0.483811 0.673905
vt 0.485777 0.667179
vt 0.486056 0.659847
vt 0.491146 0.652669
vt 0.493828 0.642979
vt 0.491659 0.757534
vt 0.492919 0.767492
vt 0.495650 0.769809
vt 0.495439 0.747600
vt 0.496578 0.740281
vt 0.496314 0.730827
vt 0.498110 0.745547
vt 0.491451 0.752125
vt 0.496171 0.821813
vt 0.497924 0.797408
vt 0.500466 0.784484
vt 0.493360 0.677819
vt 0.491845 0.668345
vt 0.490795 0.661602
vt 0.494949 0.685728
vt 0.493836 0.693074
vt 0.492149 0.621304
vt 0.498378 0.625967
vt 0.500552 0.822896
vt 0.498497 0.810741
vt 0.502564 0.802233
vt 0.504512 0.789481
vt 0.492800 0.702944
vt 0.494120 0.716539
vt 0.493330 0.630401
vt 0.498887 0.630866
vt 0.501096 0.625843
vt 0.499809 0.668427
vt 0.500467 0.690588
vt 0.498668 0.697392
vt 0.502053 0.697435
vt 0.500678 0.713337
vt 0.498184 0.661035
vt 0.498640 0.652917
vt 0.495714 0.758557
vt 0.498774 0.752808
vt 0.497258 0.765515
vt 0.492330 0.636511
vt 0.497643 0.634298
vt 0.500229 0.640145
vt 0.504469 0.820917
vt 0.505294 0.751123
vt 0.507203 0.761688
vt 0.500771 0.769624
vt 0.507424 0.770622
vt 0.499768 0.777734
vt 0.512362 0.779438
vt 0.502213 0.725910
vt 0.504704 0.711997
vt 0.506181 0.699275
vt 0.501247 0.738997
vt 0.506335 0.736150
vt 0.512101 0.767607
vt 0.509957 0.751496
vt 0.507504 0.744821
vt 0.507366 0.783725
vt 0.511181 0.786344
vt 0.507238 0.790224
vt 0.506050 0.799080
vt 0.492441 0.650227
vt 0.498099 0.647034
vt 0.502294 0.623815
vt 0.505037 0.624412
vt 0.503750 0.687985
vt 0.502270 0.661064
vt 0.503139 0.667902
vt 0.505360 0.674669
vt 0.503523 0.653532
vt 0.502533 0.648284
vt 0.510034 0.826634
vt 0.507530 0.812862
vt 0.502020 0.634238
vt 0.508259 0.689176
vt 0.508655 0.676388
vt 0.504126 0.627628
vt 0.504792 0.630995
vt 0.508398 0.704600
vt 0.509066 0.713484
vt 0.511433 0.741720
vt 0.511628 0.812004
vt 0.513229 0.826304
vt 0.506407 0.661848
vt 0.506501 0.669692
vt 0.513908 0.803061
vt 0.512358 0.794074
vt 0.515211 0.783532
vt 0.509662 0.658192
vt 0.508372 0.651042
vt 0.504950 0.638835
vt 0.508560 0.633232
vt 0.509708 0.638693
vt 0.510129 0.630458
vt 0.516261 0.771338
vt 0.513039 0.754969
vt 0.514214 0.743785
vt 0.511633 0.736865
vt 0.511543 0.721378
vt 0.517596 0.673319
vt 0.521006 0.813600
vt 0.522320 0.802264
vt 0.515515 0.814073
vt 0.519997 0.824896
vt 0.519304 0.654274
vt 0.515572 0.651573
vt 0.514786 0.646584
vt 0.512553 0.638896
vt 0.514296 0.698690
vt 0.513385 0.690339
vt 0.514298 0.715228
vt 0.513739 0.703168
vt 0.517572 0.677354
vt 0.521540 0.673804
vt 0.514926 0.737262
vt 0.513772 0.725135
vt 0.509709 0.621330
vt 0.513937 0.670211
vt 0.517967 0.668058
vt 0.512316 0.665445
vt 0.517669 0.664760
vt 0.520992 0.651893
vt 0.507865 0.626025
vt 0.519822 0.647855
vt 0.518597 0.791975
vt 0.513984 0.623573
vt 0.523240 0.675655
vt 0.523792 0.653243
vt 0.519073 0.773628
vt 0.518868 0.756773
vt 0.517024 0.746006
vt 0.521697 0.769490
vt 0.522780 0.827762
vt 0.521813 0.656090
vt 0.519377 0.660411
vt 0.522765 0.664775
vt 0.523442 0.659401
vt 0.522578 0.680559
vt 0.521973 0.787068
vt 0.521925 0.776111
vt 0.521649 0.668907
vt 0.524396 0.672676
vt 0.518591 0.693596
vt 0.519417 0.698640
vt 0.519994 0.703290
vt 0.517164 0.688056
vt 0.518248 0.681088
vt 0.522930 0.692628
vt 0.524777 0.685831
vt 0.518942 0.717448
vt 0.522262 0.737177
vt 0.523896 0.744978
vt 0.524799 0.733676
vt 0.521060 0.714310
vt 0.527561 0.741478
vt 0.526472 0.799538
vt 0.521978 0.640271
vt 0.519444 0.632214
vt 0.523374 0.647696
vt 0.512937 0.627544
vt 0.522134 0.753708
vt 0.521061 0.761593
vt 0.518795 0.624723
vt 0.535591 0.824825
vt 0.528490 0.822511
vt 0.531319 0.813148
vt 0.527079 0.811818
vt 0.532776 0.803736
vt 0.526714 0.655772
vt 0.526290 0.785148
vt 0.528461 0.791960
vt 0.533085 0.785795
vt 0.525973 0.775572
vt 0.526010 0.767449
vt 0.524006 0.636425
vt 0.521994 0.628216
vt 0.525463 0.646928
vt 0.522414 0.617178
vt 0.527512 0.749124
vt 0.528908 0.755605
vt 0.533670 0.752288
vt 0.532503 0.762376
vt 0.528549 0.693810
vt 0.533365 0.687670
vt 0.532155 0.697488
vt 0.529327 0.681813
vt 0.527665 0.675712
vt 0.527352 0.673420
vt 0.524194 0.700366
vt 0.530185 0.718041
vt 0.526603 0.709602
vt 0.535658 0.720868
vt 0.531531 0.734746
vt 0.531750 0.710803
vt 0.539776 0.718661
vt 0.535083 0.707190
vt 0.538849 0.740374
vt 0.539928 0.730430
vt 0.536667 0.751330
vt 0.525227 0.668125
vt 0.529402 0.649199
vt 0.526799 0.653800
vt 0.529707 0.665858
vt 0.529205 0.669302
vt 0.529823 0.660424
vt 0.527523 0.638779
vt 0.526028 0.627597
vt 0.538994 0.766039
vt 0.540772 0.753011
vt 0.537280 0.802465
vt 0.539523 0.810372
vt 0.533001 0.778130
vt 0.539539 0.775284
vt 0.540771 0.787117
vt 0.542723 0.820770
vt 0.546941 0.825805
vt 0.539437 0.722637
vt 0.534490 0.729087
vt 0.542736 0.722908
vt 0.529345 0.628651
vt 0.527003 0.618011
vt 0.531039 0.643564
vt 0.531485 0.637857
vt 0.537322 0.709945
vt 0.533934 0.680748
vt 0.536512 0.702419
vt 0.540519 0.692719
vt 0.541681 0.685877
vt 0.544469 0.805877
vt 0.544979 0.812484
vt 0.544342 0.781435
vt 0.547383 0.774763
vt 0.545815 0.790832
vt 0.543115 0.767156
vt 0.546229 0.764515
vt 0.532845 0.669198
vt 0.533993 0.663582
vt 0.529561 0.655551
vt 0.543653 0.738957
vt 0.544394 0.728638
vt 0.531669 0.674306
vt 0.537207 0.678548
vt 0.540779 0.704382
vt 0.535955 0.651612
vt 0.549242 0.810306
vt 0.548308 0.801858
vt 0.543941 0.718795
vt 0.541243 0.712628
vt 0.533861 0.627468
vt 0.534384 0.619592
vt 0.535931 0.635794
vt 0.538324 0.646633
vt 0.553507 0.823757
vt 0.557724 0.825183
vt 0.556855 0.813548
vt 0.552944 0.809668
vt 0.552889 0.803821
vt 0.554853 0.797401
vt 0.550698 0.788035
vt 0.549191 0.781646
vt 0.550658 0.769191
vt 0.544473 0.750923
vt 0.547488 0.741256
vt 0.536559 0.670255
vt 0.535078 0.656024
vt 0.545213 0.711124
vt 0.540856 0.647689
vt 0.544044 0.698055
vt 0.545258 0.691500
vt 0.549368 0.733502
vt 0.549633 0.728232
vt 0.546996 0.722597
vt 0.537992 0.626198
vt 0.542806 0.638769
vt 0.547200 0.702872
vt 0.549036 0.694190
vt 0.546082 0.707410
vt 0.541746 0.666916
vt 0.542833 0.676369
vt 0.545478 0.686133
vt 0.548108 0.675681
vt 0.539519 0.655512
vt 0.551155 0.691200
vt 0.553248 0.780964
vt 0.539839 0.618255
vt 0.551828 0.741373
vt 0.550146 0.753483
vt 0.554201 0.751742
vt 0.556036 0.764773
vt 0.548214 0.719505
vt 0.559050 0.806108
vt 0.542589 0.631994
vt 0.548678 0.635625
vt 0.545113 0.626163
vt 0.547912 0.646501
vt 0.544696 0.650953
vt 0.548470 0.666869
vt 0.551283 0.673437
vt 0.550753 0.709663
vt 0.558840 0.788997
vt 0.549785 0.715457
vt 0.552666 0.737745
vt 0.558903 0.780450
vt 0.564437 0.787589
vt 0.565145 0.778843
vt 0.560208 0.799810
vt 0.552842 0.678924
vt 0.553381 0.682624
vt 0.563442 0.821479
vt 0.554702 0.689055
vt 0.551249 0.703513
vt 0.554303 0.700716
vt 0.553772 0.693911
vt 0.551465 0.722683
vt 0.554310 0.672326
vt 0.567831 0.823074
vt 0.550789 0.648094
vt 0.558550 0.743500
vt 0.548024 0.622727
vt 0.550216 0.630762
vt 0.552779 0.640871
vt 0.554846 0.634594
vt 0.555221 0.729901
vt 0.563690 0.804976
vt 0.566465 0.797302
vt 0.568140 0.788514
vt 0.556779 0.706951
vt 0.554114 0.714594
vt 0.562421 0.768057
vt 0.565077 0.749787
vt 0.563021 0.739722
vt 0.557761 0.732224
vt 0.558195 0.725752
vt 0.563035 0.755467
vt 0.566419 0.765911
vt 0.568993 0.779219
vt 0.556147 0.692715
vt 0.568443 0.807385
vt 0.571367 0.820053
vt 0.574743 0.815148
vt 0.571003 0.802847
vt 0.554160 0.666500
vt 0.552714 0.662118
vt 0.551717 0.617531
vt 0.554402 0.625148
vt 0.557987 0.680292
vt 0.561321 0.708888
vt 0.560201 0.702633
vt 0.573345 0.788476
vt 0.571174 0.782384
vt 0.574559 0.785714
vt 0.573374 0.797807
vt 0.570713 0.766128
vt 0.556593 0.646268
vt 0.557932 0.642018
vt 0.556442 0.663950
vt 0.555539 0.652845
vt 0.558454 0.699395
vt 0.564823 0.717356
vt 0.565532 0.731012
vt 0.557706 0.719351
vt 0.563183 0.722025
vt 0.569492 0.753358
vt 0.566917 0.741308
vt 0.577316 0.818995
vt 0.578045 0.804042
vt 0.580678 0.816239
vt 0.565956 0.711780
vt 0.561656 0.697300
vt 0.568798 0.705145
vt 0.571929 0.711902
vt 0.559054 0.691455
vt 0.560426 0.688605
vt 0.569469 0.719611
vt 0.560202 0.651554
vt 0.562040 0.665690
vt 0.563657 0.659334
vt 0.561376 0.645833
vt 0.560284 0.671646
vt 0.565258 0.679476
vt 0.559853 0.677098
vt 0.584668 0.821001
vt 0.566114 0.694459
vt 0.559310 0.617924
vt 0.574750 0.767570
vt 0.574290 0.753523
vt 0.581171 0.761850
vt 0.576640 0.743550
vt 0.577742 0.761011
vt 0.581094 0.771216
vt 0.586819 0.775336
vt 0.583359 0.780977
vt 0.577405 0.779747
vt 0.572678 0.738443
vt 0.574524 0.721498
vt 0.575524 0.730446
vt 0.578788 0.733377
vt 0.581129 0.794865
vt 0.577800 0.793460
vt 0.560919 0.634058
vt 0.582386 0.785772
vt 0.555242 0.620854
vt 0.562648 0.620724
vt 0.562809 0.623988
vt 0.578606 0.713515
vt 0.572044 0.704426
vt 0.580221 0.710490
vt 0.564094 0.641653
vt 0.564810 0.634392
vt 0.569595 0.673612
vt 0.584656 0.812481
vt 0.588870 0.814988
vt 0.586173 0.801783
vt 0.584081 0.790561
vt 0.566910 0.689071
vt 0.571225 0.694930
vt 0.569110 0.678584
vt 0.580470 0.720837
vt 0.581361 0.714849
vt 0.175765 0.770696
vt 0.182458 0.767862
vt 0.176783 0.764755
vt 0.186652 0.775971
vt 0.186749 0.770399
vt 0.176096 0.780924
vt 0.184289 0.780202
vt 0.184582 0.766043
vt 0.180362 0.761870
vt 0.188685 0.768378
vt 0.189215 0.773207
vt 0.188616 0.779059
vt 0.172410 0.765058
vt 0.170270 0.772168
vt 0.173806 0.777954
vt 0.167752 0.782372
vt 0.174171 0.762081
vt 0.186110 0.762915
vt 0.163363 0.767924
vt 0.167575 0.764010
vt 0.161464 0.783870
vt 0.159165 0.770952
vt 0.157546 0.763980
vt 0.170178 0.756078
vt 0.174338 0.754711
vt 0.177398 0.755525
vt 0.181397 0.747078
vt 0.171559 0.745191
vt 0.168319 0.748119
vt 0.158924 0.756608
vt 0.161772 0.747707
vt 0.163611 0.740394
vt 0.174483 0.739637
vt 0.177832 0.743298
vt 0.172567 0.729608
vt 0.168636 0.732686
vt 0.178155 0.732579
vt 0.180952 0.736318
vt 0.157413 0.747163
vt 0.156453 0.739789
vt 0.171322 0.724099
vt 0.166410 0.722510
vt 0.168427 0.715638
vt 0.161852 0.715476
vt 0.162040 0.713515
vt 0.168220 0.706873
vt 0.160896 0.726229
vt 0.160525 0.719927
vt 0.157068 0.714608
vt 0.169960 0.793775
vt 0.174551 0.796051
vt 0.177994 0.797036
vt 0.176773 0.807594
vt 0.169758 0.804914
vt 0.172179 0.810336
vt 0.183875 0.789827
vt 0.166475 0.798574
vt 0.167899 0.809060
vt 0.168078 0.811931
vt 0.178262 0.811145
vt 0.182472 0.804082
vt 0.176426 0.817272
vt 0.167465 0.817427
vt 0.171626 0.820415
vt 0.171347 0.826422
vt 0.181626 0.815503
vt 0.179238 0.822277
vt 0.185322 0.808446
vt 0.186036 0.801350
vt 0.173899 0.823440
vt 0.176554 0.822381
vt 0.175823 0.834975
vt 0.166290 0.831890
vt 0.166193 0.835653
vt 0.169524 0.838801
vt 0.161439 0.840254
vt 0.163318 0.846595
vt 0.162259 0.833501
vt 0.162492 0.800922
vt 0.159100 0.792170
vt 0.158519 0.811227
vt 0.165331 0.812042
vt 0.158107 0.734741
vt 0.155897 0.768138
vt 0.153806 0.762602
vt 0.155452 0.754717
vt 0.164246 0.707803
vt 0.162404 0.705441
vt 0.158727 0.711245
vt 0.159673 0.844103
vt 0.162522 0.856598
vt 0.167159 0.849362
vt 0.164898 0.866345
vt 0.166356 0.859302
vt 0.173892 0.848972
vt 0.168223 0.868530
vt 0.170403 0.861275
vt 0.176070 0.866574
vt 0.177865 0.849908
vt 0.178277 0.830513
vt 0.183105 0.874642
vt 0.181097 0.861764
vt 0.178443 0.873914
vt 0.167885 0.873717
vt 0.164729 0.872769
vt 0.180123 0.890508
vt 0.184022 0.890171
vt 0.171728 0.891859
vt 0.178083 0.881896
vt 0.172727 0.880922
vt 0.167154 0.884716
vt 0.184350 0.860991
vt 0.180594 0.844487
vt 0.189088 0.888147
vt 0.187036 0.874501
vt 0.181190 0.832081
vt 0.187823 0.862946
vt 0.186416 0.847005
vt 0.184395 0.842528
vt 0.185291 0.829022
vt 0.187102 0.815026
vt 0.166994 0.687846
vt 0.160586 0.695912
vt 0.170891 0.691650
vt 0.175221 0.724197
vt 0.179043 0.730735
vt 0.176012 0.684304
vt 0.181353 0.682970
vt 0.182176 0.694097
vt 0.181261 0.704008
vt 0.173755 0.694319
vt 0.175859 0.712580
vt 0.181880 0.718478
vt 0.173508 0.707980
vt 0.179569 0.723617
vt 0.184065 0.730391
vt 0.183518 0.733349
vt 0.156913 0.688434
vt 0.156234 0.697976
vt 0.155727 0.706457
vt 0.152872 0.683423
vt 0.148135 0.700310
vt 0.149913 0.685778
vt 0.160971 0.818423
vt 0.165453 0.824141
vt 0.155570 0.828691
vt 0.153324 0.817172
vt 0.151820 0.812436
vt 0.154379 0.800571
vt 0.154314 0.777797
vt 0.162894 0.828117
vt 0.157440 0.832622
vt 0.156069 0.842731
vt 0.146902 0.733258
vt 0.152689 0.740064
vt 0.151792 0.734258
vt 0.145666 0.726551
vt 0.151991 0.722433
vt 0.163307 0.889949
vt 0.160063 0.879337
vt 0.159426 0.871795
vt 0.159070 0.891702
vt 0.157972 0.866771
vt 0.155422 0.720616
vt 0.149134 0.719398
vt 0.142290 0.723672
vt 0.148561 0.715740
vt 0.154309 0.715655
vt 0.153110 0.745506
vt 0.149908 0.741151
vt 0.144457 0.734483
vt 0.142066 0.731510
vt 0.149475 0.708688
vt 0.153848 0.709615
vt 0.155871 0.848727
vt 0.180702 0.751056
vt 0.187628 0.747382
vt 0.185660 0.752165
vt 0.185067 0.743995
vt 0.184991 0.736269
vt 0.152736 0.756253
vt 0.149386 0.749282
vt 0.150939 0.761892
vt 0.147816 0.755562
vt 0.144621 0.747787
vt 0.154148 0.713701
vt 0.153253 0.768446
vt 0.145230 0.710329
vt 0.146520 0.692422
vt 0.153168 0.868034
vt 0.153234 0.878189
vt 0.152103 0.834276
vt 0.151866 0.825677
vt 0.144903 0.812190
vt 0.147641 0.800395
vt 0.148098 0.825816
vt 0.150483 0.794055
vt 0.147848 0.792873
vt 0.147509 0.778829
vt 0.151281 0.774443
vt 0.144492 0.679289
vt 0.142007 0.697701
vt 0.139972 0.703260
vt 0.141480 0.711569
vt 0.142341 0.718486
vt 0.137731 0.723458
vt 0.139872 0.728305
vt 0.152322 0.892191
vt 0.149044 0.764623
vt 0.150832 0.857797
vt 0.150740 0.848317
vt 0.146158 0.860812
vt 0.152672 0.843154
vt 0.149638 0.872115
vt 0.145783 0.830915
vt 0.147534 0.841871
vt 0.147333 0.761726
vt 0.145338 0.767591
vt 0.141251 0.764717
vt 0.142795 0.761799
vt 0.142421 0.770848
vt 0.144267 0.742959
vt 0.138485 0.744619
vt 0.136391 0.747159
vt 0.140472 0.778375
vt 0.137894 0.784505
vt 0.139549 0.792938
vt 0.138110 0.769463
vt 0.141910 0.798077
vt 0.140682 0.810230
vt 0.139136 0.805434
vt 0.142093 0.753937
vt 0.140973 0.758800
vt 0.139413 0.733483
vt 0.140034 0.741697
vt 0.142479 0.818501
vt 0.144213 0.826173
vt 0.145608 0.849677
vt 0.146549 0.880659
vt 0.145676 0.894696
vt 0.141589 0.882262
vt 0.139749 0.871355
vt 0.145805 0.870458
vt 0.137489 0.862746
vt 0.143406 0.862838
vt 0.139604 0.848495
vt 0.133576 0.856826
vt 0.132613 0.868291
vt 0.140287 0.831604
vt 0.140969 0.840747
vt 0.140231 0.824954
vt 0.139185 0.694050
vt 0.135622 0.726808
vt 0.137112 0.732519
vt 0.136483 0.779526
vt 0.136811 0.797206
vt 0.133977 0.785207
vt 0.138981 0.738050
vt 0.137861 0.764742
vt 0.135538 0.698423
vt 0.137728 0.708863
vt 0.138625 0.717790
vt 0.186674 0.704757
vt 0.189517 0.788692
vt 0.134785 0.833001
vt 0.135885 0.845563
vt 0.136462 0.893789
vt 0.137096 0.879875
vt 0.135348 0.887096
vt 0.134786 0.685869
vt 0.133971 0.824329
vt 0.129726 0.830177
vt 0.136505 0.809861
vt 0.136083 0.753482
vt 0.132245 0.747343
vt 0.132057 0.755903
vt 0.136887 0.757776
vt 0.134221 0.761585
vt 0.135324 0.739325
vt 0.132035 0.745223
vt 0.132693 0.736500
vt 0.133616 0.723885
vt 0.132295 0.779277
vt 0.134998 0.773616
vt 0.133950 0.769617
vt 0.131283 0.848591
vt 0.128740 0.855795
vt 0.129405 0.870814
vt 0.126137 0.831112
vt 0.126318 0.847634
vt 0.132372 0.817370
vt 0.124091 0.827326
vt 0.134315 0.802219
vt 0.131837 0.794754
vt 0.129681 0.784503
vt 0.132987 0.715964
vt 0.129112 0.719727
vt 0.130218 0.713011
vt 0.131129 0.881985
vt 0.130280 0.892801
vt 0.128404 0.694236
vt 0.128202 0.685149
vt 0.130235 0.739332
vt 0.130484 0.773077
vt 0.129233 0.769127
vt 0.130752 0.764747
vt 0.122923 0.761798
vt 0.123941 0.754418
vt 0.128630 0.734711
vt 0.133468 0.732512
vt 0.131511 0.728614
vt 0.127703 0.779633
vt 0.125018 0.883681
vt 0.123110 0.892255
vt 0.119315 0.832104
vt 0.123076 0.847197
vt 0.123493 0.857707
vt 0.125446 0.872302
vt 0.128038 0.748094
vt 0.127706 0.745207
vt 0.124299 0.764728
vt 0.132415 0.808658
vt 0.126397 0.815553
vt 0.122294 0.819573
vt 0.126313 0.804973
vt 0.129155 0.798805
vt 0.125997 0.795479
vt 0.122273 0.687177
vt 0.128138 0.703188
vt 0.122580 0.695184
vt 0.125002 0.690735
vt 0.125858 0.711392
vt 0.119553 0.693328
vt 0.126434 0.773669
vt 0.124806 0.768594
vt 0.130577 0.724532
vt 0.125495 0.739810
vt 0.123807 0.719740
vt 0.124256 0.717776
vt 0.121319 0.711757
vt 0.125335 0.784924
vt 0.123666 0.779771
vt 0.192672 0.883154
vt 0.195530 0.887717
vt 0.122972 0.703262
vt 0.119393 0.812257
vt 0.118697 0.821545
vt 0.116847 0.829767
vt 0.122301 0.725751
vt 0.118597 0.889893
vt 0.117747 0.869804
vt 0.114805 0.889698
vt 0.119007 0.876565
vt 0.119025 0.853797
vt 0.116120 0.832892
vt 0.118836 0.841177
vt 0.120299 0.769061
vt 0.123443 0.747124
vt 0.118679 0.763698
vt 0.120327 0.756605
vt 0.120063 0.750294
vt 0.121975 0.772325
vt 0.119409 0.703755
vt 0.122876 0.791524
vt 0.117842 0.804403
vt 0.111064 0.808491
vt 0.112843 0.819905
vt 0.111773 0.783796
vt 0.111865 0.793962
vt 0.116543 0.791172
vt 0.120234 0.782267
vt 0.118461 0.779710
vt 0.111885 0.775335
vt 0.116024 0.771442
vt 0.115436 0.767612
vt 0.113879 0.849714
vt 0.116050 0.840501
vt 0.120737 0.740209
vt 0.120767 0.719680
vt 0.114000 0.826274
vt 0.112429 0.831086
vt 0.108323 0.823673
vt 0.116737 0.711827
vt 0.116837 0.700817
vt 0.108500 0.812288
vt 0.106163 0.791365
vt 0.105911 0.804618
vt 0.112167 0.871026
vt 0.110940 0.884792
vt 0.109646 0.858203
vt 0.106451 0.848500
vt 0.117290 0.745085
vt 0.113165 0.731780
vt 0.114281 0.723253
vt 0.109012 0.724027
vt 0.111466 0.717144
vt 0.105051 0.715101
vt 0.108239 0.708212
vt 0.112633 0.704992
vt 0.115742 0.756582
vt 0.109103 0.838579
vt 0.109951 0.769311
vt 0.106632 0.781796
vt 0.111940 0.687150
vt 0.115119 0.693068
vt 0.106937 0.867207
vt 0.104748 0.872255
vt 0.103397 0.858921
vt 0.105733 0.888148
vt 0.104209 0.828401
vt 0.107227 0.831017
vt 0.104843 0.837683
vt 0.105262 0.813922
vt 0.104181 0.800654
vt 0.109230 0.737367
vt 0.112848 0.746925
vt 0.107372 0.756406
vt 0.113005 0.763502
vt 0.106285 0.765480
vt 0.101801 0.752803
vt 0.102358 0.769182
vt 0.104820 0.729459
vt 0.104041 0.736442
vt 0.103331 0.726620
vt 0.102176 0.820889
vt 0.102242 0.809631
vt 0.111168 0.698407
vt 0.106530 0.704946
vt 0.103229 0.894605
vt 0.100931 0.845953
vt 0.096733 0.855423
vt 0.097404 0.867989
vt 0.099611 0.882368
vt 0.097497 0.892108
vt 0.103062 0.794797
vt 0.099239 0.772005
vt 0.103530 0.783818
vt 0.100452 0.827965
vt 0.104467 0.693261
vt 0.102480 0.685705
vt 0.104962 0.696134
vt 0.186749 0.683149
vt 0.186792 0.695626
vt 0.189906 0.824189
vt 0.193026 0.867118
vt 0.198712 0.841374
vt 0.195983 0.846908
vt 0.201389 0.851025
vt 0.191175 0.848068
vt 0.193949 0.854479
vt 0.199583 0.855627
vt 0.197431 0.873976
vt 0.190890 0.837460
vt 0.188006 0.808329
vt 0.189588 0.798523
vt 0.190129 0.754598
vt 0.188662 0.727709
vt 0.189137 0.731141
vt 0.187296 0.721069
vt 0.187308 0.711587
vt 0.191185 0.700032
vt 0.191988 0.706616
vt 0.192222 0.744163
vt 0.195022 0.750371
vt 0.190594 0.766022
vt 0.191678 0.735226
vt 0.191455 0.778809
vt 0.102333 0.707492
vt 0.099642 0.718440
vt 0.095971 0.777570
vt 0.098895 0.795791
vt 0.096081 0.802598
vt 0.093952 0.807999
vt 0.098167 0.816945
vt 0.096739 0.827215
vt 0.098080 0.695050
vt 0.098530 0.701745
vt 0.095377 0.846918
vt 0.096427 0.834115
vt 0.091915 0.855175
vt 0.090705 0.847482
vt 0.091793 0.832787
vt 0.093006 0.873778
vt 0.100784 0.736494
vt 0.097982 0.750835
vt 0.096223 0.731979
vt 0.097246 0.759013
vt 0.093518 0.765339
vt 0.098788 0.732051
vt 0.096903 0.685181
vt 0.091895 0.779133
vt 0.090665 0.891943
vt 0.086382 0.891270
vt 0.087875 0.870009
vt 0.087791 0.854481
vt 0.085607 0.846664
vt 0.087493 0.837425
vt 0.093201 0.817239
vt 0.093753 0.695485
vt 0.090131 0.760053
vt 0.092536 0.752282
vt 0.091323 0.742413
vt 0.093863 0.733679
vt 0.097408 0.718055
vt 0.096267 0.713133
vt 0.090872 0.803240
vt 0.086873 0.765311
vt 0.087465 0.775756
vt 0.092046 0.794586
vt 0.092105 0.705384
vt 0.093890 0.718962
vt 0.091323 0.713946
vt 0.091256 0.821240
vt 0.085538 0.820664
vt 0.087832 0.829864
vt 0.089852 0.809080
vt 0.088520 0.807076
vt 0.087619 0.742052
vt 0.091092 0.748403
vt 0.091853 0.727695
vt 0.089825 0.733430
vt 0.084616 0.739780
vt 0.191792 0.770174
vt 0.191784 0.693158
vt 0.193281 0.762172
vt 0.201413 0.889350
vt 0.196753 0.828802
vt 0.191818 0.803925
vt 0.193363 0.792874
vt 0.200820 0.794085
vt 0.198554 0.785597
vt 0.195076 0.781471
vt 0.201928 0.801689
vt 0.201655 0.815914
vt 0.202653 0.839519
vt 0.206581 0.848049
vt 0.202065 0.826117
vt 0.197798 0.814326
vt 0.197702 0.717949
vt 0.194896 0.725586
vt 0.191176 0.676060
vt 0.194646 0.733805
vt 0.196833 0.730261
vt 0.197134 0.741074
vt 0.201458 0.744195
vt 0.198798 0.736522
vt 0.200675 0.733078
vt 0.201536 0.753908
vt 0.196389 0.759855
vt 0.197373 0.710266
vt 0.196999 0.701503
vt 0.201041 0.717776
vt 0.198963 0.722946
vt 0.201020 0.728956
vt 0.205569 0.881310
vt 0.204333 0.873878
vt 0.206256 0.864541
vt 0.210069 0.871995
vt 0.209722 0.853573
vt 0.209562 0.885341
vt 0.199244 0.695875
vt 0.207389 0.791289
vt 0.208495 0.793699
vt 0.196666 0.776051
vt 0.205153 0.781313
vt 0.202217 0.774467
vt 0.195090 0.769024
vt 0.201151 0.763628
vt 0.205704 0.753686
vt 0.204384 0.817549
vt 0.204055 0.809165
vt 0.209173 0.802302
vt 0.212848 0.798561
vt 0.214641 0.805035
vt 0.213549 0.811594
vt 0.210931 0.814966
vt 0.212887 0.793756
vt 0.211486 0.791325
vt 0.204522 0.740614
vt 0.208886 0.839244
vt 0.214819 0.830257
vt 0.209893 0.822072
vt 0.213706 0.849243
vt 0.212160 0.838213
vt 0.212778 0.819711
vt 0.214747 0.826881
vt 0.200765 0.705159
vt 0.201558 0.713705
vt 0.202224 0.680918
vt 0.204086 0.693462
vt 0.213760 0.855868
vt 0.213375 0.867395
vt 0.217992 0.822358
vt 0.205058 0.732294
vt 0.205603 0.720455
vt 0.216320 0.873718
vt 0.216518 0.860947
vt 0.217426 0.888268
vt 0.202851 0.769197
vt 0.210181 0.777612
vt 0.211677 0.726944
vt 0.209931 0.718571
vt 0.208283 0.733004
vt 0.212337 0.737779
vt 0.211353 0.745982
vt 0.215811 0.745800
vt 0.211498 0.757456
vt 0.217207 0.754538
vt 0.208844 0.765665
vt 0.209232 0.786316
vt 0.205024 0.705688
vt 0.214490 0.818645
vt 0.216933 0.830143
vt 0.218878 0.834440
vt 0.214707 0.836520
vt 0.216990 0.847825
vt 0.220313 0.853317
vt 0.220663 0.862617
vt 0.208763 0.690471
vt 0.211976 0.701363
vt 0.209243 0.713097
vt 0.216272 0.789801
vt 0.215102 0.777631
vt 0.213230 0.768869
vt 0.215107 0.765119
vt 0.217078 0.759919
vt 0.221004 0.758235
vt 0.219828 0.877405
vt 0.216348 0.812721
vt 0.217430 0.806447
vt 0.221508 0.837848
vt 0.213691 0.710990
vt 0.215397 0.703094
vt 0.212772 0.719755
vt 0.226457 0.869070
vt 0.223594 0.876587
vt 0.231219 0.882388
vt 0.223837 0.886211
vt 0.229109 0.891853
vt 0.218399 0.767662
vt 0.219975 0.779796
vt 0.215694 0.794252
vt 0.219641 0.791060
vt 0.224509 0.855381
vt 0.220609 0.752822
vt 0.224372 0.757491
vt 0.223950 0.751814
vt 0.219480 0.744660
vt 0.216025 0.685877
vt 0.217365 0.693308
vt 0.218815 0.801034
vt 0.223847 0.760054
vt 0.218909 0.818668
vt 0.216656 0.816175
vt 0.222940 0.767330
vt 0.227276 0.774480
vt 0.223608 0.786881
vt 0.223265 0.797342
vt 0.220827 0.826639
vt 0.216845 0.735736
vt 0.216738 0.730874
vt 0.221841 0.726261
vt 0.217030 0.724657
vt 0.222393 0.723274
vt 0.220209 0.718458
vt 0.224946 0.832913
vt 0.227498 0.839392
vt 0.229715 0.854979
vt 0.221951 0.821143
vt 0.222534 0.807953
vt 0.219847 0.707166
vt 0.225261 0.724061
vt 0.221702 0.810256
vt 0.227110 0.809099
vt 0.223195 0.816026
vt 0.230272 0.815365
vt 0.228999 0.799658
vt 0.228071 0.789400
vt 0.231637 0.780447
vt 0.223669 0.733032
vt 0.224520 0.746650
vt 0.228502 0.742122
vt 0.223757 0.818344
vt 0.232196 0.818628
vt 0.226321 0.824929
vt 0.229029 0.865452
vt 0.232334 0.874560
vt 0.232894 0.863972
vt 0.232490 0.857150
vt 0.220828 0.699659
vt 0.221287 0.685311
vt 0.225295 0.726010
vt 0.225801 0.702841
vt 0.226445 0.708922
vt 0.228680 0.715830
vt 0.227107 0.821603
vt 0.231631 0.824097
vt 0.231342 0.831160
vt 0.231809 0.837457
vt 0.236114 0.831243
vt 0.235877 0.843713
vt 0.231996 0.852040
vt 0.236479 0.854742
vt 0.227828 0.756468
vt 0.229050 0.749113
vt 0.228407 0.767894
vt 0.223952 0.764331
vt 0.227121 0.763617
vt 0.225814 0.718761
vt 0.227364 0.728880
vt 0.231244 0.737523
vt 0.228612 0.732484
vt 0.231207 0.717623
vt 0.224857 0.694867
vt 0.231304 0.807083
vt 0.236668 0.814820
vt 0.234266 0.882652
vt 0.235826 0.876350
vt 0.228405 0.759143
vt 0.225008 0.684966
vt 0.235097 0.862580
vt 0.238993 0.857703
vt 0.238342 0.865508
vt 0.241014 0.879159
vt 0.240421 0.889907
vt 0.234233 0.777495
vt 0.232930 0.715517
vt 0.232668 0.706265
vt 0.229912 0.699998
vt 0.234179 0.740332
vt 0.233078 0.746072
vt 0.237175 0.742762
vt 0.231398 0.755990
vt 0.234217 0.788965
vt 0.235744 0.800961
vt 0.238953 0.783644
vt 0.238354 0.796562
vt 0.240178 0.808412
vt 0.239821 0.819719
vt 0.235688 0.822533
vt 0.227749 0.691752
vt 0.234175 0.730931
vt 0.237093 0.737155
vt 0.239895 0.740573
vt 0.232447 0.726408
vt 0.229121 0.724191
vt 0.234165 0.768784
vt 0.236343 0.774837
vt 0.239876 0.778181
vt 0.233510 0.762748
vt 0.239126 0.844066
vt 0.243457 0.855500
vt 0.232483 0.689215
vt 0.233617 0.680442
vt 0.233831 0.722025
vt 0.245872 0.880112
vt 0.246984 0.887970
vt 0.241665 0.790021
vt 0.245839 0.788652
vt 0.250064 0.787501
vt 0.243872 0.796781
vt 0.239597 0.829561
vt 0.254420 0.826507
vt 0.252891 0.833549
vt 0.259056 0.824426
vt 0.258256 0.832070
vt 0.248815 0.828215
vt 0.248656 0.834820
vt 0.244768 0.835095
vt 0.241690 0.847100
vt 0.247392 0.858216
vt 0.244691 0.862103
vt 0.236233 0.748702
vt 0.234104 0.698372
vt 0.235450 0.686892
vt 0.237146 0.703317
vt 0.238332 0.698648
vt 0.246836 0.810355
vt 0.247078 0.803770
vt 0.243990 0.817979
vt 0.243548 0.828413
vt 0.252304 0.819044
vt 0.256554 0.818838
vt 0.235046 0.757634
vt 0.237775 0.764743
vt 0.236233 0.750662
vt 0.239708 0.769019
vt 0.244102 0.865152
vt 0.247377 0.869828
vt 0.251139 0.879059
vt 0.246637 0.852227
vt 0.246944 0.842852
vt 0.242517 0.738415
vt 0.238211 0.723219
vt 0.239878 0.730259
vt 0.239883 0.713663
vt 0.241373 0.742406
vt 0.247997 0.838807
vt 0.252347 0.839526
vt 0.250431 0.862695
vt 0.251753 0.865194
vt 0.256408 0.874456
vt 0.253652 0.881088
vt 0.244028 0.732280
vt 0.244996 0.728497
vt 0.241842 0.721501
vt 0.243652 0.712426
vt 0.241240 0.704870
vt 0.248706 0.795545
vt 0.250732 0.805410
vt 0.249235 0.791485
vt 0.243587 0.764019
vt 0.240440 0.757667
vt 0.245626 0.779519
vt 0.248351 0.774215
vt 0.248083 0.765846
vt 0.252145 0.758122
vt 0.251373 0.782360
vt 0.251092 0.814710
vt 0.243974 0.741191
vt 0.242991 0.684068
vt 0.252112 0.852369
vt 0.251413 0.857697
vt 0.255732 0.843351
vt 0.257269 0.838786
vt 0.249482 0.751752
vt 0.253303 0.754314
vt 0.242314 0.749278
vt 0.252957 0.795831
vt 0.256252 0.800807
vt 0.253768 0.788501
vt 0.246323 0.748300
vt 0.250519 0.744473
vt 0.241239 0.746632
vt 0.253760 0.810454
vt 0.259165 0.864988
vt 0.254841 0.861760
vt 0.261068 0.860869
vt 0.246758 0.706957
vt 0.254467 0.786481
vt 0.258635 0.876468
vt 0.257025 0.881927
vt 0.261535 0.854854
vt 0.259791 0.841036
vt 0.258065 0.811726
vt 0.257485 0.797017
vt 0.244070 0.694483
vt 0.247178 0.704096
vt 0.254514 0.745302
vt 0.254907 0.739612
vt 0.245269 0.720331
vt 0.246990 0.713345
vt 0.253453 0.709661
vt 0.254508 0.707710
vt 0.245603 0.738094
vt 0.250081 0.729617
vt 0.262173 0.880087
vt 0.246791 0.744823
vt 0.254565 0.765252
vt 0.256597 0.758693
vt 0.260721 0.765585
vt 0.250648 0.768245
vt 0.263532 0.769836
vt 0.254586 0.776430
vt 0.262372 0.774314
vt 0.260811 0.782219
vt 0.257715 0.755868
vt 0.259064 0.750855
vt 0.263189 0.865166
vt 0.263196 0.873051
vt 0.266710 0.878726
vt 0.263001 0.843588
vt 0.263668 0.837102
vt 0.262695 0.831664
vt 0.263718 0.825922
vt 0.269002 0.886792
vt 0.260905 0.819800
vt 0.245709 0.682265
vt 0.249768 0.688236
vt 0.247673 0.693858
vt 0.259531 0.806637
vt 0.263387 0.811606
vt 0.259978 0.801694
vt 0.261123 0.817323
vt 0.259575 0.791863
vt 0.264210 0.790295
vt 0.247123 0.740524
vt 0.254644 0.791575
vt 0.260845 0.789784
vt 0.264474 0.786992
vt 0.261890 0.798635
vt 0.252189 0.702905
vt 0.253934 0.732173
vt 0.254418 0.727395
vt 0.256386 0.721936
vt 0.251555 0.714269
vt 0.261734 0.758709
vt 0.268484 0.828454
vt 0.266716 0.817922
vt 0.264827 0.806219
vt 0.260087 0.786083
vt 0.259068 0.741669
vt 0.268467 0.863470
vt 0.272131 0.874343
vt 0.263165 0.734358
vt 0.251632 0.736498
vt 0.258242 0.734491
vt 0.259104 0.731044
vt 0.264442 0.731629
vt 0.270627 0.838033
vt 0.266685 0.852932
vt 0.268238 0.835529
vt 0.270023 0.830414
vt 0.268101 0.810257
vt 0.266046 0.765082
vt 0.268419 0.772457
vt 0.266897 0.759655
vt 0.257336 0.681385
vt 0.250822 0.683003
vt 0.255303 0.686654
vt 0.255540 0.702638
vt 0.259102 0.694078
vt 0.259113 0.700293
vt 0.257463 0.707277
vt 0.260440 0.706152
vt 0.265570 0.800427
vt 0.270442 0.807225
vt 0.265601 0.740997
vt 0.263676 0.749783
vt 0.269425 0.755721
vt 0.253897 0.692256
vt 0.259600 0.723824
vt 0.262479 0.719759
vt 0.259319 0.715858
vt 0.264929 0.713511
vt 0.266909 0.779181
vt 0.266748 0.780790
vt 0.258518 0.709126
vt 0.272375 0.852853
vt 0.273887 0.863809
vt 0.278480 0.875969
vt 0.280148 0.862148
vt 0.278373 0.851623
vt 0.281184 0.843202
vt 0.278937 0.832840
vt 0.276309 0.840331
vt 0.282902 0.834077
vt 0.274584 0.824726
vt 0.271802 0.821421
vt 0.272492 0.813637
vt 0.276751 0.821284
vt 0.280363 0.828345
vt 0.276084 0.885190
vt 0.264205 0.720487
vt 0.259772 0.712904
vt 0.254271 0.716084
vt 0.267756 0.797799
vt 0.269990 0.789697
vt 0.261498 0.726318
vt 0.269966 0.763271
vt 0.260395 0.689361
vt 0.265905 0.727009
vt 0.281197 0.886908
vt 0.266056 0.724115
vt 0.262183 0.708354
vt 0.262531 0.679753
vt 0.273175 0.779326
vt 0.275218 0.806309
vt 0.272883 0.759036
vt 0.268655 0.717910
vt 0.268074 0.719570
vt 0.268938 0.709911
vt 0.263873 0.706526
vt 0.277602 0.801959
vt 0.278694 0.809801
vt 0.263877 0.695578
vt 0.280626 0.823494
vt 0.274136 0.756102
vt 0.270907 0.748613
vt 0.269213 0.738668
vt 0.269038 0.733250
vt 0.263776 0.690147
vt 0.276764 0.772496
vt 0.270610 0.727111
vt 0.270724 0.722607
vt 0.272395 0.797589
vt 0.275421 0.783898
vt 0.278003 0.777216
vt 0.280357 0.821541
vt 0.279551 0.811843
vt 0.276591 0.816414
vt 0.282687 0.817284
vt 0.274729 0.722070
vt 0.283883 0.870042
vt 0.284143 0.849909
vt 0.287212 0.847487
vt 0.288888 0.859456
vt 0.287853 0.875321
vt 0.086544 0.796473
vt 0.087315 0.788378
vt 0.084199 0.871898
vt 0.082913 0.862568
vt 0.082503 0.882152
vt 0.079894 0.893155
vt 0.092677 0.684935
vt 0.089806 0.694205
vt 0.083610 0.836262
vt 0.081754 0.847487
vt 0.078291 0.868919
vt 0.077495 0.839351
vt 0.079478 0.884266
vt 0.088200 0.753069
vt 0.087009 0.749091
vt 0.086057 0.811628
vt 0.084340 0.807671
vt 0.085492 0.801558
vt 0.090404 0.720806
vt 0.087446 0.714699
vt 0.085813 0.723984
vt 0.083479 0.728523
vt 0.079819 0.831706
vt 0.086914 0.707838
vt 0.085019 0.704160
vt 0.086048 0.692549
vt 0.085272 0.760330
vt 0.082674 0.750443
vt 0.083756 0.778499
vt 0.084596 0.770605
vt 0.082496 0.788172
vt 0.078089 0.781603
vt 0.076939 0.776665
vt 0.080795 0.769697
vt 0.081596 0.763045
vt 0.082541 0.743033
vt 0.074815 0.893711
vt 0.073632 0.885061
vt 0.071290 0.892350
vt 0.074775 0.833556
vt 0.079468 0.824728
vt 0.075399 0.822995
vt 0.079853 0.817455
vt 0.076518 0.812790
vt 0.079947 0.805748
vt 0.083551 0.795152
vt 0.083676 0.679106
vt 0.073140 0.836262
vt 0.076034 0.845323
vt 0.074813 0.857690
vt 0.074593 0.876754
vt 0.071467 0.868411
vt 0.067443 0.857884
vt 0.072741 0.848716
vt 0.066852 0.867638
vt 0.065827 0.879851
vt 0.077511 0.758625
vt 0.077738 0.750618
vt 0.074868 0.746781
vt 0.080330 0.724356
vt 0.075199 0.717532
vt 0.074596 0.724151
vt 0.077716 0.729990
vt 0.080559 0.737932
vt 0.078772 0.741865
vt 0.078256 0.743894
vt 0.071264 0.832949
vt 0.070268 0.841052
vt 0.077069 0.767797
vt 0.075787 0.773362
vt 0.070498 0.758133
vt 0.070511 0.761569
vt 0.073894 0.756870
vt 0.067923 0.884799
vt 0.063805 0.892034
vt 0.074176 0.783803
vt 0.073506 0.789698
vt 0.072549 0.778137
vt 0.070761 0.821609
vt 0.068003 0.834703
vt 0.066575 0.831394
vt 0.066973 0.820399
vt 0.073130 0.814278
vt 0.084061 0.693423
vt 0.081144 0.700654
vt 0.078991 0.711327
vt 0.074054 0.807670
vt 0.074072 0.797981
vt 0.066315 0.846347
vt 0.065918 0.837539
vt 0.064008 0.867623
vt 0.072933 0.750609
vt 0.075052 0.712139
vt 0.076408 0.707100
vt 0.070877 0.716853
vt 0.070430 0.723665
vt 0.071066 0.733775
vt 0.075367 0.735748
vt 0.075090 0.739687
vt 0.068416 0.813056
vt 0.065685 0.801311
vt 0.057409 0.805562
vt 0.062199 0.811117
vt 0.060475 0.817640
vt 0.058536 0.798046
vt 0.064061 0.795199
vt 0.068355 0.789666
vt 0.063223 0.789438
vt 0.068526 0.779677
vt 0.064165 0.782075
vt 0.075753 0.688520
vt 0.065667 0.688851
vt 0.073164 0.705416
vt 0.071597 0.693178
vt 0.071239 0.711407
vt 0.082197 0.695446
vt 0.076716 0.693270
vt 0.069846 0.775530
vt 0.070922 0.770377
vt 0.068400 0.768174
vt 0.062604 0.885307
vt 0.059298 0.876452
vt 0.061256 0.850385
vt 0.061729 0.843654
vt 0.059299 0.865795
vt 0.063091 0.836901
vt 0.062882 0.832478
vt 0.064046 0.821681
vt 0.059796 0.828401
vt 0.073056 0.741784
vt 0.069387 0.749874
vt 0.067602 0.744380
vt 0.067164 0.757937
vt 0.058298 0.885338
vt 0.055985 0.892134
vt 0.053890 0.879013
vt 0.067010 0.717592
vt 0.065200 0.762387
vt 0.067145 0.715635
vt 0.064975 0.776889
vt 0.067947 0.739595
vt 0.068276 0.727391
vt 0.065473 0.722685
vt 0.064914 0.770544
vt 0.054555 0.805396
vt 0.055006 0.813412
vt 0.055106 0.819426
vt 0.055919 0.798973
vt 0.054414 0.792495
vt 0.058016 0.845922
vt 0.055627 0.865749
vt 0.059927 0.781078
vt 0.067500 0.696864
vt 0.069693 0.706613
vt 0.062668 0.690647
vt 0.066539 0.710654
vt 0.059266 0.691406
vt 0.063879 0.683590
vt 0.058159 0.831714
vt 0.054080 0.828266
vt 0.054329 0.831963
vt 0.059375 0.835221
vt 0.058404 0.789839
vt 0.054791 0.786628
vt 0.061740 0.767883
vt 0.064520 0.754631
vt 0.059915 0.744858
vt 0.062344 0.758613
vt 0.061313 0.740044
vt 0.062716 0.696816
vt 0.063415 0.700538
vt 0.062802 0.709350
vt 0.055151 0.840796
vt 0.054624 0.834926
vt 0.051254 0.883214
vt 0.060386 0.777173
vt 0.053552 0.844670
vt 0.050876 0.865356
vt 0.047994 0.881775
vt 0.059659 0.763114
vt 0.057775 0.771862
vt 0.057231 0.693220
vt 0.060842 0.727519
vt 0.059640 0.751654
vt 0.051855 0.802869
vt 0.051979 0.795110
vt 0.058025 0.780953
vt 0.061962 0.712505
vt 0.058177 0.707044
vt 0.059428 0.759398
vt 0.047838 0.892645
vt 0.055470 0.691132
vt 0.057503 0.689305
vt 0.058232 0.685631
vt 0.051154 0.806395
vt 0.051138 0.814100
vt 0.055520 0.767949
vt 0.056680 0.697581
vt 0.054300 0.707736
vt 0.282325 0.772650
vt 0.281938 0.770307
vt 0.277798 0.766909
vt 0.268468 0.686340
vt 0.270491 0.700154
vt 0.049713 0.770725
vt 0.048199 0.775733
vt 0.053403 0.763827
vt 0.054543 0.761016
vt 0.055255 0.753755
vt 0.055974 0.739401
vt 0.049731 0.821274
vt 0.049458 0.829656
vt 0.048887 0.858658
vt 0.048336 0.841860
vt 0.049930 0.833626
vt 0.046124 0.833358
vt 0.054204 0.687399
vt 0.064234 0.716401
vt 0.043860 0.882984
vt 0.042632 0.891811
vt 0.051324 0.716099
vt 0.057614 0.715147
vt 0.050966 0.754116
vt 0.050206 0.743275
vt 0.050824 0.734082
vt 0.050852 0.722977
vt 0.058282 0.719355
vt 0.060991 0.721786
vt 0.050735 0.760727
vt 0.050512 0.764666
vt 0.045826 0.869928
vt 0.039389 0.881686
vt 0.043330 0.865060
vt 0.046395 0.852721
vt 0.042465 0.854171
vt 0.039197 0.844731
vt 0.050977 0.786346
vt 0.050732 0.780917
vt 0.043934 0.776977
vt 0.049927 0.708627
vt 0.052480 0.692848
vt 0.052191 0.696731
vt 0.053111 0.700599
vt 0.047904 0.804925
vt 0.048715 0.802425
vt 0.044147 0.795973
vt 0.041374 0.786596
vt 0.040149 0.783007
vt 0.041199 0.774790
vt 0.046328 0.725789
vt 0.046836 0.732781
vt 0.046776 0.811213
vt 0.047487 0.817746
vt 0.044842 0.822886
vt 0.042373 0.832096
vt 0.041827 0.819875
vt 0.041593 0.829438
vt 0.047398 0.754768
vt 0.046884 0.760906
vt 0.044375 0.719074
vt 0.043875 0.770022
vt 0.046960 0.704040
vt 0.049325 0.696491
vt 0.042541 0.809894
vt 0.040777 0.794299
vt 0.043962 0.803499
vt 0.043077 0.738625
vt 0.042893 0.756389
vt 0.037365 0.744801
vt 0.041947 0.731237
vt 0.037346 0.734150
vt 0.036838 0.754896
vt 0.044013 0.710847
vt 0.051666 0.690813
vt 0.041076 0.776753
vt 0.037524 0.872662
vt 0.033992 0.882697
vt 0.036619 0.863712
vt 0.036526 0.844651
vt 0.036268 0.853291
vt 0.051148 0.684281
vt 0.046150 0.767493
vt 0.045916 0.697056
vt 0.037386 0.785801
vt 0.276549 0.763542
vt 0.281200 0.764582
vt 0.273588 0.737148
vt 0.274928 0.748897
vt 0.278031 0.733340
vt 0.034179 0.872404
vt 0.032706 0.864884
vt 0.030479 0.871196
vt 0.028879 0.881785
vt 0.038681 0.830869
vt 0.040610 0.706378
vt 0.039943 0.710488
vt 0.041026 0.716564
vt 0.271186 0.714255
vt 0.038130 0.765830
vt 0.034626 0.770394
vt 0.033937 0.761497
vt 0.036297 0.837149
vt 0.030649 0.842973
vt 0.031720 0.845823
vt 0.032108 0.853516
vt 0.038380 0.797973
vt 0.039370 0.803240
vt 0.045305 0.682886
vt 0.286444 0.840409
vt 0.037375 0.815238
vt 0.036545 0.822300
vt 0.035788 0.829571
vt 0.033513 0.781763
vt 0.032441 0.791844
vt 0.027063 0.784403
vt 0.026197 0.780231
vt 0.031147 0.801374
vt 0.035184 0.801175
vt 0.033463 0.809920
vt 0.021288 0.823978
vt 0.038325 0.774540
vt 0.038651 0.719023
vt 0.035472 0.723767
vt 0.030219 0.861167
vt 0.029655 0.776122
vt 0.041406 0.684867
vt 0.046634 0.690067
vt 0.025696 0.890014
vt 0.027192 0.870202
vt 0.023276 0.879917
vt 0.025336 0.863694
vt 0.034533 0.743807
vt 0.031702 0.749043
vt 0.029115 0.766191
vt 0.032046 0.738448
vt 0.026849 0.771726
vt 0.033432 0.731101
vt 0.027658 0.825345
vt 0.029864 0.835448
vt 0.022301 0.832444
vt 0.025953 0.841157
vt 0.034060 0.709559
vt 0.039512 0.702271
vt 0.033098 0.712261
vt 0.025537 0.847456
vt 0.024436 0.855222
vt 0.027857 0.856785
vt 0.022587 0.843469
vt 0.020587 0.841077
vt 0.034266 0.718824
vt 0.029272 0.724009
vt 0.021511 0.890068
vt 0.018951 0.881784
vt 0.018814 0.870984
vt 0.038710 0.682683
vt 0.024232 0.782053
vt 0.029198 0.744338
vt 0.026809 0.759655
vt 0.023400 0.768167
vt 0.269540 0.706902
vt 0.032659 0.700307
vt 0.025360 0.806125
vt 0.022771 0.815415
vt 0.024698 0.796209
vt 0.017878 0.822347
vt 0.017645 0.832740
vt 0.021089 0.860368
vt 0.016235 0.862298
vt 0.031397 0.688827
vt 0.032729 0.677638
vt 0.028444 0.703561
vt 0.027335 0.707372
vt 0.029997 0.710526
vt 0.023513 0.779134
vt 0.023125 0.792022
vt 0.015725 0.808455
vt 0.014165 0.821650
vt 0.011732 0.827906
vt 0.019865 0.798706
vt 0.018915 0.847732
vt 0.019222 0.854746
vt 0.024113 0.739599
vt 0.022772 0.737949
vt 0.278894 0.758814
vt 0.279073 0.756380
vt 0.028400 0.732420
vt 0.024823 0.734630
vt 0.019382 0.732379
vt 0.284926 0.826519
vt 0.290609 0.885150
vt 0.293201 0.855602
vt 0.291608 0.873812
vt 0.274473 0.717236
vt 0.013260 0.886387
vt 0.014688 0.871928
vt 0.013963 0.864893
vt 0.023910 0.723018
vt 0.017717 0.841132
vt 0.023880 0.744640
vt 0.012381 0.856732
vt 0.021143 0.756381
vt 0.017891 0.765856
vt 0.017839 0.751768
vt 0.020002 0.744605
vt 0.016746 0.743745
vt 0.012447 0.753551
vt 0.015492 0.760196
vt 0.021129 0.777358
vt 0.014358 0.769672
vt 0.018233 0.738976
vt 0.028368 0.686031
vt 0.024702 0.702328
vt 0.013016 0.852162
vt 0.025181 0.710120
vt 0.271837 0.676823
vt 0.027886 0.689407
vt 0.021745 0.699627
vt 0.019492 0.706557
vt 0.008500 0.881611
vt 0.020152 0.728328
vt 0.021131 0.710573
vt 0.008796 0.856669
vt 0.014545 0.842312
vt 0.008097 0.851620
vt 0.015118 0.799499
vt 0.019293 0.787561
vt 0.010961 0.809019
vt 0.021937 0.787838
vt 0.021360 0.781873
vt 0.008561 0.868106
vt 0.286525 0.831728
vt 0.022041 0.689031
vt 0.022585 0.685809
vt 0.019919 0.682336
vt 0.017183 0.736744
vt 0.013489 0.731889
vt 0.297161 0.874229
vt 0.275994 0.684194
vt 0.015387 0.723742
vt 0.015956 0.710047
vt 0.012485 0.729611
vt 0.009514 0.735050
vt 0.283612 0.760790
vt 0.010579 0.758654
vt 0.018928 0.779982
vt 0.637159 0.465244
vt 0.628598 0.468862
vt 0.638026 0.469849
vt 0.631975 0.471691
vt 0.641309 0.464021
vt 0.628928 0.470896
vt 0.638817 0.459087
vt 0.642161 0.459699
vt 0.634422 0.461919
vt 0.635438 0.457410
vt 0.633428 0.466700
vt 0.648871 0.467208
vt 0.650930 0.460263
vt 0.639650 0.471604
vt 0.651361 0.472984
vt 0.641215 0.474774
vt 0.634075 0.476452
vt 0.637305 0.477642
vt 0.645329 0.477207
vt 0.650801 0.478811
vt 0.631584 0.480072
vt 0.648797 0.457761
vt 0.654893 0.458319
vt 0.654277 0.464218
vt 0.658707 0.457668
vt 0.660703 0.460373
vt 0.655237 0.472541
vt 0.654009 0.479970
vt 0.643241 0.452922
vt 0.653337 0.453144
vt 0.641608 0.451565
vt 0.649967 0.451383
vt 0.646334 0.443044
vt 0.642275 0.445096
vt 0.647910 0.434985
vt 0.643688 0.434827
vt 0.653102 0.436721
vt 0.638164 0.444186
vt 0.635555 0.452109
vt 0.638206 0.434503
vt 0.646765 0.427773
vt 0.645088 0.426763
vt 0.641058 0.426679
vt 0.655858 0.429132
vt 0.655459 0.425671
vt 0.641699 0.484600
vt 0.636636 0.482573
vt 0.638316 0.485523
vt 0.648742 0.489915
vt 0.653120 0.487701
vt 0.641840 0.490197
vt 0.633921 0.484471
vt 0.652736 0.493553
vt 0.646455 0.420944
vt 0.650526 0.420031
vt 0.638140 0.420262
vt 0.635907 0.490104
vt 0.636414 0.493649
vt 0.639929 0.497288
vt 0.636496 0.501138
vt 0.640566 0.499309
vt 0.633431 0.500092
vt 0.635436 0.508911
vt 0.641514 0.506101
vt 0.645780 0.503931
vt 0.638105 0.514164
vt 0.630035 0.442375
vt 0.632387 0.448473
vt 0.632955 0.531040
vt 0.639102 0.529173
vt 0.633612 0.541416
vt 0.643821 0.517848
vt 0.639073 0.547763
vt 0.635924 0.554844
vt 0.638936 0.553920
vt 0.634304 0.548336
vt 0.641719 0.537834
vt 0.644020 0.552029
vt 0.645063 0.540851
vt 0.646146 0.523679
vt 0.650344 0.511250
vt 0.649172 0.499750
vt 0.650379 0.550160
vt 0.647421 0.536956
vt 0.651077 0.542181
vt 0.656382 0.551322
vt 0.652681 0.529262
vt 0.655240 0.517930
vt 0.658476 0.538207
vt 0.656794 0.545834
vt 0.660391 0.551218
vt 0.638320 0.561492
vt 0.631546 0.562460
vt 0.643623 0.557852
vt 0.655683 0.556999
vt 0.645394 0.561518
vt 0.652654 0.559399
vt 0.649609 0.568933
vt 0.646786 0.568963
vt 0.641579 0.572251
vt 0.634925 0.570266
vt 0.641712 0.584440
vt 0.631195 0.572657
vt 0.628874 0.569313
vt 0.648411 0.589416
vt 0.650921 0.580254
vt 0.643332 0.589384
vt 0.644284 0.593746
vt 0.634416 0.581788
vt 0.638243 0.592763
vt 0.650570 0.593766
vt 0.652227 0.589333
vt 0.653579 0.580188
vt 0.652937 0.574448
vt 0.656325 0.560952
vt 0.652904 0.500984
vt 0.658038 0.505970
vt 0.654130 0.511995
vt 0.631062 0.546837
vt 0.629520 0.589282
vt 0.629643 0.583235
vt 0.629247 0.539451
vt 0.657155 0.437374
vt 0.656731 0.449860
vt 0.660208 0.434813
vt 0.635960 0.599654
vt 0.640274 0.598578
vt 0.628143 0.608989
vt 0.645620 0.598883
vt 0.644267 0.602480
vt 0.642398 0.611425
vt 0.645159 0.619079
vt 0.645690 0.612113
vt 0.647792 0.604593
vt 0.641867 0.622884
vt 0.634516 0.610845
vt 0.631244 0.621772
vt 0.651021 0.614878
vt 0.651918 0.603640
vt 0.654144 0.622560
vt 0.628282 0.599668
vt 0.625119 0.614889
vt 0.632847 0.420608
vt 0.634316 0.426518
vt 0.631930 0.494773
vt 0.633073 0.504816
vt 0.629783 0.509769
vt 0.628562 0.530500
vt 0.629163 0.520422
vt 0.624817 0.514933
vt 0.620142 0.519039
vt 0.625522 0.531968
vt 0.624813 0.525900
vt 0.626738 0.571215
vt 0.626039 0.580654
vt 0.626257 0.591619
vt 0.623204 0.620681
vt 0.621830 0.605274
vt 0.623489 0.592009
vt 0.623307 0.577931
vt 0.630164 0.437183
vt 0.626649 0.442072
vt 0.628378 0.548124
vt 0.630620 0.490164
vt 0.624505 0.478808
vt 0.630892 0.475553
vt 0.625581 0.473349
vt 0.629429 0.483395
vt 0.624556 0.541564
vt 0.619894 0.526868
vt 0.617391 0.520723
vt 0.629285 0.451793
vt 0.628395 0.502448
vt 0.626794 0.565768
vt 0.625796 0.561302
vt 0.628039 0.498974
vt 0.623933 0.489028
vt 0.624985 0.443978
vt 0.627199 0.446688
vt 0.629752 0.462747
vt 0.627259 0.457392
vt 0.625144 0.462619
vt 0.628482 0.464934
vt 0.622853 0.509650
vt 0.620172 0.513222
vt 0.616692 0.516987
vt 0.622319 0.481183
vt 0.620337 0.480071
vt 0.625773 0.486333
vt 0.620628 0.485992
vt 0.619968 0.490592
vt 0.620990 0.550585
vt 0.620431 0.557700
vt 0.619450 0.564142
vt 0.613885 0.561090
vt 0.613814 0.555774
vt 0.620511 0.568721
vt 0.619921 0.575961
vt 0.619703 0.477580
vt 0.631577 0.425249
vt 0.627286 0.428270
vt 0.629047 0.422936
vt 0.626003 0.421418
vt 0.623235 0.499303
vt 0.622495 0.504656
vt 0.623266 0.442457
vt 0.617902 0.626493
vt 0.618641 0.614011
vt 0.620027 0.594596
vt 0.616737 0.581688
vt 0.614397 0.594982
vt 0.611532 0.588057
vt 0.615953 0.575178
vt 0.623093 0.472399
vt 0.625452 0.468580
vt 0.653227 0.419298
vt 0.621336 0.543679
vt 0.620247 0.537074
vt 0.609835 0.559283
vt 0.616953 0.549007
vt 0.616384 0.527868
vt 0.613974 0.522039
vt 0.621474 0.428825
vt 0.621998 0.437183
vt 0.615773 0.510081
vt 0.625085 0.452666
vt 0.616196 0.460476
vt 0.621459 0.457581
vt 0.613233 0.449953
vt 0.618542 0.467328
vt 0.623471 0.448799
vt 0.616348 0.447538
vt 0.620781 0.443816
vt 0.615329 0.607525
vt 0.613802 0.624185
vt 0.609337 0.605038
vt 0.606912 0.624568
vt 0.611660 0.600014
vt 0.607597 0.591030
vt 0.607382 0.597490
vt 0.613306 0.518041
vt 0.614778 0.566565
vt 0.618579 0.503292
vt 0.618798 0.494624
vt 0.615659 0.486593
vt 0.613156 0.574086
vt 0.608362 0.581465
vt 0.613772 0.465462
vt 0.612064 0.458166
vt 0.610416 0.450803
vt 0.612070 0.442267
vt 0.612922 0.474359
vt 0.619068 0.471256
vt 0.617366 0.479058
vt 0.607063 0.561831
vt 0.611265 0.568526
vt 0.616969 0.429358
vt 0.616625 0.420408
vt 0.618554 0.438380
vt 0.613830 0.433455
vt 0.614577 0.542589
vt 0.610558 0.551377
vt 0.606278 0.557929
vt 0.614419 0.536579
vt 0.610552 0.466015
vt 0.609239 0.461564
vt 0.610510 0.509404
vt 0.609595 0.504105
vt 0.612155 0.500327
vt 0.613555 0.495982
vt 0.610620 0.490501
vt 0.611660 0.485514
vt 0.611372 0.528738
vt 0.607139 0.539550
vt 0.605693 0.548446
vt 0.604427 0.618102
vt 0.605147 0.603077
vt 0.598697 0.623573
vt 0.597333 0.606614
vt 0.600937 0.598686
vt 0.599463 0.590105
vt 0.604816 0.585179
vt 0.604694 0.533891
vt 0.607100 0.527243
vt 0.607607 0.490372
vt 0.606894 0.509803
vt 0.601243 0.501449
vt 0.604157 0.496546
vt 0.605579 0.492272
vt 0.610235 0.575600
vt 0.610120 0.520902
vt 0.610630 0.429635
vt 0.607842 0.440331
vt 0.610493 0.420884
vt 0.607708 0.471757
vt 0.608915 0.479606
vt 0.605794 0.483363
vt 0.609716 0.517684
vt 0.609143 0.571451
vt 0.600107 0.569588
vt 0.603706 0.561698
vt 0.600184 0.577043
vt 0.602687 0.558121
vt 0.599143 0.549127
vt 0.601590 0.531742
vt 0.603150 0.522307
vt 0.601803 0.582609
vt 0.606581 0.451439
vt 0.605807 0.425838
vt 0.601882 0.436460
vt 0.600702 0.441884
vt 0.605994 0.414546
vt 0.594543 0.623337
vt 0.591567 0.625429
vt 0.595552 0.582753
vt 0.593054 0.579334
vt 0.594120 0.591883
vt 0.594890 0.609710
vt 0.592087 0.605197
vt 0.589420 0.619199
vt 0.591119 0.596857
vt 0.596957 0.499366
vt 0.598333 0.505254
vt 0.601389 0.490995
vt 0.600658 0.516293
vt 0.596979 0.525263
vt 0.605664 0.463310
vt 0.596823 0.537282
vt 0.593501 0.555054
vt 0.597208 0.559944
vt 0.592834 0.541204
vt 0.592276 0.532554
vt 0.591773 0.515211
vt 0.601194 0.486968
vt 0.595008 0.490877
vt 0.603716 0.473991
vt 0.602165 0.467586
vt 0.596733 0.478561
vt 0.592450 0.570444
vt 0.597329 0.566998
vt 0.592879 0.495518
vt 0.592100 0.503420
vt 0.600026 0.450818
vt 0.599891 0.425136
vt 0.596363 0.516228
vt 0.593158 0.485462
vt 0.588997 0.578195
vt 0.589001 0.589796
vt 0.597687 0.435965
vt 0.593351 0.440503
vt 0.596573 0.448370
vt 0.600685 0.461151
vt 0.595716 0.410199
vt 0.595189 0.425270
vt 0.590694 0.490830
vt 0.590429 0.493263
vt 0.590741 0.562112
vt 0.585303 0.556556
vt 0.585389 0.569973
vt 0.587712 0.565052
vt 0.584914 0.574325
vt 0.591355 0.477489
vt 0.596348 0.465371
vt 0.595882 0.458090
vt 0.590161 0.508531
vt 0.587912 0.499636
vt 0.583281 0.553867
vt 0.590841 0.548911
vt 0.584404 0.621348
vt 0.587995 0.604437
vt 0.588853 0.530096
vt 0.588795 0.519989
vt 0.583904 0.518525
vt 0.584335 0.525982
vt 0.585013 0.539203
vt 0.583962 0.548994
vt 0.582239 0.582122
vt 0.593293 0.435593
vt 0.590828 0.439306
vt 0.592334 0.443379
vt 0.584703 0.601718
vt 0.581506 0.592468
vt 0.579131 0.605425
vt 0.578422 0.580093
vt 0.587497 0.483393
vt 0.580423 0.555675
vt 0.586147 0.560856
vt 0.581429 0.564983
vt 0.589184 0.453155
vt 0.590305 0.445182
vt 0.589159 0.470806
vt 0.589790 0.466344
vt 0.586345 0.462692
vt 0.586275 0.440069
vt 0.587050 0.445002
vt 0.583325 0.450700
vt 0.579250 0.572314
vt 0.577385 0.565270
vt 0.576230 0.562271
vt 0.591007 0.408727
vt 0.590980 0.426328
vt 0.588908 0.431635
vt 0.586416 0.493875
vt 0.575484 0.603924
vt 0.571475 0.599842
vt 0.575657 0.620252
vt 0.574892 0.589800
vt 0.574530 0.580072
vt 0.570166 0.588036
vt 0.573936 0.571586
vt 0.571261 0.564526
vt 0.589501 0.434299
vt 0.584977 0.437765
vt 0.587825 0.438204
vt 0.585356 0.508316
vt 0.581594 0.516997
vt 0.584883 0.488262
vt 0.582078 0.478212
vt 0.583283 0.468406
vt 0.579293 0.554388
vt 0.579591 0.560434
vt 0.574241 0.558137
vt 0.581584 0.533740
vt 0.582844 0.547075
vt 0.577773 0.545548
vt 0.574578 0.542433
vt 0.575016 0.530108
vt 0.579451 0.523751
vt 0.577469 0.517201
vt 0.578341 0.550513
vt 0.586605 0.424690
vt 0.586295 0.411151
vt 0.582094 0.499990
vt 0.580191 0.494735
vt 0.580700 0.491181
vt 0.578275 0.510233
vt 0.578882 0.454202
vt 0.581270 0.459438
vt 0.582993 0.431091
vt 0.660434 0.451305
vt 0.658787 0.445244
vt 0.662561 0.437609
vt 0.652229 0.597521
vt 0.656520 0.604136
vt 0.656853 0.598367
vt 0.660150 0.602484
vt 0.657520 0.592805
vt 0.659697 0.585114
vt 0.658914 0.500443
vt 0.658135 0.493590
vt 0.657588 0.486975
vt 0.656803 0.478930
vt 0.658337 0.608461
vt 0.659692 0.556781
vt 0.661626 0.474050
vt 0.659829 0.466198
vt 0.663500 0.471124
vt 0.666336 0.474077
vt 0.661775 0.544405
vt 0.660709 0.507314
vt 0.658661 0.512169
vt 0.662410 0.456294
vt 0.662809 0.520494
vt 0.666554 0.512192
vt 0.660699 0.531696
vt 0.664082 0.549296
vt 0.660424 0.427855
vt 0.655927 0.419570
vt 0.658279 0.619516
vt 0.663082 0.458429
vt 0.660218 0.581086
vt 0.660723 0.565187
vt 0.664971 0.558449
vt 0.663063 0.551463
vt 0.663425 0.505338
vt 0.664637 0.499973
vt 0.662169 0.495073
vt 0.662985 0.590406
vt 0.664602 0.595686
vt 0.668044 0.472122
vt 0.575779 0.462762
vt 0.665158 0.585599
vt 0.664252 0.574439
vt 0.665528 0.581972
vt 0.665465 0.569052
vt 0.668305 0.573477
vt 0.667649 0.542007
vt 0.663842 0.484767
vt 0.663733 0.620243
vt 0.668704 0.518085
vt 0.669296 0.526319
vt 0.664633 0.480344
vt 0.664385 0.444610
vt 0.664894 0.448372
vt 0.666216 0.451158
vt 0.669560 0.453423
vt 0.666110 0.456724
vt 0.667584 0.551750
vt 0.667009 0.563094
vt 0.664976 0.477447
vt 0.668232 0.467215
vt 0.663847 0.466702
vt 0.665758 0.460374
vt 0.668123 0.415903
vt 0.663863 0.421506
vt 0.666612 0.435798
vt 0.663492 0.428391
vt 0.673425 0.432827
vt 0.669373 0.599751
vt 0.667405 0.593834
vt 0.668172 0.588955
vt 0.669769 0.511741
vt 0.666361 0.605649
vt 0.668711 0.602084
vt 0.667374 0.609774
vt 0.667775 0.618885
vt 0.669337 0.486721
vt 0.672361 0.487686
vt 0.673003 0.492230
vt 0.668892 0.498987
vt 0.668102 0.505751
vt 0.669805 0.545444
vt 0.669049 0.474074
vt 0.670114 0.464240
vt 0.673212 0.467601
vt 0.672452 0.424904
vt 0.671058 0.556038
vt 0.672298 0.530977
vt 0.672746 0.519065
vt 0.669125 0.458708
vt 0.675054 0.463729
vt 0.672731 0.609789
vt 0.672214 0.480352
vt 0.671664 0.447531
vt 0.670189 0.583229
vt 0.571031 0.548211
vt 0.670604 0.435317
vt 0.673392 0.434321
vt 0.670948 0.593603
vt 0.669528 0.427973
vt 0.675072 0.428915
vt 0.676881 0.431330
vt 0.674781 0.587782
vt 0.681361 0.592991
vt 0.672446 0.443566
vt 0.670268 0.439685
vt 0.674943 0.455531
vt 0.669043 0.476974
vt 0.671081 0.472108
vt 0.670049 0.565074
vt 0.671966 0.571865
vt 0.677043 0.620881
vt 0.679913 0.607045
vt 0.671162 0.456434
vt 0.677596 0.463484
vt 0.673963 0.510399
vt 0.672982 0.500780
vt 0.672010 0.601017
vt 0.676446 0.523478
vt 0.678162 0.436654
vt 0.681123 0.433035
vt 0.675205 0.596243
vt 0.675043 0.599491
vt 0.674872 0.604046
vt 0.674342 0.546748
vt 0.678884 0.580705
vt 0.681825 0.571012
vt 0.673950 0.570007
vt 0.678769 0.586973
vt 0.677740 0.567629
vt 0.683223 0.565416
vt 0.673739 0.557737
vt 0.675474 0.471088
vt 0.681932 0.544582
vt 0.678976 0.537159
vt 0.678191 0.549220
vt 0.676475 0.551421
vt 0.678778 0.490565
vt 0.676136 0.477818
vt 0.679546 0.520957
vt 0.680888 0.516372
vt 0.678246 0.426336
vt 0.678740 0.417718
vt 0.674025 0.496731
vt 0.680642 0.491522
vt 0.681759 0.613276
vt 0.683517 0.624376
vt 0.683652 0.616229
vt 0.685258 0.604666
vt 0.684134 0.585937
vt 0.685597 0.578392
vt 0.686975 0.573470
vt 0.688588 0.560769
vt 0.682745 0.479825
vt 0.677219 0.474196
vt 0.679188 0.472018
vt 0.679926 0.467326
vt 0.678919 0.502250
vt 0.683877 0.536423
vt 0.683638 0.528416
vt 0.683547 0.519864
vt 0.686755 0.596069
vt 0.679120 0.450092
vt 0.684316 0.442487
vt 0.686020 0.436723
vt 0.685331 0.491456
vt 0.687307 0.482398
vt 0.684142 0.499983
vt 0.686098 0.621318
vt 0.684676 0.546251
vt 0.682765 0.550611
vt 0.683312 0.554986
vt 0.689642 0.556399
vt 0.686992 0.552439
vt 0.685722 0.446421
vt 0.679368 0.454346
vt 0.684317 0.450334
vt 0.682193 0.459489
vt 0.685169 0.505425
vt 0.687331 0.476946
vt 0.682688 0.468840
vt 0.690760 0.480887
vt 0.690412 0.602928
vt 0.690259 0.615109
vt 0.688180 0.582642
vt 0.690143 0.571400
vt 0.689496 0.590021
vt 0.688444 0.439270
vt 0.681693 0.416657
vt 0.683582 0.427018
vt 0.688964 0.624565
vt 0.686336 0.515023
vt 0.692459 0.502071
vt 0.688982 0.431847
vt 0.691069 0.444720
vt 0.691230 0.441372
vt 0.689027 0.498216
vt 0.690793 0.489898
vt 0.693131 0.521357
vt 0.689286 0.525020
vt 0.687471 0.536759
vt 0.692083 0.407383
vt 0.692142 0.427221
vt 0.690810 0.533299
vt 0.692802 0.527568
vt 0.694306 0.535300
vt 0.696001 0.522632
vt 0.690065 0.449241
vt 0.692696 0.557800
vt 0.689834 0.549587
vt 0.694405 0.497148
vt 0.691656 0.457090
vt 0.690826 0.461039
vt 0.698495 0.454875
vt 0.693855 0.448084
vt 0.688152 0.468383
vt 0.693390 0.550936
vt 0.693621 0.481548
vt 0.693074 0.468502
vt 0.699350 0.461546
vt 0.695110 0.484321
vt 0.693851 0.615083
vt 0.694908 0.604049
vt 0.695280 0.429168
vt 0.693392 0.516494
vt 0.694045 0.509433
vt 0.696117 0.501384
vt 0.691373 0.581174
vt 0.694451 0.570414
vt 0.696829 0.596113
vt 0.694077 0.541981
vt 0.699816 0.540801
vt 0.699385 0.543410
vt 0.698587 0.548950
vt 0.696814 0.556270
vt 0.700233 0.507855
vt 0.701784 0.500842
vt 0.697651 0.481697
vt 0.700487 0.484314
vt 0.702934 0.515359
vt 0.697855 0.475423
vt 0.703464 0.458512
vt 0.694539 0.445213
vt 0.699410 0.449175
vt 0.702571 0.543972
vt 0.702712 0.542018
vt 0.702432 0.495467
vt 0.700970 0.493005
vt 0.698112 0.618430
vt 0.698373 0.610961
vt 0.700377 0.589273
vt 0.699934 0.579221
vt 0.699799 0.568801
vt 0.703844 0.556580
vt 0.705163 0.571724
vt 0.703188 0.563242
vt 0.709187 0.577196
vt 0.708664 0.585983
vt 0.706976 0.592604
vt 0.705341 0.604057
vt 0.701112 0.554504
vt 0.701627 0.533119
vt 0.699118 0.515176
vt 0.700122 0.522518
vt 0.703843 0.548443
vt 0.707159 0.509752
vt 0.696789 0.435189
vt 0.699294 0.424302
vt 0.701167 0.414617
vt 0.699663 0.438156
vt 0.699748 0.528844
vt 0.701812 0.480300
vt 0.704960 0.614307
vt 0.704652 0.621715
vt 0.709132 0.613097
vt 0.711038 0.605773
vt 0.702718 0.604093
vt 0.708250 0.601589
vt 0.705165 0.518548
vt 0.707708 0.500425
vt 0.706739 0.495404
vt 0.703263 0.473960
vt 0.707221 0.529441
vt 0.705423 0.536240
vt 0.702340 0.525370
vt 0.707536 0.489944
vt 0.705124 0.484227
vt 0.708203 0.481131
vt 0.708024 0.473796
vt 0.710749 0.592126
vt 0.712517 0.570915
vt 0.712821 0.585678
vt 0.705305 0.450279
vt 0.702211 0.430405
vt 0.708457 0.524065
vt 0.712932 0.523678
vt 0.709452 0.516766
vt 0.711446 0.508992
vt 0.714474 0.515048
vt 0.713033 0.503150
vt 0.711493 0.497666
vt 0.706094 0.460201
vt 0.708822 0.456433
vt 0.711058 0.473912
vt 0.708980 0.448428
vt 0.702253 0.445998
vt 0.704113 0.418319
vt 0.709654 0.548622
vt 0.709925 0.565930
vt 0.707682 0.558434
vt 0.706710 0.544570
vt 0.711133 0.490440
vt 0.708819 0.484232
vt 0.707901 0.442755
vt 0.711177 0.445760
vt 0.703864 0.438724
vt 0.709929 0.438237
vt 0.709902 0.535541
vt 0.714377 0.604523
vt 0.712103 0.555858
vt 0.712507 0.545401
vt 0.717312 0.550333
vt 0.716267 0.558775
vt 0.717118 0.570168
vt 0.714185 0.622181
vt 0.716852 0.619615
vt 0.719799 0.605246
vt 0.716376 0.596369
vt 0.713477 0.439560
vt 0.715062 0.444629
vt 0.713762 0.447481
vt 0.712055 0.453988
vt 0.713925 0.464306
vt 0.716055 0.501582
vt 0.718523 0.495414
vt 0.714797 0.489506
vt 0.714622 0.511305
vt 0.713144 0.434985
vt 0.712112 0.433417
vt 0.706560 0.431960
vt 0.707830 0.428903
vt 0.711031 0.429784
vt 0.708279 0.413230
vt 0.716253 0.428826
vt 0.714713 0.423466
vt 0.718301 0.431507
vt 0.720480 0.426035
vt 0.717524 0.433506
vt 0.717084 0.585754
vt 0.718431 0.516915
vt 0.716630 0.523738
vt 0.717412 0.532335
vt 0.717575 0.544195
vt 0.722304 0.551143
vt 0.723735 0.547393
vt 0.719947 0.539104
vt 0.720250 0.559448
vt 0.712919 0.480563
vt 0.718361 0.473657
vt 0.712539 0.482919
vt 0.719255 0.462523
vt 0.716141 0.452991
vt 0.718211 0.479659
vt 0.717155 0.484721
vt 0.719834 0.417912
vt 0.720046 0.572776
vt 0.719752 0.491426
vt 0.724494 0.494994
vt 0.722346 0.438292
vt 0.719272 0.444185
vt 0.718154 0.437382
vt 0.721408 0.595699
vt 0.726473 0.607708
vt 0.723464 0.621075
vt 0.722585 0.612467
vt 0.721394 0.586871
vt 0.723727 0.446475
vt 0.724086 0.434149
vt 0.722200 0.431220
vt 0.724549 0.498581
vt 0.722007 0.502566
vt 0.720424 0.508966
vt 0.722260 0.515871
vt 0.722755 0.523436
vt 0.722838 0.533763
vt 0.726925 0.538454
vt 0.727900 0.549727
vt 0.723002 0.450961
vt 0.722180 0.453532
vt 0.725232 0.443587
vt 0.726817 0.438035
vt 0.725325 0.559437
vt 0.726339 0.570346
vt 0.726538 0.518618
vt 0.726666 0.523734
vt 0.729489 0.527292
vt 0.729368 0.534836
vt 0.727562 0.542997
vt 0.724216 0.417028
vt 0.728886 0.601279
vt 0.725243 0.488618
vt 0.726092 0.573832
vt 0.732319 0.576372
vt 0.729211 0.585372
vt 0.722563 0.485229
vt 0.727563 0.483170
vt 0.722319 0.478786
vt 0.727242 0.465804
vt 0.726816 0.454693
vt 0.726692 0.451814
vt 0.728902 0.619885
vt 0.727895 0.447776
vt 0.725708 0.508257
vt 0.730055 0.502713
vt 0.729034 0.496483
vt 0.733797 0.501087
vt 0.730178 0.491462
vt 0.725091 0.590484
vt 0.735176 0.590371
vt 0.729742 0.593513
vt 0.732894 0.596563
vt 0.733010 0.610070
vt 0.728642 0.516374
vt 0.727538 0.473218
vt 0.729209 0.562632
vt 0.731802 0.572537
vt 0.730700 0.555676
vt 0.732493 0.550738
vt 0.727089 0.422296
vt 0.730919 0.510565
vt 0.730059 0.506142
vt 0.731865 0.582956
vt 0.728506 0.431422
vt 0.729265 0.442753
vt 0.736172 0.602130
vt 0.739613 0.589046
vt 0.734435 0.534577
vt 0.734508 0.544700
vt 0.729141 0.544966
vt 0.733344 0.548962
vt 0.734669 0.482551
vt 0.735184 0.476196
vt 0.735318 0.616878
vt 0.729494 0.415346
vt 0.737587 0.583260
vt 0.741531 0.575586
vt 0.738716 0.565327
vt 0.736564 0.556858
vt 0.737033 0.571278
vt 0.733077 0.469101
vt 0.738411 0.470974
vt 0.740802 0.478258
vt 0.729848 0.460374
vt 0.736087 0.505326
vt 0.738211 0.503261
vt 0.739944 0.616947
vt 0.737860 0.608466
vt 0.738099 0.488486
vt 0.733217 0.522199
vt 0.737714 0.533803
vt 0.738553 0.541160
vt 0.733838 0.515890
vt 0.733825 0.507437
vt 0.734955 0.493687
vt 0.731764 0.452436
vt 0.739535 0.546556
vt 0.732629 0.455193
vt 0.740025 0.466933
vt 0.736190 0.461044
vt 0.740640 0.600775
vt 0.742546 0.607352
vt 0.743614 0.615899
vt 0.732760 0.446499
vt 0.733041 0.498639
vt 0.739276 0.501977
vt 0.733180 0.448435
vt 0.731332 0.423872
vt 0.735347 0.418362
vt 0.742225 0.588395
vt 0.745325 0.596304
vt 0.741644 0.557612
vt 0.744995 0.564410
vt 0.747026 0.578115
vt 0.745586 0.588794
vt 0.747540 0.604230
vt 0.748938 0.615447
vt 0.742608 0.540804
vt 0.744747 0.534419
vt 0.748770 0.536104
vt 0.736907 0.522274
vt 0.740128 0.530599
vt 0.731888 0.440772
vt 0.734541 0.433844
vt 0.738680 0.550428
vt 0.735111 0.427539
vt 0.736600 0.422518
vt 0.740695 0.419068
vt 0.737901 0.455031
vt 0.735201 0.446640
vt 0.742177 0.516446
vt 0.745622 0.514620
vt 0.738437 0.508595
vt 0.743933 0.506827
vt 0.744886 0.481669
vt 0.741988 0.487279
vt 0.740038 0.434776
vt 0.742038 0.503038
vt 0.744236 0.490042
vt 0.741241 0.497124
vt 0.746516 0.484199
vt 0.745251 0.474065
vt 0.747543 0.532282
vt 0.752563 0.534837
vt 0.748305 0.527272
vt 0.748721 0.517755
vt 0.743638 0.521814
vt 0.747718 0.541539
vt 0.751049 0.537480
vt 0.742268 0.462774
vt 0.743378 0.457642
vt 0.744908 0.454239
vt 0.742213 0.416435
vt 0.744085 0.550104
vt 0.747953 0.508544
vt 0.746107 0.503489
vt 0.748640 0.513642
vt 0.737313 0.430240
vt 0.742188 0.432944
vt 0.935132 0.753242
vt 0.933269 0.757847
vt 0.919201 0.758284
vt 0.925567 0.762267
vt 0.931364 0.767154
vt 0.933132 0.771442
vt 0.923536 0.774043
vt 0.920585 0.767704
vt 0.915326 0.776134
vt 0.915244 0.763368
vt 0.914517 0.756307
vt 0.917803 0.752750
vt 0.905130 0.758154
vt 0.908376 0.755248
vt 0.907858 0.763509
vt 0.893954 0.763891
vt 0.894707 0.759179
vt 0.896679 0.769380
vt 0.888836 0.768323
vt 0.875219 0.768519
vt 0.887991 0.776635
vt 0.897332 0.774865
vt 0.906887 0.778391
vt 0.919019 0.780085
vt 0.906764 0.781567
vt 0.908474 0.775528
vt 0.929872 0.775780
vt 0.877785 0.779204
vt 0.869103 0.768165
vt 0.866079 0.778559
vt 0.860467 0.773420
vt 0.848597 0.776904
vt 0.837124 0.771634
vt 0.840804 0.778835
vt 0.852152 0.780517
vt 0.830539 0.775300
vt 0.825088 0.770445
vt 0.855163 0.764717
vt 0.851569 0.772622
vt 0.840168 0.761507
vt 0.837482 0.764116
vt 0.827807 0.764098
vt 0.810634 0.769697
vt 0.814724 0.775531
vt 0.799422 0.773641
vt 0.805714 0.776880
vt 0.795979 0.768034
vt 0.809549 0.767008
vt 0.792703 0.770769
vt 0.825453 0.779522
vt 0.870435 0.765186
vt 0.877070 0.763410
vt 0.884621 0.761862
vt 0.848306 0.758761
vt 0.863299 0.757089
vt 0.869737 0.758815
vt 0.830001 0.758725
vt 0.791227 0.773677
vt 0.794776 0.777596
vt 0.787941 0.765628
vt 0.791740 0.764690
vt 0.783296 0.767762
vt 0.781815 0.773250
vt 0.811871 0.762079
vt 0.806640 0.762892
vt 0.774646 0.768555
vt 0.770938 0.771026
vt 0.769290 0.775833
vt 0.774092 0.777644
vt 0.761269 0.770133
vt 0.761282 0.773646
vt 0.750329 0.768797
vt 0.755354 0.774974
vt 0.765829 0.766384
vt 0.772425 0.762550
vt 0.778070 0.763522
vt 0.749724 0.775703
vt 0.747636 0.777870
vt 0.744496 0.774618
vt 0.765786 0.761584
vt 0.759394 0.763367
vt 0.751889 0.765227
vt 0.744892 0.766442
vt 0.737514 0.767847
vt 0.740125 0.779753
vt 0.744451 0.779387
vt 0.784086 0.759586
vt 0.735885 0.760142
vt 0.742202 0.763021
vt 0.744946 0.755864
vt 0.748351 0.780615
vt 0.743694 0.782519
vt 0.750247 0.780462
vt 0.860667 0.781119
vt 0.857782 0.783544
vt 0.799896 0.754759
vt 0.790153 0.779223
vt 0.785443 0.776995
vt 0.781895 0.778129
vt 0.805837 0.779705
vt 0.760255 0.778492
vt 0.769359 0.779274
vt 0.755271 0.781415
vt 0.816841 0.779925
vt 0.826005 0.783566
vt 0.753010 0.778036
vt 0.834993 0.782498
vt 0.831380 0.788121
vt 0.879895 0.781864
vt 0.868552 0.781207
vt 0.889186 0.780499
vt 0.801019 0.781316
vt 0.887489 0.783506
vt 0.899281 0.782697
vt 0.895815 0.787348
vt 0.904007 0.789449
vt 0.880826 0.784707
vt 0.917409 0.784397
vt 0.874769 0.784999
vt 0.839432 0.781862
vt 0.852883 0.783751
vt 0.740755 0.782580
vt 0.775949 0.784400
vt 0.781990 0.783988
vt 0.766744 0.783590
vt 0.770666 0.788981
vt 0.786320 0.783446
vt 0.936578 0.778811
vt 0.792101 0.784356
vt 0.793212 0.790414
vt 0.758917 0.759301
vt 0.763839 0.752134
vt 0.773013 0.758402
vt 0.750353 0.783351
vt 0.817484 0.782650
vt 0.804930 0.783858
vt 0.784114 0.791199
vt 0.787025 0.789247
vt 0.775537 0.791414
vt 0.855999 0.787647
vt 0.926406 0.783645
vt 0.940631 0.784811
vt 0.762217 0.790554
vt 0.757009 0.788509
vt 0.753706 0.788885
vt 0.837796 0.788443
vt 0.841929 0.785523
vt 0.748840 0.784632
vt 0.859260 0.788804
vt 0.828150 0.788137
vt 0.862947 0.784363
vt 0.778771 0.756301
vt 0.800015 0.788784
vt 0.794801 0.793519
vt 0.745611 0.785048
vt 0.770741 0.793060
vt 0.774686 0.795603
vt 0.781865 0.793778
vt 0.794257 0.797092
vt 0.821507 0.787069
vt 0.818650 0.788918
vt 0.812615 0.789075
vt 0.850393 0.785769
vt 0.833015 0.790588
vt 0.839897 0.792665
vt 0.789833 0.793989
vt 0.737583 0.788294
vt 0.741672 0.786798
vt 0.741896 0.792776
vt 0.746970 0.788598
vt 0.926472 0.787359
vt 0.916039 0.790505
vt 0.857988 0.790437
vt 0.846210 0.795563
vt 0.762205 0.795792
vt 0.795516 0.796978
vt 0.896897 0.791678
vt 0.890953 0.787959
vt 0.885424 0.787448
vt 0.838099 0.797584
vt 0.799587 0.792126
vt 0.756087 0.797499
vt 0.752775 0.793357
vt 0.939896 0.792612
vt 0.825048 0.799357
vt 0.820962 0.802357
vt 0.827509 0.805069
vt 0.818680 0.807132
vt 0.813849 0.804527
vt 0.810332 0.798446
vt 0.800689 0.802907
vt 0.815990 0.796419
vt 0.776683 0.798436
vt 0.851775 0.794679
vt 0.847532 0.800745
vt 0.858164 0.798821
vt 0.903147 0.793169
vt 0.739952 0.798052
vt 0.741926 0.797803
vt 0.772283 0.798280
vt 0.757727 0.801085
vt 0.834977 0.800213
vt 0.746812 0.794942
vt 0.747789 0.799181
vt 0.927315 0.792563
vt 0.825911 0.796500
vt 0.831203 0.794980
vt 0.838892 0.805124
vt 0.849318 0.807041
vt 0.864620 0.789250
vt 0.866047 0.785621
vt 0.871711 0.793682
vt 0.867883 0.796763
vt 0.880515 0.797317
vt 0.878392 0.801788
vt 0.886792 0.793560
vt 0.890197 0.795786
vt 0.860968 0.795662
vt 0.860968 0.799958
vt 0.783366 0.798792
vt 0.788282 0.797170
vt 0.899127 0.794772
vt 0.869371 0.802244
vt 0.940730 0.798784
vt 0.928820 0.797999
vt 0.919277 0.801325
vt 0.914827 0.795157
vt 0.912177 0.803656
vt 0.903221 0.797450
vt 0.750123 0.803769
vt 0.747720 0.808355
vt 0.742805 0.801766
vt 0.775814 0.802794
vt 0.891299 0.800479
vt 0.885268 0.803826
vt 0.878331 0.806081
vt 0.868320 0.805747
vt 0.887486 0.807887
vt 0.898162 0.801881
vt 0.901341 0.807457
vt 0.888648 0.811836
vt 0.913392 0.807584
vt 0.862113 0.805813
vt 0.853633 0.809079
vt 0.782524 0.805490
vt 0.786792 0.802163
vt 0.790890 0.807385
vt 0.790527 0.802996
vt 0.792014 0.798053
vt 0.793649 0.801512
vt 0.741029 0.804083
vt 0.766466 0.802217
vt 0.754927 0.806440
vt 0.941749 0.802088
vt 0.926864 0.802410
vt 0.813511 0.808861
vt 0.805887 0.807076
vt 0.800729 0.809622
vt 0.795519 0.801220
vt 0.736649 0.813727
vt 0.926448 0.806301
vt 0.940691 0.806327
vt 0.829506 0.807888
vt 0.829073 0.811666
vt 0.819772 0.811365
vt 0.815084 0.813053
vt 0.878500 0.810423
vt 0.869799 0.810242
vt 0.861678 0.809330
vt 0.798662 0.796311
vt 0.798777 0.802399
vt 0.767753 0.808236
vt 0.757917 0.809736
vt 0.742102 0.810713
vt 0.745895 0.814561
vt 0.753834 0.811938
vt 0.748649 0.818041
vt 0.795690 0.805280
vt 0.776823 0.807061
vt 0.773035 0.804091
vt 0.848302 0.811004
vt 0.842053 0.812826
vt 0.860242 0.811537
vt 0.857392 0.811978
vt 0.937571 0.811961
vt 0.924012 0.812137
vt 0.912986 0.811892
vt 0.901116 0.811947
vt 0.788804 0.811213
vt 0.777813 0.810624
vt 0.751999 0.820083
vt 0.755773 0.816346
vt 0.734590 0.817976
vt 0.880794 0.814587
vt 0.868281 0.813815
vt 0.890653 0.816624
vt 0.771684 0.814096
vt 0.829101 0.815213
vt 0.825724 0.819174
vt 0.811626 0.819259
vt 0.798996 0.815162
vt 0.807601 0.821001
vt 0.790014 0.817276
vt 0.778346 0.816405
vt 0.749714 0.821417
vt 0.914717 0.817397
vt 0.922181 0.817897
vt 0.899597 0.814975
vt 0.902760 0.818593
vt 0.912972 0.821719
vt 0.926262 0.821543
vt 0.932729 0.816136
vt 0.940862 0.820230
vt 0.756887 0.819893
vt 0.772250 0.819892
vt 0.777868 0.820974
vt 0.741459 0.819616
vt 0.799919 0.824399
vt 0.795980 0.821006
vt 0.843643 0.819391
vt 0.852625 0.824213
vt 0.835280 0.823974
vt 0.819710 0.823927
vt 0.811132 0.824707
vt 0.753095 0.826335
vt 0.880629 0.820207
vt 0.866006 0.820176
vt 0.890152 0.821728
vt 0.859047 0.822145
vt 0.856974 0.827576
vt 0.868873 0.825106
vt 0.757821 0.823800
vt 0.748301 0.823963
vt 0.900011 0.823343
vt 0.909975 0.828514
vt 0.906295 0.829671
vt 0.891935 0.824782
vt 0.919265 0.828306
vt 0.880447 0.825127
vt 0.926538 0.828395
vt 0.933229 0.825890
vt 0.939942 0.829791
vt 0.777120 0.827594
vt 0.783584 0.824036
vt 0.742258 0.825838
vt 0.794300 0.828061
vt 0.773010 0.826160
vt 0.769294 0.824786
vt 0.763312 0.828587
vt 0.771555 0.829842
vt 0.841250 0.829119
vt 0.845988 0.833472
vt 0.832380 0.828463
vt 0.803413 0.829074
vt 0.810364 0.830600
vt 0.819860 0.828618
vt 0.830980 0.832469
vt 0.839405 0.831211
vt 0.751031 0.828809
vt 0.887167 0.829046
vt 0.899028 0.831593
vt 0.940096 0.832957
vt 0.915243 0.833393
vt 0.907501 0.834896
vt 0.924501 0.834360
vt 0.794898 0.833969
vt 0.783561 0.830587
vt 0.777843 0.830568
vt 0.804600 0.834216
vt 0.868879 0.830103
vt 0.873238 0.827125
vt 0.883705 0.833422
vt 0.891773 0.834543
vt 0.871476 0.834763
vt 0.853068 0.830857
vt 0.860442 0.833010
vt 0.881806 0.837652
vt 0.898411 0.840034
vt 0.937598 0.836513
vt 0.912951 0.840004
vt 0.906163 0.841771
vt 0.922262 0.841190
vt 0.757759 0.830996
vt 0.740415 0.833388
vt 0.746163 0.831782
vt 0.841846 0.834544
vt 0.835252 0.836747
vt 0.825236 0.836031
vt 0.746349 0.826228
vt 0.816748 0.832787
vt 0.811507 0.837564
vt 0.807108 0.838815
vt 0.776392 0.833475
vt 0.753632 0.830914
vt 0.762447 0.832633
vt 0.757613 0.835869
vt 0.817484 0.838247
vt 0.779176 0.834110
vt 0.851582 0.835700
vt 0.872326 0.840163
vt 0.860464 0.839893
vt 0.792553 0.838320
vt 0.751284 0.833438
vt 0.745720 0.835595
vt 0.752875 0.834307
vt 0.897599 0.850159
vt 0.889074 0.847885
vt 0.896925 0.846136
vt 0.887601 0.843659
vt 0.877636 0.845165
vt 0.883028 0.849670
vt 0.871465 0.848704
vt 0.859108 0.842064
vt 0.933353 0.843180
vt 0.938765 0.844794
vt 0.914076 0.845562
vt 0.926426 0.843335
vt 0.906086 0.847905
vt 0.773188 0.836982
vt 0.766919 0.837630
vt 0.757467 0.838905
vt 0.844851 0.838347
vt 0.824879 0.840013
vt 0.832574 0.842972
vt 0.787812 0.834879
vt 0.783005 0.839089
vt 0.787208 0.839368
vt 0.742145 0.839795
vt 0.748614 0.842274
vt 0.752783 0.839113
vt 0.775775 0.840417
vt 0.770161 0.841354
vt 0.778495 0.841481
vt 0.840178 0.844646
vt 0.809300 0.842325
vt 0.851440 0.842881
vt 0.846252 0.840947
vt 0.817423 0.841231
vt 0.812202 0.845505
vt 0.922594 0.847718
vt 0.937948 0.848183
vt 0.804653 0.841879
vt 0.792972 0.842439
vt 0.784723 0.845885
vt 0.764132 0.843134
vt 0.822623 0.844723
vt 0.832206 0.846536
vt 0.835253 0.846931
vt 0.817495 0.847373
vt 0.776313 0.843100
vt 0.741598 0.845360
vt 0.906174 0.853421
vt 0.768660 0.846137
vt 0.939787 0.851768
vt 0.860893 0.848697
vt 0.914321 0.852904
vt 0.929508 0.850384
vt 0.851869 0.849260
vt 0.802550 0.846045
vt 0.790060 0.848447
vt 0.809245 0.847297
vt 0.846580 0.846076
vt 0.841191 0.850701
vt 0.749586 0.852625
vt 0.745784 0.848499
vt 0.754058 0.846086
vt 0.834049 0.849543
vt 0.856755 0.922428
vt 0.861461 0.923699
vt 0.858567 0.925932
vt 0.859029 0.918104
vt 0.866178 0.924160
vt 0.864722 0.930356
vt 0.856139 0.918896
vt 0.866309 0.915277
vt 0.869087 0.926420
vt 0.876849 0.922178
vt 0.890102 0.926574
vt 0.885552 0.923533
vt 0.886355 0.919850
vt 0.892830 0.917018
vt 0.897424 0.921107
vt 0.906954 0.925904
vt 0.903973 0.930176
vt 0.880158 0.929077
vt 0.888591 0.932433
vt 0.903393 0.935286
vt 0.868549 0.938776
vt 0.880516 0.933649
vt 0.863307 0.935578
vt 0.885299 0.942364
vt 0.878928 0.938520
vt 0.901809 0.941306
vt 0.856258 0.927913
vt 0.849845 0.925584
vt 0.847484 0.929786
vt 0.846984 0.921414
vt 0.867837 0.944888
vt 0.872268 0.940451
vt 0.832955 0.930639
vt 0.857131 0.938134
vt 0.845174 0.936470
vt 0.832315 0.936723
vt 0.829381 0.928385
vt 0.824138 0.926154
vt 0.831712 0.922562
vt 0.824984 0.922216
vt 0.825462 0.936333
vt 0.815233 0.923646
vt 0.817849 0.920831
vt 0.810689 0.920870
vt 0.812434 0.925372
vt 0.810056 0.923561
vt 0.822539 0.931805
vt 0.815205 0.934332
vt 0.808762 0.928152
vt 0.793973 0.922531
vt 0.792933 0.927418
vt 0.798896 0.917438
vt 0.789447 0.918253
vt 0.811363 0.930932
vt 0.806692 0.935514
vt 0.810202 0.935614
vt 0.814943 0.938402
vt 0.798025 0.931299
vt 0.793974 0.934633
vt 0.781847 0.919796
vt 0.771434 0.927302
vt 0.780202 0.925691
vt 0.781300 0.915748
vt 0.778352 0.917509
vt 0.784331 0.934140
vt 0.773155 0.921468
vt 0.767768 0.925092
vt 0.772010 0.916879
vt 0.762075 0.922623
vt 0.748356 0.917357
vt 0.743490 0.911072
vt 0.755865 0.914850
vt 0.755734 0.925406
vt 0.760448 0.919259
vt 0.760521 0.927415
vt 0.756931 0.928482
vt 0.754580 0.930519
vt 0.756555 0.932220
vt 0.747272 0.921838
vt 0.741906 0.916134
vt 0.740913 0.920987
vt 0.739338 0.924814
vt 0.734136 0.917054
vt 0.729078 0.920950
vt 0.735455 0.909903
vt 0.752385 0.927907
vt 0.741762 0.929786
vt 0.748544 0.927336
vt 0.823093 0.916482
vt 0.811890 0.916579
vt 0.761169 0.933831
vt 0.767295 0.931116
vt 0.768261 0.913087
vt 0.756143 0.908273
vt 0.778770 0.911649
vt 0.782598 0.911861
vt 0.780608 0.909966
vt 0.923076 0.936817
vt 0.934251 0.935555
vt 0.936420 0.940343
vt 0.921372 0.931750
vt 0.913087 0.938154
vt 0.933059 0.944193
vt 0.919946 0.941373
vt 0.913000 0.944558
vt 0.930417 0.929204
vt 0.918708 0.928380
vt 0.932059 0.952061
vt 0.919384 0.923367
vt 0.937240 0.924166
vt 0.905590 0.920526
vt 0.834286 0.917445
vt 0.849594 0.917166
vt 0.792341 0.913124
vt 0.801776 0.912594
vt 0.811617 0.910048
vt 0.823930 0.912235
vt 0.836166 0.913969
vt 0.895660 0.912226
vt 0.906734 0.916425
vt 0.892004 0.912315
vt 0.887184 0.915713
vt 0.884535 0.910306
vt 0.874393 0.917250
vt 0.878496 0.913468
vt 0.741872 0.904772
vt 0.921721 0.919728
vt 0.936277 0.919813
vt 0.748799 0.908357
vt 0.753263 0.905341
vt 0.743482 0.901353
vt 0.769980 0.907699
vt 0.764046 0.908898
vt 0.767840 0.903703
vt 0.775779 0.904347
vt 0.756715 0.904536
vt 0.794104 0.907639
vt 0.803245 0.908721
vt 0.810050 0.903736
vt 0.857647 0.912336
vt 0.849711 0.912163
vt 0.834570 0.909922
vt 0.825612 0.909597
vt 0.814324 0.907292
vt 0.811395 0.900726
vt 0.733073 0.902004
vt 0.735442 0.896717
vt 0.748694 0.896261
vt 0.755786 0.901056
vt 0.870951 0.910914
vt 0.862310 0.913896
vt 0.938308 0.913484
vt 0.927750 0.917408
vt 0.929874 0.914037
vt 0.915247 0.913310
vt 0.913604 0.915235
vt 0.905027 0.908850
vt 0.787338 0.903579
vt 0.782131 0.905931
vt 0.868887 0.946233
vt 0.900461 0.911451
vt 0.861092 0.909947
vt 0.868780 0.907857
vt 0.805418 0.903096
vt 0.799037 0.901975
vt 0.782564 0.901918
vt 0.775390 0.899701
vt 0.783990 0.898381
vt 0.788358 0.899931
vt 0.793158 0.901549
vt 0.764629 0.901797
vt 0.822076 0.905256
vt 0.838484 0.907650
vt 0.850244 0.907773
vt 0.831259 0.904792
vt 0.815901 0.904417
vt 0.858743 0.907281
vt 0.876871 0.907409
vt 0.886364 0.904427
vt 0.894562 0.906432
vt 0.734491 0.893485
vt 0.751004 0.894305
vt 0.764250 0.893746
vt 0.757326 0.889938
vt 0.737630 0.889778
vt 0.929594 0.910047
vt 0.931666 0.905157
vt 0.917862 0.905947
vt 0.911116 0.904827
vt 0.812601 0.897386
vt 0.818834 0.899476
vt 0.826070 0.901110
vt 0.833145 0.900997
vt 0.842567 0.901857
vt 0.829500 0.897602
vt 0.822705 0.896531
vt 0.845480 0.897721
vt 0.852007 0.902054
vt 0.809833 0.895777
vt 0.804646 0.897374
vt 0.879131 0.901128
vt 0.870298 0.900448
vt 0.861241 0.902557
vt 0.789837 0.892723
vt 0.785630 0.894430
vt 0.894405 0.903798
vt 0.859653 0.897615
vt 0.841840 0.893743
vt 0.831497 0.893510
vt 0.824729 0.891826
vt 0.818653 0.892657
vt 0.771968 0.886878
vt 0.765806 0.886576
vt 0.767673 0.892298
vt 0.759503 0.886183
vt 0.794712 0.897648
vt 0.800575 0.896749
vt 0.886508 0.900063
vt 0.878089 0.896540
vt 0.865927 0.896185
vt 0.855982 0.893024
vt 0.865188 0.892137
vt 0.855115 0.888173
vt 0.840722 0.889282
vt 0.827787 0.885230
vt 0.781184 0.894291
vt 0.788112 0.890687
vt 0.811882 0.893952
vt 0.773280 0.883805
vt 0.814144 0.894224
vt 0.911429 0.899501
vt 0.894157 0.899509
vt 0.883584 0.895785
vt 0.930312 0.900707
vt 0.936702 0.897985
vt 0.920149 0.900215
vt 0.756636 0.886017
vt 0.750441 0.886060
vt 0.874292 0.891513
vt 0.794644 0.892049
vt 0.810025 0.892885
vt 0.768236 0.884746
vt 0.804731 0.888065
vt 0.795719 0.886538
vt 0.878110 0.889168
vt 0.741981 0.888147
vt 0.737822 0.885916
vt 0.742815 0.884267
vt 0.791064 0.888442
vt 0.927034 0.896484
vt 0.916878 0.894968
vt 0.898916 0.895665
vt 0.887059 0.892350
vt 0.881082 0.885735
vt 0.821781 0.888718
vt 0.815227 0.889312
vt 0.757778 0.883181
vt 0.782557 0.886032
vt 0.788202 0.887966
vt 0.778768 0.885332
vt 0.774262 0.881204
vt 0.797486 0.881797
vt 0.806220 0.883737
vt 0.809794 0.888526
vt 0.789560 0.881592
vt 0.772219 0.880127
vt 0.767215 0.877924
vt 0.763526 0.878680
vt 0.867178 0.888833
vt 0.864203 0.885284
vt 0.874521 0.883922
vt 0.848038 0.883414
vt 0.831183 0.881991
vt 0.933851 0.893007
vt 0.925695 0.890659
vt 0.916546 0.891082
vt 0.896853 0.890037
vt 0.904710 0.887537
vt 0.914688 0.886166
vt 0.897433 0.885924
vt 0.906428 0.877985
vt 0.897172 0.879994
vt 0.888677 0.886643
vt 0.890934 0.878843
vt 0.882136 0.879521
vt 0.822535 0.884165
vt 0.825307 0.878905
vt 0.818302 0.886587
vt 0.750430 0.880833
vt 0.791891 0.874482
vt 0.786189 0.880435
vt 0.790034 0.873414
vt 0.781050 0.878938
vt 0.758960 0.879385
vt 0.866637 0.881915
vt 0.823090 0.876708
vt 0.853884 0.881805
vt 0.846040 0.880403
vt 0.778237 0.878056
vt 0.875455 0.881079
vt 0.931507 0.887352
vt 0.924898 0.884812
vt 0.937734 0.885068
vt 0.826354 0.876410
vt 0.806954 0.879186
vt 0.811914 0.883571
vt 0.818750 0.874048
vt 0.774475 0.877366
vt 0.816856 0.880465
vt 0.815600 0.873386
vt 0.811128 0.872653
vt 0.800999 0.876935
vt 0.796013 0.877606
vt 0.768884 0.874160
vt 0.763238 0.876126
vt 0.736790 0.870388
vt 0.741170 0.874431
vt 0.744769 0.869392
vt 0.754350 0.875257
vt 0.749949 0.867275
vt 0.748284 0.862356
vt 0.825474 0.873285
vt 0.822268 0.871349
vt 0.785083 0.875301
vt 0.833470 0.877285
vt 0.844801 0.876467
vt 0.853428 0.876173
vt 0.866396 0.877308
vt 0.875165 0.878167
vt 0.830606 0.877126
vt 0.913665 0.881765
vt 0.908914 0.876195
vt 0.923051 0.881789
vt 0.914820 0.874237
vt 0.918938 0.877725
vt 0.926856 0.878424
vt 0.792088 0.870639
vt 0.938762 0.878883
vt 0.935709 0.875866
vt 0.799588 0.872971
vt 0.737746 0.865607
vt 0.743961 0.864485
vt 0.883948 0.876725
vt 0.772216 0.873799
vt 0.769031 0.871277
vt 0.751072 0.863956
vt 0.755091 0.864224
vt 0.761250 0.871779
vt 0.763792 0.870641
vt 0.767156 0.870203
vt 0.781501 0.870024
vt 0.784569 0.866336
vt 0.789485 0.869527
vt 0.902477 0.874403
vt 0.897280 0.873111
vt 0.834208 0.872007
vt 0.842693 0.872425
vt 0.816988 0.869199
vt 0.811340 0.868314
vt 0.804760 0.870565
vt 0.777545 0.872739
vt 0.833907 0.868120
vt 0.908214 0.870847
vt 0.904127 0.870060
vt 0.876759 0.873842
vt 0.893422 0.872156
vt 0.867792 0.872427
vt 0.852690 0.870582
vt 0.845084 0.868647
vt 0.750318 0.859580
vt 0.914946 0.869504
vt 0.923036 0.869316
vt 0.928940 0.874522
vt 0.802303 0.865862
vt 0.741167 0.858528
vt 0.741506 0.861943
vt 0.783697 0.864349
vt 0.789524 0.865826
vt 0.777771 0.867543
vt 0.806848 0.862335
vt 0.812481 0.864017
vt 0.748415 0.859473
vt 0.884599 0.872893
vt 0.760496 0.867135
vt 0.774951 0.866260
vt 0.870737 0.868222
vt 0.851965 0.866203
vt 0.841415 0.864571
vt 0.831635 0.864754
vt 0.825963 0.869961
vt 0.820260 0.866081
vt 0.792256 0.866783
vt 0.745079 0.858524
vt 0.898707 0.867862
vt 0.803460 0.861077
vt 0.791750 0.863551
vt 0.879543 0.868802
vt 0.908069 0.866820
vt 0.754020 0.861686
vt 0.929001 0.868885
vt 0.935611 0.868066
vt 0.764494 0.864217
vt 0.767276 0.867311
vt 0.769152 0.868386
vt 0.913644 0.866547
vt 0.920307 0.864478
vt 0.756149 0.855974
vt 0.766126 0.860178
vt 0.773245 0.860823
vt 0.778964 0.859333
vt 0.786947 0.861396
vt 0.891058 0.866940
vt 0.881374 0.866745
vt 0.897216 0.865032
vt 0.860549 0.863406
vt 0.852350 0.862334
vt 0.872275 0.864887
vt 0.929594 0.863856
vt 0.772133 0.864890
vt 0.754278 0.854906
vt 0.750427 0.856683
vt 0.939321 0.865893
vt 0.931854 0.859583
vt 0.916241 0.860855
vt 0.810486 0.857738
vt 0.802868 0.857640
vt 0.905665 0.862457
vt 0.908736 0.862838
vt 0.813543 0.861158
vt 0.790109 0.859858
vt 0.804983 0.854558
vt 0.889578 0.863143
vt 0.771052 0.854854
vt 0.775988 0.852767
vt 0.782257 0.856440
vt 0.760541 0.852774
vt 0.753422 0.851170
vt 0.798550 0.852141
vt 0.745949 0.853713
vt 0.741211 0.851312
vt 0.869677 0.859408
vt 0.881702 0.860580
vt 0.860864 0.857391
vt 0.851474 0.855930
vt 0.891522 0.857351
vt 0.835803 0.859609
vt 0.819811 0.859534
vt 0.818318 0.854153
vt 0.823493 0.850483
vt 0.810959 0.852239
vt 0.807184 0.849060
vt 0.823985 0.863662
vt 0.828219 0.852452
vt 0.833920 0.853992
vt 0.839208 0.854954
vt 0.898419 0.858333
vt 0.770332 0.850146
vt 0.906717 0.859592
vt 0.764520 0.852160
vt 0.863181 0.854157
vt 0.871667 0.853571
vt 0.881004 0.854245
vt 0.895180 0.853235
vt 0.942658 0.855736
vt 0.927142 0.854742
vt 0.913928 0.858780
vt 0.909174 0.857531
vt 0.780787 0.850521
vt 0.777603 0.844469
usemtl Material
f 816/816 845/845 844/844
f 907/907 926/926 904/904
f 745/745 752/752 731/731
f 681/681 731/731 683/683
f 905/905 907/907 904/904
f 745/745 750/750 752/752
f 749/749 813/813 750/750
f 955/955 996/996 954/954
f 673/673 670/670 668/668
f 671/671 673/673 668/668
f 951/951 952/952 926/926
f 680/680 670/670 673/673
f 682/682 731/731 681/681
f 682/682 745/745 731/731
f 680/680 682/682 681/681
f 749/749 750/750 745/745
f 815/815 846/846 816/816
f 751/751 814/814 749/749
f 592/592 606/606 596/596
f 669/669 671/671 668/668
f 669/669 668/668 608/608
f 957/957 956/956 952/952
f 672/672 673/673 671/671
f 854/854 906/906 846/846
f 672/672 682/682 680/680
f 669/669 672/672 671/671
f 810/810 815/815 751/751
f 746/746 810/810 748/748
f 704/704 682/682 672/672
f 877/877 918/918 919/919
f 811/811 810/810 746/746
f 704/704 746/746 682/682
f 676/676 704/704 672/672
f 676/676 672/672 674/674
f 811/811 809/809 810/810
f 747/747 811/811 746/746
f 747/747 746/746 704/704
f 747/747 809/809 811/811
f 832/832 852/852 809/809
f 553/553 606/606 592/592
f 995/995 1043/1043 996/996
f 609/609 606/606 605/605
f 994/994 1043/1043 995/995
f 958/958 957/957 951/951
f 609/609 669/669 608/608
f 991/991 994/994 957/957
f 994/994 956/956 957/957
f 958/958 951/951 919/919
f 918/918 958/958 919/919
f 609/609 615/615 669/669
f 615/615 674/674 669/669
f 613/613 615/615 609/609
f 876/876 877/877 852/852
f 832/832 876/876 852/852
f 959/959 981/981 958/958
f 833/833 893/893 832/832
f 678/678 692/692 675/675
f 677/677 675/675 615/615
f 800/800 832/832 808/808
f 797/797 747/747 736/736
f 677/677 678/678 675/675
f 797/797 800/800 808/808
f 737/737 797/797 736/736
f 733/733 737/737 736/736
f 733/733 736/736 692/692
f 798/798 799/799 800/800
f 798/798 800/800 797/797
f 737/737 798/798 797/797
f 691/691 733/733 692/692
f 691/691 692/692 678/678
f 856/856 897/897 842/842
f 823/823 856/856 842/842
f 823/823 842/842 799/799
f 823/823 799/799 798/798
f 591/591 594/594 595/595
f 1044/1044 1057/1057 1043/1043
f 551/551 592/592 591/591
f 994/994 1044/1044 1043/1043
f 992/992 994/994 991/991
f 613/613 609/609 610/610
f 604/604 610/610 605/605
f 991/991 958/958 981/981
f 614/614 613/613 610/610
f 993/993 992/992 981/981
f 679/679 677/677 614/614
f 928/928 959/959 927/927
f 684/684 679/679 614/614
f 982/982 981/981 960/960
f 856/856 903/903 897/897
f 754/754 737/737 753/753
f 686/686 687/687 679/679
f 738/738 754/754 753/753
f 738/738 753/753 687/687
f 685/685 686/686 679/679
f 850/850 901/901 855/855
f 850/850 855/855 755/755
f 807/807 850/850 755/755
f 598/598 597/597 599/599
f 552/552 595/595 598/598
f 551/551 591/591 552/552
f 547/547 551/551 552/552
f 546/546 553/553 551/551
f 547/547 546/546 551/551
f 1052/1052 1044/1044 994/994
f 549/549 604/604 546/546
f 612/612 604/604 549/549
f 990/990 993/993 981/981
f 990/990 1020/1020 993/993
f 611/611 610/610 604/604
f 611/611 614/614 610/610
f 611/611 618/618 614/614
f 617/617 618/618 611/611
f 961/961 982/982 960/960
f 901/901 903/903 900/900
f 690/690 688/688 685/685
f 690/690 685/685 618/618
f 702/702 687/687 689/689
f 689/689 686/686 688/688
f 701/701 702/702 689/689
f 883/883 902/902 882/882
f 806/806 807/807 739/739
f 734/734 806/806 739/739
f 701/701 734/734 702/702
f 734/734 739/739 702/702
f 805/805 806/806 734/734
f 908/908 883/883 847/847
f 870/870 908/908 847/847
f 803/803 870/870 847/847
f 2/2 599/599 3/3
f 2/2 3/3 4/4
f 16/16 598/598 599/599
f 16/16 552/552 598/598
f 17/17 547/547 552/552
f 1053/1053 1052/1052 1020/1020
f 543/543 546/546 545/545
f 543/543 549/549 546/546
f 990/990 1019/1019 1020/1020
f 616/616 611/611 612/612
f 550/550 612/612 549/549
f 1018/1018 1019/1019 990/990
f 550/550 616/616 612/612
f 986/986 1014/1014 1018/1018
f 929/929 986/986 961/961
f 628/628 654/654 616/616
f 654/654 617/617 616/616
f 942/942 929/929 902/902
f 908/908 902/902 883/883
f 698/698 689/689 690/690
f 693/693 690/690 654/654
f 648/648 693/693 654/654
f 694/694 698/698 690/690
f 694/694 690/690 693/693
f 889/889 908/908 870/870
f 700/700 701/701 698/698
f 729/729 757/757 735/735
f 757/757 758/758 735/735
f 729/729 735/735 700/700
f 699/699 729/729 700/700
f 699/699 700/700 698/698
f 695/695 699/699 694/694
f 699/699 698/698 694/694
f 730/730 729/729 699/699
f 744/744 802/802 757/757
f 744/744 757/757 729/729
f 16/16 2/2 7/7
f 548/548 17/17 18/18
f 21/21 544/544 548/548
f 1021/1021 1072/1071 1019/1019
f 24/24 543/543 544/544
f 542/542 550/550 543/543
f 550/550 549/549 543/543
f 539/539 543/543 24/24
f 1018/1018 1021/1021 1019/1019
f 1022/1022 1023/1023 1021/1021
f 541/541 616/616 550/550
f 538/538 541/541 542/542
f 1010/1010 1047/1047 1014/1014
f 1010/1010 1014/1014 1011/1011
f 987/987 1010/1010 1011/1011
f 629/629 654/654 628/628
f 541/541 629/629 628/628
f 943/943 988/988 987/987
f 630/630 648/648 629/629
f 627/627 630/630 541/541
f 630/630 629/629 541/541
f 627/627 648/648 630/630
f 661/661 693/693 648/648
f 644/644 661/661 648/648
f 644/644 648/648 627/627
f 532/532 644/644 627/627
f 930/930 943/943 910/910
f 642/642 661/661 644/644
f 898/898 930/930 910/910
f 662/662 695/695 661/661
f 898/898 910/910 875/875
f 696/696 695/695 662/662
f 857/857 898/898 875/875
f 857/857 875/875 874/874
f 874/874 888/888 826/826
f 824/824 874/874 826/826
f 703/703 711/711 730/730
f 703/703 730/730 699/699
f 703/703 699/699 696/696
f 697/697 703/703 696/696
f 742/742 743/743 711/711
f 742/742 824/824 743/743
f 710/710 711/711 703/703
f 860/860 917/917 858/858
f 710/710 742/742 711/711
f 859/859 860/860 851/851
f 825/825 859/859 851/851
f 825/825 851/851 824/824
f 825/825 824/824 742/742
f 5/5 8/8 4/4
f 11/11 8/8 5/5
f 9/9 10/10 7/7
f 19/19 18/18 10/10
f 22/22 21/21 20/20
f 24/24 544/544 21/21
f 24/24 21/21 22/22
f 27/27 24/24 22/22
f 37/37 24/24 27/27
f 540/540 24/24 37/37
f 1022/1022 1049/1049 1023/1023
f 540/540 539/539 24/24
f 538/538 539/539 540/540
f 537/537 535/535 538/538
f 1050/1050 1047/1047 1009/1009
f 533/533 534/534 535/535
f 536/536 533/533 535/535
f 1059/1058 1061/1060 1036/1036
f 1037/1037 1036/1036 985/985
f 529/529 532/532 533/533
f 530/530 532/532 529/529
f 662/662 661/661 642/642
f 978/978 984/984 947/947
f 984/984 969/969 947/947
f 528/528 642/642 530/530
f 529/529 528/528 530/530
f 978/978 1008/1008 984/984
f 643/643 662/662 642/642
f 643/643 642/642 528/528
f 948/948 978/978 947/947
f 977/977 1008/1008 978/978
f 527/527 663/663 643/643
f 663/663 662/662 643/643
f 917/917 948/948 947/947
f 705/705 697/697 663/663
f 664/664 705/705 663/663
f 641/641 664/664 663/663
f 741/741 742/742 710/710
f 707/707 708/708 697/697
f 707/707 697/697 705/705
f 709/709 710/710 708/708
f 801/801 742/742 741/741
f 712/712 741/741 710/710
f 712/712 710/710 709/709
f 707/707 709/709 708/708
f 727/727 801/801 741/741
f 727/727 741/741 712/712
f 722/722 827/827 801/801
f 722/722 801/801 727/727
f 828/828 827/827 722/722
f 723/723 722/722 727/727
f 11/11 5/5 6/6
f 120/120 11/11 6/6
f 11/11 9/9 8/8
f 9/9 11/11 12/12
f 19/19 10/10 9/9
f 26/26 19/19 9/9
f 20/20 18/18 19/19
f 25/25 20/20 19/19
f 43/43 540/540 38/38
f 537/537 540/540 43/43
f 1070/1069 1050/1050 1061/1060
f 1059/1058 1079/1078 1070/1069
f 1059/1058 1070/1069 1061/1060
f 529/529 533/533 531/531
f 1008/1008 1042/1042 1034/1034
f 1034/1034 984/984 1008/1008
f 523/523 528/528 529/529
f 641/641 663/663 527/527
f 526/526 527/527 528/528
f 600/600 527/527 526/526
f 1040/1040 1042/1042 1008/1008
f 600/600 641/641 527/527
f 976/976 977/977 948/948
f 1007/1007 1040/1040 979/979
f 932/932 962/962 948/948
f 665/665 705/705 664/664
f 634/634 641/641 600/600
f 931/931 962/962 932/932
f 931/931 932/932 917/917
f 634/634 665/665 641/641
f 665/665 664/664 641/641
f 963/963 976/976 962/962
f 884/884 931/931 917/917
f 706/706 705/705 665/665
f 828/828 879/879 880/880
f 880/880 827/827 828/828
f 717/717 709/709 707/707
f 649/649 706/706 665/665
f 829/829 828/828 722/722
f 713/713 717/717 707/707
f 713/713 707/707 706/706
f 721/721 812/812 722/722
f 720/720 721/721 722/722
f 720/720 722/722 723/723
f 890/890 895/895 885/885
f 895/895 884/884 885/885
f 819/819 812/812 721/721
f 716/716 720/720 723/723
f 716/716 723/723 717/717
f 890/890 885/885 869/869
f 819/819 868/868 840/840
f 868/868 869/869 840/840
f 171/171 120/120 122/122
f 120/120 14/14 11/11
f 25/25 19/19 26/26
f 23/23 20/20 25/25
f 34/34 33/33 30/30
f 38/38 33/33 34/34
f 181/181 43/43 41/41
f 180/180 557/557 181/181
f 1060/1059 1079/1078 1059/1058
f 57/57 531/531 58/58
f 182/182 525/525 57/57
f 1078/1077 1079/1078 1060/1059
f 1069/1068 1060/1059 1042/1042
f 524/524 523/523 525/525
f 519/519 526/526 523/523
f 1041/1041 1073/1072 1040/1040
f 622/622 600/600 623/623
f 976/976 1007/1007 979/979
f 518/518 622/622 623/623
f 989/989 1045/1045 1007/1007
f 963/963 989/989 976/976
f 621/621 622/622 518/518
f 935/935 964/964 963/963
f 934/934 964/964 935/935
f 649/649 634/634 621/621
f 895/895 934/934 935/935
f 714/714 706/706 649/649
f 650/650 714/714 649/649
f 718/718 720/720 716/716
f 653/653 713/713 714/714
f 941/941 940/940 933/933
f 715/715 713/713 653/653
f 865/865 940/940 941/941
f 818/818 819/819 719/719
f 724/724 818/818 719/719
f 724/724 719/719 718/718
f 715/715 718/718 716/716
f 821/821 822/822 818/818
f 15/15 12/12 14/14
f 145/145 12/12 15/15
f 26/26 13/13 32/32
f 29/29 23/23 28/28
f 35/35 30/30 29/29
f 36/36 39/39 34/34
f 50/50 57/57 58/58
f 50/50 58/58 49/49
f 56/56 57/57 50/50
f 183/183 522/522 524/524
f 519/519 524/524 522/522
f 517/517 519/519 522/522
f 1046/1046 1045/1045 975/975
f 516/516 518/518 517/517
f 520/520 518/518 516/516
f 1015/1015 1074/1073 1046/1046
f 964/964 974/974 975/975
f 1002/1002 1051/1051 1015/1015
f 974/974 1002/1002 1015/1015
f 972/972 974/974 964/964
f 515/515 624/624 520/520
f 1003/1003 1002/1002 973/973
f 966/966 972/972 933/933
f 625/625 647/647 624/624
f 1017/1017 1003/1003 973/973
f 940/940 966/966 933/933
f 646/646 647/647 625/625
f 650/650 653/653 714/714
f 646/646 650/650 647/647
f 939/939 966/966 940/940
f 651/651 650/650 646/646
f 939/939 940/940 865/865
f 864/864 865/865 862/862
f 651/651 653/653 650/650
f 861/861 863/863 862/862
f 861/861 862/862 822/822
f 726/726 718/718 715/715
f 728/728 715/715 653/653
f 821/821 861/861 822/822
f 817/817 818/818 724/724
f 726/726 715/715 728/728
f 732/732 728/728 653/653
f 652/652 653/653 651/651
f 645/645 652/652 651/651
f 725/725 817/817 724/724
f 652/652 732/732 653/653
f 732/732 726/726 728/728
f 760/760 732/732 652/652
f 866/866 894/894 861/861
f 894/894 863/863 861/861
f 756/756 817/817 725/725
f 726/726 756/756 725/725
f 820/820 817/817 756/756
f 200/200 170/170 172/172
f 146/146 145/145 15/15
f 192/192 146/146 15/15
f 52/52 56/56 50/50
f 55/55 182/182 52/52
f 102/102 183/183 55/55
f 517/517 522/522 521/521
f 1035/1035 1051/1051 1002/1002
f 1003/1003 1035/1035 1002/1002
f 513/513 515/515 516/516
f 513/513 516/516 509/509
f 1062/1061 1063/1062 1035/1035
f 1031/1031 1035/1035 1003/1003
f 1017/1017 1031/1031 1003/1003
f 514/514 515/515 513/513
f 1029/1029 1017/1017 967/967
f 626/626 625/625 514/514
f 620/620 646/646 626/626
f 1013/1013 1030/1030 1029/1029
f 645/645 651/651 646/646
f 601/601 620/620 626/626
f 590/590 620/620 601/601
f 619/619 645/645 620/620
f 619/619 620/620 590/590
f 944/944 945/945 894/894
f 639/639 645/645 619/619
f 949/949 1012/1012 968/968
f 771/771 645/645 639/639
f 915/915 925/925 894/894
f 761/761 759/759 732/732
f 771/771 766/766 645/645
f 766/766 760/760 645/645
f 638/638 771/771 639/639
f 915/915 894/894 866/866
f 762/762 820/820 756/756
f 867/867 866/866 820/820
f 765/765 761/761 766/766
f 770/770 766/766 771/771
f 764/764 762/762 759/759
f 763/763 759/759 761/761
f 770/770 767/767 766/766
f 792/792 762/762 764/764
f 763/763 764/764 759/759
f 765/765 763/763 761/761
f 767/767 765/765 766/766
f 768/768 763/763 765/765
f 791/791 792/792 764/764
f 804/804 830/830 792/792
f 804/804 792/792 791/791
f 192/192 176/176 193/193
f 142/142 123/123 143/143
f 141/141 31/31 142/142
f 31/31 32/32 142/142
f 46/46 29/29 31/31
f 69/69 46/46 47/47
f 68/68 45/45 46/46
f 44/44 45/45 68/68
f 53/53 52/52 51/51
f 53/53 55/55 52/52
f 60/60 55/55 53/53
f 76/76 521/521 61/61
f 560/560 521/521 76/76
f 512/512 521/521 560/560
f 511/511 509/509 512/512
f 506/506 509/509 511/511
f 508/508 513/513 509/509
f 508/508 509/509 506/506
f 1030/1030 1062/1061 1031/1031
f 601/601 626/626 514/514
f 554/554 514/514 510/510
f 1032/1032 1030/1030 1013/1013
f 590/590 601/601 554/554
f 556/556 590/590 554/554
f 589/589 590/590 556/556
f 619/619 590/590 589/589
f 1033/1033 1032/1032 1012/1012
f 1005/1005 1012/1012 949/949
f 638/638 639/639 619/619
f 588/588 619/619 589/589
f 1005/1005 1033/1033 1012/1012
f 946/946 949/949 944/944
f 924/924 946/946 944/944
f 944/944 925/925 924/924
f 911/911 912/912 924/924
f 772/772 771/771 638/638
f 950/950 1006/1006 1004/1004
f 772/772 770/770 771/771
f 983/983 1006/1006 950/950
f 772/772 769/769 770/770
f 769/769 767/767 770/770
f 667/667 769/769 772/772
f 872/872 891/891 871/871
f 891/891 892/892 871/871
f 791/791 764/764 774/774
f 773/773 768/768 769/769
f 666/666 769/769 667/667
f 777/777 775/775 773/773
f 775/775 774/774 773/773
f 773/773 769/769 666/666
f 775/775 786/786 791/791
f 779/779 775/775 777/777
f 776/776 777/777 773/773
f 776/776 773/773 666/666
f 923/923 913/913 891/891
f 786/786 804/804 791/791
f 786/786 775/775 779/779
f 778/778 779/779 777/777
f 796/796 831/831 804/804
f 796/796 804/804 786/786
f 785/785 796/796 786/786
f 785/785 786/786 779/779
f 186/186 143/143 189/189
f 134/134 69/69 77/77
f 53/53 51/51 48/48
f 59/59 60/60 53/53
f 79/79 511/511 560/560
f 511/511 512/512 560/560
f 555/555 510/510 507/507
f 556/556 554/554 555/555
f 566/566 588/588 562/562
f 588/588 589/589 562/562
f 602/602 638/638 588/588
f 1039/1039 1065/1064 1033/1033
f 1006/1006 1005/1005 1004/1004
f 1038/1038 1039/1039 1033/1033
f 637/637 638/638 602/602
f 1001/1001 1006/1006 983/983
f 667/667 772/772 637/637
f 603/603 637/637 602/602
f 1027/1027 1038/1038 1001/1001
f 603/603 636/636 637/637
f 636/636 667/667 637/637
f 936/936 970/970 913/913
f 970/970 971/971 913/913
f 936/936 913/913 923/923
f 1000/1000 1001/1001 970/970
f 635/635 776/776 666/666
f 635/635 666/666 636/636
f 657/657 776/776 635/635
f 657/657 778/778 776/776
f 582/582 657/657 635/635
f 980/980 1000/1000 970/970
f 916/916 923/923 873/873
f 784/784 789/789 785/785
f 780/780 783/783 781/781
f 783/783 784/784 781/781
f 787/787 788/788 789/789
f 787/787 789/789 784/784
f 780/780 781/781 778/778
f 795/795 788/788 787/787
f 790/790 787/787 784/784
f 790/790 784/784 783/783
f 887/887 921/921 878/878
f 790/790 795/795 787/787
f 837/837 836/836 795/795
f 190/190 193/193 220/220
f 187/187 186/186 188/188
f 177/177 186/186 187/187
f 197/197 140/140 187/187
f 135/135 112/112 134/134
f 113/113 71/71 68/68
f 135/135 113/113 112/112
f 78/78 79/79 73/73
f 558/558 507/507 78/78
f 559/559 555/555 558/558
f 561/561 559/559 558/558
f 564/564 559/559 561/561
f 567/567 566/566 563/563
f 1067/1066 1068/1067 1039/1039
f 568/568 566/566 567/567
f 1056/1056 1067/1066 1038/1038
f 583/583 603/603 568/568
f 1026/1026 1027/1027 1001/1001
f 576/576 583/583 568/568
f 1026/1026 1056/1056 1027/1027
f 1000/1000 1026/1026 1001/1001
f 582/582 635/635 583/583
f 582/582 583/583 576/576
f 999/999 1000/1000 980/980
f 581/581 582/582 576/576
f 655/655 657/657 582/582
f 658/658 657/657 655/655
f 658/658 660/660 778/778
f 937/937 997/997 938/938
f 659/659 782/782 780/780
f 659/659 780/780 660/660
f 659/659 660/660 658/658
f 793/793 790/790 783/783
f 305/305 227/227 226/226
f 228/228 220/220 305/305
f 220/220 227/227 305/305
f 190/190 220/220 228/228
f 221/221 190/190 228/228
f 188/188 190/190 221/221
f 198/198 197/197 187/187
f 199/199 197/197 198/198
f 109/109 71/71 113/113
f 107/107 72/72 108/108
f 66/66 62/62 63/63
f 67/67 66/66 65/65
f 66/66 63/63 65/65
f 561/561 558/558 78/78
f 99/99 78/78 82/82
f 565/565 563/563 564/564
f 565/565 567/567 563/563
f 1056/1056 1080/1079 1067/1066
f 571/571 576/576 567/567
f 1055/1055 1056/1056 1026/1026
f 577/577 576/576 571/571
f 1016/1016 1025/1025 1026/1026
f 577/577 581/581 576/576
f 997/997 1028/1028 1016/1016
f 633/633 655/655 581/581
f 578/578 581/581 577/577
f 656/656 655/655 633/633
f 1024/1024 1028/1028 997/997
f 578/578 633/633 581/581
f 632/632 656/656 633/633
f 631/631 632/632 633/633
f 225/225 188/188 221/221
f 198/198 187/187 188/188
f 199/199 198/198 236/236
f 214/214 163/163 199/199
f 210/210 162/162 163/163
f 160/160 109/109 161/161
f 160/160 161/161 202/202
f 108/108 109/109 160/160
f 156/156 107/107 108/108
f 155/155 107/107 156/156
f 75/75 66/66 67/67
f 75/75 67/67 103/103
f 75/75 80/80 74/74
f 83/83 99/99 82/82
f 97/97 561/561 99/99
f 83/83 97/97 99/99
f 573/573 565/565 101/101
f 572/572 573/573 100/100
f 571/571 567/567 573/573
f 569/569 572/572 100/100
f 572/572 571/571 573/573
f 1054/1054 1055/1055 1025/1025
f 569/569 571/571 572/572
f 1028/1028 1054/1054 1025/1025
f 578/578 577/577 570/570
f 569/569 570/570 571/571
f 579/579 578/578 570/570
f 580/580 579/579 570/570
f 631/631 578/578 579/579
f 255/255 305/305 252/252
f 255/255 304/304 305/305
f 236/236 198/198 235/235
f 238/238 236/236 237/237
f 210/210 163/163 214/214
f 210/210 202/202 162/162
f 158/158 156/156 160/160
f 84/84 83/83 80/80
f 86/86 97/97 83/83
f 92/92 100/100 88/88
f 100/100 101/101 88/88
f 129/129 100/100 92/92
f 129/129 130/130 100/100
f 575/575 569/569 574/574
f 584/584 580/580 575/575
f 264/264 304/304 255/255
f 240/240 225/225 307/307
f 240/240 235/235 225/225
f 237/237 235/235 240/240
f 211/211 158/158 202/202
f 215/215 158/158 211/211
f 157/157 156/156 158/158
f 155/155 156/156 157/157
f 157/157 158/158 216/216
f 159/159 155/155 157/157
f 152/152 110/110 155/155
f 105/105 104/104 154/154
f 106/106 105/105 138/138
f 94/94 84/84 106/106
f 93/93 85/85 84/84
f 87/87 86/86 85/85
f 89/89 87/87 90/90
f 129/129 92/92 89/89
f 128/128 129/129 89/89
f 133/133 130/130 127/127
f 574/574 130/130 133/133
f 257/257 255/255 256/256
f 266/266 264/264 265/265
f 237/237 240/240 238/238
f 214/214 238/238 239/239
f 213/213 214/214 239/239
f 213/213 212/212 214/214
f 211/211 202/202 212/212
f 215/215 216/216 158/158
f 152/152 155/155 159/159
f 114/114 95/95 115/115
f 116/116 90/90 96/96
f 128/128 89/89 91/91
f 117/117 128/128 91/91
f 173/173 133/133 132/132
f 270/270 271/271 266/266
f 379/379 213/213 294/294
f 247/247 211/211 378/378
f 246/246 216/216 215/215
f 246/246 215/215 247/247
f 217/217 216/216 248/248
f 207/207 159/159 217/217
f 179/179 153/153 175/175
f 115/115 106/106 138/138
f 96/96 95/95 114/114
f 114/114 116/116 96/96
f 118/118 117/117 116/116
f 124/124 131/131 127/127
f 132/132 127/127 131/131
f 173/173 131/131 167/167
f 167/167 131/131 168/168
f 169/169 173/173 167/167
f 275/275 279/279 274/274
f 275/275 278/278 279/279
f 281/281 294/294 278/278
f 247/247 378/378 377/377
f 328/328 248/248 246/246
f 207/207 217/217 249/249
f 241/241 207/207 249/249
f 205/205 179/179 206/206
f 185/185 137/137 174/174
f 119/119 117/117 118/118
f 166/166 167/167 150/150
f 262/262 267/267 263/263
f 266/266 263/263 267/267
f 277/277 278/278 275/275
f 327/327 249/249 328/328
f 242/242 206/206 241/241
f 205/205 206/206 242/242
f 243/243 204/204 205/205
f 244/244 203/203 204/204
f 185/185 203/203 222/222
f 184/184 136/136 185/185
f 125/125 119/119 126/126
f 165/165 150/150 125/125
f 328/328 246/246 247/247
f 328/328 247/247 311/311
f 243/243 242/242 371/371
f 245/245 244/244 374/374
f 222/222 203/203 245/245
f 196/196 148/148 184/184
f 277/277 275/275 276/276
f 327/327 328/328 326/326
f 223/223 196/196 184/184
f 224/224 196/196 223/223
f 209/209 196/196 224/224
f 195/195 196/196 209/209
f 309/309 308/308 284/284
f 373/373 374/374 243/243
f 234/234 224/224 233/233
f 231/231 224/224 234/234
f 209/209 224/224 231/231
f 406/406 300/300 299/299
f 290/290 276/276 289/289
f 310/310 309/309 293/293
f 309/309 284/284 293/293
f 323/323 373/373 372/372
f 340/340 234/234 233/233
f 209/209 231/231 230/230
f 230/230 229/229 209/209
f 411/411 301/301 302/302
f 330/330 373/373 323/323
f 331/331 330/330 321/321
f 339/339 375/375 330/330
f 338/338 340/340 339/339
f 231/231 234/234 340/340
f 353/353 230/230 354/354
f 427/427 412/412 406/406
f 302/302 406/406 412/412
f 413/413 295/295 301/301
f 297/297 295/295 414/414
f 386/386 293/293 292/292
f 354/354 350/350 347/347
f 352/352 358/358 353/353
f 358/358 230/230 353/353
f 439/439 407/407 410/410
f 415/415 297/297 414/414
f 393/393 287/287 291/291
f 394/394 287/287 393/393
f 292/292 287/287 394/394
f 364/364 317/317 316/316
f 437/437 427/427 439/439
f 436/436 411/411 437/437
f 433/433 396/396 395/395
f 385/385 386/386 387/387
f 324/324 318/318 366/366
f 485/485 440/440 484/484
f 439/439 440/440 478/478
f 437/437 439/439 477/477
f 436/436 437/437 438/438
f 415/415 413/413 450/450
f 391/391 324/324 366/366
f 347/347 349/349 344/344
f 348/348 347/347 346/346
f 485/485 484/484 486/486
f 477/477 439/439 478/478
f 476/476 437/437 477/477
f 475/475 438/438 476/476
f 438/438 437/437 476/476
f 413/413 436/436 451/451
f 450/450 413/413 451/451
f 472/472 415/415 450/450
f 434/434 415/415 472/472
f 469/469 433/433 434/434
f 400/400 433/433 443/443
f 435/435 400/400 443/443
f 397/397 400/400 435/435
f 455/455 399/399 445/445
f 399/399 398/398 445/445
f 454/454 399/399 455/455
f 454/454 394/394 399/399
f 428/428 394/394 454/454
f 425/425 388/388 387/387
f 422/422 367/367 423/423
f 391/391 366/366 401/401
f 487/487 485/485 486/486
f 487/487 478/478 485/485
f 492/492 477/477 478/478
f 490/490 476/476 477/477
f 475/475 476/476 490/490
f 451/451 438/438 475/475
f 469/469 434/434 472/472
f 435/435 443/443 494/494
f 445/445 397/397 435/435
f 457/457 425/425 428/428
f 417/417 380/380 342/342
f 417/417 342/342 416/416
f 475/475 490/490 491/491
f 450/450 451/451 475/475
f 472/472 450/450 489/489
f 493/493 469/469 472/472
f 480/480 445/445 435/435
f 455/455 445/445 480/480
f 454/454 455/455 456/456
f 457/457 454/454 456/456
f 457/457 428/428 454/454
f 459/459 425/425 457/457
f 424/424 422/422 423/423
f 361/361 362/362 403/403
f 382/382 345/345 343/343
f 345/345 344/344 343/343
f 489/489 475/475 491/491
f 489/489 450/450 475/475
f 493/493 472/472 495/495
f 443/443 469/469 493/493
f 494/494 443/443 493/493
f 456/456 455/455 480/480
f 423/423 425/425 459/459
f 461/461 423/423 459/459
f 424/424 423/423 461/461
f 426/426 424/424 465/465
f 390/390 426/426 444/444
f 442/442 390/390 444/444
f 404/404 403/403 405/405
f 384/384 380/380 418/418
f 381/381 380/380 384/384
f 501/501 495/495 489/489
f 494/494 493/493 500/500
f 499/499 494/494 500/500
f 457/457 456/456 458/458
f 459/459 457/457 458/458
f 460/460 459/459 458/458
f 465/465 424/424 461/461
f 464/464 426/426 465/465
f 479/479 426/426 464/464
f 444/444 426/426 479/479
f 483/483 444/444 479/479
f 466/466 405/405 442/442
f 501/501 489/489 504/504
f 500/500 495/495 501/501
f 500/500 493/493 495/495
f 503/503 480/480 499/499
f 458/458 456/456 481/481
f 462/462 465/465 461/461
f 464/464 465/465 462/462
f 442/442 444/444 483/483
f 467/467 442/442 483/483
f 467/467 466/466 442/442
f 468/468 404/404 466/466
f 453/453 404/404 473/473
f 452/452 453/453 473/473
f 432/432 418/418 441/441
f 431/431 384/384 432/432
f 430/430 383/383 431/431
f 429/429 370/370 383/383
f 370/370 382/382 383/383
f 501/501 504/504 505/505
f 498/498 458/458 481/481
f 460/460 458/458 498/498
f 464/464 462/462 463/463
f 482/482 479/479 464/464
f 468/468 466/466 467/467
f 471/471 452/452 473/473
f 448/448 431/431 432/432
f 447/447 429/429 430/430
f 463/463 462/462 460/460
f 482/482 464/464 463/463
f 488/488 467/467 483/483
f 468/468 467/467 488/488
f 441/441 452/452 471/471
f 470/470 441/441 471/471
f 470/470 432/432 441/441
f 430/430 431/431 448/448
f 447/447 430/430 448/448
f 446/446 429/429 447/447
f 449/449 446/446 447/447
f 463/463 460/460 502/502
f 482/482 463/463 496/496
f 497/497 483/483 482/482
f 471/471 473/473 474/474
f 813/813 816/816 844/844
f 905/905 904/904 845/845
f 816/816 846/846 845/845
f 814/814 816/816 813/813
f 749/749 814/814 813/813
f 926/926 952/952 953/953
f 952/952 955/955 953/953
f 680/680 681/681 670/670
f 906/906 926/926 907/907
f 906/906 907/907 905/905
f 846/846 906/906 905/905
f 846/846 905/905 845/845
f 751/751 815/815 816/816
f 751/751 816/816 814/814
f 748/748 751/751 749/749
f 748/748 749/749 745/745
f 592/592 596/596 594/594
f 606/606 608/608 607/607
f 608/608 668/668 640/640
f 995/995 996/996 955/955
f 956/956 995/995 955/955
f 952/952 956/956 955/955
f 609/609 608/608 606/606
f 951/951 957/957 952/952
f 919/919 951/951 926/926
f 906/906 919/919 926/926
f 672/672 680/680 673/673
f 919/919 906/906 854/854
f 746/746 748/748 745/745
f 746/746 745/745 682/682
f 877/877 919/919 854/854
f 853/853 854/854 846/846
f 815/815 853/853 846/846
f 810/810 751/751 748/748
f 809/809 853/853 815/815
f 809/809 815/815 810/810
f 669/669 674/674 672/672
f 852/852 877/877 854/854
f 852/852 854/854 853/853
f 809/809 852/852 853/853
f 736/736 747/747 704/704
f 676/676 736/736 704/704
f 808/808 832/832 809/809
f 808/808 809/809 747/747
f 797/797 808/808 747/747
f 595/595 594/594 593/593
f 1043/1043 1057/1057 996/996
f 553/553 605/605 606/606
f 956/956 994/994 995/995
f 610/610 609/609 605/605
f 876/876 918/918 877/877
f 958/958 991/991 957/957
f 959/959 958/958 918/918
f 675/675 676/676 674/674
f 615/615 675/675 674/674
f 692/692 736/736 676/676
f 675/675 692/692 676/676
f 613/613 677/677 615/615
f 927/927 959/959 918/918
f 893/893 876/876 832/832
f 896/896 927/927 918/918
f 896/896 918/918 876/876
f 893/893 896/896 876/876
f 800/800 833/833 832/832
f 833/833 896/896 893/893
f 897/897 927/927 896/896
f 842/842 897/897 896/896
f 842/842 896/896 833/833
f 799/799 842/842 833/833
f 799/799 833/833 800/800
f 737/737 823/823 798/798
f 753/753 737/737 733/733
f 591/591 592/592 594/594
f 551/551 553/553 592/592
f 604/604 605/605 553/553
f 981/981 992/992 991/991
f 614/614 677/677 613/613
f 959/959 960/960 981/981
f 679/679 678/678 677/677
f 679/679 691/691 678/678
f 903/903 927/927 897/897
f 687/687 753/753 733/733
f 687/687 733/733 691/691
f 679/679 687/687 691/691
f 903/903 928/928 927/927
f 685/685 679/679 684/684
f 900/900 903/903 856/856
f 855/855 900/900 856/856
f 855/855 856/856 823/823
f 834/834 855/855 823/823
f 737/737 834/834 823/823
f 855/855 901/901 900/900
f 755/755 855/855 834/834
f 754/754 755/755 834/834
f 754/754 834/834 737/737
f 740/740 754/754 738/738
f 740/740 807/807 755/755
f 740/740 755/755 754/754
f 598/598 595/595 597/597
f 552/552 591/591 595/595
f 546/546 604/604 553/553
f 992/992 1020/1020 1052/1052
f 992/992 1052/1052 994/994
f 993/993 1020/1020 992/992
f 982/982 990/990 981/981
f 928/928 960/960 959/959
f 618/618 684/684 614/614
f 612/612 611/611 604/604
f 618/618 685/685 684/684
f 928/928 961/961 960/960
f 929/929 961/961 928/928
f 902/902 929/929 928/928
f 902/902 928/928 903/903
f 901/901 902/902 903/903
f 688/688 686/686 685/685
f 689/689 687/687 686/686
f 617/617 690/690 618/618
f 850/850 882/882 901/901
f 739/739 740/740 738/738
f 702/702 739/739 738/738
f 702/702 738/738 687/687
f 882/882 902/902 901/901
f 849/849 882/882 850/850
f 739/739 807/807 740/740
f 849/849 881/881 882/882
f 807/807 849/849 850/850
f 690/690 689/689 688/688
f 881/881 883/883 882/882
f 806/806 849/849 807/807
f 848/848 883/883 881/881
f 848/848 881/881 849/849
f 848/848 849/849 806/806
f 847/847 883/883 848/848
f 805/805 847/847 848/848
f 805/805 848/848 806/806
f 803/803 847/847 805/805
f 758/758 803/803 805/805
f 758/758 805/805 734/734
f 735/735 758/758 734/734
f 16/16 599/599 2/2
f 17/17 552/552 16/16
f 545/545 546/546 547/547
f 545/545 547/547 548/548
f 1019/1019 1053/1053 1020/1020
f 961/961 1018/1018 990/990
f 961/961 990/990 982/982
f 616/616 617/617 611/611
f 986/986 1018/1018 961/961
f 617/617 654/654 690/690
f 942/942 986/986 929/929
f 987/987 1011/1011 986/986
f 987/987 986/986 942/942
f 943/943 987/987 942/942
f 909/909 943/943 942/942
f 909/909 942/942 902/902
f 648/648 654/654 629/629
f 909/909 902/902 908/908
f 698/698 701/701 689/689
f 910/910 943/943 909/909
f 908/908 875/875 909/909
f 875/875 910/910 909/909
f 889/889 875/875 908/908
f 700/700 735/735 734/734
f 700/700 734/734 701/701
f 802/802 803/803 758/758
f 870/870 888/888 889/889
f 826/826 870/870 803/803
f 757/757 802/802 758/758
f 695/695 694/694 693/693
f 874/874 875/875 889/889
f 874/874 889/889 888/888
f 826/826 888/888 870/870
f 802/802 826/826 803/803
f 730/730 744/744 729/729
f 743/743 826/826 802/802
f 744/744 743/743 802/802
f 4/4 1/1 5/5
f 7/7 2/2 4/4
f 8/8 7/7 4/4
f 10/10 16/16 7/7
f 10/10 17/17 16/16
f 548/548 547/547 17/17
f 18/18 17/17 10/10
f 544/544 545/545 548/548
f 21/21 548/548 18/18
f 544/544 543/543 545/545
f 539/539 542/542 543/543
f 1022/1022 1021/1021 1018/1018
f 1014/1014 1048/1048 1022/1022
f 1014/1014 1022/1022 1018/1018
f 1011/1011 1014/1014 986/986
f 542/542 541/541 550/550
f 538/538 542/542 539/539
f 541/541 628/628 616/616
f 988/988 1010/1010 987/987
f 534/534 627/627 541/541
f 988/988 1009/1009 1010/1010
f 965/965 988/988 943/943
f 532/532 627/627 534/534
f 985/985 1009/1009 988/988
f 965/965 985/985 988/988
f 661/661 695/695 693/693
f 930/930 965/965 943/943
f 969/969 985/985 965/965
f 969/969 965/965 930/930
f 969/969 984/984 985/985
f 898/898 969/969 930/930
f 696/696 699/699 695/695
f 898/898 947/947 969/969
f 899/899 947/947 898/898
f 899/899 898/898 857/857
f 743/743 824/824 826/826
f 711/711 743/743 744/744
f 711/711 744/744 730/730
f 697/697 696/696 662/662
f 824/824 857/857 874/874
f 899/899 917/917 947/947
f 858/858 899/899 857/857
f 851/851 858/858 857/857
f 697/697 708/708 703/703
f 858/858 917/917 899/899
f 824/824 851/851 857/857
f 860/860 858/858 851/851
f 708/708 710/710 703/703
f 9/9 7/7 8/8
f 20/20 21/21 18/18
f 1048/1048 1081/1080 1049/1049
f 1048/1048 1049/1049 1022/1022
f 1047/1047 1075/1074 1048/1048
f 1047/1047 1048/1048 1014/1014
f 1047/1047 1071/1070 1075/1074
f 1009/1009 1047/1047 1010/1010
f 535/535 541/541 538/538
f 537/537 538/538 540/540
f 1050/1050 1071/1070 1047/1047
f 535/535 534/534 541/541
f 1036/1036 1061/1060 1050/1050
f 1036/1036 1050/1050 1009/1009
f 985/985 1036/1036 1009/1009
f 533/533 532/532 534/534
f 536/536 535/535 537/537
f 1037/1037 1059/1058 1036/1036
f 984/984 1037/1037 985/985
f 530/530 644/644 532/532
f 984/984 1034/1034 1037/1037
f 530/530 642/642 644/644
f 663/663 697/697 662/662
f 527/527 643/643 528/528
f 948/948 977/977 978/978
f 932/932 948/948 917/917
f 801/801 825/825 742/742
f 884/884 917/917 860/860
f 880/880 884/884 860/860
f 880/880 860/860 859/859
f 827/827 880/880 859/859
f 827/827 859/859 825/825
f 827/827 825/825 801/801
f 712/712 723/723 727/727
f 122/122 120/120 6/6
f 12/12 11/11 14/14
f 26/26 9/9 13/13
f 23/23 22/22 20/20
f 23/23 27/27 22/22
f 33/33 27/27 23/23
f 33/33 37/37 27/27
f 38/38 540/540 37/37
f 38/38 37/37 33/33
f 181/181 537/537 43/43
f 1070/1069 1071/1070 1050/1050
f 557/557 536/536 537/537
f 557/557 537/537 181/181
f 1034/1034 1059/1058 1037/1037
f 531/531 533/533 536/536
f 525/525 529/529 531/531
f 1042/1042 1060/1059 1059/1058
f 1042/1042 1059/1058 1034/1034
f 523/523 529/529 525/525
f 526/526 528/528 523/523
f 979/979 1040/1040 1008/1008
f 977/977 979/979 1008/1008
f 976/976 979/979 977/977
f 962/962 976/976 948/948
f 622/622 634/634 600/600
f 931/931 963/963 962/962
f 706/706 707/707 705/705
f 935/935 963/963 931/931
f 884/884 935/935 931/931
f 709/709 723/723 712/712
f 879/879 884/884 880/880
f 717/717 723/723 709/709
f 634/634 649/649 665/665
f 829/829 879/879 828/828
f 841/841 879/879 829/829
f 812/812 829/829 722/722
f 885/885 884/884 879/879
f 841/841 885/885 879/879
f 840/840 885/885 841/841
f 840/840 841/841 829/829
f 812/812 840/840 829/829
f 869/869 885/885 840/840
f 819/819 840/840 812/812
f 713/713 716/716 717/717
f 719/719 819/819 721/721
f 720/720 719/719 721/721
f 13/13 9/9 12/12
f 123/123 13/13 12/12
f 123/123 12/12 145/145
f 28/28 23/23 25/25
f 30/30 33/33 23/23
f 34/34 43/43 38/38
f 39/39 43/43 34/34
f 58/58 557/557 180/180
f 58/58 531/531 536/536
f 58/58 536/536 557/557
f 57/57 525/525 531/531
f 524/524 525/525 182/182
f 1040/1040 1069/1068 1042/1042
f 623/623 600/600 526/526
f 519/519 523/523 524/524
f 1040/1040 1073/1072 1069/1068
f 518/518 623/623 526/526
f 519/519 518/518 526/526
f 1007/1007 1041/1041 1040/1040
f 989/989 1007/1007 976/976
f 964/964 975/975 989/989
f 621/621 634/634 622/622
f 963/963 964/964 989/989
f 520/520 621/621 518/518
f 624/624 621/621 520/520
f 933/933 964/964 934/934
f 933/933 972/972 964/964
f 895/895 935/935 884/884
f 714/714 713/713 706/706
f 647/647 649/649 621/621
f 895/895 933/933 934/934
f 647/647 650/650 649/649
f 868/868 890/890 869/869
f 715/715 716/716 713/713
f 895/895 941/941 933/933
f 718/718 719/719 720/720
f 895/895 865/865 941/941
f 822/822 868/868 819/819
f 862/862 865/865 895/895
f 862/862 895/895 890/890
f 868/868 862/862 890/890
f 818/818 822/822 819/819
f 822/822 862/862 868/868
f 172/172 171/171 122/122
f 170/170 171/171 172/172
f 170/170 120/120 171/171
f 15/15 14/14 120/120
f 121/121 15/15 120/120
f 121/121 120/120 170/170
f 146/146 123/123 145/145
f 32/32 13/13 123/123
f 28/28 25/25 26/26
f 32/32 28/28 26/26
f 29/29 30/30 23/23
f 35/35 34/34 30/30
f 36/36 34/34 35/35
f 40/40 39/39 36/36
f 39/39 41/41 43/43
f 40/40 41/41 39/39
f 180/180 181/181 41/41
f 49/49 58/58 180/180
f 56/56 182/182 57/57
f 1069/1068 1078/1077 1060/1059
f 1069/1068 1077/1076 1078/1077
f 183/183 524/524 182/182
f 1069/1068 1073/1072 1077/1076
f 1045/1045 1041/1041 1007/1007
f 517/517 518/518 519/519
f 975/975 1045/1045 989/989
f 1046/1046 1076/1075 1045/1045
f 975/975 1015/1015 1046/1046
f 974/974 1015/1015 975/975
f 624/624 647/647 621/621
f 515/515 520/520 516/516
f 973/973 1002/1002 974/974
f 972/972 973/973 974/974
f 966/966 973/973 972/972
f 625/625 624/624 515/515
f 966/966 1017/1017 973/973
f 966/966 967/967 1017/1017
f 626/626 646/646 625/625
f 939/939 967/967 966/966
f 864/864 945/945 939/939
f 864/864 939/939 865/865
f 945/945 968/968 967/967
f 945/945 967/967 939/939
f 863/863 864/864 862/862
f 725/725 724/724 718/718
f 726/726 725/725 718/718
f 894/894 945/945 864/864
f 863/863 894/894 864/864
f 817/817 821/821 818/818
f 645/645 760/760 652/652
f 866/866 861/861 821/821
f 760/760 761/761 732/732
f 820/820 866/866 821/821
f 820/820 821/821 817/817
f 732/732 759/759 726/726
f 759/759 762/762 756/756
f 759/759 756/756 726/726
f 201/201 121/121 170/170
f 176/176 121/121 201/201
f 176/176 15/15 121/121
f 192/192 15/15 176/176
f 143/143 123/123 146/146
f 142/142 32/32 123/123
f 31/31 28/28 32/32
f 31/31 29/29 28/28
f 46/46 35/35 29/29
f 45/45 36/36 35/35
f 45/45 35/35 46/46
f 44/44 40/40 36/36
f 44/44 36/36 45/45
f 42/42 40/40 44/44
f 42/42 41/41 40/40
f 49/49 180/180 41/41
f 49/49 41/41 42/42
f 48/48 49/49 42/42
f 48/48 50/50 49/49
f 51/51 50/50 48/48
f 51/51 52/52 50/50
f 52/52 182/182 56/56
f 55/55 183/183 182/182
f 521/521 522/522 183/183
f 102/102 521/521 183/183
f 512/512 517/517 521/521
f 512/512 516/516 517/517
f 509/509 516/516 512/512
f 1031/1031 1062/1061 1035/1035
f 1029/1029 1031/1031 1017/1017
f 514/514 625/625 515/515
f 1029/1029 1030/1030 1031/1031
f 968/968 1029/1029 967/967
f 1013/1013 1029/1029 968/968
f 620/620 645/645 646/646
f 968/968 1012/1012 1013/1013
f 944/944 968/968 945/945
f 944/944 949/949 968/968
f 925/925 944/944 894/894
f 766/766 761/761 760/760
f 867/867 915/915 866/866
f 924/924 925/925 915/915
f 867/867 924/924 915/915
f 843/843 867/867 820/820
f 762/762 843/843 820/820
f 911/911 924/924 867/867
f 871/871 911/911 867/867
f 843/843 871/871 867/867
f 871/871 892/892 911/911
f 792/792 843/843 762/762
f 768/768 765/765 767/767
f 830/830 871/871 843/843
f 792/792 830/830 843/843
f 774/774 764/764 763/763
f 201/201 170/170 200/200
f 191/191 146/146 192/192
f 191/191 143/143 146/146
f 186/186 142/142 143/143
f 47/47 31/31 141/141
f 47/47 46/46 31/31
f 68/68 46/46 69/69
f 48/48 42/42 44/44
f 68/68 48/48 44/44
f 60/60 102/102 55/55
f 61/61 521/521 102/102
f 61/61 102/102 60/60
f 508/508 514/514 513/513
f 506/506 507/507 508/508
f 510/510 514/514 508/508
f 507/507 510/510 508/508
f 554/554 601/601 514/514
f 1032/1032 1064/1063 1062/1061
f 1032/1032 1062/1061 1030/1030
f 555/555 554/554 510/510
f 1012/1012 1032/1032 1013/1013
f 946/946 1005/1005 949/949
f 638/638 619/619 588/588
f 1004/1004 1005/1005 946/946
f 912/912 946/946 924/924
f 950/950 1004/1004 946/946
f 912/912 950/950 946/946
f 637/637 772/772 638/638
f 914/914 983/983 950/950
f 914/914 950/950 912/912
f 892/892 912/912 911/911
f 769/769 768/768 767/767
f 914/914 971/971 983/983
f 913/913 914/914 912/912
f 773/773 763/763 768/768
f 913/913 971/971 914/914
f 913/913 912/912 892/892
f 891/891 913/913 892/892
f 773/773 774/774 763/763
f 830/830 872/872 871/871
f 775/775 791/791 774/774
f 831/831 872/872 830/830
f 804/804 831/831 830/830
f 776/776 778/778 777/777
f 873/873 923/923 891/891
f 873/873 891/891 872/872
f 831/831 873/873 872/872
f 839/839 873/873 831/831
f 789/789 839/839 831/831
f 789/789 831/831 796/796
f 200/200 219/219 218/218
f 201/201 200/200 218/218
f 218/218 176/176 201/201
f 191/191 192/192 193/193
f 189/189 143/143 191/191
f 177/177 142/142 186/186
f 177/177 141/141 142/142
f 140/140 141/141 177/177
f 140/140 47/47 141/141
f 139/139 47/47 140/140
f 77/77 69/69 47/47
f 139/139 77/77 47/47
f 112/112 68/68 69/69
f 112/112 69/69 134/134
f 70/70 48/48 68/68
f 71/71 70/70 68/68
f 70/70 54/54 48/48
f 54/54 53/53 48/48
f 59/59 53/53 54/54
f 59/59 61/61 60/60
f 62/62 61/61 59/59
f 62/62 76/76 61/61
f 73/73 560/560 76/76
f 73/73 76/76 62/62
f 79/79 560/560 73/73
f 506/506 511/511 79/79
f 78/78 506/506 79/79
f 78/78 507/507 506/506
f 555/555 507/507 558/558
f 562/562 556/556 555/555
f 559/559 562/562 555/555
f 562/562 589/589 556/556
f 559/559 563/563 562/562
f 1033/1033 1065/1064 1032/1032
f 1006/1006 1033/1033 1005/1005
f 602/602 588/588 566/566
f 1006/1006 1038/1038 1033/1033
f 1001/1001 1038/1038 1006/1006
f 971/971 1001/1001 983/983
f 636/636 666/666 667/667
f 970/970 1001/1001 971/971
f 583/583 636/636 603/603
f 583/583 635/635 636/636
f 916/916 936/936 923/923
f 781/781 785/785 779/779
f 778/778 781/781 779/779
f 936/936 980/980 970/970
f 789/789 796/796 785/785
f 781/781 784/784 785/785
f 839/839 916/916 873/873
f 788/788 839/839 789/789
f 922/922 936/936 916/916
f 878/878 922/922 916/916
f 878/878 916/916 839/839
f 835/835 878/878 839/839
f 835/835 839/839 788/788
f 878/878 921/921 922/922
f 836/836 878/878 835/835
f 795/795 836/836 835/835
f 795/795 835/835 788/788
f 836/836 887/887 878/878
f 227/227 218/218 226/226
f 227/227 220/220 218/218
f 220/220 176/176 218/218
f 220/220 193/193 176/176
f 190/190 191/191 193/193
f 189/189 191/191 190/190
f 188/188 186/186 189/189
f 187/187 140/140 177/177
f 197/197 139/139 140/140
f 144/144 77/77 139/139
f 135/135 134/134 77/77
f 135/135 77/77 144/144
f 113/113 68/68 112/112
f 109/109 70/70 71/71
f 72/72 54/54 70/70
f 72/72 59/59 54/54
f 64/64 59/59 72/72
f 63/63 62/62 59/59
f 64/64 63/63 59/59
f 66/66 73/73 62/62
f 74/74 78/78 73/73
f 74/74 73/73 66/66
f 563/563 566/566 562/562
f 564/564 563/563 559/559
f 1038/1038 1067/1066 1039/1039
f 568/568 602/602 566/566
f 568/568 603/603 602/602
f 1027/1027 1056/1056 1038/1038
f 567/567 576/576 568/568
f 1016/1016 1026/1026 1000/1000
f 999/999 1016/1016 1000/1000
f 997/997 1016/1016 999/999
f 980/980 997/997 999/999
f 658/658 778/778 657/657
f 655/655 582/582 581/581
f 938/938 997/997 980/980
f 936/936 938/938 980/980
f 660/660 780/780 778/778
f 921/921 936/936 922/922
f 794/794 837/837 795/795
f 790/790 794/794 795/795
f 782/782 783/783 780/780
f 921/921 938/938 936/936
f 887/887 920/920 921/921
f 656/656 659/659 658/658
f 838/838 836/836 837/837
f 836/836 886/886 887/887
f 188/188 189/189 190/190
f 199/199 144/144 139/139
f 199/199 139/139 197/197
f 163/163 144/144 199/199
f 163/163 135/135 144/144
f 162/162 113/113 135/135
f 161/161 113/113 162/162
f 161/161 109/109 113/113
f 108/108 70/70 109/109
f 108/108 72/72 70/70
f 64/64 72/72 107/107
f 65/65 63/63 64/64
f 75/75 74/74 66/66
f 82/82 78/78 74/74
f 80/80 82/82 74/74
f 99/99 561/561 78/78
f 97/97 564/564 561/561
f 98/98 565/565 564/564
f 98/98 564/564 97/97
f 573/573 567/567 565/565
f 101/101 565/565 98/98
f 1025/1025 1055/1055 1026/1026
f 1028/1028 1025/1025 1016/1016
f 570/570 577/577 571/571
f 656/656 658/658 655/655
f 998/998 1024/1024 997/997
f 937/937 998/998 997/997
f 631/631 633/633 578/578
f 921/921 937/937 938/938
f 304/304 228/228 305/305
f 306/306 228/228 304/304
f 306/306 221/221 228/228
f 306/306 225/225 221/221
f 235/235 188/188 225/225
f 235/235 198/198 188/188
f 214/214 199/199 236/236
f 162/162 135/135 163/163
f 202/202 161/161 162/162
f 160/160 156/156 108/108
f 110/110 64/64 107/107
f 110/110 107/107 155/155
f 110/110 65/65 64/64
f 111/111 65/65 110/110
f 103/103 67/67 65/65
f 104/104 81/81 75/75
f 81/81 80/80 75/75
f 83/83 82/82 80/80
f 86/86 98/98 97/97
f 88/88 101/101 98/98
f 88/88 98/98 86/86
f 100/100 573/573 101/101
f 1055/1055 1066/1065 1056/1056
f 1024/1024 1054/1054 1028/1028
f 580/580 570/570 569/569
f 264/264 306/306 304/304
f 307/307 225/225 306/306
f 237/237 236/236 235/235
f 158/158 160/160 202/202
f 103/103 65/65 111/111
f 104/104 103/103 111/111
f 104/104 75/75 103/103
f 105/105 81/81 104/104
f 105/105 84/84 81/81
f 84/84 80/80 81/81
f 84/84 85/85 83/83
f 85/85 86/86 83/83
f 87/87 88/88 86/86
f 130/130 569/569 100/100
f 574/574 569/569 130/130
f 575/575 580/580 569/569
f 585/585 575/575 574/574
f 266/266 306/306 264/264
f 266/266 307/307 306/306
f 214/214 236/236 238/238
f 212/212 210/210 214/214
f 212/212 202/202 210/210
f 151/151 111/111 110/110
f 151/151 110/110 152/152
f 151/151 104/104 111/111
f 153/153 104/104 151/151
f 154/154 104/104 153/153
f 138/138 105/105 154/154
f 106/106 84/84 105/105
f 93/93 84/84 94/94
f 95/95 85/85 93/93
f 95/95 87/87 85/85
f 96/96 87/87 95/95
f 90/90 87/87 96/96
f 89/89 92/92 88/88
f 89/89 88/88 87/87
f 91/91 89/89 90/90
f 127/127 129/129 128/128
f 127/127 130/130 129/129
f 133/133 586/586 574/574
f 586/586 585/585 574/574
f 256/256 255/255 250/250
f 257/257 264/264 255/255
f 271/271 307/307 266/266
f 271/271 240/240 307/307
f 211/211 212/212 213/213
f 175/175 151/151 152/152
f 153/153 151/151 175/175
f 115/115 93/93 94/94
f 115/115 94/94 106/106
f 115/115 95/95 93/93
f 116/116 91/91 90/90
f 117/117 91/91 116/116
f 127/127 128/128 117/117
f 132/132 133/133 127/127
f 173/173 132/132 131/131
f 173/173 586/586 133/133
f 587/587 586/586 173/173
f 259/259 256/256 250/250
f 260/260 264/264 257/257
f 265/265 264/264 260/260
f 263/263 266/266 265/265
f 274/274 240/240 271/271
f 274/274 238/238 240/240
f 279/279 238/238 274/274
f 278/278 238/238 279/279
f 278/278 239/239 238/238
f 278/278 294/294 239/239
f 294/294 213/213 239/239
f 379/379 211/211 213/213
f 378/378 211/211 379/379
f 247/247 215/215 211/211
f 248/248 216/216 246/246
f 217/217 157/157 216/216
f 217/217 159/159 157/157
f 175/175 152/152 159/159
f 206/206 175/175 159/159
f 206/206 159/159 207/207
f 179/179 175/175 206/206
f 179/179 178/178 153/153
f 178/178 154/154 153/153
f 174/174 138/138 154/154
f 174/174 154/154 178/178
f 137/137 138/138 174/174
f 137/137 115/115 138/138
f 136/136 115/115 137/137
f 136/136 147/147 115/115
f 147/147 114/114 115/115
f 124/124 127/127 117/117
f 119/119 124/124 117/117
f 150/150 168/168 131/131
f 150/150 131/131 124/124
f 150/150 167/167 168/168
f 259/259 251/251 298/298
f 258/258 257/257 256/256
f 258/258 260/260 257/257
f 263/263 265/265 260/260
f 267/267 270/270 266/266
f 272/272 271/271 270/270
f 272/272 274/274 271/271
f 281/281 379/379 294/294
f 288/288 379/379 281/281
f 249/249 248/248 328/328
f 249/249 217/217 248/248
f 241/241 206/206 207/207
f 204/204 179/179 205/205
f 204/204 178/178 179/179
f 203/203 178/178 204/204
f 203/203 174/174 178/178
f 203/203 185/185 174/174
f 185/185 136/136 137/137
f 126/126 116/116 114/114
f 126/126 118/118 116/116
f 126/126 119/119 118/118
f 125/125 124/124 119/119
f 125/125 150/150 124/124
f 258/258 256/256 259/259
f 260/260 258/258 261/261
f 262/262 260/260 261/261
f 262/262 263/263 260/260
f 268/268 267/267 262/262
f 269/269 267/267 268/268
f 269/269 270/270 267/267
f 272/272 270/270 269/269
f 273/273 274/274 272/272
f 275/275 274/274 273/273
f 280/280 278/278 277/277
f 280/280 281/281 278/278
f 378/378 379/379 288/288
f 308/308 377/377 378/378
f 325/325 241/241 249/249
f 325/325 371/371 241/241
f 371/371 242/242 241/241
f 243/243 205/205 242/242
f 244/244 204/204 243/243
f 222/222 184/184 185/185
f 184/184 147/147 136/136
f 148/148 147/147 184/184
f 147/147 126/126 114/114
f 148/148 126/126 147/147
f 148/148 149/149 126/126
f 149/149 125/125 126/126
f 303/303 298/298 254/254
f 299/299 259/259 298/298
f 299/299 298/298 303/303
f 299/299 258/258 259/259
f 300/300 258/258 299/299
f 300/300 261/261 258/258
f 300/300 262/262 261/261
f 296/296 268/268 262/262
f 273/273 272/272 269/269
f 276/276 275/275 273/273
f 280/280 288/288 281/281
f 280/280 284/284 288/288
f 308/308 288/288 284/284
f 308/308 378/378 288/288
f 311/311 377/377 308/308
f 311/311 247/247 377/377
f 325/325 249/249 327/327
f 374/374 244/244 243/243
f 245/245 203/203 244/244
f 223/223 184/184 222/222
f 233/233 223/223 222/222
f 196/196 195/195 148/148
f 195/195 149/149 148/148
f 194/194 149/149 195/195
f 164/164 125/125 149/149
f 253/253 303/303 254/254
f 295/295 269/269 268/268
f 273/273 269/269 289/289
f 276/276 273/273 289/289
f 285/285 277/277 276/276
f 282/282 280/280 277/277
f 309/309 311/311 308/308
f 326/326 328/328 311/311
f 313/313 327/327 326/326
f 313/313 325/325 327/327
f 314/314 325/325 313/313
f 329/329 325/325 314/314
f 329/329 371/371 325/325
f 329/329 372/372 371/371
f 372/372 243/243 371/371
f 375/375 222/222 245/245
f 233/233 222/222 375/375
f 224/224 223/223 233/233
f 208/208 194/194 195/195
f 208/208 195/195 209/209
f 408/408 253/253 409/409
f 408/408 303/303 253/253
f 407/407 303/303 408/408
f 299/299 303/303 407/407
f 301/301 262/262 300/300
f 301/301 300/300 302/302
f 301/301 296/296 262/262
f 285/285 276/276 291/291
f 286/286 277/277 285/285
f 286/286 282/282 277/277
f 283/283 284/284 280/280
f 313/313 326/326 311/311
f 313/313 311/311 309/309
f 373/373 243/243 372/372
f 245/245 374/374 373/373
f 375/375 245/245 373/373
f 229/229 208/208 209/209
f 406/406 299/299 407/407
f 302/302 300/300 406/406
f 295/295 268/268 296/296
f 295/295 289/289 269/269
f 291/291 276/276 290/290
f 283/283 280/280 282/282
f 293/293 283/283 292/292
f 293/293 284/284 283/283
f 312/312 309/309 310/310
f 312/312 313/313 309/309
f 314/314 313/313 312/312
f 323/323 329/329 314/314
f 323/323 372/372 329/329
f 330/330 375/375 373/373
f 340/340 233/233 339/339
f 354/354 231/231 350/350
f 230/230 231/231 354/354
f 232/232 229/229 230/230
f 410/410 408/408 409/409
f 421/421 410/410 409/409
f 410/410 407/407 408/408
f 411/411 302/302 412/412
f 295/295 296/296 301/301
f 297/297 289/289 295/295
f 290/290 289/289 297/297
f 291/291 287/287 285/285
f 287/287 286/286 285/285
f 287/287 282/282 286/286
f 292/292 283/283 282/282
f 292/292 282/282 287/287
f 316/316 312/312 310/310
f 317/317 312/312 316/316
f 318/318 312/312 317/317
f 315/315 314/314 312/312
f 315/315 312/312 318/318
f 319/319 323/323 314/314
f 319/319 314/314 315/315
f 321/321 323/323 319/319
f 321/321 330/330 323/323
f 339/339 233/233 375/375
f 341/341 340/340 338/338
f 341/341 231/231 340/340
f 350/350 231/231 341/341
f 440/440 410/410 421/421
f 427/427 406/406 407/407
f 427/427 407/407 439/439
f 413/413 301/301 411/411
f 414/414 295/295 413/413
f 395/395 290/290 297/297
f 396/396 290/290 395/395
f 396/396 291/291 290/290
f 310/310 293/293 386/386
f 318/318 317/317 364/364
f 320/320 315/315 322/322
f 320/320 319/319 315/315
f 320/320 321/321 319/319
f 332/332 331/331 321/321
f 336/336 330/330 331/331
f 336/336 339/339 330/330
f 338/338 339/339 336/336
f 349/349 341/341 338/338
f 350/350 341/341 349/349
f 353/353 354/354 347/347
f 352/352 353/353 351/351
f 440/440 421/421 484/484
f 437/437 411/411 412/412
f 436/436 413/413 411/411
f 413/413 415/415 414/414
f 395/395 297/297 415/415
f 397/397 291/291 396/396
f 398/398 291/291 397/397
f 398/398 393/393 291/291
f 387/387 292/292 394/394
f 386/386 292/292 387/387
f 385/385 310/310 386/386
f 376/376 310/310 385/385
f 376/376 316/316 310/310
f 365/365 316/316 376/376
f 364/364 316/316 365/365
f 367/367 364/364 365/365
f 367/367 366/366 364/364
f 366/366 318/318 364/364
f 322/322 315/315 318/318
f 324/324 322/322 318/318
f 320/320 332/332 321/321
f 333/333 331/331 332/332
f 335/335 331/331 333/333
f 335/335 336/336 331/331
f 337/337 336/336 335/335
f 337/337 338/338 336/336
f 337/337 349/349 338/338
f 347/347 350/350 349/349
f 351/351 353/353 347/347
f 352/352 351/351 348/348
f 478/478 440/440 485/485
f 439/439 410/410 440/440
f 437/437 412/412 427/427
f 434/434 395/395 415/415
f 433/433 395/395 434/434
f 400/400 397/397 396/396
f 399/399 393/393 398/398
f 394/394 393/393 399/399
f 367/367 365/365 368/368
f 389/389 322/322 324/324
f 389/389 324/324 391/391
f 369/369 320/320 322/322
f 334/334 320/320 369/369
f 334/334 332/332 320/320
f 334/334 333/333 332/332
f 360/360 333/333 334/334
f 342/342 335/335 333/333
f 344/344 349/349 337/337
f 348/348 351/351 347/347
f 451/451 436/436 438/438
f 400/400 396/396 433/433
f 387/387 394/394 428/428
f 388/388 385/385 387/387
f 376/376 385/385 388/388
f 368/368 365/365 376/376
f 368/368 376/376 388/388
f 423/423 367/367 368/368
f 422/422 366/366 367/367
f 369/369 322/322 389/389
f 362/362 334/334 369/369
f 360/360 334/334 362/362
f 359/359 333/333 360/360
f 342/342 333/333 359/359
f 342/342 337/337 335/335
f 343/343 337/337 342/342
f 346/346 347/347 344/344
f 355/355 352/352 348/348
f 356/356 352/352 355/355
f 445/445 398/398 397/397
f 428/428 425/425 387/387
f 425/425 368/368 388/388
f 423/423 368/368 425/425
f 401/401 366/366 422/422
f 361/361 360/360 362/362
f 359/359 360/360 361/361
f 416/416 342/342 359/359
f 343/343 342/342 380/380
f 344/344 337/337 343/343
f 346/346 355/355 348/348
f 490/490 477/477 492/492
f 443/443 433/433 469/469
f 424/424 401/401 422/422
f 426/426 401/401 424/424
f 426/426 391/391 401/401
f 390/390 389/389 391/391
f 390/390 369/369 389/389
f 402/402 362/362 369/369
f 403/403 362/362 402/402
f 392/392 359/359 361/361
f 416/416 359/359 392/392
f 381/381 343/343 380/380
f 345/345 346/346 344/344
f 357/357 346/346 345/345
f 357/357 355/355 346/346
f 495/495 472/472 489/489
f 480/480 435/435 494/494
f 390/390 391/391 426/426
f 402/402 369/369 390/390
f 405/405 402/402 390/390
f 403/403 402/402 405/405
f 419/419 361/361 404/404
f 392/392 361/361 419/419
f 418/418 417/417 416/416
f 380/380 417/417 418/418
f 382/382 343/343 381/381
f 363/363 357/357 345/345
f 405/405 390/390 442/442
f 466/466 404/404 405/405
f 404/404 361/361 403/403
f 453/453 419/419 404/404
f 420/420 392/392 419/419
f 420/420 416/416 392/392
f 383/383 381/381 384/384
f 382/382 381/381 383/383
f 382/382 363/363 345/345
f 370/370 363/363 382/382
f 480/480 494/494 499/499
f 481/481 456/456 480/480
f 461/461 459/459 460/460
f 420/420 419/419 453/453
f 452/452 420/420 453/453
f 441/441 416/416 420/420
f 418/418 416/416 441/441
f 432/432 384/384 418/418
f 431/431 383/383 384/384
f 473/473 404/404 468/468
f 441/441 420/420 452/452
f 430/430 429/429 383/383
f 462/462 461/461 460/460
f 483/483 479/479 482/482
f 3549/3566 3922/3956 1057/3958
f 3549/3566 3510/3509 3530/3531
f 3548/3565 3549/3566 1057/3958
f 3547/3563 3546/3562 3548/3565
f 1052/3564 3548/3565 1044/3957
f 1052/3564 3547/3563 3548/3565
f 3511/3510 3509/3508 3510/3509
f 3547/3563 3512/3511 3511/3510
f 3513/3512 3512/3511 3547/3563
f 1053/3875 3513/3512 3547/3563
f 3439/3438 3426/3425 3440/3439
f 3473/3472 3439/3438 3440/3439
f 3509/3508 3472/3471 3473/3472
f 3512/3511 3508/3507 3509/3508
f 1072/3515 3515/3514 3513/3512
f 3514/3513 3515/3514 1072/3515
f 3519/3520 3514/3513 1072/3515
f 1023/3545 3519/3520 1021/3955
f 3410/3409 3411/3410 3426/3425
f 3441/3440 3438/3437 3472/3471
f 3480/3479 3472/3471 3509/3508
f 3480/3479 3441/3440 3472/3471
f 3508/3507 3480/3479 3509/3508
f 1049/3557 1081/3519 1023/3545
f 1081/3519 3516/3516 1023/3545
f 3371/3370 3372/3371 3410/3409
f 3407/3406 3405/3404 3438/3437
f 3441/3440 3407/3406 3438/3437
f 3412/3411 3407/3406 3441/3440
f 3479/3478 3441/3440 3480/3479
f 3482/3481 3481/3480 3479/3478
f 3514/3513 3482/3481 3479/3478
f 3516/3516 3482/3481 3514/3513
f 3516/3516 3467/3466 3482/3481
f 3516/3516 3514/3513 3519/3520
f 3517/3517 3467/3466 3516/3516
f 1075/3559 1081/3519 1048/3560
f 3359/3358 3372/3371 3371/3370
f 3371/3370 3358/3357 3359/3358
f 3370/3369 3358/3357 3371/3370
f 3405/3404 3370/3369 3371/3370
f 3406/3405 3370/3369 3405/3404
f 3407/3406 3406/3405 3405/3404
f 3412/3411 3406/3405 3407/3406
f 3441/3440 3413/3412 3412/3411
f 3413/3412 3393/3392 3412/3411
f 3442/3441 3441/3440 3479/3478
f 3413/3412 3441/3440 3442/3441
f 3443/3442 3481/3480 3482/3481
f 3467/3466 3443/3442 3482/3481
f 3468/3467 3467/3466 3517/3517
f 3518/3518 3468/3467 3517/3517
f 3518/3518 3517/3517 1081/3519
f 3518/3518 3483/3482 3468/3467
f 3535/3536 3496/3495 3518/3518
f 3535/3536 3518/3518 1070/3543
f 3524/3525 3496/3495 3535/3536
f 3325/3324 3326/3325 3359/3358
f 3358/3357 3325/3324 3359/3358
f 3392/3391 3369/3368 3406/3405
f 3412/3411 3392/3391 3406/3405
f 3391/3390 3392/3391 3412/3411
f 3442/3441 3394/3393 3413/3412
f 3443/3442 3335/3334 3442/3441
f 3335/3334 3394/3393 3442/3441
f 3444/3443 3334/3333 3443/3442
f 3334/3333 3335/3334 3443/3442
f 3446/3445 3334/3333 3444/3443
f 3446/3445 3444/3443 3468/3467
f 3483/3482 3453/3452 3468/3467
f 3451/3450 3453/3452 3483/3482
f 3469/3468 3451/3450 3483/3482
f 3495/3494 3469/3468 3496/3495
f 1078/3554 3524/3525 1079/3542
f 3525/3526 3524/3525 1078/3554
f 3534/3535 3525/3526 1077/3555
f 1041/3766 3534/3535 1073/3556
f 3543/3551 3534/3535 1041/3766
f 1076/3768 3543/3551 1045/3767
f 3370/3369 3357/3356 3358/3357
f 3369/3368 3341/3340 3370/3369
f 3341/3340 3357/3356 3370/3369
f 3340/3339 3341/3340 3369/3368
f 3391/3390 3360/3359 3392/3391
f 3360/3359 3340/3339 3392/3391
f 3368/3367 3391/3390 3393/3392
f 3394/3393 3368/3367 3393/3392
f 3393/3392 3413/3412 3394/3393
f 3335/3334 3368/3367 3394/3393
f 3333/3332 3368/3367 3335/3334
f 3332/3331 3333/3332 3334/3333
f 3453/3452 3352/3351 3446/3445
f 3451/3450 3352/3351 3453/3452
f 3450/3449 3414/3413 3451/3450
f 3469/3468 3450/3449 3451/3450
f 3452/3451 3450/3449 3469/3468
f 3495/3494 3452/3451 3469/3468
f 3524/3525 3460/3459 3495/3494
f 3455/3454 3460/3459 3524/3525
f 3525/3526 3455/3454 3524/3525
f 3527/3528 3485/3484 3543/3551
f 1046/3852 1074/3851 1076/3768
f 1051/3950 3536/3537 1074/3851
f 1035/3951 1063/3546 1051/3950
f 1063/3546 3536/3537 1051/3950
f 3292/3291 3325/3324 3358/3357
f 3358/3357 3357/3356 3292/3291
f 3360/3359 3321/3320 3340/3339
f 3361/3360 3360/3359 3391/3390
f 3367/3366 3361/3360 3368/3367
f 3333/3332 3337/3336 3368/3367
f 3337/3336 3367/3366 3368/3367
f 3336/3335 3333/3332 3332/3331
f 3352/3351 3332/3331 3334/3333
f 3388/3387 3351/3350 3352/3351
f 3352/3351 3451/3450 3414/3413
f 3450/3449 3404/3403 3414/3413
f 3399/3398 3404/3403 3450/3449
f 3460/3459 3399/3398 3452/3451
f 3415/3414 3399/3398 3460/3459
f 3455/3454 3415/3414 3460/3459
f 3454/3453 3415/3414 3455/3454
f 3458/3457 3454/3453 3455/3454
f 3455/3454 3525/3526 3459/3458
f 3435/3434 3470/3469 3459/3458
f 3434/3433 3435/3434 3506/3505
f 3432/3431 3434/3433 3485/3484
f 3527/3528 3484/3483 3485/3484
f 3536/3537 3527/3528 1074/3851
f 3536/3537 3486/3485 3527/3528
f 3499/3498 3486/3485 3536/3537
f 1063/3546 3499/3498 3536/3537
f 1062/3854 3539/3547 1063/3546
f 1064/3853 3539/3547 1062/3854
f 3293/3292 3287/3286 3286/3285
f 3292/3291 3287/3286 3293/3292
f 3291/3290 3292/3291 3357/3356
f 3340/3339 3291/3290 3341/3340
f 3339/3338 3321/3320 3360/3359
f 3339/3338 3360/3359 3361/3360
f 3367/3366 3338/3337 3361/3360
f 3337/3336 3338/3337 3367/3366
f 3336/3335 3338/3337 3337/3336
f 3351/3350 3336/3335 3332/3331
f 3404/3403 3388/3387 3414/3413
f 3379/3378 3347/3346 3404/3403
f 3399/3398 3379/3378 3404/3403
f 3398/3397 3378/3377 3399/3398
f 3415/3414 3398/3397 3399/3398
f 3454/3453 3398/3397 3415/3414
f 3458/3457 3457/3456 3454/3453
f 3470/3469 3400/3399 3458/3457
f 3400/3399 3457/3456 3458/3457
f 3409/3408 3400/3399 3470/3469
f 3435/3434 3409/3408 3470/3469
f 3433/3432 3409/3408 3435/3434
f 3432/3431 3433/3432 3434/3433
f 3466/3465 3430/3429 3484/3483
f 3466/3465 3484/3483 3486/3485
f 3497/3496 3498/3497 3499/3498
f 3540/3548 3497/3496 3539/3547
f 3541/3549 3540/3548 1064/3853
f 1065/3561 3541/3549 1064/3853
f 3287/3286 3206/3205 3286/3285
f 3292/3291 3257/3256 3287/3286
f 3290/3289 3257/3256 3292/3291
f 3291/3290 3290/3289 3292/3291
f 3272/3271 3290/3289 3291/3290
f 3321/3320 3272/3271 3291/3290
f 3320/3319 3272/3271 3321/3320
f 3339/3338 3320/3319 3321/3320
f 3331/3330 3320/3319 3338/3337
f 3336/3335 3331/3330 3338/3337
f 3349/3348 3350/3349 3336/3335
f 3351/3350 3349/3348 3336/3335
f 3347/3346 3351/3350 3388/3387
f 3379/3378 3348/3347 3347/3346
f 3378/3377 3348/3347 3379/3378
f 3380/3379 3378/3377 3398/3397
f 3457/3456 3380/3379 3398/3397
f 3409/3408 3329/3328 3400/3399
f 3387/3386 3329/3328 3409/3408
f 3433/3432 3387/3386 3409/3408
f 3432/3431 3431/3430 3433/3432
f 3428/3427 3431/3430 3430/3429
f 3429/3428 3428/3427 3430/3429
f 3466/3465 3429/3428 3430/3429
f 3436/3435 3429/3428 3466/3465
f 3498/3497 3437/3436 3466/3465
f 3437/3436 3436/3435 3466/3465
f 3474/3473 3471/3470 3497/3496
f 3541/3549 3474/3473 3497/3496
f 3478/3477 3474/3473 3541/3549
f 3529/3530 3478/3477 3544/3552
f 3544/3552 3541/3549 1065/3561
f 3545/3553 3531/3532 3544/3552
f 3531/3532 3529/3530 3544/3552
f 1065/3561 3545/3553 3544/3552
f 1039/3959 1068/3538 1065/3561
f 1068/3538 3537/3539 1065/3561
f 3255/3254 3256/3255 3257/3256
f 3258/3257 3257/3256 3290/3289
f 3320/3319 3270/3269 3272/3271
f 3269/3268 3270/3269 3320/3319
f 3331/3330 3269/3268 3320/3319
f 3350/3349 3308/3307 3331/3330
f 3349/3348 3308/3307 3350/3349
f 3349/3348 3351/3350 3347/3346
f 3347/3346 3307/3306 3349/3348
f 3330/3329 3307/3306 3347/3346
f 3330/3329 3347/3346 3348/3347
f 3378/3377 3330/3329 3348/3347
f 3380/3379 3328/3327 3378/3377
f 3383/3382 3329/3328 3387/3386
f 3384/3383 3387/3386 3433/3432
f 3431/3430 3384/3383 3433/3432
f 3385/3384 3431/3430 3428/3427
f 3386/3385 3428/3427 3429/3428
f 3396/3395 3386/3385 3429/3428
f 3418/3417 3396/3395 3436/3435
f 3437/3436 3418/3417 3436/3435
f 3476/3475 3419/3418 3474/3473
f 3477/3476 3476/3475 3474/3473
f 3477/3476 3474/3473 3478/3477
f 3529/3530 3477/3476 3478/3477
f 3531/3532 3526/3527 3529/3530
f 3537/3539 3521/3522 3531/3532
f 3531/3532 3545/3553 3537/3539
f 3504/3503 3502/3501 1068/3538
f 1080/3540 1068/3538 1067/3864
f 3205/3204 3206/3205 3204/3203
f 3271/3270 3237/3236 3258/3257
f 3271/3270 3272/3271 3270/3269
f 3236/3235 3271/3270 3270/3269
f 3268/3267 3236/3235 3270/3269
f 3267/3266 3268/3267 3269/3268
f 3328/3327 3327/3326 3330/3329
f 3386/3385 3381/3380 3385/3384
f 3386/3385 3385/3384 3428/3427
f 3396/3395 3395/3394 3386/3385
f 3419/3418 3402/3401 3418/3417
f 3471/3470 3419/3418 3418/3417
f 3476/3475 3475/3474 3419/3418
f 3462/3461 3475/3474 3476/3475
f 3477/3476 3462/3461 3476/3475
f 3526/3527 3463/3462 3477/3476
f 3477/3476 3529/3530 3526/3527
f 3502/3501 3464/3463 3501/3500
f 3502/3501 3501/3500 3521/3522
f 3522/3523 3503/3502 3504/3503
f 1080/3540 3532/3533 3504/3503
f 1056/3926 3538/3541 1080/3540
f 1066/3544 3494/3493 3538/3541
f 1054/3769 1066/3544 1055/3770
f 3304/3303 3285/3284 3307/3306
f 3318/3317 3305/3304 3328/3327
f 3318/3317 3328/3327 3329/3328
f 3318/3317 3329/3328 3383/3382
f 3384/3383 3318/3317 3383/3382
f 3385/3384 3356/3355 3384/3383
f 3356/3355 3318/3317 3384/3383
f 3381/3380 3356/3355 3385/3384
f 3382/3381 3381/3380 3386/3385
f 3395/3394 3382/3381 3386/3385
f 3401/3400 3397/3396 3395/3394
f 3402/3401 3427/3426 3401/3400
f 3402/3401 3401/3400 3395/3394
f 3419/3418 3456/3455 3402/3401
f 3475/3474 3424/3423 3419/3418
f 3424/3423 3456/3455 3419/3418
f 3462/3461 3424/3423 3475/3474
f 3463/3462 3425/3424 3462/3461
f 3462/3461 3477/3476 3463/3462
f 3464/3463 3425/3424 3463/3462
f 3463/3462 3501/3500 3464/3463
f 3493/3492 3507/3506 3532/3533
f 3490/3489 3423/3422 3493/3492
f 3492/3491 3493/3492 3494/3493
f 3491/3490 3492/3491 1066/3544
f 3528/3529 3491/3490 3542/3550
f 1054/3769 3528/3529 3542/3550
f 3533/3534 3528/3529 1054/3769
f 1058/3981 1054/3769 1024/4004
f 3197/3196 3167/3166 3207/3206
f 3197/3196 3207/3206 3205/3204
f 3187/3186 3197/3196 3204/3203
f 3213/3212 3187/3186 3204/3203
f 3236/3235 3213/3212 3237/3236
f 3235/3234 3236/3235 3268/3267
f 3254/3253 3267/3266 3266/3265
f 3265/3264 3254/3253 3266/3265
f 3285/3284 3245/3244 3253/3252
f 3304/3303 3284/3283 3285/3284
f 3318/3317 3317/3316 3305/3304
f 3317/3316 3295/3294 3305/3304
f 3356/3355 3317/3316 3318/3317
f 3381/3380 3354/3353 3356/3355
f 3382/3381 3354/3353 3381/3380
f 3427/3426 3403/3402 3401/3400
f 3403/3402 3397/3396 3401/3400
f 3389/3388 3366/3365 3427/3426
f 3366/3365 3403/3402 3427/3426
f 3456/3455 3389/3388 3427/3426
f 3424/3423 3362/3361 3389/3388
f 3374/3373 3373/3372 3425/3424
f 3421/3420 3420/3419 3425/3424
f 3465/3464 3421/3420 3425/3424
f 3465/3464 3425/3424 3464/3463
f 3461/3460 3417/3416 3423/3422
f 3490/3489 3461/3460 3423/3422
f 3491/3490 3490/3489 3492/3491
f 3489/3488 3500/3499 3528/3529
f 3487/3486 3489/3488 3533/3534
f 3165/3164 3167/3166 3197/3196
f 3187/3186 3165/3164 3197/3196
f 3253/3252 3252/3251 3265/3264
f 3245/3244 3252/3251 3253/3252
f 3243/3242 3245/3244 3284/3283
f 3246/3245 3284/3283 3304/3303
f 3303/3302 3247/3246 3304/3303
f 3247/3246 3246/3245 3304/3303
f 3295/3294 3248/3247 3303/3302
f 3316/3315 3295/3294 3317/3316
f 3353/3352 3319/3318 3354/3353
f 3382/3381 3353/3352 3354/3353
f 3355/3354 3353/3352 3382/3381
f 3397/3396 3355/3354 3382/3381
f 3342/3341 3355/3354 3397/3396
f 3366/3365 3342/3341 3403/3402
f 3313/3312 3301/3300 3366/3365
f 3362/3361 3312/3311 3313/3312
f 3313/3312 3389/3388 3362/3361
f 3373/3372 3312/3311 3362/3361
f 3362/3361 3424/3423 3373/3372
f 3374/3373 3364/3363 3373/3372
f 3375/3374 3364/3363 3374/3373
f 3376/3375 3420/3419 3421/3420
f 3376/3375 3421/3420 3422/3421
f 3408/3407 3376/3375 3422/3421
f 3408/3407 3423/3422 3417/3416
f 3500/3499 3449/3448 3461/3460
f 3500/3499 3461/3460 3491/3490
f 3448/3447 3449/3448 3500/3499
f 3488/3487 3448/3447 3489/3488
f 3487/3486 3488/3487 3489/3488
f 3166/3165 3161/3160 3165/3164
f 3186/3185 3166/3165 3187/3186
f 3185/3184 3166/3165 3186/3185
f 3185/3184 3186/3185 3213/3212
f 3184/3183 3185/3184 3213/3212
f 3200/3199 3184/3183 3213/3212
f 3183/3182 3200/3199 3235/3234
f 3238/3237 3228/3227 3254/3253
f 3265/3264 3238/3237 3254/3253
f 3252/3251 3238/3237 3265/3264
f 3245/3244 3244/3243 3252/3251
f 3243/3242 3244/3243 3245/3244
f 3227/3226 3239/3238 3246/3245
f 3295/3294 3225/3224 3248/3247
f 3275/3274 3225/3224 3295/3294
f 3316/3315 3275/3274 3295/3294
f 3319/3318 3275/3274 3316/3315
f 3353/3352 3288/3287 3319/3318
f 3302/3301 3288/3287 3353/3352
f 3355/3354 3302/3301 3353/3352
f 3301/3300 3342/3341 3366/3365
f 3299/3298 3300/3299 3301/3300
f 3364/3363 3312/3311 3373/3372
f 3363/3362 3311/3310 3364/3363
f 3375/3374 3363/3362 3364/3363
f 3365/3364 3363/3362 3375/3374
f 3376/3375 3365/3364 3375/3374
f 3375/3374 3420/3419 3376/3375
f 3408/3407 3377/3376 3376/3375
f 3417/3416 3346/3345 3408/3407
f 3346/3345 3377/3376 3408/3407
f 3447/3446 3448/3447 3488/3487
f 3127/3126 3129/3128 3165/3164
f 3161/3160 3127/3126 3165/3164
f 3160/3159 3161/3160 3166/3165
f 3185/3184 3152/3151 3166/3165
f 3152/3151 3160/3159 3166/3165
f 3183/3182 3184/3183 3200/3199
f 3228/3227 3182/3181 3183/3182
f 3238/3237 3162/3161 3228/3227
f 3244/3243 3222/3221 3252/3251
f 3239/3238 3243/3242 3246/3245
f 3319/3318 3277/3276 3275/3274
f 3288/3287 3277/3276 3319/3318
f 3274/3273 3273/3272 3302/3301
f 3300/3299 3274/3273 3302/3301
f 3302/3301 3355/3354 3300/3299
f 3299/3298 3251/3250 3300/3299
f 3312/3311 3280/3279 3299/3298
f 3311/3310 3312/3311 3364/3363
f 3363/3362 3314/3313 3311/3310
f 3296/3295 3324/3323 3363/3362
f 3365/3364 3296/3295 3363/3362
f 3345/3344 3365/3364 3377/3376
f 3346/3345 3345/3344 3377/3376
f 3390/3389 3346/3345 3416/3415
f 3416/3415 3449/3448 3390/3389
f 3160/3159 3126/3125 3161/3160
f 3152/3151 3128/3127 3160/3159
f 3153/3152 3152/3151 3185/3184
f 3184/3183 3153/3152 3185/3184
f 3150/3149 3184/3183 3183/3182
f 3155/3154 3150/3149 3182/3181
f 3162/3161 3155/3154 3182/3181
f 3154/3153 3155/3154 3162/3161
f 3181/3180 3154/3153 3162/3161
f 3222/3221 3181/3180 3162/3161
f 3162/3161 3238/3237 3222/3221
f 3223/3222 3181/3180 3222/3221
f 3244/3243 3223/3222 3222/3221
f 3242/3241 3198/3197 3223/3222
f 3199/3198 3198/3197 3242/3241
f 3239/3238 3199/3198 3242/3241
f 3220/3219 3199/3198 3239/3238
f 3224/3223 3210/3209 3225/3224
f 3275/3274 3224/3223 3225/3224
f 3277/3276 3276/3275 3275/3274
f 3221/3220 3276/3275 3277/3276
f 3215/3214 3221/3220 3288/3287
f 3274/3273 3216/3215 3273/3272
f 3251/3250 3250/3249 3274/3273
f 3281/3280 3249/3248 3280/3279
f 3314/3313 3279/3278 3311/3310
f 3343/3342 3297/3296 3345/3344
f 3346/3345 3343/3342 3345/3344
f 3344/3343 3343/3342 3346/3345
f 3390/3389 3344/3343 3346/3345
f 3127/3126 3125/3124 3124/3123
f 3124/3123 3129/3128 3127/3126
f 3126/3125 3125/3124 3127/3126
f 3161/3160 3126/3125 3127/3126
f 3150/3149 3153/3152 3184/3183
f 3154/3153 3151/3150 3155/3154
f 3198/3197 3144/3143 3181/3180
f 3199/3198 3143/3142 3198/3197
f 3143/3142 3144/3143 3198/3197
f 3220/3219 3143/3142 3199/3198
f 3211/3210 3142/3141 3220/3219
f 3212/3211 3211/3210 3220/3219
f 3221/3220 3224/3223 3276/3275
f 3215/3214 3196/3195 3221/3220
f 3315/3314 3261/3260 3279/3278
f 3241/3240 3261/3260 3315/3314
f 3241/3240 3315/3314 3324/3323
f 3282/3281 3278/3277 3241/3240
f 3241/3240 3324/3323 3282/3281
f 3263/3262 3264/3263 3297/3296
f 3343/3342 3298/3297 3297/3296
f 3322/3321 3298/3297 3343/3342
f 3344/3343 3322/3321 3343/3342
f 3128/3127 3105/3104 3126/3125
f 3150/3149 3149/3148 3153/3152
f 3151/3150 3150/3149 3155/3154
f 3143/3142 3140/3139 3144/3143
f 3146/3145 3142/3141 3211/3210
f 3191/3190 3147/3146 3211/3210
f 3147/3146 3146/3145 3211/3210
f 3192/3191 3212/3211 3210/3209
f 3196/3195 3195/3194 3221/3220
f 3177/3176 3195/3194 3196/3195
f 3214/3213 3177/3176 3196/3195
f 3279/3278 3231/3230 3249/3248
f 3278/3277 3233/3232 3241/3240
f 3298/3297 3262/3261 3263/3262
f 3298/3297 3263/3262 3297/3296
f 3322/3321 3283/3282 3298/3297
f 3310/3309 3283/3282 3322/3321
f 3021/3020 3095/3094 3124/3123
f 3125/3124 3021/3020 3124/3123
f 3020/3019 3021/3020 3125/3124
f 3105/3104 3020/3019 3126/3125
f 3017/3016 3020/3019 3105/3104
f 3015/3014 3017/3016 3105/3104
f 3149/3148 3104/3103 3105/3104
f 3150/3149 3104/3103 3149/3148
f 3151/3150 3106/3105 3150/3149
f 3154/3153 3139/3138 3151/3150
f 3145/3144 3139/3138 3154/3153
f 3140/3139 3145/3144 3144/3143
f 3143/3142 3141/3140 3140/3139
f 3142/3141 3141/3140 3143/3142
f 3146/3145 3132/3131 3142/3141
f 3132/3131 3141/3140 3142/3141
f 3147/3146 3132/3131 3146/3145
f 3179/3178 3147/3146 3191/3190
f 3169/3168 3179/3178 3191/3190
f 3192/3191 3169/3168 3191/3190
f 3194/3193 3193/3192 3209/3208
f 3195/3194 3194/3193 3221/3220
f 3217/3216 3175/3174 3214/3213
f 3229/3228 3175/3174 3217/3216
f 3249/3248 3230/3229 3229/3228
f 3231/3230 3230/3229 3249/3248
f 3233/3232 3232/3231 3231/3230
f 3278/3277 3234/3233 3233/3232
f 3264/3263 3234/3233 3278/3277
f 3263/3262 3234/3233 3264/3263
f 3283/3282 3259/3258 3262/3261
f 3019/3018 3021/3020 3020/3019
f 3106/3105 3104/3103 3150/3149
f 3139/3138 3106/3105 3151/3150
f 3140/3139 3139/3138 3145/3144
f 3141/3140 3102/3101 3140/3139
f 3147/3146 3131/3130 3132/3131
f 3179/3178 3131/3130 3147/3146
f 3134/3133 3179/3178 3169/3168
f 3194/3193 3178/3177 3193/3192
f 3173/3172 3174/3173 3175/3174
f 3229/3228 3173/3172 3175/3174
f 3230/3229 3173/3172 3229/3228
f 3231/3230 3170/3169 3230/3229
f 3232/3231 3233/3232 3234/3233
f 3259/3258 3202/3201 3240/3239
f 3289/3288 3260/3259 3310/3309
f 3139/3138 3103/3102 3106/3105
f 3140/3139 3103/3102 3139/3138
f 3132/3131 3102/3101 3141/3140
f 3131/3130 3102/3101 3132/3131
f 3134/3133 3131/3130 3179/3178
f 3176/3175 3175/3174 3174/3173
f 3230/3229 3170/3169 3173/3172
f 3203/3202 3170/3169 3232/3231
f 3234/3233 3203/3202 3232/3231
f 3219/3218 3202/3201 3259/3258
f 3260/3259 3219/3218 3283/3282
f 3014/3013 2912/2911 3021/3020
f 3019/3018 3014/3013 3021/3020
f 3016/3015 3019/3018 3020/3019
f 3016/3015 3020/3019 3017/3016
f 3106/3105 3096/3095 3015/3014
f 3015/3014 3104/3103 3106/3105
f 3107/3106 3096/3095 3106/3105
f 3103/3102 3107/3106 3106/3105
f 3131/3130 3099/3098 3102/3101
f 3100/3099 3099/3098 3131/3130
f 3169/3168 3135/3134 3134/3133
f 3168/3167 3135/3134 3169/3168
f 3178/3177 3168/3167 3169/3168
f 3137/3136 3168/3167 3178/3177
f 3176/3175 3137/3136 3178/3177
f 3138/3137 3137/3136 3176/3175
f 3148/3147 3138/3137 3174/3173
f 3172/3171 3148/3147 3174/3173
f 3173/3172 3172/3171 3174/3173
f 3170/3169 3172/3171 3173/3172
f 3190/3189 3171/3170 3203/3202
f 3190/3189 3203/3202 3201/3200
f 3219/3218 3189/3188 3202/3201
f 3218/3217 3219/3218 3260/3259
f 2686/2685 2683/2682 2912/2911
f 3014/3013 2686/2685 2912/2911
f 3015/3014 3018/3017 3016/3015
f 3022/3021 3018/3017 3015/3014
f 3096/3095 3022/3021 3015/3014
f 3102/3101 3097/3096 3103/3102
f 3103/3102 3140/3139 3102/3101
f 3134/3133 3100/3099 3131/3130
f 3101/3100 3100/3099 3134/3133
f 3135/3134 3133/3132 3134/3133
f 3133/3132 3101/3100 3134/3133
f 3117/3116 3137/3136 3138/3137
f 3114/3113 3117/3116 3138/3137
f 3148/3147 3114/3113 3138/3137
f 3172/3171 3163/3162 3148/3147
f 3218/3217 3188/3187 3189/3188
f 2684/2683 2676/2675 2683/2682
f 2684/2683 2683/2682 2686/2685
f 2686/2685 3014/3013 3018/3017
f 3096/3095 3013/3012 3022/3021
f 3103/3102 3097/3096 3107/3106
f 3100/3099 3098/3097 3099/3098
f 3136/3135 3135/3134 3168/3167
f 3137/3136 3136/3135 3168/3167
f 3148/3147 3115/3114 3114/3113
f 3163/3162 3116/3115 3148/3147
f 3121/3120 3123/3122 3163/3162
f 3121/3120 3163/3162 3164/3163
f 3157/3156 3164/3163 3171/3170
f 3190/3189 3157/3156 3171/3170
f 3189/3188 3180/3179 3190/3189
f 2686/2685 2681/2680 2684/2683
f 3022/3021 2687/2686 3018/3017
f 3013/3012 2687/2686 3022/3021
f 3023/3022 3013/3012 3107/3106
f 3097/3096 3023/3022 3107/3106
f 3099/3098 3098/3097 3097/3096
f 3101/3100 3098/3097 3100/3099
f 3033/3032 3118/3117 3117/3116
f 3114/3113 3033/3032 3117/3116
f 3115/3114 3113/3112 3114/3113
f 3116/3115 3115/3114 3148/3147
f 3121/3120 3122/3121 3123/3122
f 3156/3155 3157/3156 3180/3179
f 3158/3157 3159/3158 3188/3187
f 2670/2669 2684/2683 2681/2680
f 2687/2686 2681/2680 2686/2685
f 2689/2688 2687/2686 3013/3012
f 2690/2689 3013/3012 3023/3022
f 3024/3023 3023/3022 3097/3096
f 3098/3097 3024/3023 3097/3096
f 2833/2832 3024/3023 3098/3097
f 3101/3100 2833/2832 3098/3097
f 3133/3132 3036/3035 3101/3100
f 3136/3135 3092/3091 3133/3132
f 3114/3113 3032/3031 3033/3032
f 3113/3112 3032/3031 3114/3113
f 3111/3110 3113/3112 3115/3114
f 3116/3115 3111/3110 3115/3114
f 3112/3111 3111/3110 3116/3115
f 3112/3111 3116/3115 3123/3122
f 3122/3121 3112/3111 3123/3122
f 3108/3107 3122/3121 3121/3120
f 3119/3118 3108/3107 3121/3120
f 3157/3156 3119/3118 3121/3120
f 3130/3129 3156/3155 3159/3158
f 3158/3157 3130/3129 3159/3158
f 2672/2671 2675/2674 2670/2669
f 2675/2674 2676/2675 2670/2669
f 2671/2670 2670/2669 2681/2680
f 2682/2681 2681/2680 2687/2686
f 2688/2687 2682/2681 2687/2686
f 2690/2689 2689/2688 3013/3012
f 2638/2637 2637/2636 3023/3022
f 2638/2637 3023/3022 3024/3023
f 2833/2832 2638/2637 3024/3023
f 2580/2579 2581/2580 3036/3035
f 3036/3035 3133/3132 3092/3091
f 3092/3091 2580/2579 3036/3035
f 2579/2578 2580/2579 3092/3091
f 3034/3033 2579/2578 3092/3091
f 3025/3024 3034/3033 3094/3093
f 3025/3024 3094/3093 3033/3032
f 3035/3034 3032/3031 3113/3112
f 3111/3110 3035/3034 3113/3112
f 3108/3107 3109/3108 3122/3121
f 3120/3119 3119/3118 3156/3155
f 3130/3129 3120/3119 3156/3155
f 487/4982 486/4980 4875/4981
f 492/4990 478/4991 487/4982
f 2668/2667 2671/2670 2681/2680
f 2668/2667 2681/2680 2682/2681
f 2685/2684 2688/2687 2689/2688
f 2636/2635 2685/2684 2689/2688
f 2635/2634 2636/2635 2690/2689
f 2637/2636 2635/2634 2690/2689
f 2637/2636 2690/2689 3023/3022
f 2573/2572 2581/2580 2580/2579
f 2574/2573 2573/2572 2580/2579
f 2587/2586 2579/2578 3034/3033
f 3025/3024 2587/2586 3034/3033
f 2746/2745 3025/3024 3033/3032
f 3032/3031 2746/2745 3033/3032
f 3027/3026 3035/3034 3111/3110
f 3109/3108 3027/3026 3111/3110
f 3026/3025 3027/3026 3109/3108
f 3108/3107 3028/3027 3109/3108
f 3130/3129 3093/3092 3120/3119
f 2667/2666 2670/2669 2671/2670
f 491/4992 490/4993 492/4990
f 2682/2681 2688/2687 2685/2684
f 2669/2668 2682/2681 2685/2684
f 2636/2635 2669/2668 2685/2684
f 2625/2624 2630/2629 2638/2637
f 2576/2575 2625/2624 2581/2580
f 2576/2575 2581/2580 2573/2572
f 2577/2576 2574/2573 2579/2578
f 2577/2576 2579/2578 2587/2586
f 3025/3024 2746/2745 2747/2746
f 3032/3031 2748/2747 2746/2745
f 2749/2748 2748/2747 3032/3031
f 3109/3108 3028/3027 3026/3025
f 3093/3092 3030/3029 3120/3119
f 2673/2672 2679/2678 2672/2671
f 2679/2678 2678/2677 2672/2671
f 487/4982 4875/4981 4876/4983
f 4882/4989 492/4990 487/4982
f 491/4992 492/4990 4882/4989
f 2667/2666 2671/2670 2668/2667
f 2664/2663 2667/2666 2668/2667
f 504/4995 489/4996 491/4992
f 2669/2668 2641/2640 2668/2667
f 2641/2640 2664/2663 2668/2667
f 2669/2668 2668/2667 2682/2681
f 2636/2635 2639/2638 2669/2668
f 2631/2630 2636/2635 2635/2634
f 2629/2628 2635/2634 2637/2636
f 2622/2621 2629/2628 2637/2636
f 2622/2621 2637/2636 2630/2629
f 2621/2620 2630/2629 2625/2624
f 2573/2572 2575/2574 2576/2575
f 2571/2570 2573/2572 2574/2573
f 3035/3034 2706/2705 2749/2748
f 3027/3026 2706/2705 3035/3034
f 2705/2704 2706/2705 3027/3026
f 3026/3025 2705/2704 3027/3026
f 2832/2831 3029/3028 3031/3030
f 3030/3029 2832/2831 3031/3030
f 3110/3109 3093/3092 3130/3129
f 2679/2678 2680/2679 2677/2676
f 2679/2678 2677/2676 2678/2677
f 4876/4983 4875/4981 4877/4984
f 4880/4987 4882/4989 4876/4983
f 4882/4989 487/4982 4876/4983
f 2665/2664 2672/2671 2667/2666
f 2666/2665 2667/2666 2664/2663
f 504/4995 491/4992 4883/4994
f 2639/2638 2641/2640 2669/2668
f 2629/2628 2631/2630 2635/2634
f 2621/2620 2625/2624 2576/2575
f 2570/2569 2575/2574 2573/2572
f 2578/2577 2577/2576 2587/2586
f 2578/2577 2587/2586 2747/2746
f 2745/2744 2578/2577 2747/2746
f 2596/2595 2745/2744 2746/2745
f 2745/2744 2747/2746 2746/2745
f 2596/2595 2746/2745 2748/2747
f 2607/2606 2748/2747 2749/2748
f 2702/2701 3026/3025 3028/3027
f 3029/3028 2702/2701 3028/3027
f 3011/3010 3012/3011 3093/3092
f 2673/2672 2680/2679 2679/2678
f 4880/4987 4876/4983 4877/4984
f 2673/2672 2672/2671 2665/2664
f 4881/4988 4882/4989 4880/4987
f 2666/2665 2665/2664 2667/2666
f 4883/4994 4882/4989 4881/4988
f 2644/2643 2664/2663 2641/2640
f 500/5031 501/5032 505/4999
f 2634/2633 2641/2640 2639/2638
f 499/5035 500/5031 503/5030
f 2639/2638 2640/2639 2631/2630
f 2631/2630 2633/2632 2639/2638
f 2624/2623 2631/2630 2629/2628
f 481/5033 480/5034 503/5030
f 2624/2623 2629/2628 2622/2621
f 498/5019 481/5033 4903/5017
f 2620/2619 2621/2620 2575/2574
f 2570/2569 2571/2570 2572/2571
f 2572/2571 2571/2570 2577/2576
f 2572/2571 2577/2576 2578/2577
f 2595/2594 2578/2577 2745/2744
f 2603/2602 2596/2595 2748/2747
f 2603/2602 2748/2747 2607/2606
f 2607/2606 2749/2748 2706/2705
f 2704/2703 2695/2694 2705/2704
f 2699/2698 2702/2701 2832/2831
f 2702/2701 3029/3028 2832/2831
f 3012/3011 2698/2697 2832/2831
f 2665/2664 2674/2673 2673/2672
f 2663/2662 2665/2664 2666/2665
f 504/4995 4883/4994 4884/4997
f 2661/2660 2664/2663 2644/2643
f 505/4999 504/4995 4885/4998
f 2642/2641 2643/2642 2641/2640
f 2642/2641 2641/2640 2634/2633
f 503/5030 500/5031 505/4999
f 2634/2633 2639/2638 2633/2632
f 2631/2630 2632/2631 2633/2632
f 2628/2627 2631/2630 2624/2623
f 481/5033 503/5030 4903/5017
f 2623/2622 2624/2623 2622/2621
f 2620/2619 2622/2621 2621/2620
f 502/5021 460/5036 498/5019
f 2584/2583 2575/2574 2570/2569
f 2586/2585 2572/2571 2578/2577
f 2586/2585 2578/2577 2595/2594
f 2595/2594 2594/2593 2586/2585
f 2596/2595 2594/2593 2595/2594
f 2595/2594 2745/2744 2596/2595
f 2602/2601 2603/2602 2607/2606
f 2607/2606 2706/2705 2695/2694
f 2699/2698 2832/2831 2698/2697
f 2697/2696 2698/2697 3012/3011
f 4879/4986 4877/4984 4878/4985
f 2674/2673 2680/2679 2673/2672
f 4891/5005 4884/4997 4883/4994
f 2720/2719 2642/2641 2634/2633
f 4894/5008 503/5030 505/4999
f 4903/5017 503/5030 4894/5008
f 4896/5010 4903/5017 4894/5008
f 2627/2626 2628/2627 2624/2623
f 4904/5018 498/5019 4903/5017
f 4904/5018 4905/5020 498/5019
f 502/5021 498/5019 4905/5020
f 2583/2582 2584/2583 2570/2569
f 2582/2581 2583/2582 2570/2569
f 2582/2581 2572/2571 2586/2585
f 2597/2596 2594/2593 2596/2595
f 488/5040 483/5075 497/5026
f 2597/2596 2596/2595 2603/2602
f 4914/5039 468/5066 488/5040
f 2606/2605 2602/2601 2607/2606
f 474/5055 473/5131 468/5066
f 2701/2700 2704/2703 2702/2701
f 448/5110 432/5111 470/5059
f 447/5069 448/5110 4930/5060
f 2729/2728 2731/2730 2728/2727
f 4879/4986 4878/4985 4892/5006
f 2730/2729 2729/2728 2674/2673
f 2729/2728 2680/2679 2674/2673
f 4881/4988 4880/4987 4879/4986
f 2660/2659 2662/2661 2663/2662
f 4891/5005 4883/4994 4881/4988
f 4887/5001 4884/4997 4891/5005
f 2646/2645 2660/2659 2663/2662
f 2646/2645 2663/2662 2661/2660
f 2646/2645 2661/2660 2644/2643
f 4885/4998 4884/4997 4887/5001
f 2645/2644 2644/2643 2643/2642
f 2720/2719 2634/2633 2714/2713
f 2626/2625 2627/2626 2623/2622
f 2626/2625 2623/2622 2619/2618
f 2585/2584 2619/2618 2575/2574
f 2585/2584 2575/2574 2584/2583
f 502/5021 4905/5020 4898/5012
f 463/5043 502/5021 496/5027
f 2586/2585 2589/2588 2582/2581
f 2593/2592 2586/2585 2594/2593
f 497/5026 482/5044 496/5027
f 4915/5041 468/5066 4914/5039
f 474/5055 468/5066 4915/5041
f 2694/2693 2604/2603 2606/2605
f 2694/2693 2606/2605 2695/2694
f 4926/5054 471/5112 474/5055
f 2701/2700 2694/2693 2704/2703
f 470/5059 471/5112 4926/5054
f 4930/5060 448/5110 470/5059
f 4931/5061 447/5069 4930/5060
f 4932/5062 447/5069 4931/5061
f 4936/5068 447/5069 4932/5062
f 2696/2695 2699/2698 2698/2697
f 2730/2729 2674/2673 2662/2661
f 2732/2731 2730/2729 2662/2661
f 2645/2644 2646/2645 2644/2643
f 2720/2719 2647/2646 2642/2641
f 4894/5008 505/4999 4893/5007
f 2713/2712 2714/2713 2632/2631
f 2651/2650 2713/2712 2632/2631
f 4904/5018 4903/5017 4896/5010
f 4898/5012 4905/5020 4904/5018
f 2626/2625 2619/2618 2585/2584
f 2588/2587 2585/2584 2584/2583
f 2588/2587 2584/2583 2583/2582
f 4906/5022 502/5021 4902/5016
f 2589/2588 2583/2582 2582/2581
f 496/5027 502/5021 4906/5022
f 2593/2592 2589/2588 2586/2585
f 4914/5039 488/5040 497/5026
f 2598/2597 2602/2601 2606/2605
f 2610/2609 2604/2603 2694/2693
f 4917/5045 4926/5054 474/5055
f 4925/5053 4926/5054 4917/5045
f 4925/5053 470/5059 4926/5054
f 4930/5060 470/5059 4925/5053
f 4889/5003 4892/5006 4973/5107
f 2760/2759 2731/2730 2729/2728
f 4881/4988 4879/4986 4889/5003
f 2744/2743 2732/2731 2660/2659
f 4886/5000 4887/5001 4956/5090
f 2659/2658 2646/2645 2645/2644
f 2645/2644 2722/2721 2659/2658
f 2645/2644 2643/2642 2647/2646
f 2721/2720 2647/2646 2720/2719
f 505/4999 4886/5000 4893/5007
f 4895/5009 4894/5008 4893/5007
f 4896/5010 4894/5008 4895/5009
f 2648/2647 2650/2649 2651/2650
f 2648/2647 2627/2626 2626/2625
f 4898/5012 4904/5018 4896/5010
f 2590/2589 2626/2625 2585/2584
f 4902/5016 502/5021 4898/5012
f 2590/2589 2585/2584 2588/2587
f 2588/2587 2583/2582 2589/2588
f 2592/2591 2589/2588 2593/2592
f 497/5026 496/5027 4906/5022
f 2598/2597 2597/2596 2602/2601
f 4914/5039 497/5026 4910/5028
f 2604/2603 2598/2597 2606/2605
f 4915/5041 4914/5039 4910/5028
f 2611/2610 2605/2604 2610/2609
f 2605/2604 2604/2603 2610/2609
f 2612/2611 2610/2609 2694/2693
f 2694/2693 2701/2700 2703/2702
f 4921/5049 4923/5051 4925/5053
f 4923/5051 4930/5060 4925/5053
f 4931/5061 4930/5060 4923/5051
f 2703/2702 2701/2700 2700/2699
f 4933/5063 4936/5068 4932/5062
f 4983/5120 4973/5107 4984/5121
f 2759/2758 2730/2729 2732/2731
f 4890/5004 4888/5002 4889/5003
f 4888/5002 4881/4988 4889/5003
f 4887/5001 4888/5002 4890/5004
f 4956/5090 4887/5001 4959/5093
f 2722/2721 2744/2743 2659/2658
f 4954/5088 4886/5000 4956/5090
f 2721/2720 2722/2721 2647/2646
f 2715/2714 2721/2720 2720/2719
f 2715/2714 2720/2719 2714/2713
f 4897/5011 4896/5010 4895/5009
f 4897/5011 4898/5012 4896/5010
f 4901/5015 4898/5012 4899/5013
f 4902/5016 4898/5012 4901/5015
f 4906/5022 4902/5016 4907/5023
f 2598/2597 2599/2598 2593/2592
f 2600/2599 2599/2598 2598/2597
f 4910/5028 497/5026 4908/5024
f 2601/2600 2598/2597 2604/2603
f 4915/5041 4910/5028 4912/5037
f 4918/5046 4917/5045 4916/5042
f 2611/2610 2610/2609 2612/2611
f 4925/5053 4917/5045 4918/5046
f 4921/5049 4925/5053 4918/5046
f 2612/2611 2694/2693 2703/2702
f 4932/5062 4931/5061 4923/5051
f 5012/5150 4983/5120 4984/5121
f 2759/2758 2783/2782 2760/2759
f 4890/5004 4889/5003 4963/5097
f 2779/2778 2759/2758 2744/2743
f 2759/2758 2732/2731 2744/2743
f 4959/5093 4887/5001 4890/5004
f 4893/5007 4886/5000 4954/5088
f 4895/5009 4893/5007 4955/5089
f 4900/5014 4897/5011 4940/5073
f 4900/5014 4899/5013 4897/5011
f 4898/5012 4897/5011 4899/5013
f 4907/5023 4901/5015 4911/5029
f 2591/2590 2590/2589 2588/2587
f 2592/2591 2588/2587 2589/2588
f 2599/2598 2592/2591 2593/2592
f 4908/5024 4907/5023 4909/5025
f 4913/5038 4908/5024 4909/5025
f 2600/2599 2598/2597 2601/2600
f 4912/5037 4908/5024 4913/5038
f 4943/5077 4916/5042 4912/5037
f 2616/2615 2601/2600 2605/2604
f 2611/2610 2616/2615 2605/2604
f 4921/5049 4918/5046 4919/5047
f 2614/2613 2613/2612 2612/2611
f 4924/5052 4923/5051 4922/5050
f 4923/5051 4921/5049 4922/5050
f 2657/2656 2615/2614 2691/2690
f 2691/2690 2615/2614 2693/2692
f 4932/5062 4923/5051 4929/5058
f 4929/5058 4933/5063 4932/5062
f 4963/5097 4983/5120 5012/5150
f 4960/5094 4958/5092 4959/5093
f 2761/2760 2721/2720 2715/2714
f 4955/5089 4893/5007 4954/5088
f 4964/5098 4954/5088 4962/5096
f 2716/2715 2715/2714 2713/2712
f 2716/2715 2713/2712 2650/2649
f 4993/5130 4955/5089 4964/5098
f 4993/5130 4940/5073 4955/5089
f 2717/2716 2716/2715 2650/2649
f 4965/5099 4899/5013 4900/5014
f 2653/2652 2719/2718 2649/2648
f 4952/5086 4901/5015 4965/5099
f 2653/2652 2590/2589 2591/2590
f 4911/5029 4901/5015 4952/5086
f 4949/5083 4907/5023 4911/5029
f 2591/2590 2588/2587 2592/2591
f 4945/5079 4907/5023 4949/5083
f 4909/5025 4907/5023 4945/5079
f 4942/5076 4912/5037 4913/5038
f 4943/5077 4912/5037 4942/5076
f 2652/2651 2609/2608 2601/2600
f 2652/2651 2601/2600 2616/2615
f 4944/5078 4916/5042 4943/5077
f 4920/5048 4916/5042 4944/5078
f 4919/5047 4918/5046 4916/5042
f 2617/2616 2616/2615 2611/2610
f 4922/5050 4921/5049 4919/5047
f 2656/2655 2614/2613 2615/2614
f 2657/2656 2656/2655 2615/2614
f 4927/5056 4923/5051 4924/5052
f 4928/5057 4923/5051 4927/5056
f 4929/5058 4923/5051 4928/5057
f 2812/2811 2808/2807 2760/2759
f 2812/2811 2760/2759 2783/2782
f 2781/2780 2783/2782 2759/2758
f 4961/5095 4963/5097 5013/5151
f 4959/5093 4890/5004 4961/5095
f 2780/2779 2744/2743 2782/2781
f 2782/2781 2807/2806 2780/2779
f 5019/5157 4958/5092 4960/5094
f 5020/5158 4958/5092 5019/5157
f 2762/2761 2761/2760 2715/2714
f 4966/5100 4900/5014 4941/5074
f 4989/5126 4965/5099 4966/5100
f 4965/5099 4900/5014 4966/5100
f 2719/2718 2718/2717 2649/2648
f 4949/5083 4911/5029 4950/5084
f 2653/2652 2591/2590 2592/2591
f 2654/2653 2653/2652 2592/2591
f 2609/2608 2608/2607 2600/2599
f 2609/2608 2600/2599 2601/2600
f 4919/5047 4916/5042 4920/5048
f 4947/5081 4919/5047 4920/5048
f 2658/2657 2614/2613 2656/2655
f 4946/5080 4922/5050 4919/5047
f 4927/5056 4924/5052 4951/5085
f 2692/2691 2657/2656 2691/2690
f 5013/5151 5012/5150 5046/5184
f 2807/2806 2781/2780 2780/2779
f 2781/2780 2779/2778 2780/2779
f 4960/5094 4959/5093 4961/5095
f 2785/2784 2782/2781 2761/2760
f 4991/5128 4940/5073 4993/5130
f 4991/5128 4993/5130 5051/5189
f 4941/5074 4940/5073 4991/5128
f 2764/2763 2717/2716 2718/2717
f 5004/5142 4966/5100 4982/5119
f 4952/5086 4965/5099 4988/5125
f 4950/5084 4911/5029 4952/5086
f 4950/5084 4952/5086 4953/5087
f 4977/5114 4949/5083 4950/5084
f 2654/2653 2756/2755 2653/2652
f 2654/2653 2592/2591 2655/2654
f 4957/5091 4945/5079 4978/5115
f 2655/2654 2599/2598 2608/2607
f 4974/5108 4913/5038 4957/5091
f 4972/5106 4943/5077 4942/5076
f 2725/2724 2652/2651 2616/2615
f 4968/5102 4920/5048 4944/5078
f 4947/5081 4920/5048 4968/5102
f 2618/2617 2617/2616 2613/2612
f 2618/2617 2613/2612 2614/2613
f 2618/2617 2614/2613 2658/2657
f 2709/2708 2658/2657 2657/2656
f 2658/2657 2656/2655 2657/2656
f 4951/5085 4924/5052 4948/5082
f 4937/5070 4928/5057 4927/5056
f 4937/5070 4927/5056 4939/5072
f 4935/5065 4929/5058 4928/5057
f 4934/5064 4929/5058 4935/5065
f 2810/2809 2809/2808 2808/2807
f 2811/2810 2808/2807 2812/2811
f 5018/5156 4961/5095 5038/5176
f 5020/5158 5019/5157 5057/5195
f 5055/5193 4962/5096 5020/5158
f 4964/5098 4962/5096 5055/5193
f 2763/2762 2762/2761 2717/2716
f 2764/2763 2763/2762 2717/2716
f 5014/5152 4982/5119 4991/5128
f 4982/5119 4941/5074 4991/5128
f 5015/5153 4989/5126 5004/5142
f 4953/5087 4952/5086 4988/5125
f 2769/2768 2768/2767 2719/2718
f 5001/5139 4950/5084 4992/5129
f 4977/5114 4950/5084 5001/5139
f 2752/2751 2756/2755 2654/2653
f 4978/5115 4977/5114 5003/5141
f 2750/2749 2752/2751 2654/2653
f 2750/2749 2654/2653 2655/2654
f 2738/2737 2655/2654 2608/2607
f 4975/5109 4974/5108 4957/5091
f 2724/2723 2738/2737 2608/2607
f 2724/2723 2608/2607 2609/2608
f 4972/5106 4942/5076 4974/5108
f 4969/5103 4944/5078 4972/5106
f 4968/5102 4944/5078 4969/5103
f 2727/2726 2725/2724 2616/2615
f 2727/2726 2616/2615 2733/2732
f 4946/5080 4947/5081 4970/5104
f 2743/2742 2658/2657 2709/2708
f 4986/5123 4948/5082 4946/5080
f 2708/2707 2657/2656 2692/2691
f 4939/5072 4951/5085 4948/5082
f 4938/5071 4935/5065 4937/5070
f 5068/5206 5013/5151 5046/5184
f 2811/2810 2812/2811 2814/2813
f 2814/2813 2812/2811 2781/2780
f 5038/5176 5013/5151 5068/5206
f 2815/2814 2814/2813 2807/2806
f 2814/2813 2781/2780 2807/2806
f 4961/5095 5013/5151 5038/5176
f 5058/5196 5019/5157 5018/5156
f 5057/5195 5019/5157 5058/5196
f 2784/2783 2819/2818 2785/2784
f 5055/5193 5020/5158 5057/5195
f 2806/2805 2784/2783 2765/2764
f 5052/5190 5055/5193 5053/5191
f 4988/5125 4989/5126 5006/5144
f 2768/2767 2766/2765 2719/2718
f 4992/5129 4950/5084 4953/5087
f 5002/5140 4977/5114 5001/5139
f 2787/2786 2769/2768 2756/2755
f 5003/5141 4977/5114 5002/5140
f 2786/2785 2778/2777 2752/2751
f 2753/2752 2786/2785 2752/2751
f 2753/2752 2752/2751 2750/2749
f 2751/2750 2655/2654 2738/2737
f 2739/2738 2738/2737 2724/2723
f 2725/2724 2724/2723 2652/2651
f 2724/2723 2609/2608 2652/2651
f 4971/5105 4947/5081 4968/5102
f 4970/5104 4947/5081 4971/5105
f 2755/2754 2737/2736 2618/2617
f 2743/2742 2755/2754 2658/2657
f 2755/2754 2618/2617 2658/2657
f 4946/5080 4970/5104 4985/5122
f 2742/2741 2743/2742 2709/2708
f 4976/5113 4939/5072 4948/5082
f 4990/5127 4937/5070 4976/5113
f 4937/5070 4939/5072 4976/5113
f 2710/2709 2708/2707 2707/2706
f 2708/2707 2692/2691 2707/2706
f 4934/5064 4935/5065 4938/5071
f 2837/2836 2836/2835 2810/2809
f 5046/5184 5025/5163 5066/5204
f 5067/5205 5046/5184 5066/5204
f 5068/5206 5046/5184 5067/5205
f 2813/2812 2811/2810 2814/2813
f 2813/2812 2814/2813 2815/2814
f 5038/5176 5068/5206 5070/5208
f 5063/5201 5038/5176 5070/5208
f 5058/5196 5018/5156 5063/5201
f 2815/2814 2785/2784 2819/2818
f 2818/2817 2784/2783 2806/2805
f 2805/2804 2806/2805 2765/2764
f 5054/5192 5051/5189 5053/5191
f 4991/5128 5051/5189 5059/5197
f 2798/2797 2763/2762 2764/2763
f 5035/5173 4982/5119 5014/5152
f 5006/5144 4989/5126 5015/5153
f 4992/5129 4953/5087 5005/5143
f 2769/2768 2790/2789 2768/2767
f 5022/5160 4994/5132 5003/5141
f 2751/2750 2753/2752 2750/2749
f 4995/5133 4975/5109 4994/5132
f 4975/5109 4957/5091 4994/5132
f 2723/2722 2739/2738 2724/2723
f 2723/2722 2724/2723 2725/2724
f 2734/2733 2733/2732 2737/2736
f 2736/2735 2734/2733 2737/2736
f 4986/5123 4946/5080 4985/5122
f 4987/5124 4948/5082 4986/5123
f 4976/5113 4948/5082 4987/5124
f 5009/5147 4938/5071 4996/5134
f 4967/5101 4938/5071 5009/5147
f 2838/2837 2836/2835 2837/2836
f 5096/5234 5066/5204 5065/5203
f 2820/2819 2806/2805 2805/2804
f 2799/2798 2805/2804 2763/2762
f 5037/5175 5014/5152 5059/5197
f 5005/5143 4988/5125 5006/5144
f 5047/5185 5005/5143 5048/5186
f 5002/5140 5001/5139 5026/5164
f 2788/2787 2787/2786 2778/2777
f 2753/2752 2789/2788 2786/2785
f 2791/2790 2754/2753 2739/2738
f 2754/2753 2738/2737 2739/2738
f 4980/5117 4974/5108 4975/5109
f 2723/2722 2725/2724 2726/2725
f 4981/5118 4969/5103 4979/5116
f 4985/5122 4970/5104 4971/5105
f 2742/2741 2755/2754 2743/2742
f 4990/5127 4976/5113 4987/5124
f 2711/2710 2709/2708 2708/2707
f 5011/5149 4996/5134 4990/5127
f 2711/2710 2708/2707 2710/2709
f 5009/5147 4996/5134 5011/5149
f 2712/2711 2711/2710 2710/2709
f 2817/2816 2837/2836 2811/2810
f 5069/5207 5068/5206 5067/5205
f 2816/2815 2813/2812 2815/2814
f 5075/5213 5063/5201 5080/5218
f 2799/2798 2820/2819 2805/2804
f 2800/2799 2799/2798 2798/2797
f 5021/5159 5006/5144 5015/5153
f 2794/2793 2795/2794 2767/2766
f 2794/2793 2767/2766 2768/2767
f 5048/5186 5005/5143 5021/5159
f 2789/2788 2788/2787 2786/2785
f 2802/2801 2789/2788 2753/2752
f 2754/2753 2753/2752 2751/2750
f 5000/5138 4975/5109 4995/5133
f 5007/5145 4980/5117 5000/5138
f 4980/5117 4975/5109 5000/5138
f 5007/5145 4979/5116 4980/5117
f 2735/2734 2726/2725 2727/2726
f 4997/5135 4971/5105 4981/5118
f 2735/2734 2727/2726 2734/2733
f 4985/5122 4971/5105 4997/5135
f 2757/2756 2736/2735 2742/2741
f 2711/2710 2742/2741 2709/2708
f 5024/5162 4990/5127 4987/5124
f 2758/2757 2711/2710 2712/2711
f 5008/5146 5009/5147 5010/5148
f 2868/2867 2869/2868 2838/2837
f 5102/5240 5096/5234 5095/5233
f 2868/2867 2838/2837 2837/2836
f 5102/5240 5067/5205 5096/5234
f 2816/2815 2817/2816 2813/2812
f 2817/2816 2811/2810 2813/2812
f 2835/2834 2816/2815 2815/2814
f 5076/5214 5056/5194 5058/5196
f 5056/5194 5057/5195 5058/5196
f 5055/5193 5057/5195 5056/5194
f 2834/2833 2818/2817 2820/2819
f 5064/5202 5053/5191 5055/5193
f 2840/2839 2820/2819 2799/2798
f 5054/5192 5053/5191 5064/5202
f 5059/5197 5054/5192 5064/5202
f 2825/2824 2800/2799 2798/2797
f 2795/2794 2796/2795 2767/2766
f 5048/5186 5021/5159 5043/5181
f 2793/2792 2801/2800 2754/2753
f 2801/2800 2753/2752 2754/2753
f 5017/5155 5022/5160 5111/5249
f 5000/5138 4995/5133 5017/5155
f 2827/2826 2804/2803 2740/2739
f 2804/2803 2791/2790 2740/2739
f 5062/5200 4979/5116 5007/5145
f 4999/5137 4979/5116 5061/5199
f 2726/2725 2741/2740 2740/2739
f 2726/2725 2740/2739 2723/2722
f 4998/5136 4981/5118 4999/5137
f 2774/2773 2735/2734 2736/2735
f 2735/2734 2734/2733 2736/2735
f 5016/5154 4985/5122 4997/5135
f 4987/5124 4985/5122 5016/5154
f 5045/5183 5011/5149 5024/5162
f 5010/5148 5011/5149 5044/5182
f 2857/2856 2868/2867 2837/2836
f 2857/2856 2837/2836 2817/2816
f 2856/2855 2817/2816 2816/2815
f 5083/5221 5070/5208 5069/5207
f 2855/2854 2816/2815 2835/2834
f 5076/5214 5058/5196 5075/5213
f 2840/2839 2834/2833 2820/2819
f 2860/2859 2840/2839 2799/2798
f 5060/5198 5059/5197 5064/5202
f 5060/5198 5064/5202 5078/5216
f 5036/5174 5035/5173 5037/5175
f 5043/5181 5021/5159 5036/5174
f 2826/2825 2796/2795 2795/2794
f 5026/5164 5048/5186 5043/5181
f 5047/5185 5048/5186 5026/5164
f 5027/5165 5033/5171 5026/5164
f 2847/2846 2828/2827 2789/2788
f 2828/2827 2788/2787 2789/2788
f 2846/2845 2802/2801 2801/2800
f 2792/2791 2754/2753 2791/2790
f 5007/5145 5000/5138 5090/5228
f 5062/5200 5007/5145 5090/5228
f 2803/2802 2740/2739 2741/2740
f 5034/5172 4999/5137 5061/5199
f 2776/2775 2803/2802 2741/2740
f 2776/2775 2741/2740 2726/2725
f 2735/2734 2776/2775 2726/2725
f 5041/5179 4997/5135 4998/5136
f 4997/5135 4981/5118 4998/5136
f 5016/5154 4997/5135 5041/5179
f 2757/2756 2773/2772 2774/2773
f 5023/5161 4987/5124 5016/5154
f 2771/2770 2757/2756 2758/2757
f 2757/2756 2711/2710 2758/2757
f 5040/5178 5010/5148 5044/5182
f 5102/5240 5103/5241 5126/5264
f 5069/5207 5067/5205 5083/5221
f 5081/5219 5070/5208 5083/5221
f 5080/5218 5070/5208 5081/5219
f 5079/5217 5075/5213 5080/5218
f 5076/5214 5075/5213 5079/5217
f 5064/5202 5056/5194 5077/5215
f 5084/5222 5060/5198 5078/5216
f 5084/5222 5037/5175 5060/5198
f 2895/2894 2891/2890 2842/2841
f 2895/2894 2842/2841 2862/2861
f 5036/5174 5037/5175 5050/5188
f 5026/5164 5043/5181 5028/5166
f 5031/5169 5033/5171 5027/5165
f 2843/2842 2846/2845 2801/2800
f 5112/5250 5111/5249 5032/5170
f 5111/5249 5022/5160 5032/5170
f 5100/5238 5017/5155 5112/5250
f 5017/5155 5111/5249 5112/5250
f 5000/5138 5017/5155 5100/5238
f 5061/5199 5062/5200 5087/5225
f 5041/5179 4998/5136 5034/5172
f 2831/2830 2774/2773 2773/2772
f 5040/5178 5044/5182 5045/5183
f 2882/2881 2869/2868 2868/2867
f 2887/2886 2882/2881 2868/2867
f 2887/2886 2868/2867 2857/2856
f 2856/2855 2816/2815 2855/2854
f 2859/2858 2856/2855 2855/2854
f 2855/2854 2835/2834 2834/2833
f 5079/5217 5080/5218 5081/5219
f 5077/5215 5076/5214 5079/5217
f 2858/2857 2855/2854 2841/2840
f 5078/5216 5064/5202 5077/5215
f 5050/5188 5037/5175 5085/5223
f 5049/5187 5036/5174 5050/5188
f 2863/2862 2862/2861 2825/2824
f 2863/2862 2825/2824 2826/2825
f 2864/2863 2863/2862 2826/2825
f 2852/2851 2864/2863 2826/2825
f 5029/5167 5027/5165 5028/5166
f 5027/5165 5026/5164 5028/5166
f 2875/2874 2854/2853 2828/2827
f 2854/2853 2797/2796 2828/2827
f 5030/5168 5027/5165 5029/5167
f 5030/5168 5031/5169 5027/5165
f 2875/2874 2828/2827 2847/2846
f 2845/2844 2846/2845 2843/2842
f 5091/5229 5000/5138 5100/5238
f 2848/2847 2793/2792 2804/2803
f 2793/2792 2792/2791 2804/2803
f 5090/5228 5000/5138 5091/5229
f 5089/5227 5090/5228 5091/5229
f 5062/5200 5090/5228 5089/5227
f 5087/5225 5062/5200 5089/5227
f 2823/2822 2827/2826 2803/2802
f 2823/2822 2803/2802 2776/2775
f 2822/2821 2823/2822 2776/2775
f 2822/2821 2776/2775 2775/2774
f 5041/5179 5034/5172 5074/5212
f 2831/2830 2775/2774 2774/2773
f 2775/2774 2735/2734 2774/2773
f 5093/5231 5041/5179 5074/5212
f 5042/5180 5016/5154 5041/5179
f 5042/5180 5041/5179 5093/5231
f 2830/2829 2831/2830 2773/2772
f 5023/5161 5016/5154 5042/5180
f 5071/5209 5023/5161 5042/5180
f 2821/2820 2772/2771 2771/2770
f 5128/5266 5083/5221 5127/5265
f 5083/5221 5102/5240 5127/5265
f 5129/5267 5081/5219 5128/5266
f 5078/5216 5077/5215 5108/5246
f 2861/2860 2841/2840 2840/2839
f 5109/5247 5078/5216 5108/5246
f 5084/5222 5078/5216 5110/5248
f 5085/5223 5037/5175 5084/5222
f 5085/5223 5084/5222 5110/5248
f 2894/2893 2891/2890 2895/2894
f 2895/2894 2862/2861 2863/2862
f 2873/2872 2852/2851 2853/2852
f 2873/2872 2853/2852 2854/2853
f 2847/2846 2846/2845 2845/2844
f 5032/5170 5030/5168 5098/5236
f 2849/2848 2793/2792 2848/2847
f 5088/5226 5091/5229 5119/5257
f 5091/5229 5100/5238 5119/5257
f 5089/5227 5091/5229 5088/5226
f 2850/2849 2827/2826 2823/2822
f 5086/5224 5061/5199 5087/5225
f 5074/5212 5061/5199 5086/5224
f 5034/5172 5061/5199 5074/5212
f 2775/2774 2851/2850 2822/2821
f 2851/2850 2775/2774 2831/2830
f 5093/5231 5074/5212 5121/5259
f 2865/2864 2831/2830 2830/2829
f 5040/5178 5045/5183 5073/5211
f 2882/2881 2919/2918 2883/2882
f 5153/5291 5127/5265 5126/5264
f 2886/2885 2887/2886 2857/2856
f 2886/2885 2857/2856 2856/2855
f 2885/2884 2886/2885 2859/2858
f 2886/2885 2856/2855 2859/2858
f 2858/2857 2859/2858 2855/2854
f 5108/5246 5079/5217 5082/5220
f 2858/2857 2841/2840 2861/2860
f 5136/5274 5109/5247 5108/5246
f 2860/2859 2861/2860 2840/2839
f 5110/5248 5078/5216 5109/5247
f 2894/2893 2892/2891 2891/2890
f 2896/2895 2895/2894 2863/2862
f 2852/2851 2881/2880 2864/2863
f 2881/2880 2852/2851 2873/2872
f 5105/5243 5028/5166 5104/5242
f 5029/5167 5028/5166 5105/5243
f 2874/2873 2873/2872 2854/2853
f 5097/5235 5030/5168 5029/5167
f 5098/5236 5030/5168 5097/5235
f 5099/5237 5032/5170 5098/5236
f 5112/5250 5032/5170 5099/5237
f 5119/5257 5112/5250 5099/5237
f 2844/2843 2793/2792 2849/2848
f 2872/2871 2849/2848 2848/2847
f 2872/2871 2848/2847 2850/2849
f 5087/5225 5089/5227 5088/5226
f 5086/5224 5087/5225 5088/5226
f 5120/5258 5074/5212 5086/5224
f 2880/2879 2822/2821 2851/2850
f 5121/5259 5074/5212 5120/5258
f 2866/2865 2851/2850 2831/2830
f 2865/2864 2866/2865 2831/2830
f 5093/5231 5121/5259 5113/5251
f 2867/2866 2865/2864 2830/2829
f 5094/5232 5042/5180 5093/5231
f 5071/5209 5042/5180 5094/5232
f 5072/5210 5045/5183 5071/5209
f 5092/5230 5040/5178 5073/5211
f 5039/5177 5040/5178 5092/5230
f 2922/2921 2882/2881 2887/2886
f 5147/5285 5127/5265 5148/5286
f 5128/5266 5127/5265 5147/5285
f 5129/5267 5128/5266 5147/5285
f 5082/5220 5129/5267 5149/5287
f 5137/5275 5082/5220 5149/5287
f 5135/5273 5108/5246 5082/5220
f 5136/5274 5108/5246 5135/5273
f 2893/2892 2861/2860 2860/2859
f 2893/2892 2860/2859 2892/2891
f 5085/5223 5124/5262 5125/5263
f 5122/5260 5085/5223 5125/5263
f 2910/2909 2896/2895 2864/2863
f 5105/5243 5104/5242 5050/5188
f 2910/2909 2864/2863 2881/2880
f 2903/2902 2873/2872 2874/2873
f 5106/5244 5029/5167 5105/5243
f 5107/5245 5097/5235 5106/5244
f 5097/5235 5029/5167 5106/5244
f 2876/2875 2875/2874 2847/2846
f 2889/2888 2888/2887 2849/2848
f 2888/2887 2844/2843 2849/2848
f 2889/2888 2849/2848 2872/2871
f 2878/2877 2872/2871 2850/2849
f 2878/2877 2850/2849 2879/2878
f 2905/2904 2880/2879 2851/2850
f 5094/5232 5093/5231 5113/5251
f 2870/2869 2867/2866 2829/2828
f 2867/2866 2830/2829 2829/2828
f 2870/2869 2829/2828 2839/2838
f 5152/5290 5153/5291 5154/5292
f 5148/5286 5153/5291 5152/5290
f 2920/2919 2922/2921 2887/2886
f 2923/2922 2920/2919 2886/2885
f 2920/2919 2887/2886 2886/2885
f 5137/5275 5149/5287 5150/5288
f 2925/2924 2923/2922 2885/2884
f 2858/2857 2884/2883 2885/2884
f 2884/2883 2861/2860 2893/2892
f 2893/2892 2892/2891 2894/2893
f 5124/5262 5110/5248 5136/5274
f 2933/2932 2896/2895 2910/2909
f 5139/5277 5105/5243 5050/5188
f 2911/2910 2910/2909 2881/2880
f 2904/2903 2926/2925 2874/2873
f 2890/2889 2904/2903 2875/2874
f 2904/2903 2874/2873 2875/2874
f 2877/2876 2876/2875 2845/2844
f 2876/2875 2847/2846 2845/2844
f 2888/2887 2877/2876 2844/2843
f 2877/2876 2845/2844 2844/2843
f 2906/2905 2872/2871 2878/2877
f 2880/2879 2878/2877 2879/2878
f 5131/5269 5086/5224 5130/5268
f 2866/2865 2907/2906 2905/2904
f 5138/5276 5113/5251 5121/5259
f 5094/5232 5113/5251 5114/5252
f 2898/2897 2867/2866 2870/2869
f 5072/5210 5071/5209 5094/5232
f 5092/5230 5073/5211 5072/5210
f 2921/2920 2919/2918 2922/2921
f 5151/5289 5150/5288 5147/5285
f 5149/5287 5147/5285 5150/5288
f 2925/2924 2885/2884 2884/2883
f 5167/5305 5135/5273 5137/5275
f 5136/5274 5135/5273 5167/5305
f 2916/2915 2917/2916 2884/2883
f 2916/2915 2884/2883 2893/2892
f 2915/2914 2893/2892 2894/2893
f 5122/5260 5125/5263 5162/5300
f 2934/2933 2896/2895 2933/2932
f 5140/5278 5050/5188 5123/5261
f 2940/2939 2933/2932 2910/2909
f 2940/2939 2910/2909 2911/2910
f 5106/5244 5105/5243 5139/5277
f 2931/2930 2911/2910 2903/2902
f 2931/2930 2903/2902 2926/2925
f 5107/5245 5106/5244 5139/5277
f 2876/2875 2890/2889 2875/2874
f 5099/5237 5097/5235 5107/5245
f 2927/2926 2877/2876 2888/2887
f 2927/2926 2889/2888 2906/2905
f 2906/2905 2878/2877 2880/2879
f 2918/2917 2880/2879 2905/2904
f 5138/5276 5121/5259 5131/5269
f 2908/2907 2907/2906 2866/2865
f 2909/2908 2908/2907 2866/2865
f 2901/2900 2909/2908 2866/2865
f 2901/2900 2866/2865 2867/2866
f 2901/2900 2867/2866 2898/2897
f 5117/5255 5094/5232 5114/5252
f 5072/5210 5094/5232 5117/5255
f 5092/5230 5072/5210 5115/5253
f 5152/5290 5154/5292 5182/5320
f 2946/2945 2923/2922 2925/2924
f 5175/5313 5169/5307 5150/5288
f 5169/5307 5137/5275 5150/5288
f 2924/2923 2946/2945 2925/2924
f 5167/5305 5137/5275 5169/5307
f 2924/2923 2925/2924 2884/2883
f 5168/5306 5136/5274 5167/5305
f 2915/2914 2916/2915 2893/2892
f 5140/5278 5123/5261 5161/5299
f 2941/2940 2911/2910 2931/2930
f 5141/5279 5107/5245 5139/5277
f 2926/2925 2904/2903 2928/2927
f 5144/5282 5130/5268 5142/5280
f 5131/5269 5130/5268 5144/5282
f 2906/2905 2880/2879 2918/2917
f 5138/5276 5133/5271 5113/5251
f 5114/5252 5113/5251 5133/5271
f 2900/2899 2870/2869 2871/2870
f 2957/2956 2958/2957 2920/2919
f 2958/2957 2921/2920 2920/2919
f 2959/2958 2920/2919 2945/2944
f 2949/2948 2950/2949 2917/2916
f 2949/2948 2917/2916 2916/2915
f 5172/5310 5168/5306 5167/5305
f 5170/5308 5124/5262 5168/5306
f 2939/2938 2934/2933 2933/2932
f 2939/2938 2933/2932 2940/2939
f 2941/2940 2940/2939 2911/2910
f 2926/2925 2943/2942 2931/2930
f 5141/5279 5139/5277 5140/5278
f 5142/5280 5107/5245 5141/5279
f 2930/2929 2929/2928 2877/2876
f 2930/2929 2927/2926 2947/2946
f 2947/2946 2927/2926 2906/2905
f 5145/5283 5131/5269 5144/5282
f 2918/2917 2947/2946 2906/2905
f 5138/5276 5131/5269 5145/5283
f 2908/2907 2948/2947 2907/2906
f 2909/2908 2948/2947 2908/2907
f 5118/5256 5117/5255 5132/5270
f 2899/2898 2914/2913 2898/2897
f 5116/5254 5117/5255 5118/5256
f 2900/2899 2899/2898 2870/2869
f 5151/5289 5181/5319 5179/5317
f 5176/5314 5151/5289 5179/5317
f 5178/5316 5169/5307 5175/5313
f 2950/2949 2946/2945 2924/2923
f 5180/5318 5167/5305 5169/5307
f 5172/5310 5167/5305 5180/5318
f 2935/2934 2936/2935 2915/2914
f 5162/5300 5125/5263 5170/5308
f 2942/2941 2941/2940 2931/2930
f 2944/2943 2926/2925 2928/2927
f 2969/2968 2928/2927 2929/2928
f 5159/5297 5160/5298 5142/5280
f 5144/5282 5142/5280 5160/5298
f 5156/5294 5155/5293 5138/5276
f 5133/5271 5138/5276 5155/5293
f 2914/2913 2909/2908 2901/2900
f 5181/5319 5182/5320 5183/5321
f 2976/2975 2978/2977 2958/2957
f 2960/2959 2945/2944 2970/2969
f 2970/2969 2945/2944 2946/2945
f 5171/5309 5162/5300 5170/5308
f 2944/2943 2943/2942 2926/2925
f 2987/2986 2928/2927 2969/2968
f 5143/5281 5141/5279 5165/5303
f 2961/2960 2969/2968 2930/2929
f 2962/2961 2961/2960 2947/2946
f 5157/5295 5144/5282 5160/5298
f 5145/5283 5144/5282 5157/5295
f 2948/2947 2947/2946 2918/2917
f 2932/2931 2909/2908 2914/2913
f 5132/5270 5133/5271 5155/5293
f 2902/2901 2932/2931 2914/2913
f 2902/2901 2914/2913 2899/2898
f 2902/2901 2900/2899 2897/2896
f 5134/5272 5116/5254 5158/5296
f 5181/5319 5183/5321 5203/5341
f 5176/5314 5179/5317 5204/5342
f 2960/2959 2959/2958 2945/2944
f 5178/5316 5177/5315 5202/5340
f 5180/5318 5178/5316 5201/5339
f 5212/5350 5180/5318 5201/5339
f 2951/2950 2950/2949 2949/2948
f 2951/2950 2949/2948 2936/2935
f 5171/5309 5172/5310 5211/5349
f 5171/5309 5170/5308 5172/5310
f 5193/5331 5162/5300 5171/5309
f 5163/5301 5161/5299 5162/5300
f 2937/2936 2940/2939 2941/2940
f 2971/2970 2943/2942 2944/2943
f 5197/5335 5165/5303 5164/5302
f 2987/2986 2971/2970 2928/2927
f 2971/2970 2944/2943 2928/2927
f 2963/2962 2947/2946 2948/2947
f 5173/5311 5155/5293 5156/5294
f 2953/2952 2952/2951 2932/2931
f 5132/5270 5155/5293 5173/5311
f 5174/5312 5118/5256 5146/5284
f 5206/5344 5181/5319 5203/5341
f 5204/5342 5179/5317 5206/5344
f 2977/2976 2975/2974 2959/2958
f 5205/5343 5177/5315 5204/5342
f 5177/5315 5176/5314 5204/5342
f 5211/5349 5172/5310 5212/5350
f 2951/2950 2936/2935 2954/2953
f 2938/2937 2956/2955 2935/2934
f 5194/5332 5163/5301 5192/5330
f 5164/5302 5163/5301 5194/5332
f 5196/5334 5165/5303 5197/5335
f 5187/5325 5160/5298 5159/5297
f 5185/5323 5160/5298 5187/5325
f 2962/2961 2984/2983 2961/2960
f 5184/5322 5157/5295 5185/5323
f 5156/5294 5157/5295 5184/5322
f 2965/2964 2948/2947 2952/2951
f 5173/5311 5156/5294 5189/5327
f 5166/5304 5132/5270 5173/5311
f 5186/5324 5158/5296 5174/5312
f 2973/2972 2974/2973 2902/2901
f 3002/3001 2998/2997 2978/2977
f 2977/2976 2976/2975 2975/2974
f 2981/2980 2999/2998 2960/2959
f 5213/5351 5201/5339 5214/5352
f 2981/2980 2970/2969 2980/2979
f 2981/2980 2980/2979 2979/2978
f 5215/5353 5212/5350 5213/5351
f 5212/5350 5201/5339 5213/5351
f 2979/2978 2980/2979 2950/2949
f 2982/2981 2994/2993 2951/2950
f 2982/2981 2951/2950 2954/2953
f 5216/5354 5171/5309 5217/5355
f 2956/2955 2954/2953 2935/2934
f 5193/5331 5171/5309 5216/5354
f 5192/5330 5162/5300 5193/5331
f 2955/2954 2956/2955 2938/2937
f 2972/2971 2955/2954 2937/2936
f 5197/5335 5164/5302 5194/5332
f 5159/5297 5143/5281 5195/5333
f 2984/2983 2986/2985 2985/2984
f 5209/5347 5184/5322 5185/5323
f 5188/5326 5156/5294 5184/5322
f 5173/5311 5189/5327 5190/5328
f 2968/2967 2952/2951 2953/2952
f 2996/2995 2968/2967 2953/2952
f 5186/5324 5174/5312 5230/5368
f 5206/5344 5220/5358 5223/5361
f 5204/5342 5206/5344 5223/5361
f 2999/2998 2977/2976 2960/2959
f 3007/3006 2999/2998 2981/2980
f 5217/5355 5211/5349 5215/5353
f 2956/2955 2982/2981 2954/2953
f 2983/2982 2956/2955 2955/2954
f 5197/5335 5194/5332 5198/5336
f 2988/2987 2971/2970 2987/2986
f 2988/2987 2987/2986 2986/2985
f 5208/5346 5185/5323 5187/5325
f 2964/2963 2963/2962 2965/2964
f 5189/5327 5188/5326 5191/5329
f 5190/5328 5189/5327 5191/5329
f 5166/5304 5173/5311 5224/5362
f 5200/5338 5146/5284 5166/5304
f 5174/5312 5146/5284 5200/5338
f 3010/3009 2996/2995 2974/2973
f 3002/3001 3052/3051 3003/3002
f 5221/5359 5204/5342 5223/5361
f 5205/5343 5204/5342 5221/5359
f 5240/5378 5216/5354 5217/5355
f 5193/5331 5216/5354 5240/5378
f 5227/5365 5199/5337 5193/5331
f 5199/5337 5192/5330 5193/5331
f 3006/3005 3004/3003 2955/2954
f 5228/5366 5199/5337 5227/5365
f 3006/3005 2955/2954 2972/2971
f 2988/2987 2972/2971 2971/2970
f 5210/5348 5195/5333 5196/5334
f 5207/5345 5159/5297 5195/5333
f 5187/5325 5159/5297 5207/5345
f 2984/2983 2962/2961 2964/2963
f 5191/5329 5188/5326 5184/5322
f 5236/5374 5224/5362 5190/5328
f 5173/5311 5190/5328 5224/5362
f 2997/2996 2967/2966 2968/2967
f 2996/2995 2997/2996 2968/2967
f 5200/5338 5166/5304 5235/5373
f 2973/2972 3010/3009 2974/2973
f 3052/3051 3061/3060 3003/3002
f 5258/5396 5220/5358 5255/5393
f 5222/5360 5205/5343 5221/5359
f 3007/3006 2979/2978 2994/2993
f 2983/2982 3042/3041 2995/2994
f 5227/5365 5193/5331 5263/5401
f 3005/3004 2972/2971 2990/2989
f 2989/2988 2988/2987 2986/2985
f 5210/5348 5196/5334 5232/5370
f 5239/5377 5209/5347 5208/5346
f 2966/2965 2991/2990 2964/2963
f 2966/2965 2964/2963 2965/2964
f 3048/3047 3047/3046 2999/2998
f 3007/3006 3044/3043 3048/3047
f 3044/3043 2994/2993 3043/3042
f 3041/3040 3042/3041 2983/2982
f 3040/3039 3041/3040 2983/2982
f 5228/5366 5227/5365 5263/5401
f 5229/5367 5198/5336 5228/5366
f 5231/5369 5229/5367 5238/5376
f 5238/5376 5232/5370 5231/5369
f 2989/2988 2986/2985 2992/2991
f 5274/5412 5234/5372 5239/5377
f 5234/5372 5209/5347 5239/5377
f 5261/5399 5191/5329 5260/5398
f 5261/5399 5236/5374 5191/5329
f 5244/5382 5200/5338 5246/5384
f 5200/5338 5235/5373 5246/5384
f 3008/3007 3010/3009 2973/2972
f 3049/3048 3052/3051 3001/3000
f 3082/3081 3051/3050 3044/3043
f 5228/5366 5263/5401 5275/5413
f 3039/3038 3060/3059 3040/3039
f 3039/3038 3006/3005 3005/3004
f 2989/2988 3005/3004 2990/2989
f 5243/5381 5207/5345 5233/5371
f 5266/5404 5207/5345 5243/5381
f 2993/2992 3053/3052 2991/2990
f 5272/5410 5260/5398 5234/5372
f 5272/5410 5234/5372 5274/5412
f 5237/5375 5236/5374 5261/5399
f 3037/3036 3038/3037 2966/2965
f 3037/3036 2966/2965 2997/2996
f 5225/5363 5226/5364 5245/5383
f 5281/5419 5256/5394 5282/5420
f 5259/5397 5222/5360 5257/5395
f 3050/3049 3049/3048 3000/2999
f 5249/5387 5219/5357 5259/5397
f 5249/5387 5250/5388 5219/5357
f 5251/5389 5241/5379 5250/5388
f 5275/5413 5263/5401 5278/5416
f 5265/5403 5228/5366 5275/5413
f 5279/5417 5238/5376 5264/5402
f 3056/3055 3005/3004 2989/2988
f 5276/5414 5232/5370 5279/5417
f 5233/5371 5232/5370 5276/5414
f 3053/3052 3054/3053 2989/2988
f 3038/3037 3058/3057 2993/2992
f 3038/3037 2993/2992 2966/2965
f 5262/5400 5237/5375 5261/5399
f 3046/3045 3037/3036 2997/2996
f 3062/3061 3061/3060 3063/3062
f 3064/3063 3063/3062 3052/3051
f 5248/5386 5250/5388 5249/5387
f 3075/3074 3042/3041 3041/3040
f 5287/5425 5264/5402 5265/5403
f 5279/5417 5264/5402 5287/5425
f 3055/3054 3053/3052 3058/3057
f 5273/5411 5260/5398 5272/5410
f 5273/5411 5261/5399 5260/5398
f 5246/5384 5237/5375 5262/5400
f 3046/3045 2997/2996 3010/3009
f 5245/5383 5244/5382 5270/5408
f 3045/3044 3010/3009 3008/3007
f 5259/5397 5257/5395 5297/5435
f 3064/3063 3049/3048 3050/3049
f 3084/3083 3066/3065 3051/3050
f 5253/5391 5251/5389 5252/5390
f 3083/3082 3082/3081 3067/3066
f 3086/3085 3042/3041 3075/3074
f 5299/5437 5254/5392 5296/5434
f 5275/5413 5278/5416 5303/5441
f 5287/5425 5265/5403 5288/5426
f 3060/3059 3039/3038 3057/3056
f 5280/5418 5279/5417 5290/5428
f 3055/3054 3071/3070 3054/3053
f 3055/3054 3054/3053 3053/3052
f 5274/5412 5267/5405 5285/5423
f 5751/5915 5291/5429 5274/5412
f 3073/3072 3055/3054 3058/3057
f 5272/5410 5274/5412 5291/5429
f 5286/5424 5261/5399 5273/5411
f 3074/3073 3073/3072 3037/3036
f 3073/3072 3038/3037 3037/3036
f 3074/3073 3037/3036 3046/3045
f 5269/5407 5245/5383 5270/5408
f 5747/5911 5298/5436 5295/5433
f 3064/3063 3553/3570 3063/3062
f 3083/3082 3084/3083 3082/3081
f 3069/3068 3057/3056 3054/3053
f 3088/3087 3070/3069 3071/3070
f 3072/3071 3071/3070 3055/3054
f 3080/3079 3568/3585 3055/3054
f 3080/3079 3055/3054 3073/3072
f 5307/5445 5271/5409 5286/5424
f 5305/5443 5270/5408 5271/5409
f 5305/5443 5271/5409 5307/5445
f 5749/5913 5293/5431 5297/5435
f 5293/5431 5259/5397 5297/5435
f 3065/3064 3553/3570 3064/3063
f 3565/3582 3083/3082 3085/3084
f 3567/3584 3075/3074 3550/3567
f 5289/5427 5275/5413 5308/5446
f 3077/3076 3551/3568 3078/3077
f 5288/5426 5289/5427 5308/5446
f 3077/3076 3060/3059 3057/3056
f 5733/5897 5300/5438 5302/5440
f 5285/5423 5284/5422 5301/5439
f 3089/3088 3055/3054 3568/3585
f 3553/3570 3554/3571 3552/3569
f 5297/5435 5747/5911 5748/5912
f 3083/3082 3572/3589 3084/3083
f 3566/3583 3565/3582 3086/3085
f 5304/5442 5299/5437 5726/5890
f 3077/3076 3578/3595 3551/3568
f 5733/5897 5302/5440 5732/5896
f 3087/3086 3088/3087 3071/3070
f 5739/5903 5294/5432 5291/5429
f 3081/3080 3074/3073 3079/3078
f 3068/3067 3079/3078 3045/3044
f 5306/5444 5270/5408 5305/5443
f 5292/5430 5270/5408 5306/5444
f 5727/5891 5745/5909 5738/5902
f 3594/3611 3566/3583 3567/3584
f 5737/5901 5304/5442 5726/5890
f 3595/3612 3550/3567 3551/3568
f 3580/3597 3551/3568 3578/3595
f 5736/5900 5735/5899 5308/5446
f 3579/3596 3077/3076 3076/3075
f 5732/5896 5290/5428 5730/5894
f 3564/3581 3088/3087 3087/3086
f 3571/3588 3090/3089 3089/3088
f 3569/3586 3568/3585 3081/3080
f 5722/5886 5292/5430 5306/5444
f 3556/3573 3557/3574 3068/3067
f 3587/3604 3586/3603 3562/3579
f 3561/3578 3598/3615 3559/3576
f 5723/5887 5744/5908 5724/5888
f 5743/5907 5744/5908 5723/5887
f 3592/3609 3590/3607 3083/3082
f 3584/3601 3579/3596 3076/3075
f 3577/3594 3576/3593 3563/3580
f 3570/3587 3568/3585 3569/3586
f 5294/5432 5739/5903 5741/5905
f 3573/3590 3569/3586 3081/3080
f 5700/5864 5705/5869 5704/5868
f 5688/5852 5705/5869 5700/5864
f 5706/5870 5705/5869 5688/5852
f 5749/5913 5748/5912 5710/5874
f 5740/5904 5749/5913 5710/5874
f 5738/5902 5740/5904 5709/5873
f 5696/5860 5738/5902 5709/5873
f 3593/3610 3592/3609 3566/3583
f 3581/3598 3580/3597 3578/3595
f 3583/3600 3579/3596 3584/3601
f 5732/5896 5730/5894 5729/5893
f 5707/5871 5732/5896 5729/5893
f 3607/3624 3576/3593 3577/3594
f 5717/5881 5301/5439 5720/5884
f 5716/5880 5750/5914 5717/5881
f 3573/3590 3574/3591 3569/3586
f 5703/5867 5305/5443 5719/5883
f 3597/3614 3598/3615 3561/3578
f 3589/3606 3597/3614 3561/3578
f 5697/5861 5725/5889 5723/5887
f 3582/3599 3581/3598 3578/3595
f 3582/3599 3578/3595 3583/3600
f 5734/5898 5729/5893 5735/5899
f 5712/5876 5720/5884 5713/5877
f 3613/3630 3091/3090 3571/3588
f 3609/3626 3571/3588 3570/3587
f 5715/5879 5716/5880 5692/5856
f 3574/3591 3610/3627 3569/3586
f 5718/5882 5741/5905 5715/5879
f 5703/5867 5721/5885 5305/5443
f 3601/3618 3600/3617 3599/3616
f 5676/5840 5709/5873 5710/5874
f 3637/3654 3636/3653 3595/3612
f 5728/5892 5726/5890 5698/5862
f 3626/3643 3580/3597 3625/3642
f 3619/3636 3582/3599 3583/3600
f 3615/3632 3577/3594 3585/3602
f 3612/3629 3613/3630 3571/3588
f 5691/5855 5715/5879 5692/5856
f 5689/5853 5718/5882 5690/5854
f 3665/3682 3634/3651 3633/3650
f 5675/5839 5721/5885 5703/5867
f 5653/5817 5688/5852 5654/5818
f 3628/3645 3616/3633 3591/3608
f 3632/3649 3593/3610 3636/3653
f 5671/5835 5728/5892 5670/5834
f 5673/5837 5729/5893 5734/5898
f 5662/5826 5707/5871 5663/5827
f 3608/3625 3607/3624 3577/3594
f 3608/3625 3577/3594 3615/3632
f 3635/3652 3574/3591 3634/3651
f 5675/5839 5703/5867 5664/5828
f 5646/5810 5676/5840 5680/5844
f 5646/5810 5680/5844 5645/5809
f 3616/3633 3629/3646 3597/3614
f 3628/3645 3630/3647 3616/3633
f 5697/5861 5699/5863 5668/5832
f 5669/5833 5697/5861 5668/5832
f 3668/3685 3619/3636 3618/3635
f 3679/3696 3615/3632 3614/3631
f 5693/5857 5712/5876 5678/5842
f 5692/5856 5693/5857 5659/5823
f 5691/5855 5692/5856 5659/5823
f 3610/3627 3611/3628 3609/3626
f 5685/5849 5690/5854 5701/5865
f 5690/5854 5691/5855 5701/5865
f 3643/3660 3635/3652 3634/3651
f 5658/5822 5657/5821 5675/5839
f 3670/3687 3623/3640 3605/3622
f 5654/5818 5682/5846 5655/5819
f 5637/5801 5676/5840 5646/5810
f 5694/5858 5696/5860 5648/5812
f 3629/3646 3616/3633 3630/3647
f 5650/5814 5669/5833 5668/5832
f 5670/5834 5669/5833 5651/5815
f 5644/5808 5670/5834 5651/5815
f 3679/3696 3608/3625 3615/3632
f 5660/5824 5693/5857 5678/5842
f 3642/3659 3610/3627 3635/3652
f 5684/5848 5690/5854 5685/5849
f 5624/5788 5675/5839 5603/5767
f 5646/5810 5645/5809 5636/5800
f 5637/5801 5646/5810 5636/5800
f 3650/3667 3649/3666 3636/3653
f 5604/5768 5672/5836 5671/5835
f 3669/3686 3668/3685 3618/3635
f 5663/5827 5673/5837 5640/5804
f 3641/3658 3620/3637 3622/3639
f 5656/5820 5662/5826 5642/5806
f 5660/5824 5678/5842 5674/5838
f 3646/3663 3612/3629 3611/3628
f 5667/5831 5659/5823 5661/5825
f 5658/5822 5675/5839 5624/5788
f 3671/3688 3670/3687 3605/3622
f 3673/3690 3638/3655 3639/3656
f 5644/5808 5651/5815 5639/5803
f 5638/5802 5644/5808 5639/5803
f 3682/3699 3620/3637 3641/3658
f 3690/3707 3681/3698 3679/3696
f 3690/3707 3679/3696 3648/3665
f 5634/5798 5660/5824 5635/5799
f 3645/3662 3646/3663 3611/3628
f 3664/3681 3644/3661 3642/3659
f 3644/3661 3610/3627 3642/3659
f 5631/5795 5684/5848 5685/5849
f 5623/5787 5658/5822 5624/5788
f 5620/5784 5618/5782 5621/5785
f 5566/5730 5625/5789 5648/5812
f 3676/3693 3630/3647 3677/3694
f 3653/3670 3677/3694 3631/3648
f 3689/3706 3659/3676 3658/3675
f 3689/3706 3658/3675 3667/3684
f 5605/5769 5672/5836 5604/5768
f 5593/5757 5641/5805 5592/5756
f 5641/5805 5640/5804 5592/5756
f 5622/5786 5656/5820 5642/5806
f 5643/5807 5661/5825 5633/5797
f 3691/3708 3646/3663 3645/3662
f 5602/5766 5629/5793 5666/5830
f 5628/5792 5629/5793 5602/5766
f 3661/3678 3666/3683 3660/3677
f 5613/5777 5616/5780 5617/5781
f 5636/5800 5563/5727 5564/5728
f 3711/3728 3673/3690 3675/3692
f 3678/3695 3676/3693 3677/3694
f 5649/5813 5647/5811 5611/5775
f 5607/5771 5639/5803 5608/5772
f 5604/5768 5644/5808 5586/5750
f 5578/5742 5605/5769 5604/5768
f 3687/3704 3714/3731 3669/3686
f 3715/3732 3682/3699 3680/3697
f 3716/3733 3715/3732 3680/3697
f 5622/5786 5642/5806 5594/5758
f 5606/5770 5634/5798 5574/5738
f 5634/5798 5635/5799 5574/5738
f 5667/5831 5661/5825 5643/5807
f 3702/3719 3703/3720 3662/3679
f 5602/5766 5666/5830 5630/5794
f 5599/5763 5624/5788 5600/5764
f 5623/5787 5624/5788 5599/5763
f 5618/5782 5620/5784 5585/5749
f 3685/3702 3683/3700 3671/3688
f 5615/5779 5618/5782 5584/5748
f 5614/5778 5613/5777 5563/5727
f 3701/3718 3659/3676 3689/3706
f 3725/3742 3701/3718 3689/3706
f 5569/5733 5604/5768 5586/5750
f 5594/5758 5642/5806 5593/5757
f 5626/5790 5627/5791 5643/5807
f 5630/5794 5631/5795 5597/5761
f 3696/3713 3708/3725 3678/3695
f 5610/5774 5611/5775 5582/5746
f 3695/3712 3653/3670 3652/3669
f 5579/5743 5610/5774 5577/5741
f 5580/5744 5608/5772 5579/5743
f 5608/5772 5609/5773 5579/5743
f 3712/3729 3654/3671 3657/3674
f 3654/3671 3655/3672 3657/3674
f 5555/5719 5607/5771 5580/5744
f 5607/5771 5608/5772 5580/5744
f 3729/3746 3714/3731 3687/3704
f 3733/3750 3717/3734 3715/3732
f 3733/3750 3715/3732 3716/3733
f 3692/3709 3732/3749 3691/3708
f 5626/5790 5643/5807 5590/5754
f 5596/5760 5626/5790 5590/5754
f 3762/3784 3772/3794 3686/3703
f 3772/3794 3692/3709 3686/3703
f 3762/3784 3686/3703 3688/3705
f 3737/3754 3762/3784 3688/3705
f 5597/5761 5631/5795 5596/5760
f 3719/3736 3720/3737 3702/3719
f 5561/5725 5615/5779 5584/5748
f 5567/5731 5566/5730 5565/5729
f 5536/5700 5567/5731 5565/5729
f 3710/3727 3723/3740 3708/3725
f 5582/5746 5567/5731 5536/5700
f 3709/3726 3710/3727 3708/3725
f 5553/5717 5582/5746 5536/5700
f 3709/3726 3708/3725 3696/3713
f 3695/3712 3696/3713 3653/3670
f 5579/5743 5577/5741 5552/5716
f 3697/3714 3651/3668 3654/3671
f 3730/3747 3736/3753 3725/3742
f 5569/5733 5586/5750 5555/5719
f 5586/5750 5612/5776 5555/5719
f 5568/5732 5589/5753 5578/5742
f 5591/5755 5589/5753 5568/5732
f 5592/5756 5589/5753 5591/5755
f 5597/5761 5596/5760 5549/5713
f 3728/3745 3724/3741 3685/3702
f 5557/5721 5584/5748 5583/5747
f 5562/5726 5561/5725 5560/5724
f 5554/5718 5579/5743 5552/5716
f 3694/3711 3651/3668 3697/3714
f 5580/5744 5579/5743 5554/5718
f 3713/3730 3712/3729 3736/3753
f 3746/3763 3730/3747 3714/3731
f 3739/3756 3751/3773 3729/3746
f 3753/3775 3739/3756 3733/3750
f 5572/5736 5595/5759 5544/5708
f 5547/5711 5572/5736 5544/5708
f 5574/5738 5572/5736 5547/5711
f 5596/5760 5590/5754 5548/5712
f 3771/3793 3772/3794 3762/3784
f 5549/5713 5596/5760 5548/5712
f 5550/5714 5597/5761 5549/5713
f 3707/3724 3706/3723 3661/3678
f 3757/3779 3727/3744 3726/3743
f 5560/5724 5561/5725 5558/5722
f 3758/3780 3757/3779 3726/3743
f 5565/5729 5562/5726 5559/5723
f 3759/3781 3722/3739 3723/3740
f 3759/3781 3723/3740 3710/3727
f 3756/3778 3759/3781 3710/3727
f 3756/3778 3710/3727 3709/3726
f 5553/5717 5536/5700 5527/5691
f 3755/3777 3756/3778 3696/3713
f 3756/3778 3709/3726 3696/3713
f 5577/5741 5553/5717 5551/5715
f 3745/3762 3755/3777 3695/3712
f 3755/3777 3696/3713 3695/3712
f 3734/3751 3694/3711 3697/3714
f 3735/3752 3734/3751 3697/3714
f 3735/3752 3697/3714 3698/3715
f 3782/3804 3713/3730 3736/3753
f 5569/5733 5555/5719 5507/5671
f 3749/3771 3730/3747 3746/3763
f 3752/3774 3739/3756 3753/3775
f 5545/5709 5587/5751 5588/5752
f 5544/5708 5587/5751 5545/5709
f 3754/3776 3753/3775 3716/3733
f 3753/3775 3733/3750 3716/3733
f 5547/5711 5544/5708 5526/5690
f 5542/5706 5581/5745 5575/5739
f 5543/5707 5581/5745 5542/5706
f 3771/3793 3732/3749 3772/3794
f 5524/5688 5549/5713 5548/5712
f 3738/3755 3737/3754 3721/3738
f 3738/3755 3721/3738 3720/3737
f 3748/3765 3738/3755 3720/3737
f 3743/3760 3706/3723 3707/3724
f 3763/3785 3740/3757 3724/3741
f 3763/3785 3724/3741 3728/3745
f 5557/5721 5583/5747 5556/5720
f 3775/3797 3728/3745 3727/3744
f 5559/5723 5560/5724 5558/5722
f 3758/3780 3778/3800 3757/3779
f 5535/5699 5536/5700 5565/5729
f 5554/5718 5552/5716 5505/5669
f 3781/3803 3698/3715 3713/3730
f 5555/5719 5554/5718 5506/5670
f 3781/3803 3713/3730 3782/3804
f 5507/5671 5555/5719 5506/5670
f 3749/3771 3750/3772 3730/3747
f 5591/5755 5568/5732 5570/5734
f 5588/5752 5591/5755 5570/5734
f 5575/5739 5573/5737 5540/5704
f 5542/5706 5575/5739 5540/5704
f 3770/3792 3732/3749 3771/3793
f 3766/3788 3770/3792 3771/3793
f 5495/5659 5550/5714 5549/5713
f 5539/5703 5576/5740 5550/5714
f 5571/5735 5576/5740 5539/5703
f 3731/3748 3747/3764 3719/3736
f 5529/5693 5598/5762 5530/5694
f 5558/5722 5557/5721 5532/5696
f 3777/3799 3757/3779 3778/3800
f 5565/5729 5559/5723 5534/5698
f 3760/3782 3758/3780 3759/3781
f 5527/5691 5536/5700 5535/5699
f 3760/3782 3759/3781 3756/3778
f 3797/3819 3755/3777 3745/3762
f 3796/3818 3745/3762 3744/3761
f 3789/3811 3788/3810 3734/3751
f 3788/3810 3744/3761 3734/3751
f 5570/5734 5568/5732 5537/5701
f 3774/3796 3749/3771 3746/3763
f 3774/3796 3746/3763 3751/3773
f 5538/5702 5588/5752 5570/5734
f 5546/5710 5588/5752 5538/5702
f 3773/3795 3752/3774 3753/3775
f 5545/5709 5588/5752 5546/5710
f 3767/3789 3773/3795 3753/3775
f 5525/5689 5545/5709 5546/5710
f 3768/3790 3767/3789 3754/3776
f 3767/3789 3753/3775 3754/3776
f 3769/3791 3768/3790 3754/3776
f 5531/5695 5547/5711 5526/5690
f 5541/5705 5547/5711 5531/5695
f 3769/3791 3754/3776 3732/3749
f 5540/5704 5573/5737 5541/5705
f 3769/3791 3732/3749 3770/3792
f 5511/5675 5543/5707 5542/5706
f 5524/5688 5548/5712 5511/5675
f 5495/5659 5549/5713 5524/5688
f 3748/3765 3765/3787 3738/3755
f 5539/5703 5550/5714 5497/5661
f 3741/3758 3706/3723 3742/3759
f 5599/5763 5571/5735 5530/5694
f 3776/3798 3764/3786 3763/3785
f 5517/5681 5532/5696 5556/5720
f 5557/5721 5556/5720 5532/5696
f 5558/5722 5532/5696 5533/5697
f 3779/3801 3777/3799 3778/3800
f 5527/5691 5535/5699 5515/5679
f 3799/3821 3760/3782 3756/3778
f 3798/3820 3755/3777 3797/3819
f 5504/5668 5551/5715 5521/5685
f 3808/3830 3796/3818 3744/3761
f 5503/5667 5505/5669 5504/5668
f 3808/3830 3744/3761 3788/3810
f 5537/5701 5507/5671 5492/5656
f 5538/5702 5570/5734 5537/5701
f 3765/3787 3770/3792 3766/3788
f 5524/5688 5511/5675 5494/5658
f 5495/5659 5524/5688 5494/5658
f 5519/5683 5539/5703 5497/5661
f 5520/5684 5539/5703 5519/5683
f 3785/3807 3747/3764 3731/3748
f 3785/3807 3731/3748 3741/3758
f 3761/3783 3741/3758 3742/3759
f 3761/3783 3742/3759 3743/3760
f 3780/3802 3779/3801 3758/3780
f 3779/3801 3778/3800 3758/3780
f 3800/3822 3798/3820 3797/3819
f 3810/3832 3808/3830 3788/3810
f 5490/5654 5506/5670 5503/5667
f 3791/3813 3790/3812 3735/3752
f 3791/3813 3735/3752 3781/3803
f 5491/5655 5506/5670 5490/5654
f 5492/5656 5506/5670 5491/5655
f 3783/3805 3782/3804 3750/3772
f 5493/5657 5537/5701 5492/5656
f 3826/3848 3805/3827 3774/3796
f 3805/3827 3749/3771 3774/3796
f 5538/5702 5537/5701 5493/5657
f 3803/3825 3774/3796 3773/3795
f 3802/3824 3803/3825 3767/3789
f 3803/3825 3773/3795 3767/3789
f 5525/5689 5546/5710 5523/5687
f 5526/5690 5525/5689 5499/5663
f 5522/5686 5526/5690 5499/5663
f 5531/5695 5526/5690 5522/5686
f 5508/5672 5540/5704 5509/5673
f 5540/5704 5541/5705 5509/5673
f 5542/5706 5540/5704 5508/5672
f 3784/3806 3765/3787 3748/3765
f 3784/3806 3748/3765 3787/3809
f 5528/5692 5530/5694 5520/5684
f 3786/3808 3747/3764 3785/3807
f 3818/3840 3785/3807 3741/3758
f 3818/3840 3741/3758 3761/3783
f 3820/3842 3776/3798 3777/3799
f 3779/3801 3820/3842 3777/3799
f 3780/3802 3824/3846 3779/3801
f 5514/5678 5535/5699 5534/5698
f 3800/3822 3801/3823 3798/3820
f 5502/5666 5504/5668 5501/5665
f 3808/3830 3800/3822 3796/3818
f 5503/5667 5504/5668 5502/5666
f 5489/5653 5503/5667 5502/5666
f 5490/5654 5503/5667 5489/5653
f 3810/3832 3789/3811 3790/3812
f 3792/3814 3791/3813 3781/3803
f 3792/3814 3781/3803 3782/3804
f 5512/5676 5538/5702 5493/5657
f 3803/3825 3826/3848 3774/3796
f 3802/3824 3767/3789 3768/3790
f 3795/3817 3802/3824 3768/3790
f 5486/5650 5531/5695 5522/5686
f 5486/5650 5509/5673 5541/5705
f 3795/3817 3768/3790 3769/3791
f 3794/3816 3769/3791 3770/3792
f 5494/5658 5511/5675 5508/5672
f 3765/3787 3794/3816 3770/3792
f 5496/5660 5495/5659 5494/5658
f 5497/5661 5495/5659 5465/5629
f 5466/5630 5497/5661 5465/5629
f 3806/3828 3784/3806 3787/3809
f 5519/5683 5497/5661 5466/5630
f 5528/5692 5520/5684 5466/5630
f 3807/3829 3786/3808 3785/3807
f 5529/5693 5528/5692 5467/5631
f 3822/3844 3779/3801 3824/3846
f 5514/5678 5534/5698 5513/5677
f 3799/3821 3780/3802 3760/3782
f 5483/5647 5501/5665 5500/5664
f 5501/5665 5515/5679 5500/5664
f 5502/5666 5501/5665 5484/5648
f 5479/5643 5490/5654 5480/5644
f 5490/5654 5489/5653 5480/5644
f 3809/3831 3810/3832 3790/3812
f 5477/5641 5490/5654 5479/5643
f 5491/5655 5490/5654 5477/5641
f 3793/3815 3783/3805 3750/3772
f 3793/3815 3750/3772 3749/3771
f 3793/3815 3749/3771 3805/3827
f 5493/5657 5492/5656 5478/5642
f 5481/5645 5523/5687 5510/5674
f 5482/5646 5523/5687 5481/5645
f 5508/5672 5509/5673 5487/5651
f 3804/3826 3794/3816 3765/3787
f 3827/3849 3806/3828 3807/3829
f 5467/5631 5528/5692 5466/5630
f 3827/3849 3807/3829 3785/3807
f 3827/3849 3785/3807 3818/3840
f 3829/3856 3820/3842 3822/3844
f 5488/5652 5513/5677 5471/5635
f 5514/5678 5513/5677 5488/5652
f 3823/3845 3824/3846 3780/3802
f 3840/3868 3823/3845 3799/3821
f 3823/3845 3780/3802 3799/3821
f 3849/3878 3833/3860 3801/3823
f 3848/3877 3849/3878 3800/3822
f 3849/3878 3801/3823 3800/3822
f 5484/5648 5501/5665 5483/5647
f 3847/3876 3800/3822 3808/3830
f 5489/5653 5502/5666 5484/5648
f 3845/3873 3847/3876 3808/3830
f 3844/3872 3845/3873 3810/3832
f 3844/3872 3810/3832 3809/3831
f 3819/3841 3783/3805 3793/3815
f 5478/5642 5492/5656 5477/5641
f 5473/5637 5493/5657 5478/5642
f 3837/3865 3826/3848 3803/3825
f 5510/5674 5512/5676 5472/5636
f 5481/5645 5510/5674 5472/5636
f 3811/3833 3812/3834 3802/3824
f 5496/5660 5494/5658 5449/5613
f 3817/3839 3804/3826 3784/3806
f 3806/3828 3817/3839 3784/3806
f 5464/5628 5466/5630 5465/5629
f 5467/5631 5466/5630 5464/5628
f 5470/5634 5516/5680 5469/5633
f 3843/3871 3830/3857 3822/3844
f 3842/3870 3824/3846 3823/3845
f 5483/5647 5500/5664 5461/5625
f 5489/5653 5484/5648 5485/5649
f 5476/5640 5479/5643 5480/5644
f 3828/3850 3809/3831 3791/3813
f 5477/5641 5479/5643 5476/5640
f 5475/5639 5477/5641 5476/5640
f 3828/3850 3791/3813 3792/3814
f 3858/3887 3819/3841 3793/3815
f 5478/5642 5477/5641 5474/5638
f 5473/5637 5478/5642 5474/5638
f 5428/5591 5481/5645 5472/5636
f 5482/5646 5481/5645 5428/5591
f 5498/5662 5522/5686 5499/5663
f 5451/5615 5486/5650 5452/5616
f 5450/5614 5487/5651 5451/5615
f 5487/5651 5486/5650 5451/5615
f 3804/3826 3814/3836 3794/3816
f 5449/5613 5494/5658 5450/5614
f 5494/5658 5508/5672 5450/5614
f 5463/5627 5464/5628 5431/5594
f 3861/3890 3830/3857 3843/3871
f 5462/5626 5488/5652 5440/5603
f 3842/3870 3843/3871 3824/3846
f 3840/3868 3841/3869 3823/3845
f 5484/5648 5483/5647 5460/5624
f 3875/3904 3848/3877 3847/3876
f 3855/3884 3847/3876 3845/3873
f 3855/3884 3845/3873 3844/3872
f 3858/3887 3850/3879 3819/3841
f 3850/3879 3792/3814 3819/3841
f 5458/5622 5472/5636 5473/5637
f 5428/5591 5472/5636 5458/5622
f 3816/3838 3837/3865 3803/3825
f 5447/5611 5499/5663 5482/5646
f 3813/3835 3812/3834 3811/3833
f 3814/3836 3813/3835 3811/3833
f 3835/3862 3836/3863 3817/3839
f 3835/3862 3817/3839 3806/3828
f 3863/3892 3880/3909 3864/3893
f 3863/3892 3864/3893 3846/3874
f 5463/5627 5431/5594 5430/5593
f 3861/3890 3831/3858 3830/3857
f 3875/3904 3849/3878 3848/3877
f 5459/5623 5485/5649 5445/5609
f 3857/3886 3847/3876 3856/3885
f 5480/5644 5485/5649 5459/5623
f 3854/3883 3856/3885 3855/3884
f 3851/3880 3855/3884 3844/3872
f 3851/3880 3844/3872 3828/3850
f 5474/5638 5475/5639 5457/5621
f 5454/5618 5474/5638 5457/5621
f 5458/5622 5473/5637 5454/5618
f 3813/3835 3816/3838 3812/3834
f 5447/5611 5482/5646 5446/5610
f 3860/3889 3815/3837 3804/3826
f 3815/3837 3814/3836 3804/3826
f 5449/5613 5450/5614 5448/5612
f 5453/5617 5465/5629 5449/5613
f 5464/5628 5453/5617 5432/5595
f 5431/5594 5464/5628 5432/5595
f 5430/5593 5431/5594 5414/5577
f 5470/5634 5469/5633 5468/5632
f 3868/3897 3866/3895 3861/3890
f 3866/3895 3831/3858 3861/3890
f 5471/5635 5470/5634 5438/5601
f 5440/5603 5471/5635 5438/5601
f 3884/3913 3868/3897 3861/3890
f 5461/5625 5462/5626 5406/5569
f 3875/3904 3876/3905 3849/3878
f 3857/3886 3875/3904 3847/3876
f 5444/5608 5459/5623 5445/5609
f 5456/5620 5480/5644 5459/5623
f 5475/5639 5476/5640 5455/5619
f 3862/3891 3850/3879 3858/3887
f 3839/3867 3838/3866 3837/3865
f 5451/5615 5452/5616 5441/5604
f 5449/5613 5448/5612 5418/5581
f 5453/5617 5449/5613 5417/5580
f 3859/3888 3836/3863 3835/3862
f 5437/5600 5468/5632 5435/5598
f 3867/3896 3865/3894 3832/3859
f 3882/3911 3883/3912 3843/3871
f 3882/3911 3843/3871 3842/3870
f 3885/3914 3882/3911 3842/3870
f 5404/5567 5462/5626 5402/5565
f 3878/3907 3885/3914 3841/3869
f 3885/3914 3842/3870 3841/3869
f 5406/5569 5462/5626 5404/5567
f 5445/5609 5460/5624 5433/5596
f 3898/3928 3899/3929 3856/3885
f 5425/5588 5457/5621 5455/5619
f 5454/5618 5457/5621 5425/5588
f 3870/3899 3839/3867 3816/3838
f 5452/5616 5447/5611 5420/5583
f 5441/5604 5452/5616 5420/5583
f 3872/3901 3869/3898 3815/3837
f 3874/3903 3815/3837 3860/3889
f 5418/5581 5448/5612 5442/5605
f 3887/3916 3860/3889 3859/3888
f 3879/3908 3859/3888 3835/3862
f 3879/3908 3835/3862 3834/3861
f 5419/5582 5432/5595 5453/5617
f 3891/3920 3867/3896 3866/3895
f 5443/5607 5440/5603 5403/5566
f 3877/3906 3878/3907 3876/3905
f 5434/5597 5445/5609 5433/5596
f 5423/5586 5459/5623 5444/5608
f 3898/3928 3856/3885 3854/3883
f 5424/5587 5456/5620 5423/5586
f 5456/5620 5459/5623 5423/5586
f 5455/5619 5456/5620 5424/5587
f 3852/3881 3854/3883 3851/3880
f 3852/3881 3851/3880 3850/3879
f 3873/3902 3858/3887 3838/3866
f 5427/5590 5454/5618 5426/5589
f 3871/3900 3873/3902 3838/3866
f 5458/5622 5454/5618 5427/5590
f 3870/3899 3871/3900 3839/3867
f 5421/5584 5446/5610 5422/5585
f 5417/5580 5418/5581 5415/5578
f 3881/3910 3887/3916 3859/3888
f 5419/5582 5453/5617 5417/5580
f 3897/3927 3879/3908 3880/3909
f 5439/5602 5438/5601 5436/5599
f 3903/3933 3868/3897 3884/3913
f 5404/5567 5402/5565 5322/5460
f 5406/5569 5404/5567 5405/5568
f 5408/5571 5406/5569 5405/5568
f 5423/5586 5444/5608 5434/5597
f 3900/3930 3898/3928 3854/3883
f 5425/5588 5455/5619 5424/5587
f 3853/3882 3852/3881 3850/3879
f 5427/5590 5426/5589 5400/5563
f 3895/3924 3871/3900 3870/3899
f 5421/5584 5422/5585 5399/5562
f 3894/3923 3895/3924 3870/3899
f 5420/5583 5421/5584 5398/5561
f 3888/3917 3860/3889 3887/3916
f 5419/5582 5417/5580 5416/5579
f 5379/5540 5419/5582 5416/5579
f 5409/5572 5414/5577 5412/5575
f 5414/5577 5413/5576 5412/5575
f 5439/5602 5436/5599 5410/5573
f 3904/3934 3891/3920 3903/3933
f 3891/3920 3868/3897 3903/3933
f 3915/3946 3916/3947 3883/3912
f 5322/5460 5403/5566 5394/5557
f 3915/3946 3883/3912 3882/3911
f 3886/3915 3878/3907 3877/3906
f 3857/3886 3877/3906 3875/3904
f 5433/5596 5408/5571 5407/5570
f 3893/3922 3911/3941 3852/3881
f 3873/3902 3853/3882 3862/3891
f 3895/3924 3896/3925 3871/3900
f 3874/3903 3917/3948 3872/3901
f 5381/5542 5382/5543 5397/5560
f 5382/5543 5420/5583 5397/5560
f 5415/5578 5382/5543 5380/5541
f 5378/5539 5415/5578 5380/5541
f 3908/3938 3909/3939 3879/3908
f 3907/3937 3908/3938 3879/3908
f 5410/5573 5436/5599 5411/5574
f 5403/5566 5410/5573 5392/5555
f 5323/5461 5322/5460 5394/5557
f 3927/3964 3885/3914 3886/3915
f 5321/5459 5405/5568 5322/5460
f 5312/5450 5434/5597 5316/5454
f 3900/3930 3899/3929 3898/3928
f 3941/3994 3911/3941 3893/3922
f 2569/3995 3941/3994 3893/3922
f 5400/5563 5401/5564 5395/5558
f 3910/3940 3853/3882 3873/3902
f 5377/5536 5399/5562 5400/5563
f 3928/3965 3895/3924 3894/3923
f 3918/3949 3917/3948 3874/3903
f 3920/3953 3918/3949 3874/3903
f 3909/3939 3926/3963 3881/3910
f 5416/5579 5415/5578 5378/5539
f 3905/3935 3907/3937 3897/3927
f 3934/3977 3905/3935 3906/3936
f 5410/5573 5411/5574 5393/5556
f 3923/3960 3890/3919 3891/3920
f 3924/3961 3891/3920 3904/3934
f 3925/3962 3924/3961 3904/3934
f 3929/3966 3904/3934 3903/3933
f 3929/3966 3903/3933 3916/3947
f 5321/5459 5322/5460 5320/5458
f 3927/3964 3886/3915 3902/3932
f 3902/3932 3886/3915 3877/3906
f 3901/3931 3902/3932 3877/3906
f 5318/5456 5407/5570 5321/5459
f 5407/5570 5405/5568 5321/5459
f 3901/3931 3857/3886 3899/3929
f 3900/3930 3901/3931 3899/3929
f 2557/3974 2569/3995 3910/3940
f 2569/3995 3893/3922 3910/3940
f 5400/5563 5395/5558 5376/5535
f 5377/5536 5400/5563 5376/5535
f 5356/5510 5380/5541 5355/5509
f 5380/5541 5381/5542 5355/5509
f 3926/3963 3919/3952 3888/3917
f 5359/5514 5380/5541 5356/5510
f 3937/3980 3926/3963 3909/3939
f 5379/5540 5378/5539 5363/5518
f 5362/5517 5379/5540 5363/5518
f 3935/3978 3907/3937 3905/3935
f 5392/5555 5410/5573 5393/5556
f 3929/3966 3916/3947 3936/3979
f 2541/3989 3936/3979 3915/3946
f 2541/3989 3915/3946 3927/3964
f 5318/5456 5321/5459 5320/5458
f 5316/5454 5407/5570 5318/5456
f 3912/3942 3901/3931 3900/3930
f 2547/3991 3911/3941 2568/3992
f 2568/3992 3941/3994 2569/3995
f 2555/4011 2569/3995 2557/3974
f 5376/5535 5395/5558 5338/5485
f 2557/3974 3910/3940 3896/3925
f 3932/3969 3930/3967 3928/3965
f 3933/3970 3928/3965 3917/3948
f 5351/5499 5397/5560 5350/5498
f 5355/5509 5381/5542 5351/5499
f 3935/3978 3908/3938 3907/3937
f 5361/5516 5362/5517 5363/5518
f 5369/5526 5362/5517 5361/5516
f 2563/3996 3924/3961 3925/3962
f 5394/5557 5392/5555 5391/5553
f 2564/3988 3925/3962 3904/3934
f 3929/3966 2564/3988 3904/3934
f 5319/5457 5320/5458 5324/5462
f 5320/5458 5323/5461 5324/5462
f 2537/3944 2541/3989 3927/3964
f 2537/3944 3927/3964 3902/3932
f 2537/3944 3902/3932 3901/3931
f 5316/5454 5318/5456 5317/5455
f 3912/3942 3913/3943 3901/3931
f 5312/5450 5313/5451 5310/5448
f 5338/5485 5395/5558 5334/5476
f 2555/2554 2568/2567 2569/2568
f 5341/5489 5376/5535 5339/5486
f 5350/5498 5377/5536 5342/5490
f 2560/3976 3933/3970 3918/3949
f 3933/3970 3917/3948 3918/3949
f 3921/3954 3918/3949 3920/3953
f 3921/3954 3920/3953 3919/3952
f 5355/5509 5351/5499 5354/5506
f 3940/3987 3939/3986 3926/3963
f 3940/3987 3937/3980 2558/3984
f 5363/5518 5378/5539 5365/5520
f 2559/3983 2558/3984 3935/3978
f 2554/3998 3938/3982 2553/3999
f 2534/4000 2553/3999 3934/3977
f 2563/3996 2562/3985 3924/3961
f 5391/5553 5392/5555 5390/5552
f 2563/3996 3925/3962 2564/3988
f 2551/3990 2564/3988 3936/3979
f 2564/3988 3929/3966 3936/3979
f 2542/2541 2551/2550 2541/2540
f 2551/3990 3936/3979 2541/3989
f 2556/2555 2521/2520 2557/2556
f 2556/3975 2557/3974 3931/3968
f 5342/5490 5341/5489 5340/5488
f 2567/3971 3932/3969 3933/3970
f 5348/5496 5350/5498 5344/5492
f 3942/4001 2560/3976 3918/3949
f 5354/5506 5351/5499 5348/5496
f 3942/4001 3918/3949 3921/3954
f 5357/5512 5356/5510 5354/5506
f 5359/5514 5356/5510 5357/5512
f 5361/5516 5363/5518 5364/5519
f 2561/2560 2562/2561 2563/2562
f 5391/5553 5390/5552 5386/5547
f 5325/5463 5324/5462 5386/5547
f 5324/5462 5391/5553 5386/5547
f 5319/5457 5324/5462 5325/5463
f 5317/5455 5319/5457 5326/5464
f 2538/3993 2537/3944 3913/3943
f 5314/5452 5313/5451 5317/5455
f 5310/5448 5313/5451 5314/5452
f 2538/3993 3912/3942 2547/3991
f 5332/5474 5309/5447 5331/5473
f 2546/2545 2538/2537 2547/2546
f 5337/5484 5338/5485 5336/5483
f 5339/5486 5338/5485 5337/5484
f 2556/3975 3931/3968 2566/3973
f 2530/2529 2567/2566 2560/2559
f 5348/5496 5349/5497 5354/5506
f 3943/4002 3921/3954 3939/3986
f 5360/5515 5365/5520 5357/5512
f 2528/4006 2527/4005 3940/3987
f 5368/5525 5361/5516 5364/5519
f 2550/2549 2558/2557 2559/2558
f 2550/2549 2559/2558 2554/2553
f 5369/5526 5361/5516 5368/5525
f 5370/5527 5369/5526 5368/5525
f 2561/2560 2532/2531 2562/2561
f 5326/5464 5325/5463 5327/5465
f 2543/2542 2542/2541 2540/2539
f 2539/2538 2540/2539 2537/2536
f 2536/2535 2539/2538 2537/2536
f 2536/2535 2537/2536 2538/2537
f 2546/2545 2544/2543 2538/2537
f 2524/2523 2545/2544 2555/2554
f 5336/5483 5332/5474 5335/5479
f 5343/5491 5340/5488 5337/5484
f 2565/2564 2533/2532 2566/2565
f 2565/3972 3932/3969 2567/3971
f 2527/4005 2526/4007 3939/3986
f 5360/5515 5357/5512 5358/5513
f 2550/2549 2505/2504 2558/2557
f 2495/2494 2550/2549 2554/2553
f 2552/2551 2553/2552 2534/2533
f 2516/2515 2561/2560 2563/2562
f 5328/5466 5325/5463 5383/5544
f 2543/2542 2551/2550 2542/2541
f 5327/5465 5325/5463 5328/5466
f 2535/2534 2543/2542 2540/2539
f 2544/2543 2536/2535 2538/2537
f 2544/2543 2546/2545 2545/2544
f 2520/2519 2556/2555 2533/2532
f 5353/5504 5349/5497 5347/5495
f 4382/5534 5368/5525 5375/5532
f 2552/2551 2495/2494 2553/2552
f 2495/2494 2554/2553 2553/2552
f 2494/2493 2552/2551 2534/2533
f 2516/2515 2517/2516 2561/2560
f 2501/2500 2551/2550 2543/2542
f 2536/2535 2535/2534 2539/2538
f 5329/5467 5326/5464 5330/5468
f 4479/5469 5311/5449 5314/5452
f 2514/2513 2536/2535 2544/2543
f 2509/2508 2524/2523 2521/2520
f 2496/2495 2523/2522 2530/2529
f 2531/2530 2530/2529 2529/2528
f 2506/2505 2526/2525 2527/2526
f 4381/4449 4380/4448 4424/4492
f 5371/5528 5368/5525 4374/5533
f 5373/5530 5371/5528 4374/5533
f 2549/2548 2502/2501 2548/2547
f 4479/5469 5314/5452 5329/5467
f 2510/2509 2514/2513 2544/2543
f 2509/2508 2512/2511 2524/2523
f 4379/5487 5336/5483 5335/5479
f 2498/2497 2497/2496 2520/2519
f 2496/2495 2530/2529 2531/2530
f 4336/4404 4424/4492 4362/4430
f 2507/2506 2506/2505 2525/2524
f 4356/5523 5364/5519 5367/5522
f 2490/2489 2515/2514 2516/2515
f 2502/2501 2491/2490 2516/2515
f 5328/5466 5387/5548 4352/5472
f 2500/2499 2501/2500 2543/2542
f 4353/5470 4354/5471 4352/5472
f 2522/2521 2519/2518 2533/2532
f 2492/2491 2465/2464 2526/2525
f 2465/2464 2529/2528 2526/2525
f 2492/2491 2526/2525 2506/2505
f 4380/4448 4381/4449 4336/4404
f 4337/5524 5367/5522 4338/5537
f 5367/5522 5366/5521 4338/5537
f 2470/2469 2471/2470 2472/2471
f 4345/4413 4382/4450 4356/4424
f 2491/2490 2490/2489 2516/2515
f 4348/5551 5387/5548 5389/5550
f 2502/2501 2549/2548 2499/2498
f 2500/2499 2499/2498 2501/2500
f 2486/2485 2500/2499 2503/2502
f 4365/4433 4354/4422 4342/4410
f 2480/2479 2485/2484 2513/2512
f 5329/5467 4365/5478 4363/5477
f 2480/2479 2513/2512 2514/2513
f 4376/5503 4377/5502 5346/5494
f 4361/5505 5353/5504 4378/5501
f 2496/2495 2531/2530 2465/2464
f 2493/2492 2492/2491 2506/2505
f 2467/2466 2507/2506 2504/2503
f 4355/4423 4356/4424 4357/4425
f 4344/4412 4374/4442 4345/4413
f 2488/2487 2490/2489 2491/2490
f 2476/2475 2502/2501 2499/2498
f 2476/2475 2499/2498 2500/2499
f 4342/4410 4354/4422 4341/4409
f 4373/4441 4479/4547 4363/4431
f 2481/2480 2480/2479 2514/2513
f 2511/2510 2512/2511 2509/2508
f 2477/2476 2497/2496 2498/2497
f 2460/2459 2487/2486 2523/2522
f 2487/2486 2522/2521 2523/2522
f 2457/2456 2458/2457 2496/2495
f 4336/4404 4362/4430 4334/4402
f 4339/4407 4336/4404 4332/4400
f 4322/4390 4337/4405 4333/4401
f 4337/4405 4338/4406 4333/4401
f 4357/4425 4337/4405 4322/4390
f 2444/2443 2470/2469 2469/2468
f 4343/4411 4344/4412 4297/4365
f 2476/2475 2475/2474 2502/2501
f 4352/4420 4348/4416 4350/4418
f 2455/2454 2476/2475 2486/2485
f 2476/2475 2500/2499 2486/2485
f 2484/2483 2485/2484 2480/2479
f 2468/2467 2480/2479 2481/2480
f 2483/2482 2510/2509 2512/2511
f 4316/4384 4359/4427 4371/4439
f 2477/2476 2478/2477 2497/2496
f 4309/4377 4379/4447 4358/4426
f 2433/2432 2487/2486 2460/2459
f 2447/2446 2493/2492 2467/2466
f 4322/4390 4323/4391 4293/4361
f 2442/2441 2424/2423 2443/2442
f 2442/2441 2443/2442 2444/2443
f 2488/2487 2466/2465 2489/2488
f 2454/2453 2475/2474 2476/2475
f 4353/4421 4351/4419 4340/4408
f 4364/4432 4342/4410 4331/4399
f 4367/4435 4368/4436 4319/4387
f 4368/4436 4373/4441 4319/4387
f 2473/2472 2482/2481 2483/2482
f 4371/4439 4366/4434 4317/4385
f 4358/4426 4359/4427 4308/4376
f 2461/2460 2477/2476 2462/2461
f 2446/2445 2447/2446 2445/2444
f 2474/2473 2466/2465 2488/2487
f 2474/2473 2488/2487 2491/2490
f 4319/4387 4363/4431 4310/4378
f 4317/4385 4366/4434 4318/4386
f 2464/2463 2511/2510 2478/2477
f 4316/4384 4315/4383 4308/4376
f 2426/2425 2425/2424 2463/2462
f 2460/2459 2458/2457 2430/2429
f 4306/4374 4334/4402 4305/4373
f 2431/2430 2448/2447 2447/2446
f 4293/4361 4323/4391 4294/4362
f 4323/4391 4333/4401 4294/4362
f 4321/4389 4293/4361 4292/4360
f 2459/2458 2466/2465 2474/2473
f 4302/4370 4340/4408 4304/4372
f 2439/2438 2479/2478 2484/2483
f 4301/4369 4329/4397 4330/4398
f 4329/4397 4364/4432 4330/4398
f 2439/2438 2484/2483 2468/2467
f 4329/4397 4301/4369 4310/4378
f 4367/4435 4319/4387 4318/4386
f 4299/4367 4309/4377 4284/4352
f 2430/2429 2433/2432 2460/2459
f 4306/4374 4305/4373 4281/4349
f 2446/2445 2428/2427 2447/2446
f 2423/2422 2424/2423 2442/2441
f 4287/4355 4297/4365 4292/4360
f 4325/4393 4347/4415 4326/4394
f 4303/4371 4331/4399 4302/4370
f 4315/4383 4314/4382 4276/4344
f 2451/2450 2440/2439 2464/2463
f 2427/2426 2416/2415 2449/2448
f 4298/4366 4299/4367 4284/4352
f 4281/4349 4305/4373 4289/4357
f 2428/2427 2429/2428 2431/2430
f 4294/4362 4295/4363 4286/4354
f 2432/2431 2446/2445 2417/2416
f 2402/2401 2417/2416 2424/2423
f 2401/2400 2424/2423 2423/2422
f 2400/2399 2399/2398 2423/2422
f 4320/4388 4290/4358 4304/4372
f 4318/4386 4319/4387 4274/4342
f 4319/4387 4311/4379 4274/4342
f 4275/4343 4314/4382 4274/4342
f 2420/2419 2473/2472 2421/2420
f 2422/2421 2421/2420 2464/2463
f 4288/4356 4308/4376 4276/4344
f 4284/4352 4265/4333 4267/4335
f 2377/2376 2418/2417 2419/2418
f 2418/2417 2426/2425 2419/2418
f 4307/4375 4306/4374 4295/4363
f 2441/2440 2404/2403 2459/2458
f 2408/2407 2441/2440 2456/2455
f 2409/2408 2408/2407 2450/2449
f 2411/2410 2439/2438 2437/2436
f 2390/2389 2420/2419 2421/2420
f 4276/4344 4275/4343 4269/4337
f 2397/2396 2440/2439 2416/2415
f 2398/2397 2397/2396 2416/2415
f 2393/2392 2416/2415 2427/2426
f 4255/4323 4287/4355 4252/4320
f 2405/2404 2404/2403 2441/2440
f 2407/2406 2405/2404 2441/2440
f 2410/2409 2409/2408 2434/2433
f 4302/4370 4290/4358 4282/4350
f 4303/4371 4302/4370 4282/4350
f 2413/2412 2412/2411 2436/2435
f 2412/2411 2437/2436 2436/2435
f 2334/2333 2377/2376 2378/2377
f 2406/2405 2403/2402 2405/2404
f 2345/2344 2397/2396 2398/2397
f 2376/2375 2377/2376 2334/2333
f 4251/4319 4193/4261 4236/4304
f 2357/2356 2370/2369 2371/2370
f 4313/4381 4312/4380 4263/4331
f 4264/4332 4313/4381 4262/4330
f 4260/4328 4291/4359 4264/4332
f 2381/2380 2410/2409 2382/2381
f 2384/2383 2382/2381 2385/2384
f 2348/2347 2390/2389 2369/2368
f 2376/2375 2346/2345 2393/2392
f 4209/4277 4270/4338 4208/4276
f 4251/4319 4270/4338 4209/4277
f 4201/4269 4237/4305 4200/4268
f 2395/2394 2403/2402 2406/2405
f 2359/2358 2412/2411 2389/2388
f 2344/2343 2345/2344 2374/2373
f 4230/4298 4268/4336 4229/4297
f 4228/4296 4267/4335 4232/4300
f 2337/2336 2375/2374 2391/2390
f 2395/2394 2366/2365 2403/2402
f 2359/2358 2384/2383 2385/2384
f 2343/2342 2347/2346 2348/2347
f 2368/2367 2348/2347 2367/2366
f 2342/2341 2368/2367 2367/2366
f 4230/4298 4229/4297 4211/4279
f 2346/2345 2376/2375 2335/2334
f 4231/4299 4230/4298 4212/4280
f 2338/2337 2337/2336 2391/2390
f 2350/2349 2354/2353 2353/2352
f 2286/2285 2353/2352 2355/2354
f 2286/2285 2355/2354 2319/2318
f 2278/2277 2319/2318 2352/2351
f 4194/4262 4172/4240 4175/4243
f 2307/2306 2327/2326 2325/2324
f 2308/2307 2325/2324 2326/2325
f 4243/4311 4245/4313 4242/4310
f 4244/4312 4283/4351 4243/4311
f 4247/4315 4246/4314 4218/4286
f 2349/2348 2358/2357 2359/2358
f 2340/2339 2342/2341 2344/2343
f 4213/4281 4231/4299 4212/4280
f 4214/4282 4232/4300 4213/4281
f 4232/4300 4231/4299 4213/4281
f 2299/2298 2333/2332 2334/2333
f 4239/4307 4215/4283 4197/4265
f 2292/2291 2338/2337 2350/2349
f 4191/4259 4208/4276 4195/4263
f 4170/4238 4192/4260 4191/4259
f 2284/2283 2287/2286 2319/2318
f 4172/4240 4170/4238 4169/4237
f 2257/2256 2309/2308 2307/2306
f 2307/2306 2325/2324 2308/2307
f 2365/2364 2366/2365 2395/2394
f 2380/2379 2365/2364 2395/2394
f 4246/4314 4244/4312 4198/4266
f 4218/4286 4246/4314 4206/4274
f 2331/2330 2358/2357 2349/2348
f 4226/4294 4217/4285 4216/4284
f 2303/2302 2342/2341 2340/2339
f 2339/2338 2335/2334 2333/2332
f 2298/2297 2339/2338 2333/2332
f 4215/4283 4214/4282 4188/4256
f 2277/2276 2288/2287 2337/2336
f 2264/2263 2277/2276 2292/2291
f 2291/2290 2292/2291 2350/2349
f 4191/4259 4195/4263 4173/4241
f 2291/2290 2350/2349 2286/2285
f 2257/2256 2274/2273 2309/2308
f 4149/4217 4194/4262 4176/4244
f 2258/2257 2257/2256 2307/2306
f 4166/4234 4200/4268 4167/4235
f 4200/4268 4202/4270 4167/4235
f 2310/2309 2308/2307 2313/2312
f 4250/4318 4224/4292 4225/4293
f 2322/2321 2364/2363 2363/2362
f 2362/2361 2363/2362 2358/2357
f 2332/2331 2358/2357 2331/2330
f 2329/2328 2330/2329 2331/2330
f 2343/2342 2331/2330 2349/2348
f 4241/4309 4234/4302 4184/4252
f 4211/4279 4210/4278 4168/4236
f 4188/4256 4214/4282 4213/4281
f 4196/4264 4195/4263 4197/4265
f 4173/4241 4195/4263 4196/4264
f 2271/2270 2286/2285 2285/2284
f 4171/4239 4170/4238 4125/4193
f 2255/2254 2285/2284 2284/2283
f 4174/4242 4175/4243 4169/4237
f 2274/2273 2256/2255 2272/2271
f 4167/4235 4202/4270 4149/4217
f 4166/4234 4167/4235 4144/4212
f 2258/2257 2308/2307 2244/2243
f 2244/2243 2308/2307 2310/2309
f 4220/4288 4222/4290 4219/4287
f 2360/2359 2361/2360 2379/2378
f 4223/4291 4220/4288 4183/4251
f 2362/2361 2322/2321 2363/2362
f 4205/4273 4206/4274 4162/4230
f 4218/4286 4205/4273 4204/4272
f 2305/2304 2331/2330 2343/2342
f 4207/4275 4217/4285 4204/4272
f 4216/4284 4217/4285 4207/4275
f 4212/4280 4168/4236 4186/4254
f 4213/4281 4212/4280 4187/4255
f 2297/2296 2298/2297 2299/2298
f 4131/4199 4197/4265 4133/4201
f 4197/4265 4188/4256 4133/4201
f 2297/2296 2299/2298 2288/2287
f 4196/4264 4197/4265 4142/4210
f 2255/2254 2271/2270 2285/2284
f 4121/4189 4176/4244 4174/4242
f 4146/4214 4166/4234 4144/4212
f 2323/2322 2362/2361 2332/2331
f 2324/2323 2323/2322 2332/2331
f 4185/4253 4198/4266 4199/4267
f 4205/4273 4162/4230 4163/4231
f 2303/2302 2305/2304 2343/2342
f 4114/4182 4165/4233 4164/4232
f 2294/2293 2295/2294 2339/2338
f 4187/4255 4212/4280 4186/4254
f 2296/2295 2293/2292 2298/2297
f 4131/4199 4133/4201 4130/4198
f 2270/2269 2271/2270 2255/2254
f 4171/4239 4124/4192 4169/4237
f 2239/2238 2255/2254 2256/2255
f 4121/4189 4174/4242 4122/4190
f 4167/4235 4104/4172 4144/4212
f 2243/2242 2258/2257 2244/2243
f 2273/2272 2244/2243 2310/2309
f 4146/4214 4145/4213 4086/4154
f 2316/2315 2314/2313 2361/2360
f 2316/2315 2361/2360 2318/2317
f 4183/4251 4220/4288 4179/4247
f 4220/4288 4219/4287 4179/4247
f 2321/2320 2318/2317 2322/2321
f 4190/4258 4182/4250 4155/4223
f 4199/4267 4242/4310 4189/4257
f 2311/2310 2312/2311 2330/2329
f 2301/2300 2305/2304 2303/2302
f 2300/2299 2301/2300 2303/2302
f 2300/2299 2303/2302 2304/2303
f 4129/4197 4094/4162 4128/4196
f 4147/4215 4187/4255 4186/4254
f 4132/4200 4133/4201 4120/4188
f 4133/4201 4134/4202 4120/4188
f 4157/4225 4110/4178 4158/4226
f 4115/4183 4169/4237 4124/4192
f 2240/2239 2239/2238 2256/2255
f 4174/4242 4169/4237 4115/4183
f 4122/4190 4174/4242 4115/4183
f 2242/2241 2241/2240 2243/2242
f 2227/2226 2244/2243 2273/2272
f 4086/4154 4145/4213 4143/4211
f 4182/4250 4181/4249 4154/4222
f 2320/2319 2321/2320 2322/2321
f 4156/4224 4155/4223 4153/4221
f 2323/2322 2320/2319 2322/2321
f 2311/2310 2329/2328 2302/2301
f 4114/4182 4096/4164 4094/4162
f 4147/4215 4186/4254 4148/4216
f 2262/2261 2261/2260 2294/2293
f 4134/4202 4147/4215 4119/4187
f 2260/2259 2259/2258 2293/2292
f 2263/2262 2260/2259 2297/2296
f 2260/2259 2296/2295 2297/2296
f 2234/2233 2255/2254 2239/2238
f 4121/4189 4122/4190 4011/4079
f 2215/2214 2227/2226 2273/2272
f 2315/2314 2314/2313 2316/2315
f 4181/4249 4179/4247 4177/4245
f 2306/2305 2318/2317 2321/2320
f 4153/4221 4155/4223 4154/4222
f 4141/4209 4156/4224 4153/4221
f 4185/4253 4199/4267 4140/4208
f 2281/2280 2280/2279 2311/2310
f 2265/2264 2281/2280 2302/2301
f 2265/2264 2302/2301 2301/2300
f 4161/4229 4204/4272 4160/4228
f 4094/4162 4092/4160 4093/4161
f 2261/2260 2300/2299 2304/2303
f 4116/4184 4148/4216 4127/4195
f 4111/4179 4130/4198 4132/4200
f 2226/2225 2225/2224 2263/2262
f 3949/4017 4110/4178 4109/4177
f 4126/4194 3954/4022 4123/4191
f 4115/4183 3953/4021 3982/4050
f 2241/2240 2221/2220 2243/2242
f 2290/2289 2320/2319 2323/2322
f 4140/4208 4189/4257 4156/4224
f 2282/2281 2324/2323 2312/2311
f 2280/2279 2312/2311 2311/2310
f 2266/2265 2265/2264 2301/2300
f 2266/2265 2300/2299 2261/2260
f 4090/4158 4127/4195 4093/4161
f 4127/4195 4090/4158 4116/4184
f 4132/4200 4107/4175 4111/4179
f 3953/4021 4123/4191 3952/4020
f 4011/4079 4115/4183 3982/4050
f 2275/2274 2306/2305 2289/2288
f 2306/2305 2321/2320 2289/2288
f 2290/2289 2289/2288 2320/2319
f 2280/2279 2282/2281 2312/2311
f 4136/4204 4137/4205 4118/4186
f 4135/4203 4106/4174 4112/4180
f 2248/2247 2265/2264 2266/2265
f 4096/4164 4095/4163 4091/4159
f 2249/2248 2248/2247 2266/2265
f 2229/2228 2230/2229 2262/2261
f 2230/2229 2261/2260 2262/2261
f 4111/4179 4107/4175 3995/4063
f 2218/2217 2219/2218 2235/2234
f 2218/2217 2234/2233 2217/2216
f 3953/4021 3952/4020 3950/4018
f 2279/2278 2289/2288 2290/2289
f 4117/4185 4137/4205 4140/4208
f 2280/2279 2245/2244 2282/2281
f 4118/4186 4137/4205 4117/4185
f 4135/4203 4136/4204 4106/4174
f 4095/4163 4106/4174 4065/4133
f 4095/4163 4112/4180 4106/4174
f 3995/4063 4107/4175 4000/4068
f 3964/4032 3990/4058 3961/4029
f 2181/2180 2216/2215 2219/2218
f 2152/2151 2192/2191 2191/2190
f 3981/4049 3977/4045 3983/4051
f 2283/2282 2315/2314 2317/2316
f 2252/2251 2306/2305 2275/2274
f 2238/2237 2289/2288 2279/2278
f 4117/4185 4140/4208 4097/4165
f 2205/2204 2245/2244 2246/2245
f 2206/2205 2246/2245 2247/2246
f 4089/4157 4090/4158 4006/4074
f 2181/2180 2183/2182 2216/2215
f 3944/4012 3946/4014 3948/4016
f 2190/2189 2152/2151 2191/2190
f 4101/4169 4085/4153 4084/4152
f 4101/4169 4084/4152 4102/4170
f 4098/4166 4099/4167 4064/4132
f 4097/4165 4103/4171 4098/4166
f 4097/4165 4046/4114 4047/4115
f 3951/4019 3965/4033 3972/4040
f 2145/2144 2152/2151 2190/2189
f 3997/4065 3984/4052 3998/4066
f 2237/2236 2275/2274 2238/2237
f 2209/2208 2237/2236 2238/2237
f 4064/4132 4099/4167 4063/4131
f 4047/4115 4046/4114 4036/4104
f 4062/4130 4106/4174 4036/4104
f 2194/2193 2195/2194 2206/2205
f 2203/2202 2207/2206 2204/2203
f 4004/4072 4006/4074 4007/4075
f 2168/2167 2182/2181 2181/2180
f 2151/2150 2212/2211 2152/2151
f 3984/4052 3987/4055 3988/4056
f 4036/4104 4044/4112 4035/4103
f 4002/4070 4004/4072 3992/4060
f 2116/2115 2134/2133 2144/2143
f 2093/2092 2116/2115 2109/2108
f 2232/2231 2233/2232 2253/2252
f 4084/4152 4071/4139 4069/4137
f 2203/2202 2204/2203 2200/2199
f 4013/4081 4020/4088 4015/4083
f 2176/2175 2184/2183 2175/2174
f 3989/4057 3992/4060 3963/4031
f 2096/2095 2134/2133 2116/2115
f 2095/2094 2116/2115 2093/2092
f 2223/2222 2222/2221 2232/2231
f 4015/4083 4020/4088 4022/4090
f 4015/4083 4022/4090 4023/4091
f 2117/2116 2142/2141 2150/2149
f 2112/2111 2139/2138 2132/2131
f 2113/2112 2112/2111 2132/2131
f 2115/2114 2113/2112 2132/2131
f 2098/2097 2133/2132 2134/2133
f 2193/2192 2222/2221 2223/2222
f 2198/2197 2197/2196 2196/2195
f 4022/4090 4027/4095 4023/4091
f 2127/2126 2140/2139 2168/2167
f 3973/4041 3968/4036 4383/4451
f 4067/4135 3973/4041 4383/4451
f 2111/2110 2112/2111 2113/2112
f 4068/4136 4066/4134 4385/4453
f 2107/2106 2115/2114 2133/2132
f 2107/2106 2133/2132 2098/2097
f 2072/2071 2098/2097 2096/2095
f 2072/2071 2096/2095 2095/2094
f 4021/4089 4026/4094 4022/4090
f 2160/2159 2188/2187 2156/2155
f 3971/4039 3993/4061 4394/4462
f 2104/2103 2119/2118 2120/2119
f 2089/2088 2120/2119 2117/2116
f 2106/2105 2117/2116 2112/2111
f 2110/2109 2111/2110 2113/2112
f 2110/2109 2113/2112 2115/2114
f 2108/2107 2115/2114 2107/2106
f 2097/2096 2107/2106 2098/2097
f 2049/2048 2093/2092 2050/2049
f 2135/2134 2136/2135 2146/2145
f 4059/4127 4060/4128 4392/4460
f 2076/2075 2141/2140 2140/2139
f 2077/2076 2076/2075 2127/2126
f 2076/2075 2140/2139 2127/2126
f 4394/4462 3993/4061 4393/4461
f 2077/2076 2127/2126 2128/2127
f 2077/2076 2128/2127 2078/2077
f 2078/2077 2128/2127 2118/2117
f 2092/2091 2078/2077 2118/2117
f 2091/2090 2092/2091 2118/2117
f 2091/2090 2118/2117 2119/2118
f 4399/4467 3967/4035 4398/4466
f 2074/2073 2119/2118 2104/2103
f 2073/2072 2104/2103 2089/2088
f 4413/4481 3968/4036 3969/4037
f 2089/2088 2117/2116 2106/2105
f 2071/2070 2106/2105 2112/2111
f 2114/2113 2110/2109 2115/2114
f 2114/2113 2115/2114 2108/2107
f 2108/2107 2107/2106 2097/2096
f 1601/1600 1600/1599 2049/2048
f 1601/1600 2049/2048 2050/2049
f 2172/2171 2171/2170 2173/2172
f 4042/4110 4048/4116 4041/4109
f 4048/4116 4049/4117 4041/4109
f 2099/2098 2100/2099 2136/2135
f 4060/4128 4061/4129 4403/4471
f 2099/2098 2135/2134 2103/2102
f 2055/2054 2077/2076 2078/2077
f 2092/2091 2055/2054 2078/2077
f 2073/2072 2074/2073 2104/2103
f 3969/4037 4445/4513 4446/4514
f 2056/2055 2073/2072 2089/2088
f 4413/4481 3969/4037 4446/4514
f 2071/2070 2089/2088 2106/2105
f 2056/2055 2089/2088 2071/2070
f 2065/2064 2071/2070 2111/2110
f 2071/2070 2112/2111 2111/2110
f 2048/2047 1610/1609 2072/2071
f 1610/1609 2097/2096 2072/2071
f 1595/1594 1600/1599 1601/1600
f 1594/1593 1595/1594 1601/1600
f 4073/4141 4076/4144 4077/4145
f 4073/4141 4077/4145 4072/4140
f 4041/4109 4049/4117 4057/4125
f 4041/4109 4057/4125 4058/4126
f 4040/4108 4041/4109 4058/4126
f 4027/4095 4028/4096 4032/4100
f 2102/2101 2101/2100 2137/2136
f 2102/2101 2138/2137 2100/2099
f 2064/2063 2100/2099 2099/2098
f 2075/2074 2099/2098 2103/2102
f 2075/2074 2103/2102 2076/2075
f 2052/2051 2075/2074 2076/2075
f 2052/2051 2076/2075 2077/2076
f 4394/4462 4420/4488 4431/4499
f 2053/2052 2077/2076 2055/2054
f 2055/2054 2092/2091 2091/2090
f 4400/4468 4398/4466 4401/4469
f 2074/2073 1607/1606 2091/2090
f 2073/2072 1607/1606 2074/2073
f 1606/1605 2073/2072 2056/2055
f 4473/4541 4413/4481 4446/4514
f 2065/2064 2111/2110 2110/2109
f 2045/2044 2110/2109 2114/2113
f 2044/2043 2114/2113 2108/2107
f 1610/1609 2044/2043 2097/2096
f 1600/1599 1610/1609 2048/2047
f 2131/2130 2161/2160 2162/2161
f 2161/2160 2172/2171 2162/2161
f 4072/4140 4386/4454 4054/4122
f 2086/2085 2126/2125 2125/2124
f 4048/4116 4055/4123 4049/4117
f 2088/2087 2125/2124 2122/2121
f 2088/2087 2122/2121 2087/2086
f 2070/2069 2069/2068 2087/2086
f 2105/2104 2070/2069 2121/2120
f 2090/2089 2123/2122 2101/2100
f 2066/2065 2101/2100 2102/2101
f 2094/2093 2066/2065 2102/2101
f 4031/4099 4032/4100 4408/4476
f 2043/2042 2094/2093 2064/2063
f 2054/2053 2064/2063 2099/2098
f 2052/2051 2054/2053 2075/2074
f 2053/2052 2052/2051 2077/2076
f 1603/1602 2053/2052 2055/2054
f 1603/1602 2055/2054 2091/2090
f 1603/1602 2091/2090 1607/1606
f 4466/4534 4401/4469 4443/4511
f 4423/4491 4401/4469 4466/4534
f 1606/1605 1607/1606 2073/2072
f 4473/4541 4446/4514 4467/4535
f 4439/4507 4440/4508 4497/4565
f 1585/1584 2056/2055 2071/2070
f 1584/1583 1585/1584 2065/2064
f 1585/1584 2071/2070 2065/2064
f 1584/1583 2065/2064 2045/2044
f 1549/1548 1584/1583 2045/2044
f 2044/2043 2045/2044 2114/2113
f 1549/1548 2045/2044 2044/2043
f 4481/4549 4489/4557 4503/4571
f 1537/1536 2044/2043 1610/1609
f 1533/1532 1537/1536 1610/1609
f 1596/1595 1533/1532 1600/1599
f 1534/1533 1596/1595 1595/1594
f 1596/1595 1600/1599 1595/1594
f 1536/1535 1595/1594 1593/1592
f 4076/4144 4081/4149 4082/4150
f 2069/2068 2088/2087 2087/2086
f 2059/2058 2069/2068 2070/2069
f 4397/4465 4038/4106 4058/4126
f 2059/2058 2070/2069 2105/2104
f 2090/2089 2105/2104 2121/2120
f 4033/4101 4034/4102 4402/4470
f 2042/2041 2043/2042 2064/2063
f 1605/1604 2042/2041 2064/2063
f 1604/1603 1605/1604 2054/2053
f 2052/2051 1604/1603 2054/2053
f 1602/1601 2053/2052 1603/1602
f 1597/1596 1603/1602 1607/1606
f 4492/4560 4423/4491 4466/4534
f 1597/1596 1607/1606 1606/1605
f 1599/1598 1597/1596 1606/1605
f 1599/1598 1606/1605 1585/1584
f 1606/1605 2056/2055 1585/1584
f 1582/1581 1585/1584 1584/1583
f 1583/1582 1582/1581 1584/1583
f 1583/1582 1584/1583 1549/1548
f 1549/1548 2044/2043 1537/1536
f 4485/4553 4503/4571 4504/4572
f 1534/1533 1533/1532 1596/1595
f 1534/1533 1595/1594 1536/1535
f 4525/4593 4573/4641 4526/4594
f 2085/2084 2130/2129 2131/2130
f 2083/2082 2085/2084 2086/2085
f 4386/4454 4082/4150 4387/4455
f 4386/4454 4388/4456 4390/4458
f 2081/2080 2083/2082 2086/2085
f 2081/2080 2086/2085 2088/2087
f 2068/2067 2088/2087 2069/2068
f 2058/2057 2069/2068 2059/2058
f 2060/2059 2059/2058 2105/2104
f 2060/2059 2105/2104 2090/2089
f 4402/4470 4034/4102 4409/4477
f 2047/2046 2090/2089 2066/2065
f 2043/2042 2047/2046 2066/2065
f 2066/2065 2094/2093 2043/2042
f 1561/1560 1605/1604 1604/1603
f 1602/1601 1604/1603 2052/2051
f 1598/1597 1602/1601 1603/1602
f 1597/1596 1598/1597 1603/1602
f 4466/4534 4538/4606 4516/4584
f 4516/4584 4492/4560 4466/4534
f 1586/1585 1587/1586 1597/1596
f 1586/1585 1597/1596 1599/1598
f 4490/4558 4498/4566 4559/4627
f 4498/4566 4561/4629 4559/4627
f 1582/1581 1599/1598 1585/1584
f 4503/4571 4488/4556 4490/4558
f 1531/1530 1583/1582 1549/1548
f 1531/1530 1549/1548 1532/1531
f 1535/1534 1527/1526 1534/1533
f 1501/1500 1535/1534 1536/1535
f 4526/4594 4573/4641 4572/4640
f 2080/2079 2130/2129 2085/2084
f 4387/4455 4082/4150 4081/4149
f 2082/2081 2083/2082 2081/2080
f 2081/2080 2088/2087 2068/2067
f 2067/2066 2081/2080 2068/2067
f 2058/2057 2068/2067 2069/2068
f 2051/2050 2058/2057 2059/2058
f 2046/2045 2059/2058 2060/2059
f 2046/2045 2060/2059 2047/2046
f 2060/2059 2090/2089 2047/2046
f 2041/2040 2046/2045 2047/2046
f 2041/2040 2047/2046 2043/2042
f 4406/4474 4408/4476 4430/4498
f 1563/1562 2041/2040 2043/2042
f 1562/1561 1563/1562 2042/2041
f 1563/1562 2043/2042 2042/2041
f 1605/1604 1562/1561 2042/2041
f 1554/1553 1561/1560 1604/1603
f 1590/1589 1554/1553 1604/1603
f 1590/1589 1604/1603 1602/1601
f 1589/1588 1590/1589 1602/1601
f 1589/1588 1602/1601 1598/1597
f 1588/1587 1589/1588 1598/1597
f 1529/1528 1587/1586 1586/1585
f 1582/1581 1529/1528 1586/1585
f 1582/1581 1586/1585 1599/1598
f 4546/4614 4559/4627 4560/4628
f 1528/1527 1582/1581 1583/1582
f 1528/1527 1583/1582 1531/1530
f 4546/4614 4558/4626 4547/4615
f 4504/4572 4577/4645 4573/4641
f 1517/1516 1501/1500 1536/1535
f 4396/4464 4083/4151 4412/4480
f 2084/2083 2085/2084 2083/2082
f 2082/2081 2084/2083 2083/2082
f 4388/4456 4387/4455 4389/4457
f 2067/2066 2082/2081 2081/2080
f 2058/2057 2067/2066 2068/2067
f 4426/4494 4414/4482 4427/4495
f 4416/4484 4415/4483 4428/4496
f 1578/1577 2058/2057 2051/2050
f 2051/2050 2059/2058 2046/2045
f 4430/4498 4409/4477 4441/4509
f 1565/1564 2046/2045 2041/2040
f 1565/1564 2041/2040 1563/1562
f 1561/1560 1562/1561 1605/1604
f 4500/4568 4499/4567 4541/4609
f 1555/1554 1554/1553 1590/1589
f 4527/4595 4551/4619 4528/4596
f 1555/1554 1590/1589 1589/1588
f 1547/1546 1555/1554 1589/1588
f 4521/4589 4462/4530 4528/4596
f 4462/4530 4527/4595 4528/4596
f 1548/1547 1547/1546 1589/1588
f 1548/1547 1589/1588 1588/1587
f 1546/1545 1548/1547 1588/1587
f 4522/4590 4521/4589 4537/4605
f 1528/1527 1529/1528 1582/1581
f 1496/1495 1528/1527 1526/1525
f 1526/1525 1528/1527 1531/1530
f 1508/1507 1526/1525 1500/1499
f 1501/1500 1500/1499 1535/1534
f 4585/4653 4573/4641 4586/4654
f 2079/2078 2080/2079 2084/2083
f 2063/2062 2082/2081 2067/2066
f 4427/4495 4414/4482 4425/4493
f 1577/1576 2067/2066 2058/2057
f 1578/1577 1577/1576 2058/2057
f 2057/2056 1578/1577 2051/2050
f 4441/4509 4416/4484 4442/4510
f 1566/1565 2051/2050 2046/2045
f 4465/4533 4441/4509 4470/4538
f 1566/1565 2046/2045 1565/1564
f 1564/1563 1565/1564 1563/1562
f 1560/1559 1564/1563 1563/1562
f 1560/1559 1563/1562 1562/1561
f 1561/1560 1560/1559 1562/1561
f 1559/1558 1560/1559 1561/1560
f 1559/1558 1561/1560 1554/1553
f 1553/1552 1544/1543 1554/1553
f 1553/1552 1554/1553 1555/1554
f 1530/1529 1546/1545 1587/1586
f 4564/4632 4539/4607 4563/4631
f 4599/4667 4540/4608 4564/4632
f 4561/4629 4599/4667 4596/4664
f 1506/1505 1530/1529 1529/1528
f 4561/4629 4596/4664 4595/4663
f 1491/1490 1506/1505 1511/1510
f 4560/4628 4595/4663 4591/4659
f 1508/1507 1499/1498 1526/1525
f 4558/4626 4578/4646 4571/4639
f 1260/1259 1508/1507 1500/1499
f 1260/1259 1500/1499 1495/1494
f 4571/4639 4579/4647 4607/4675
f 1246/1245 1501/1500 1517/1516
f 2061/2060 2079/2078 2084/2083
f 2061/2060 2084/2083 2082/2081
f 4457/4525 4389/4457 4456/4524
f 2063/2062 2061/2060 2082/2081
f 4421/4489 4422/4490 4453/4521
f 1577/1576 2063/2062 2067/2066
f 4425/4493 4453/4521 4454/4522
f 4470/4538 4442/4510 4493/4561
f 1566/1565 2057/2056 2051/2050
f 1564/1563 1566/1565 1565/1564
f 1542/1541 1564/1563 1560/1559
f 1541/1540 1542/1541 1560/1559
f 1541/1540 1560/1559 1559/1558
f 1544/1543 1559/1558 1554/1553
f 1556/1555 1544/1543 1553/1552
f 1547/1546 1553/1552 1555/1554
f 4528/4596 4551/4619 4549/4617
f 1514/1513 1538/1537 1548/1547
f 1538/1537 1547/1546 1548/1547
f 1514/1513 1548/1547 1546/1545
f 4537/4605 4549/4617 4550/4618
f 1512/1511 1514/1513 1546/1545
f 4563/4631 4537/4605 4550/4618
f 1507/1506 1512/1511 1546/1545
f 1505/1504 1530/1529 1506/1505
f 1099/1098 1506/1505 1491/1490
f 1119/1118 1491/1490 1496/1495
f 1119/1118 1496/1495 1499/1498
f 4578/4646 4591/4659 4598/4666
f 4578/4646 4598/4666 4626/4694
f 1487/1486 1499/1498 1508/1507
f 1487/1486 1508/1507 1260/1259
f 1247/1246 1260/1259 1495/1494
f 1247/1246 1495/1494 1246/1245
f 2062/2061 2079/2078 2061/2060
f 4452/4520 4389/4457 4457/4525
f 1575/1574 2061/2060 2063/2062
f 1576/1575 1575/1574 2063/2062
f 1576/1575 2063/2062 1577/1576
f 1571/1570 1576/1575 1577/1576
f 1569/1568 1571/1570 1577/1576
f 1569/1568 1577/1576 1578/1577
f 1569/1568 1578/1577 2057/2056
f 4515/4583 4493/4561 4513/4581
f 1567/1566 1566/1565 1564/1563
f 1539/1538 1557/1556 1542/1541
f 4518/4586 4543/4611 4523/4591
f 1544/1543 1541/1540 1559/1558
f 1515/1514 1556/1555 1553/1552
f 1111/1110 1514/1513 1512/1511
f 1112/1111 1111/1110 1512/1511
f 4563/4631 4550/4618 4565/4633
f 1102/1101 1512/1511 1507/1506
f 4565/4633 4601/4669 4599/4667
f 4599/4667 4601/4669 4602/4670
f 1505/1504 1506/1505 1099/1098
f 4595/4663 4596/4664 4597/4665
f 1098/1097 1491/1490 1119/1118
f 4595/4663 4597/4665 4598/4666
f 4598/4666 4591/4659 4595/4663
f 1486/1485 1488/1487 1499/1498
f 1488/1487 1119/1118 1499/1498
f 1486/1485 1499/1498 1487/1486
f 1261/1260 1487/1486 1260/1259
f 1261/1260 1260/1259 1259/1258
f 1240/1239 1247/1246 1239/1238
f 1244/1243 1239/1238 1245/1244
f 1608/1607 2062/2061 2061/2060
f 1572/1571 1575/1574 1576/1575
f 1572/1571 1576/1575 1571/1570
f 1570/1569 1572/1571 1571/1570
f 1568/1567 1570/1569 1569/1568
f 1570/1569 1571/1570 1569/1568
f 1566/1565 1569/1568 2057/2056
f 1567/1566 1568/1567 1566/1565
f 1568/1567 1569/1568 1566/1565
f 1557/1556 1567/1566 1564/1563
f 4517/4585 4508/4576 4519/4587
f 1540/1539 1539/1538 1542/1541
f 1541/1540 1540/1539 1542/1541
f 1543/1542 1540/1539 1541/1540
f 4543/4611 4583/4651 4544/4612
f 1545/1544 1543/1542 1544/1543
f 1545/1544 1544/1543 1556/1555
f 1515/1514 1516/1515 1556/1555
f 4551/4619 4562/4630 4576/4644
f 1513/1512 1538/1537 1514/1513
f 4580/4648 4594/4662 4581/4649
f 1111/1110 1513/1512 1514/1513
f 4581/4649 4604/4672 4565/4633
f 4565/4633 4604/4672 4601/4669
f 1113/1112 1112/1111 1512/1511
f 1100/1099 1102/1101 1507/1506
f 1100/1099 1507/1506 1505/1504
f 4602/4670 4601/4669 4603/4671
f 4596/4664 4602/4670 4603/4671
f 4596/4664 4603/4671 4597/4665
f 1117/1116 1098/1097 1119/1118
f 1114/1113 1098/1097 1117/1116
f 1117/1116 1488/1487 1486/1485
f 1229/1228 1117/1116 1486/1485
f 1229/1228 1486/1485 1487/1486
f 1228/1227 1261/1260 1259/1258
f 1241/1240 1228/1227 1259/1258
f 4677/4745 4723/4791 4724/4792
f 1237/1236 1236/1235 1239/1238
f 1236/1235 1240/1239 1239/1238
f 1244/1243 1237/1236 1239/1238
f 1609/1608 2062/2061 1608/1607
f 1572/1571 1574/1573 1575/1574
f 1573/1572 1574/1573 1572/1571
f 1579/1578 1570/1569 1568/1567
f 4494/4562 4429/4497 4509/4577
f 1581/1580 1568/1567 1567/1566
f 1558/1557 1581/1580 1567/1566
f 4554/4622 4520/4588 4555/4623
f 4519/4587 4554/4622 4553/4621
f 1558/1557 1567/1566 1557/1556
f 1539/1538 1525/1524 1557/1556
f 1504/1503 1539/1538 1540/1539
f 1509/1508 1504/1503 1540/1539
f 1509/1508 1540/1539 1543/1542
f 1510/1509 1509/1508 1543/1542
f 1110/1109 1497/1496 1515/1514
f 1497/1496 1516/1515 1515/1514
f 4580/4648 4576/4644 4594/4662
f 4576/4644 4610/4678 4594/4662
f 1111/1110 1110/1109 1513/1512
f 1110/1109 1515/1514 1513/1512
f 4581/4649 4594/4662 4604/4672
f 4621/4689 4601/4669 4604/4672
f 1092/1091 1093/1092 1100/1099
f 1093/1092 1102/1101 1100/1099
f 1092/1091 1100/1099 1096/1095
f 1097/1096 1096/1095 1098/1097
f 4597/4665 4603/4671 4625/4693
f 1097/1096 1098/1097 1114/1113
f 4627/4695 4597/4665 4625/4693
f 1115/1114 1097/1096 1114/1113
f 1115/1114 1114/1113 1117/1116
f 1116/1115 1115/1114 1117/1116
f 1226/1225 1227/1226 1228/1227
f 1227/1226 1229/1228 1228/1227
f 1230/1229 1226/1225 1228/1227
f 1230/1229 1228/1227 1241/1240
f 1232/1231 1236/1235 1237/1236
f 1238/1237 1232/1231 1237/1236
f 1242/1241 1238/1237 1237/1236
f 4726/4794 4725/4793 4728/4796
f 1580/1579 1608/1607 1575/1574
f 1574/1573 1580/1579 1575/1574
f 1570/1569 1573/1572 1572/1571
f 1581/1580 1521/1520 1568/1567
f 4554/4622 4557/4625 4593/4661
f 1525/1524 1558/1557 1557/1556
f 1504/1503 1503/1502 1539/1538
f 1503/1502 1525/1524 1539/1538
f 4583/4651 4584/4652 4587/4655
f 4583/4651 4587/4655 4588/4656
f 1258/1257 1492/1491 1510/1509
f 1498/1497 1510/1509 1545/1544
f 1497/1496 1498/1497 1516/1515
f 4576/4644 4609/4677 4610/4678
f 4594/4662 4631/4699 4622/4690
f 4604/4672 4594/4662 4622/4690
f 1089/1088 1090/1089 1113/1112
f 1093/1092 1113/1112 1102/1101
f 1089/1088 1113/1112 1093/1092
f 1091/1090 1089/1088 1092/1091
f 1089/1088 1093/1092 1092/1091
f 1096/1095 1091/1090 1092/1091
f 1094/1093 1091/1090 1096/1095
f 4676/4744 4686/4754 4688/4756
f 4689/4757 4676/4744 4688/4756
f 1118/1117 1116/1115 1227/1226
f 1118/1117 1227/1226 1226/1225
f 1126/1125 1118/1117 1226/1225
f 4697/4765 4712/4780 4700/4768
f 1231/1230 1226/1225 1230/1229
f 1231/1230 1230/1229 1232/1231
f 1233/1232 1231/1230 1232/1231
f 1233/1232 1232/1231 1238/1237
f 1248/1247 1233/1232 1238/1237
f 1249/1248 1238/1237 1242/1241
f 1592/1591 1609/1608 1608/1607
f 1580/1579 1592/1591 1608/1607
f 1579/1578 1573/1572 1570/1569
f 4533/4601 4509/4577 4512/4580
f 1524/1523 1521/1520 1581/1580
f 1524/1523 1581/1580 1558/1557
f 1158/1157 1524/1523 1525/1524
f 1502/1501 1503/1502 1504/1503
f 1163/1162 1502/1501 1504/1503
f 1163/1162 1504/1503 1494/1493
f 4587/4655 4589/4657 4588/4656
f 1167/1166 1494/1493 1493/1492
f 4588/4656 4654/4722 4590/4658
f 1167/1166 1493/1492 1492/1491
f 4609/4677 4608/4676 4646/4714
f 4609/4677 4646/4714 4623/4691
f 1497/1496 1258/1257 1498/1497
f 4610/4678 4619/4687 4620/4688
f 1121/1120 1497/1496 1110/1109
f 1104/1103 1121/1120 1110/1109
f 4594/4662 4610/4678 4630/4698
f 4610/4678 4620/4688 4630/4698
f 1105/1104 1104/1103 1110/1109
f 1103/1102 1105/1104 1090/1089
f 1088/1087 1103/1102 1090/1089
f 1086/1085 1089/1088 1091/1090
f 1101/1100 1094/1093 1097/1096
f 4688/4756 4715/4783 4714/4782
f 1101/1100 1115/1114 1116/1115
f 1126/1125 1101/1100 1118/1117
f 1101/1100 1116/1115 1118/1117
f 1127/1126 1101/1100 1126/1125
f 1234/1233 1217/1216 1231/1230
f 4721/4789 4754/4822 4731/4799
f 1253/1252 1234/1233 1233/1232
f 1248/1247 1238/1237 1249/1248
f 1579/1578 1552/1551 1573/1572
f 1522/1521 1552/1551 1579/1578
f 1520/1519 1522/1521 1521/1520
f 4569/4637 4536/4604 4535/4603
f 1159/1158 1161/1160 1521/1520
f 1159/1158 1521/1520 1524/1523
f 4556/4624 4536/4604 4592/4660
f 1158/1157 1159/1158 1524/1523
f 1157/1156 1158/1157 1503/1502
f 1502/1501 1157/1156 1503/1502
f 4614/4682 4617/4685 4616/4684
f 1166/1165 1163/1162 1494/1493
f 4588/4656 4589/4657 4654/4722
f 1166/1165 1494/1493 1167/1166
f 4590/4658 4668/4736 4647/4715
f 1130/1129 1492/1491 1258/1257
f 1130/1129 1258/1257 1121/1120
f 1120/1119 1130/1129 1121/1120
f 1120/1119 1121/1120 1104/1103
f 1106/1105 1120/1119 1104/1103
f 4630/4698 4620/4688 4664/4732
f 4620/4688 4663/4731 4664/4732
f 1106/1105 1104/1103 1103/1102
f 1083/1082 1106/1105 1103/1102
f 4631/4699 4630/4698 4669/4737
f 4630/4698 4664/4732 4669/4737
f 4671/4739 4655/4723 4670/4738
f 1084/1083 1083/1082 1088/1087
f 1084/1083 1088/1087 1089/1088
f 1084/1083 1089/1088 1086/1085
f 1094/1093 1086/1085 1091/1090
f 1095/1094 1086/1085 1094/1093
f 1095/1094 1094/1093 1101/1100
f 4715/4783 4745/4813 4771/4839
f 4713/4781 4714/4782 4753/4821
f 4714/4782 4760/4828 4753/4821
f 1216/1215 1127/1126 1126/1125
f 4713/4781 4753/4821 4752/4820
f 1216/1215 1126/1125 1217/1216
f 4754/4822 4752/4820 4761/4829
f 1287/1286 1234/1233 1253/1252
f 4762/4830 4729/4797 4761/4829
f 4729/4797 4731/4799 4761/4829
f 1248/1247 1253/1252 1233/1232
f 4730/4798 4762/4830 4782/4850
f 1290/1289 1289/1288 1251/1250
f 4782/4850 4748/4816 4730/4798
f 1272/1271 1251/1250 1250/1249
f 1292/1291 1290/1289 1272/1271
f 1591/1590 1592/1591 1580/1579
f 4529/4597 4531/4599 4532/4600
f 1551/1550 1580/1579 1574/1573
f 1552/1551 1551/1550 1574/1573
f 4533/4601 4545/4613 4570/4638
f 1165/1164 1522/1521 1520/1519
f 4568/4636 4570/4638 4611/4679
f 1160/1159 1161/1160 1159/1158
f 4569/4637 4612/4680 4592/4660
f 1156/1155 1160/1159 1159/1158
f 4592/4660 4612/4680 4618/4686
f 1157/1156 1156/1155 1158/1157
f 4614/4682 4616/4684 4615/4683
f 4589/4657 4629/4697 4645/4713
f 1131/1130 1166/1165 1167/1166
f 1120/1119 1131/1130 1130/1129
f 4623/4691 4662/4730 4649/4717
f 4649/4717 4619/4687 4623/4691
f 1123/1122 1132/1131 1120/1119
f 4620/4688 4619/4687 4649/4717
f 1122/1121 1123/1122 1120/1119
f 4664/4732 4663/4731 4684/4752
f 1082/1081 1106/1105 1083/1082
f 4696/4764 4695/4763 4743/4811
f 4741/4809 4671/4739 4696/4764
f 4687/4755 4741/4809 4742/4810
f 1085/1084 1082/1081 1084/1083
f 1087/1086 1085/1084 1086/1085
f 1085/1084 1084/1083 1086/1085
f 1129/1128 1087/1086 1095/1094
f 4716/4784 4742/4810 4744/4812
f 4745/4813 4744/4812 4772/4840
f 4745/4813 4772/4840 4771/4839
f 1216/1215 1218/1217 1127/1126
f 1219/1218 1218/1217 1216/1215
f 1217/1216 1219/1218 1216/1215
f 4753/4821 4773/4841 4752/4820
f 1291/1290 1219/1218 1234/1233
f 1329/1328 1291/1290 1287/1286
f 4762/4830 4761/4829 4816/4884
f 1287/1286 1253/1252 1248/1247
f 1288/1287 1251/1250 1289/1288
f 1295/1294 1288/1287 1289/1288
f 1293/1292 1295/1294 1290/1289
f 1551/1550 1550/1549 1591/1590
f 1519/1518 1550/1549 1551/1550
f 1523/1522 1551/1550 1552/1551
f 1256/1255 1523/1522 1522/1521
f 1174/1173 1256/1255 1165/1164
f 1162/1161 1165/1164 1161/1160
f 4611/4679 4635/4703 4612/4680
f 1162/1161 1161/1160 1160/1159
f 4618/4686 4612/4680 4637/4705
f 1136/1135 1148/1147 1157/1156
f 4616/4684 4617/4685 4628/4696
f 4617/4685 4648/4716 4628/4696
f 1136/1135 1157/1156 1163/1162
f 1134/1133 1163/1162 1166/1165
f 4654/4722 4645/4713 4666/4734
f 4645/4713 4667/4735 4666/4734
f 4662/4730 4647/4715 4678/4746
f 1132/1131 1131/1130 1120/1119
f 1123/1122 1140/1139 1132/1131
f 1189/1188 1140/1139 1123/1122
f 1122/1121 1189/1188 1123/1122
f 1190/1189 1189/1188 1122/1121
f 1108/1107 1122/1121 1106/1105
f 1107/1106 1108/1107 1106/1105
f 1107/1106 1106/1105 1082/1081
f 4719/4787 4743/4811 4695/4763
f 4743/4811 4719/4787 4747/4815
f 4746/4814 4741/4809 4743/4811
f 1215/1214 1082/1081 1085/1084
f 1235/1234 1215/1214 1085/1084
f 1235/1234 1085/1084 1129/1128
f 1220/1219 1129/1128 1128/1127
f 1218/1217 1220/1219 1128/1127
f 1276/1275 1220/1219 1218/1217
f 1277/1276 1276/1275 1218/1217
f 4772/4840 4792/4860 4793/4861
f 4760/4828 4793/4861 4795/4863
f 1273/1272 1277/1276 1218/1217
f 1273/1272 1218/1217 1219/1218
f 4816/4884 4817/4885 4866/4943
f 1314/1313 1291/1290 1329/1328
f 1346/1345 1331/1330 1330/1329
f 4867/4944 2030/4978 2020/4946
f 1332/1331 1287/1286 1288/1287
f 2018/2017 2020/2019 2019/2018
f 2020/2019 2021/2020 2019/2018
f 1339/1338 1288/1287 1295/1294
f 1365/1364 1339/1338 1295/1294
f 4859/4929 2018/4947 2016/4948
f 1377/1376 1293/1292 1358/1357
f 1425/1424 1426/1425 1359/1358
f 4859/4929 2016/4948 2001/4973
f 1257/1256 1518/1517 1519/1518
f 4566/4634 4532/4600 4567/4635
f 1257/1256 1519/1518 1523/1522
f 4570/4638 4566/4634 4606/4674
f 1164/1163 1174/1173 1165/1164
f 4611/4679 4634/4702 4635/4703
f 4636/4704 4639/4707 4637/4705
f 1147/1146 1155/1154 1156/1155
f 1147/1146 1156/1155 1148/1147
f 1143/1142 1147/1146 1148/1147
f 4617/4685 4644/4712 4637/4705
f 1143/1142 1148/1147 1136/1135
f 1135/1134 1143/1142 1136/1135
f 1135/1134 1136/1135 1134/1133
f 1137/1136 1135/1134 1134/1133
f 1137/1136 1134/1133 1133/1132
f 1133/1132 1131/1130 1132/1131
f 1140/1139 1133/1132 1132/1131
f 4681/4749 4682/4750 4720/4788
f 1191/1190 1189/1188 1190/1189
f 1108/1107 1190/1189 1122/1121
f 4683/4751 4720/4788 4717/4785
f 1124/1123 1108/1107 1107/1106
f 4717/4785 4684/4752 4683/4751
f 4719/4787 4718/4786 4750/4818
f 1109/1108 1107/1106 1082/1081
f 1125/1124 1109/1108 1082/1081
f 1214/1213 1109/1108 1125/1124
f 4747/4815 4750/4818 4788/4856
f 1214/1213 1125/1124 1215/1214
f 1270/1269 1214/1213 1215/1214
f 1270/1269 1215/1214 1271/1270
f 1310/1309 1271/1270 1235/1234
f 1310/1309 1235/1234 1275/1274
f 1275/1274 1235/1234 1220/1219
f 1275/1274 1220/1219 1276/1275
f 1321/1320 1274/1273 1276/1275
f 4792/4860 4836/4904 4850/4918
f 4792/4860 4850/4918 4848/4916
f 4848/4916 4793/4861 4792/4860
f 1321/1320 1276/1275 1277/1276
f 1320/1319 1277/1276 1273/1272
f 1314/1313 1320/1319 1273/1272
f 1314/1313 1273/1272 1291/1290
f 1376/1375 1320/1319 1314/1313
f 1314/1313 1330/1329 1331/1330
f 1346/1345 1376/1375 1331/1330
f 1332/1331 1346/1345 1330/1329
f 1379/1378 1332/1331 1333/1332
f 1401/1400 1385/1384 1379/1378
f 2030/2029 2009/2008 2021/2020
f 1384/1383 1379/1378 1339/1338
f 1379/1378 1333/1332 1339/1338
f 1444/1443 1401/1400 1384/1383
f 2021/2020 2009/2008 2010/2009
f 2019/2018 2021/2020 2010/2009
f 1384/1383 1339/1338 1365/1364
f 1377/1376 1384/1383 1365/1364
f 1426/1425 1444/1443 1384/1383
f 1427/1426 1444/1443 1426/1425
f 2019/2018 2010/2009 2017/2016
f 1426/1425 1384/1383 1377/1376
f 2016/2015 2019/2018 2017/2016
f 1424/1423 1427/1426 1425/1424
f 1266/1265 1518/1517 1257/1256
f 4567/4635 4605/4673 4606/4674
f 4636/4704 4638/4706 4639/4707
f 1146/1145 1155/1154 1147/1146
f 1143/1142 1146/1145 1147/1146
f 4637/4705 4693/4761 4691/4759
f 1141/1140 1142/1141 1143/1142
f 4648/4716 4637/4705 4691/4759
f 1141/1140 1143/1142 1135/1134
f 1145/1144 1141/1140 1135/1134
f 1145/1144 1135/1134 1137/1136
f 4701/4769 4704/4772 4735/4803
f 1138/1137 1145/1144 1137/1136
f 1138/1137 1137/1136 1133/1132
f 1139/1138 1133/1132 1140/1139
f 1188/1187 1139/1138 1140/1139
f 1188/1187 1140/1139 1189/1188
f 4682/4750 4733/4801 4720/4788
f 1188/1187 1189/1188 1191/1190
f 4717/4785 4764/4832 4763/4831
f 1192/1191 1190/1189 1124/1123
f 1192/1191 1109/1108 1214/1213
f 1252/1251 1192/1191 1214/1213
f 1269/1268 1268/1267 1214/1213
f 4788/4856 4784/4852 4789/4857
f 1307/1306 1269/1268 1270/1269
f 4791/4859 4807/4875 4833/4901
f 1311/1310 1275/1274 1274/1273
f 4850/4918 4851/4920 4868/4949
f 1369/1368 1323/1322 1321/1320
f 1389/1388 1368/1367 1369/1368
f 1397/1396 1369/1368 1320/1319
f 1369/1368 1321/1320 1320/1319
f 1435/1434 1369/1368 1397/1396
f 2028/2027 2007/2006 2005/2004
f 1415/1414 1376/1375 1402/1401
f 1402/1401 1346/1345 1398/1397
f 1400/1399 1402/1401 1398/1397
f 2006/2005 2005/2004 1990/1989
f 2005/2004 1988/1987 1990/1989
f 1400/1399 1398/1397 1385/1384
f 1440/1439 1400/1399 1399/1398
f 1441/1440 1440/1439 1399/1398
f 1990/1989 1924/1923 1963/1962
f 2009/2008 1990/1989 1963/1962
f 1399/1398 1385/1384 1401/1400
f 1479/1478 1440/1439 1441/1440
f 1441/1440 1401/1400 1444/1443
f 2010/2009 1963/1962 1964/1963
f 1632/1631 1479/1478 1477/1476
f 1478/1477 1632/1631 1477/1476
f 1965/1964 1964/1963 1947/1946
f 1946/1945 1947/1946 1898/1897
f 1965/1964 1947/1946 1946/1945
f 1681/1680 1632/1631 1639/1638
f 4606/4674 4633/4701 4660/4728
f 1175/1174 1176/1175 1255/1254
f 1153/1152 1168/1167 1164/1163
f 1153/1152 1164/1163 1155/1154
f 1146/1145 1153/1152 1155/1154
f 1142/1141 1146/1145 1143/1142
f 4735/4803 4736/4804 4739/4807
f 1180/1179 1145/1144 1138/1137
f 1181/1180 1180/1179 1138/1137
f 1139/1138 1138/1137 1133/1132
f 1181/1180 1138/1137 1139/1138
f 4734/4802 4735/4803 4767/4835
f 1213/1212 1206/1205 1188/1187
f 1206/1205 1139/1138 1188/1187
f 1213/1212 1188/1187 1191/1190
f 1264/1263 1263/1262 1190/1189
f 1264/1263 1190/1189 1192/1191
f 1252/1251 1264/1263 1192/1191
f 1268/1267 1264/1263 1252/1251
f 1252/1251 1214/1213 1268/1267
f 4833/4901 4825/4893 4834/4902
f 1340/1339 1341/1340 1311/1310
f 1341/1340 1307/1306 1311/1310
f 1322/1321 1340/1339 1311/1310
f 4833/4901 4834/4902 2012/4919
f 1322/1321 1311/1310 1323/1322
f 1383/1382 1322/1321 1368/1367
f 1432/1431 1369/1368 1435/1434
f 1443/1442 1432/1431 1435/1434
f 2007/2006 1989/1988 1988/1987
f 1443/1442 1435/1434 1455/1454
f 1988/1987 1989/1988 1948/1947
f 1438/1437 1435/1434 1415/1414
f 1472/1471 1455/1454 1438/1437
f 1472/1471 1438/1437 1439/1438
f 1627/1626 1472/1471 1439/1438
f 1924/1923 1907/1906 1922/1921
f 1907/1906 1884/1883 1909/1908
f 1922/1921 1907/1906 1909/1908
f 1479/1478 1628/1627 1440/1439
f 1681/1680 1682/1681 1656/1655
f 1922/1921 1909/1908 1886/1885
f 1632/1631 1628/1627 1479/1478
f 1720/1719 1682/1681 1681/1680
f 1922/1921 1886/1885 1927/1926
f 1885/1884 1866/1865 1815/1814
f 1886/1885 1866/1865 1885/1884
f 1927/1926 1886/1885 1885/1884
f 1814/1813 1803/1802 1773/1772
f 1815/1814 1803/1802 1814/1813
f 1856/1855 1815/1814 1814/1813
f 1885/1884 1815/1814 1856/1855
f 1814/1813 1773/1772 1772/1771
f 1898/1897 1885/1884 1856/1855
f 1171/1170 1173/1172 1175/1174
f 1171/1170 1175/1174 1174/1173
f 1169/1168 1171/1170 1168/1167
f 1151/1150 1153/1152 1146/1145
f 1151/1150 1146/1145 1142/1141
f 1144/1143 1151/1150 1142/1141
f 1144/1143 1142/1141 1141/1140
f 4674/4742 4703/4771 4692/4760
f 4703/4771 4674/4742 4706/4774
f 4703/4771 4706/4774 4705/4773
f 1149/1148 1141/1140 1145/1144
f 1193/1192 1149/1148 1145/1144
f 4704/4772 4705/4773 4736/4804
f 1193/1192 1145/1144 1180/1179
f 1208/1207 1207/1206 1180/1179
f 1208/1207 1180/1179 1181/1180
f 1206/1205 1208/1207 1181/1180
f 4777/4845 4767/4835 4778/4846
f 1267/1266 1206/1205 1213/1212
f 1286/1285 1267/1266 1213/1212
f 1285/1284 1213/1212 1262/1261
f 1284/1283 1262/1261 1263/1262
f 1284/1283 1263/1262 1264/1263
f 4798/4866 4799/4867 4856/4925
f 1306/1305 1264/1263 1268/1267
f 1309/1308 1306/1305 1268/1267
f 4800/4868 4847/4915 4841/4909
f 1352/1351 1351/1350 1307/1306
f 1352/1351 1307/1306 1341/1340
f 4834/4902 4835/4903 4872/4955
f 2011/2010 2012/2011 1969/1968
f 2008/2007 1969/1968 1949/1948
f 2011/2010 1969/1968 2008/2007
f 1442/1441 1433/1432 1432/1431
f 1618/1617 1465/1464 1471/1470
f 1949/1948 1923/1922 1948/1947
f 1640/1639 1626/1625 1472/1471
f 1626/1625 1471/1470 1472/1471
f 1923/1922 1908/1907 1907/1906
f 1907/1906 1873/1872 1872/1871
f 1658/1657 1626/1625 1640/1639
f 1761/1760 1762/1761 1759/1758
f 1763/1762 1762/1761 1761/1760
f 1884/1883 1907/1906 1872/1871
f 1776/1775 1763/1762 1761/1760
f 1656/1655 1657/1656 1627/1626
f 1831/1830 1776/1775 1775/1774
f 1872/1871 1831/1830 1830/1829
f 1884/1883 1872/1871 1830/1829
f 1690/1689 1657/1656 1656/1655
f 1775/1774 1776/1775 1761/1760
f 1830/1829 1831/1830 1775/1774
f 1682/1681 1690/1689 1656/1655
f 1736/1735 1759/1758 1720/1719
f 1803/1802 1830/1829 1775/1774
f 1760/1759 1761/1760 1736/1735
f 1774/1773 1775/1774 1760/1759
f 1775/1774 1761/1760 1760/1759
f 4660/4728 4633/4701 4656/4724
f 1177/1176 1178/1177 1173/1172
f 1172/1171 1173/1172 1171/1170
f 1170/1169 1172/1171 1171/1170
f 1154/1153 1169/1168 1153/1152
f 1151/1150 1154/1153 1153/1152
f 4674/4742 4675/4743 4707/4775
f 1150/1149 1151/1150 1144/1143
f 4674/4742 4707/4775 4706/4774
f 1150/1149 1144/1143 1149/1148
f 1193/1192 1202/1201 1149/1148
f 4705/4773 4740/4808 4737/4805
f 4736/4804 4737/4805 4738/4806
f 4739/4807 4738/4806 4781/4849
f 4768/4836 4769/4837 4780/4848
f 4778/4846 4780/4848 4779/4847
f 1283/1282 1211/1210 1208/1207
f 1312/1311 1283/1282 1267/1266
f 4777/4845 4778/4846 4779/4847
f 4779/4847 4842/4910 4806/4874
f 1312/1311 1267/1266 1286/1285
f 1317/1316 1286/1285 1285/1284
f 1286/1285 1213/1212 1285/1284
f 4813/4881 4806/4874 4845/4913
f 4813/4881 4845/4913 4846/4914
f 4846/4914 4870/4953 4871/4954
f 4846/4914 4871/4954 4837/4905
f 4799/4867 4837/4905 4838/4906
f 4799/4867 4797/4865 4837/4905
f 4797/4865 4814/4882 4837/4905
f 4799/4867 4838/4906 2033/4926
f 1316/1315 1264/1263 1306/1305
f 1361/1360 1316/1315 1306/1305
f 2033/2032 2031/2030 2034/2033
f 4856/4925 2033/4926 2034/4960
f 1344/1343 1306/1305 1309/1308
f 4847/4915 2034/4960 2026/4959
f 4841/4909 4847/4915 2026/4959
f 1382/1381 1345/1344 1343/1342
f 1411/1410 1351/1350 1352/1351
f 2003/2002 1944/1943 1940/1939
f 1969/1968 2003/2002 1940/1939
f 1485/1484 1449/1448 1413/1412
f 1969/1968 1940/1939 1939/1938
f 1413/1412 1353/1352 1370/1369
f 1353/1352 1340/1339 1370/1369
f 1485/1484 1413/1412 1454/1453
f 1939/1938 1940/1939 1911/1910
f 1454/1453 1413/1412 1370/1369
f 1939/1938 1911/1910 1910/1909
f 1466/1465 1454/1453 1370/1369
f 1466/1465 1370/1369 1434/1433
f 1484/1483 1483/1482 1464/1463
f 1935/1934 1910/1909 1934/1933
f 1939/1938 1910/1909 1935/1934
f 1968/1967 1939/1938 1935/1934
f 1465/1464 1464/1463 1442/1441
f 1934/1933 1904/1903 1908/1907
f 1728/1727 1721/1720 1687/1686
f 1721/1720 1686/1685 1687/1686
f 1744/1743 1721/1720 1728/1727
f 1873/1872 1897/1896 1841/1840
f 1745/1744 1744/1743 1728/1727
f 1777/1776 1744/1743 1745/1744
f 1841/1840 1828/1827 1829/1828
f 1873/1872 1841/1840 1863/1862
f 1908/1907 1897/1896 1873/1872
f 1863/1862 1841/1840 1829/1828
f 1807/1806 1745/1744 1778/1777
f 1829/1828 1807/1806 1778/1777
f 1658/1657 1677/1676 1626/1625
f 1827/1826 1829/1828 1778/1777
f 1863/1862 1829/1828 1827/1826
f 1691/1690 1688/1687 1658/1657
f 1762/1761 1768/1767 1730/1729
f 1768/1767 1729/1728 1730/1729
f 1827/1826 1778/1777 1763/1762
f 1730/1729 1688/1687 1691/1690
f 1177/1176 1223/1222 1178/1177
f 1186/1185 1177/1176 1172/1171
f 1182/1181 1186/1185 1172/1171
f 1170/1169 1182/1181 1172/1171
f 1154/1153 1185/1184 1170/1169
f 1152/1151 1179/1178 1154/1153
f 1197/1196 1152/1151 1150/1149
f 1152/1151 1151/1150 1150/1149
f 4740/4808 4706/4774 4749/4817
f 4706/4774 4707/4775 4749/4817
f 1202/1201 1199/1198 1150/1149
f 1202/1201 1150/1149 1149/1148
f 1209/1208 1199/1198 1207/1206
f 4781/4849 4770/4838 4822/4890
f 1209/1208 1207/1206 1210/1209
f 1294/1293 1209/1208 1210/1209
f 1304/1303 1294/1293 1283/1282
f 1315/1314 1283/1282 1312/1311
f 4845/4913 4842/4910 4864/4941
f 1315/1314 1312/1311 1313/1312
f 1347/1346 1315/1314 1313/1312
f 4845/4913 4864/4941 4869/4951
f 4845/4913 4869/4951 2039/4952
f 1348/1347 1317/1316 1316/1315
f 4870/4953 2022/4975 4871/4954
f 2033/2032 2032/2031 2031/2030
f 1378/1377 1361/1360 1344/1343
f 2034/2033 2031/2030 2025/2024
f 2026/2025 2025/2024 1996/1995
f 1388/1387 1344/1343 1345/1344
f 1390/1389 1388/1387 1345/1344
f 1390/1389 1345/1344 1382/1381
f 1429/1428 1404/1403 1390/1389
f 1431/1430 1404/1403 1429/1428
f 1429/1428 1390/1389 1382/1381
f 1429/1428 1382/1381 1411/1410
f 1996/1995 1941/1940 1944/1943
f 2004/2003 1996/1995 1944/1943
f 1430/1429 1429/1428 1411/1410
f 1940/1939 1944/1943 1943/1942
f 1921/1920 1892/1891 1891/1890
f 1943/1942 1892/1891 1921/1920
f 1911/1910 1891/1890 1895/1894
f 1891/1890 1893/1892 1895/1894
f 1921/1920 1891/1890 1911/1910
f 1485/1484 1454/1453 1466/1465
f 1906/1905 1895/1894 1894/1893
f 1911/1910 1895/1894 1906/1905
f 1483/1482 1485/1484 1466/1465
f 1685/1684 1659/1658 1662/1661
f 1906/1905 1894/1893 1903/1902
f 1619/1618 1620/1619 1483/1482
f 1903/1902 1894/1893 1879/1878
f 1910/1909 1906/1905 1903/1902
f 1619/1618 1483/1482 1484/1483
f 1723/1722 1685/1684 1722/1721
f 1879/1878 1855/1854 1840/1839
f 1619/1618 1618/1617 1661/1660
f 1756/1755 1755/1754 1722/1721
f 1779/1778 1755/1754 1756/1755
f 1840/1839 1805/1804 1786/1785
f 1878/1877 1879/1878 1840/1839
f 1897/1896 1879/1878 1878/1877
f 1903/1902 1879/1878 1897/1896
f 1686/1685 1662/1661 1661/1660
f 1786/1785 1779/1778 1756/1755
f 1828/1827 1840/1839 1786/1785
f 1841/1840 1878/1877 1840/1839
f 1744/1743 1743/1742 1721/1720
f 1777/1776 1786/1785 1756/1755
f 1828/1827 1786/1785 1777/1776
f 1777/1776 1756/1755 1744/1743
f 1756/1755 1743/1742 1744/1743
f 1221/1220 1223/1222 1177/1176
f 1197/1196 1179/1178 1152/1151
f 4775/4843 4776/4844 4808/4876
f 1200/1199 1199/1198 1209/1208
f 4822/4890 4770/4838 4823/4891
f 1303/1302 1212/1211 1209/1208
f 1303/1302 1294/1293 1304/1303
f 4843/4911 4862/4939 4865/4942
f 1355/1354 1304/1303 1315/1314
f 1357/1356 1354/1353 1355/1354
f 1355/1354 1315/1314 1347/1346
f 2039/4952 2000/4977 2022/4975
f 1403/1402 1356/1355 1360/1359
f 1356/1355 1348/1347 1360/1359
f 2013/2012 2022/2021 1997/1996
f 1378/1377 1403/1402 1360/1359
f 1468/1467 1395/1394 1470/1469
f 2013/2012 1997/1996 1995/1994
f 1395/1394 1388/1387 1404/1403
f 1995/1994 1966/1965 1967/1966
f 1644/1643 1615/1614 1625/1624
f 1476/1475 1404/1403 1431/1430
f 1692/1691 1644/1643 1645/1644
f 1931/1930 1913/1912 1896/1895
f 1480/1479 1625/1624 1431/1430
f 1896/1895 1913/1912 1876/1875
f 1941/1940 1931/1930 1896/1895
f 1967/1966 1931/1930 1941/1940
f 1896/1895 1876/1875 1875/1874
f 1480/1479 1431/1430 1460/1459
f 1892/1891 1896/1895 1875/1874
f 1941/1940 1896/1895 1892/1891
f 1621/1620 1622/1621 1460/1459
f 1891/1890 1875/1874 1874/1873
f 1891/1890 1874/1873 1893/1892
f 1740/1739 1705/1704 1706/1705
f 1767/1766 1766/1765 1740/1739
f 1874/1873 1819/1818 1822/1821
f 1806/1805 1804/1803 1766/1765
f 1822/1821 1819/1818 1821/1820
f 1893/1892 1874/1873 1822/1821
f 1646/1645 1620/1619 1659/1658
f 1806/1805 1766/1765 1767/1766
f 1893/1892 1822/1821 1894/1893
f 1805/1804 1806/1805 1767/1766
f 1821/1820 1806/1805 1805/1804
f 1855/1854 1822/1821 1821/1820
f 1805/1804 1767/1766 1741/1740
f 1741/1740 1723/1722 1755/1754
f 1805/1804 1741/1740 1755/1754
f 1805/1804 1755/1754 1779/1778
f 4702/4770 4659/4727 4710/4778
f 1187/1186 1186/1185 1182/1181
f 1184/1183 1182/1181 1185/1184
f 4711/4779 4710/4778 4755/4823
f 4732/4800 4711/4779 4755/4823
f 1194/1193 1184/1183 1183/1182
f 1183/1182 1185/1184 1179/1178
f 4759/4827 4787/4855 4785/4853
f 1195/1194 1183/1182 1197/1196
f 1196/1195 1195/1194 1197/1196
f 1198/1197 1196/1195 1197/1196
f 1201/1200 1196/1195 1198/1197
f 1201/1200 1198/1197 1200/1199
f 4810/4878 4808/4876 4831/4899
f 1300/1299 1299/1298 1200/1199
f 4810/4878 4831/4899 4811/4879
f 1300/1299 1200/1199 1212/1211
f 4823/4891 2036/4945 4849/4917
f 1318/1317 1300/1299 1212/1211
f 4821/4889 4849/4917 4844/4912
f 1354/1353 1319/1318 1303/1302
f 4843/4911 4844/4912 4862/4939
f 4844/4912 4861/4938 4862/4939
f 1342/1341 1319/1318 1357/1356
f 1391/1390 1342/1341 1392/1391
f 1394/1393 1391/1390 1392/1391
f 4874/4967 2038/4965 2037/4966
f 2038/2037 2015/2014 2037/2036
f 1394/1393 1356/1355 1395/1394
f 2000/1999 1961/1960 1997/1996
f 1436/1435 1394/1393 1395/1394
f 1962/1961 1997/1996 1961/1960
f 1468/1467 1469/1468 1395/1394
f 1962/1961 1961/1960 1928/1927
f 1961/1960 1929/1928 1928/1927
f 1617/1616 1490/1489 1468/1467
f 1966/1965 1962/1961 1928/1927
f 1616/1615 1468/1467 1615/1614
f 1680/1679 1629/1628 1641/1640
f 1899/1898 1862/1861 1861/1860
f 1931/1930 1928/1927 1899/1898
f 1696/1695 1680/1679 1692/1691
f 1877/1876 1899/1898 1861/1860
f 1641/1640 1644/1643 1692/1691
f 1704/1703 1696/1695 1694/1693
f 1913/1912 1899/1898 1877/1876
f 1692/1691 1645/1644 1693/1692
f 1739/1738 1704/1703 1742/1741
f 1766/1765 1739/1738 1742/1741
f 1861/1860 1818/1817 1820/1819
f 1877/1876 1861/1860 1820/1819
f 1820/1819 1818/1817 1819/1818
f 1876/1875 1877/1876 1820/1819
f 1695/1694 1693/1692 1646/1645
f 1819/1818 1818/1817 1817/1816
f 1874/1873 1820/1819 1819/1818
f 1804/1803 1802/1801 1766/1765
f 1817/1816 1802/1801 1804/1803
f 1821/1820 1817/1816 1804/1803
f 1766/1765 1742/1741 1740/1739
f 1194/1193 1204/1203 1184/1183
f 4755/4823 4783/4851 4803/4871
f 4803/4871 4802/4870 4801/4869
f 1194/1193 1183/1182 1195/1194
f 1305/1304 1205/1204 1201/1200
f 4809/4877 4786/4854 4832/4900
f 1301/1300 1201/1200 1299/1298
f 1301/1300 1299/1298 1300/1299
f 1371/1370 1336/1335 1337/1336
f 1338/1337 1371/1370 1337/1336
f 1374/1373 1338/1337 1318/1317
f 2035/2034 1984/1983 2024/2023
f 1393/1392 1374/1373 1342/1341
f 1437/1436 1391/1390 1394/1393
f 2040/2039 1994/1993 1993/1992
f 2015/2014 1993/1992 1991/1990
f 2015/2014 1991/1990 2002/2001
f 1467/1466 1453/1452 1437/1436
f 1999/1998 2002/2001 1945/1944
f 1437/1436 1394/1393 1436/1435
f 1613/1612 1453/1452 1467/1466
f 1930/1929 1871/1870 1870/1869
f 1467/1466 1436/1435 1469/1468
f 1614/1613 1613/1612 1489/1488
f 1929/1928 1930/1929 1870/1869
f 1490/1489 1489/1488 1469/1468
f 1870/1869 1868/1867 1905/1904
f 1868/1867 1857/1856 1867/1866
f 1929/1928 1870/1869 1905/1904
f 1624/1623 1490/1489 1623/1622
f 1672/1671 1673/1672 1624/1623
f 1905/1904 1868/1867 1867/1866
f 1703/1702 1673/1672 1672/1671
f 1731/1730 1673/1672 1703/1702
f 1769/1768 1731/1730 1732/1731
f 1770/1769 1731/1730 1769/1768
f 1790/1789 1770/1769 1801/1800
f 1816/1815 1790/1789 1801/1800
f 1818/1817 1794/1793 1816/1815
f 1857/1856 1794/1793 1818/1817
f 1862/1861 1867/1866 1857/1856
f 1672/1671 1629/1628 1680/1679
f 1801/1800 1769/1768 1739/1738
f 1861/1860 1862/1861 1818/1817
f 1862/1861 1857/1856 1818/1817
f 1702/1701 1680/1679 1696/1695
f 1704/1703 1702/1701 1696/1695
f 1739/1738 1702/1701 1704/1703
f 1802/1801 1801/1800 1739/1738
f 1816/1815 1801/1800 1802/1801
f 1817/1816 1816/1815 1802/1801
f 1203/1202 1187/1186 1184/1183
f 1204/1203 1203/1202 1184/1183
f 1194/1193 1278/1277 1204/1203
f 1205/1204 1280/1279 1196/1195
f 1282/1281 1280/1279 1205/1204
f 1305/1304 1282/1281 1205/1204
f 4786/4854 4828/4896 4829/4897
f 1334/1333 1305/1304 1301/1300
f 4832/4900 4829/4897 4830/4898
f 1979/4932 4830/4898 1978/4933
f 1372/1371 1335/1334 1336/1335
f 1387/1386 1372/1371 1371/1370
f 1979/1978 1976/1975 1984/1983
f 1386/1385 1371/1370 1338/1337
f 1386/1385 1338/1337 1375/1374
f 2029/2028 2014/2013 1998/1997
f 1998/1997 1942/1941 1958/1957
f 1393/1392 1391/1390 1437/1436
f 1451/1450 1393/1392 1437/1436
f 1991/1990 1959/1958 1926/1925
f 1926/1925 1902/1901 1871/1870
f 1945/1944 1926/1925 1871/1870
f 1991/1990 1926/1925 1945/1944
f 1871/1870 1902/1901 1869/1868
f 1869/1868 1860/1859 1859/1858
f 1858/1857 1859/1858 1793/1792
f 1868/1867 1859/1858 1858/1857
f 1869/1868 1859/1858 1868/1867
f 1614/1613 1649/1648 1613/1612
f 1793/1792 1792/1791 1789/1788
f 1793/1792 1789/1788 1790/1789
f 1858/1857 1793/1792 1857/1856
f 1624/1623 1651/1650 1614/1613
f 1673/1672 1651/1650 1624/1623
f 1789/1788 1764/1763 1770/1769
f 1794/1793 1793/1792 1790/1789
f 1281/1280 1254/1253 1203/1202
f 1281/1280 1203/1202 1204/1203
f 1278/1277 1281/1280 1204/1203
f 1296/1295 1281/1280 1278/1277
f 4783/4851 4805/4873 4818/4886
f 4802/4870 4818/4886 4819/4887
f 1297/1296 1280/1279 1282/1281
f 1349/1348 1297/1296 1282/1281
f 4828/4896 4819/4887 4860/4930
f 4829/4897 4860/4930 1974/4934
f 1366/1365 1305/1304 1334/1333
f 1419/1418 1418/1417 1367/1366
f 1428/1427 1419/1418 1367/1366
f 1978/1977 1974/1973 1976/1975
f 1414/1413 1428/1427 1367/1366
f 1367/1366 1334/1333 1335/1334
f 1373/1372 1367/1366 1335/1334
f 1416/1415 1414/1413 1373/1372
f 1976/1975 1975/1974 1977/1976
f 1984/1983 1977/1976 1983/1982
f 1422/1421 1387/1386 1386/1385
f 1422/1421 1386/1385 1375/1374
f 1992/1991 1983/1982 1936/1935
f 1462/1461 1461/1460 1450/1449
f 1992/1991 1936/1935 1918/1917
f 1423/1422 1396/1395 1393/1392
f 1942/1941 1992/1991 1918/1917
f 2014/2013 1992/1991 1942/1941
f 1450/1449 1423/1422 1393/1392
f 1918/1917 1901/1900 1900/1899
f 1451/1450 1452/1451 1450/1449
f 1925/1924 1918/1917 1900/1899
f 1865/1864 1880/1879 1864/1863
f 1926/1925 1925/1924 1900/1899
f 1734/1733 1697/1696 1708/1707
f 1902/1901 1900/1899 1865/1864
f 1783/1782 1734/1733 1765/1764
f 1611/1610 1650/1649 1482/1481
f 1839/1838 1864/1863 1838/1837
f 1860/1859 1865/1864 1839/1838
f 1865/1864 1864/1863 1839/1838
f 1788/1787 1783/1782 1765/1764
f 1791/1790 1783/1782 1788/1787
f 1792/1791 1791/1790 1788/1787
f 1838/1837 1791/1790 1792/1791
f 1839/1838 1838/1837 1792/1791
f 1860/1859 1839/1838 1859/1858
f 1674/1673 1675/1674 1650/1649
f 1709/1708 1708/1707 1674/1673
f 1788/1787 1765/1764 1764/1763
f 1302/1301 1254/1253 1281/1280
f 1298/1297 1302/1301 1281/1280
f 1296/1295 1298/1297 1281/1280
f 1324/1323 1298/1297 1296/1295
f 4818/4886 4840/4908 4852/4921
f 1324/1323 1296/1295 1297/1296
f 4819/4887 4852/4921 1972/4931
f 4860/4930 1972/4931 1973/4935
f 1380/1379 1350/1349 1349/1348
f 1973/1972 1972/1971 1957/1956
f 1381/1380 1349/1348 1366/1365
f 1418/1417 1381/1380 1366/1365
f 1957/1956 1980/1979 1975/1974
f 1980/1979 1985/1984 1981/1980
f 1421/1420 1419/1418 1428/1427
f 1975/1974 1980/1979 1981/1980
f 1421/1420 1428/1427 1414/1413
f 1421/1420 1414/1413 1416/1415
f 1975/1974 1981/1980 1982/1981
f 1463/1462 1458/1457 1417/1416
f 1983/1982 1982/1981 1937/1936
f 1676/1675 1635/1634 1642/1641
f 1643/1642 1676/1675 1642/1641
f 1919/1918 1883/1882 1882/1881
f 1683/1682 1676/1675 1643/1642
f 1919/1918 1882/1881 1901/1900
f 1937/1936 1919/1918 1901/1900
f 1630/1629 1461/1460 1462/1461
f 1683/1682 1643/1642 1679/1678
f 1724/1723 1683/1682 1679/1678
f 1881/1880 1847/1846 1880/1879
f 1901/1900 1882/1881 1880/1879
f 1882/1881 1881/1880 1880/1879
f 1631/1630 1630/1629 1462/1461
f 1727/1726 1679/1678 1707/1706
f 1880/1879 1847/1846 1848/1847
f 1631/1630 1462/1461 1481/1480
f 1754/1753 1727/1726 1733/1732
f 1900/1899 1901/1900 1880/1879
f 1652/1651 1678/1677 1481/1480
f 1864/1863 1848/1847 1795/1794
f 1864/1863 1795/1794 1838/1837
f 1791/1790 1795/1794 1784/1783
f 1838/1837 1795/1794 1791/1790
f 1783/1782 1784/1783 1782/1781
f 1784/1783 1783/1782 1791/1790
f 1783/1782 1782/1781 1734/1733
f 1326/1325 1302/1301 1298/1297
f 4839/4907 4854/4923 4853/4922
f 4840/4908 4839/4907 4853/4922
f 1327/1326 1298/1297 1324/1323
f 1972/4931 4853/4922 1971/4936
f 1327/1326 1324/1323 1328/1327
f 1328/1327 1349/1348 1350/1349
f 1972/1971 1971/1970 1957/1956
f 1407/1406 1406/1405 1380/1379
f 1985/1984 1987/1986 1986/1985
f 1957/1956 1987/1986 1985/1984
f 1445/1444 1407/1406 1408/1407
f 1985/1984 1986/1985 1981/1980
f 1981/1980 1932/1931 1960/1959
f 1420/1419 1419/1418 1421/1420
f 1634/1633 1633/1632 1459/1458
f 1633/1632 1456/1455 1459/1458
f 1960/1959 1932/1931 1920/1919
f 1459/1458 1456/1455 1421/1420
f 1647/1646 1633/1632 1634/1633
f 1920/1919 1888/1887 1890/1889
f 1960/1959 1920/1919 1938/1937
f 1634/1633 1459/1458 1635/1634
f 1459/1458 1458/1457 1635/1634
f 1938/1937 1920/1919 1890/1889
f 1716/1715 1700/1699 1699/1698
f 1842/1841 1833/1832 1843/1842
f 1883/1882 1888/1887 1842/1841
f 1890/1889 1888/1887 1883/1882
f 1938/1937 1890/1889 1883/1882
f 1758/1757 1726/1725 1725/1724
f 1811/1810 1800/1799 1812/1811
f 1843/1842 1811/1810 1847/1846
f 1842/1841 1843/1842 1881/1880
f 1883/1882 1842/1841 1882/1881
f 1882/1881 1842/1841 1881/1880
f 1847/1846 1811/1810 1812/1811
f 1881/1880 1843/1842 1847/1846
f 1785/1784 1800/1799 1757/1756
f 1796/1795 1812/1811 1800/1799
f 1724/1723 1679/1678 1727/1726
f 1727/1726 1725/1724 1724/1723
f 1796/1795 1800/1799 1785/1784
f 1757/1756 1727/1726 1754/1753
f 1363/1362 1362/1361 1327/1326
f 1363/1362 1327/1326 1328/1327
f 1406/1405 1409/1408 1363/1362
f 1363/1362 1328/1327 1406/1405
f 1405/1404 1406/1405 1407/1406
f 1475/1474 1447/1446 1446/1445
f 1986/1985 1987/1986 1933/1932
f 1457/1456 1475/1474 1446/1445
f 1446/1445 1407/1406 1445/1444
f 1986/1985 1933/1932 1932/1931
f 1932/1931 1915/1914 1914/1913
f 1920/1919 1932/1931 1914/1913
f 1698/1697 1664/1663 1665/1664
f 1914/1913 1887/1886 1888/1887
f 1717/1716 1698/1697 1700/1699
f 1718/1717 1698/1697 1717/1716
f 1844/1843 1845/1844 1832/1831
f 1887/1886 1845/1844 1844/1843
f 1726/1725 1718/1717 1717/1716
f 1749/1748 1718/1717 1726/1725
f 1888/1887 1887/1886 1844/1843
f 1833/1832 1832/1831 1810/1809
f 1844/1843 1832/1831 1833/1832
f 1647/1646 1648/1647 1665/1664
f 1798/1797 1749/1748 1726/1725
f 1799/1798 1810/1809 1798/1797
f 1842/1841 1844/1843 1833/1832
f 1799/1798 1798/1797 1726/1725
f 1811/1810 1810/1809 1799/1798
f 1833/1832 1810/1809 1811/1810
f 1716/1715 1717/1716 1700/1699
f 1799/1798 1726/1725 1758/1757
f 1954/1953 1953/1952 1952/1951
f 1954/1953 1952/1951 1955/1954
f 1636/1635 1473/1472 1475/1474
f 1955/1954 1917/1916 1916/1915
f 1933/1932 1955/1954 1916/1915
f 1987/1986 1955/1954 1933/1932
f 1915/1914 1916/1915 1889/1888
f 1667/1666 1654/1653 1638/1637
f 1933/1932 1916/1915 1915/1914
f 1638/1637 1475/1474 1457/1456
f 1698/1697 1701/1700 1668/1667
f 1715/1714 1701/1700 1698/1697
f 1889/1888 1854/1853 1846/1845
f 1746/1745 1715/1714 1718/1717
f 1887/1886 1889/1888 1846/1845
f 1780/1779 1781/1780 1750/1749
f 1813/1812 1781/1780 1780/1779
f 1832/1831 1834/1833 1813/1812
f 1834/1833 1825/1824 1813/1812
f 1845/1844 1846/1845 1834/1833
f 1664/1663 1668/1667 1663/1662
f 1698/1697 1668/1667 1664/1663
f 1845/1844 1834/1833 1832/1831
f 1780/1779 1750/1749 1749/1748
f 1410/1409 1364/1363 1409/1408
f 1951/1950 1950/1949 1955/1954
f 1637/1636 1474/1473 1473/1472
f 1917/1916 1950/1949 1912/1911
f 1955/1954 1950/1949 1917/1916
f 1917/1916 1851/1850 1916/1915
f 1701/1700 1714/1713 1669/1668
f 1854/1853 1851/1850 1853/1852
f 1916/1915 1851/1850 1854/1853
f 1747/1746 1714/1713 1715/1714
f 1836/1835 1837/1836 1825/1824
f 1837/1836 1824/1823 1825/1824
f 1853/1852 1837/1836 1836/1835
f 1667/1666 1669/1668 1654/1653
f 1825/1824 1824/1823 1781/1780
f 1836/1835 1825/1824 1835/1834
f 1854/1853 1853/1852 1836/1835
f 1834/1833 1835/1834 1825/1824
f 1781/1780 1751/1750 1750/1749
f 1849/1848 1850/1849 1837/1836
f 1654/1653 1655/1654 1637/1636
f 1851/1850 1849/1848 1837/1836
f 1852/1851 1849/1848 1851/1850
f 1669/1668 1655/1654 1654/1653
f 1748/1747 1752/1751 1713/1712
f 1771/1770 1752/1751 1748/1747
f 1823/1822 1771/1770 1797/1796
f 1826/1825 1823/1822 1824/1823
f 1837/1836 1826/1825 1824/1823
f 1797/1796 1771/1770 1748/1747
f 1747/1746 1748/1747 1714/1713
f 1751/1750 1748/1747 1747/1746
f 1850/1849 1809/1808 1826/1825
f 1712/1711 1670/1669 1671/1670
f 1712/1711 1671/1670 1713/1712
f 1808/1807 1787/1786 1771/1770
f 1787/1786 1753/1752 1771/1770
f 1809/1808 1787/1786 1808/1807
f 1771/1770 1753/1752 1752/1751
f 996/4003 1057/3958 3922/3956
f 3546/3562 3510/3509 3549/3566
f 3548/3565 3546/3562 3549/3566
f 1044/3957 3548/3565 1057/3958
f 3510/3509 3473/3472 3520/3521
f 3511/3510 3510/3509 3546/3562
f 3547/3563 3511/3510 3546/3562
f 3473/3472 3440/3439 3445/3444
f 3509/3508 3473/3472 3510/3509
f 3512/3511 3509/3508 3511/3510
f 1053/3875 3547/3563 1052/3564
f 3473/3472 3472/3471 3439/3438
f 3513/3512 3508/3507 3512/3511
f 1072/3515 3513/3512 1053/3875
f 1019/3997 1072/3515 1053/3875
f 1021/3955 3519/3520 1072/3515
f 3439/3438 3410/3409 3426/3425
f 3438/3437 3439/3438 3472/3471
f 3515/3514 3508/3507 3513/3512
f 3515/3514 3479/3478 3508/3507
f 3514/3513 3479/3478 3515/3514
f 1023/3545 3516/3516 3519/3520
f 3410/3409 3372/3371 3411/3410
f 3438/3437 3371/3370 3410/3409
f 3438/3437 3410/3409 3439/3438
f 3405/3404 3371/3370 3438/3437
f 3479/3478 3480/3479 3508/3507
f 3479/3478 3481/3480 3442/3441
f 1081/3519 3517/3517 3516/3516
f 1075/3559 3518/3518 1081/3519
f 1071/3558 3518/3518 1075/3559
f 1070/3543 3518/3518 1071/3558
f 1079/3542 3535/3536 1070/3543
f 3481/3480 3443/3442 3442/3441
f 3467/3466 3444/3443 3443/3442
f 3468/3467 3444/3443 3467/3466
f 3496/3495 3483/3482 3518/3518
f 1079/3542 3524/3525 3535/3536
f 3406/3405 3369/3368 3370/3369
f 3393/3392 3391/3390 3412/3411
f 3453/3452 3446/3445 3468/3467
f 3496/3495 3469/3468 3483/3482
f 3524/3525 3495/3494 3496/3495
f 1077/3555 3525/3526 1078/3554
f 1073/3556 3534/3535 1077/3555
f 1045/3767 3543/3551 1041/3766
f 3325/3324 3293/3292 3294/3293
f 3392/3391 3340/3339 3369/3368
f 3334/3333 3333/3332 3335/3334
f 3352/3351 3334/3333 3446/3445
f 3495/3494 3460/3459 3452/3451
f 3534/3535 3459/3458 3525/3526
f 3534/3535 3506/3505 3459/3458
f 3543/3551 3505/3504 3506/3505
f 3543/3551 3506/3505 3534/3535
f 3543/3551 3485/3484 3505/3504
f 1074/3851 3527/3528 3543/3551
f 1076/3768 1074/3851 3543/3551
f 1051/3950 1074/3851 1015/4009
f 3292/3291 3293/3292 3325/3324
f 3361/3360 3391/3390 3368/3367
f 3352/3351 3351/3350 3332/3331
f 3414/3413 3388/3387 3352/3351
f 3452/3451 3399/3398 3450/3449
f 3459/3458 3470/3469 3458/3457
f 3459/3458 3458/3457 3455/3454
f 3506/3505 3435/3434 3459/3458
f 3505/3504 3434/3433 3506/3505
f 3485/3484 3434/3433 3505/3504
f 3527/3528 3486/3485 3484/3483
f 1063/3546 3539/3547 3499/3498
f 3341/3340 3291/3290 3357/3356
f 3321/3320 3291/3290 3340/3339
f 3336/3335 3337/3336 3333/3332
f 3404/3403 3347/3346 3388/3387
f 3454/3453 3457/3456 3398/3397
f 3434/3433 3433/3432 3435/3434
f 3484/3483 3432/3431 3485/3484
f 3484/3483 3430/3429 3432/3431
f 3499/3498 3466/3465 3486/3485
f 3499/3498 3498/3497 3466/3465
f 3539/3547 3497/3496 3499/3498
f 1064/3853 3540/3548 3539/3547
f 1032/3855 1065/3561 1064/3853
f 3287/3286 3256/3255 3206/3205
f 3287/3286 3257/3256 3256/3255
f 3338/3337 3320/3319 3339/3338
f 3338/3337 3339/3338 3361/3360
f 3350/3349 3331/3330 3336/3335
f 3378/3377 3379/3378 3399/3398
f 3400/3399 3380/3379 3457/3456
f 3430/3429 3431/3430 3432/3431
f 3498/3497 3471/3470 3437/3436
f 3497/3496 3471/3470 3498/3497
f 3541/3549 3497/3496 3540/3548
f 3544/3552 3478/3477 3541/3549
f 1065/3561 3537/3539 3545/3553
f 3256/3255 3204/3203 3206/3205
f 3272/3271 3258/3257 3290/3289
f 3272/3271 3271/3270 3258/3257
f 3329/3328 3328/3327 3380/3379
f 3329/3328 3380/3379 3400/3399
f 3436/3435 3396/3395 3429/3428
f 3471/3470 3418/3417 3437/3436
f 3474/3473 3419/3418 3471/3470
f 1068/3538 3502/3501 3521/3522
f 1068/3538 3521/3522 3537/3539
f 1080/3540 3504/3503 1068/3538
f 3206/3205 3205/3204 3208/3207
f 3255/3254 3204/3203 3256/3255
f 3258/3257 3237/3236 3257/3256
f 3269/3268 3268/3267 3270/3269
f 3309/3308 3269/3268 3331/3330
f 3308/3307 3309/3308 3331/3330
f 3308/3307 3285/3284 3309/3308
f 3307/3306 3308/3307 3349/3348
f 3307/3306 3285/3284 3308/3307
f 3306/3305 3307/3306 3330/3329
f 3328/3327 3330/3329 3378/3377
f 3384/3383 3383/3382 3387/3386
f 3418/3417 3395/3394 3396/3395
f 3501/3500 3463/3462 3526/3527
f 3501/3500 3526/3527 3531/3532
f 3501/3500 3531/3532 3521/3522
f 3504/3503 3503/3502 3502/3501
f 3532/3533 3522/3523 3504/3503
f 3538/3541 3532/3533 1080/3540
f 1056/3926 1066/3544 3538/3541
f 3237/3236 3255/3254 3257/3256
f 3237/3236 3213/3212 3204/3203
f 3237/3236 3204/3203 3255/3254
f 3236/3235 3237/3236 3271/3270
f 3309/3308 3266/3265 3269/3268
f 3285/3284 3253/3252 3266/3265
f 3285/3284 3266/3265 3309/3308
f 3306/3305 3304/3303 3307/3306
f 3327/3326 3306/3305 3330/3329
f 3328/3327 3305/3304 3327/3326
f 3385/3384 3384/3383 3431/3430
f 3395/3394 3397/3396 3382/3381
f 3402/3401 3395/3394 3418/3417
f 3456/3455 3427/3426 3402/3401
f 3503/3502 3464/3463 3502/3501
f 3503/3502 3523/3524 3464/3463
f 3522/3523 3465/3464 3523/3524
f 3522/3523 3523/3524 3503/3502
f 3522/3523 3422/3421 3465/3464
f 3507/3506 3422/3421 3522/3523
f 3507/3506 3522/3523 3532/3533
f 3493/3492 3423/3422 3422/3421
f 3493/3492 3422/3421 3507/3506
f 3494/3493 3493/3492 3532/3533
f 3494/3493 3532/3533 3538/3541
f 3492/3491 3490/3489 3493/3492
f 1066/3544 3492/3491 3494/3493
f 3542/3550 3491/3490 1066/3544
f 1054/3769 3542/3550 1066/3544
f 3204/3203 3197/3196 3205/3204
f 3267/3266 3235/3234 3268/3267
f 3266/3265 3267/3266 3269/3268
f 3253/3252 3265/3264 3266/3265
f 3284/3283 3245/3244 3285/3284
f 3306/3305 3303/3302 3304/3303
f 3305/3304 3303/3302 3306/3305
f 3305/3304 3306/3305 3327/3326
f 3305/3304 3295/3294 3303/3302
f 3424/3423 3389/3388 3456/3455
f 3425/3424 3373/3372 3424/3423
f 3425/3424 3424/3423 3462/3461
f 3425/3424 3420/3419 3374/3373
f 3523/3524 3465/3464 3464/3463
f 3422/3421 3421/3420 3465/3464
f 3491/3490 3461/3460 3490/3489
f 3528/3529 3500/3499 3491/3490
f 3533/3534 3489/3488 3528/3529
f 3213/3212 3186/3185 3187/3186
f 3236/3235 3200/3199 3213/3212
f 3235/3234 3200/3199 3236/3235
f 3254/3253 3235/3234 3267/3266
f 3284/3283 3246/3245 3243/3242
f 3248/3247 3247/3246 3303/3302
f 3356/3355 3316/3315 3317/3316
f 3354/3353 3316/3315 3356/3355
f 3403/3402 3342/3341 3397/3396
f 3313/3312 3366/3365 3389/3388
f 3420/3419 3375/3374 3374/3373
f 3408/3407 3422/3421 3423/3422
f 3461/3460 3449/3448 3417/3416
f 3489/3488 3448/3447 3500/3499
f 3166/3165 3165/3164 3187/3186
f 3228/3227 3183/3182 3235/3234
f 3254/3253 3228/3227 3235/3234
f 3243/3242 3242/3241 3244/3243
f 3247/3246 3227/3226 3246/3245
f 3319/3318 3316/3315 3354/3353
f 3342/3341 3300/3299 3355/3354
f 3301/3300 3300/3299 3342/3341
f 3313/3312 3299/3298 3301/3300
f 3312/3311 3299/3298 3313/3312
f 3376/3375 3377/3376 3365/3364
f 3449/3448 3416/3415 3417/3416
f 3448/3447 3390/3389 3449/3448
f 3129/3128 3167/3166 3165/3164
f 3228/3227 3162/3161 3182/3181
f 3252/3251 3222/3221 3238/3237
f 3244/3243 3242/3241 3223/3222
f 3239/3238 3242/3241 3243/3242
f 3226/3225 3212/3211 3227/3226
f 3226/3225 3227/3226 3247/3246
f 3225/3224 3226/3225 3247/3246
f 3225/3224 3247/3246 3248/3247
f 3300/3299 3251/3250 3274/3273
f 3280/3279 3251/3250 3299/3298
f 3311/3310 3280/3279 3312/3311
f 3345/3344 3296/3295 3365/3364
f 3416/3415 3346/3345 3417/3416
f 3447/3446 3390/3389 3448/3447
f 3182/3181 3150/3149 3183/3182
f 3227/3226 3220/3219 3239/3238
f 3227/3226 3212/3211 3220/3219
f 3210/3209 3212/3211 3226/3225
f 3225/3224 3210/3209 3226/3225
f 3276/3275 3224/3223 3275/3274
f 3288/3287 3221/3220 3277/3276
f 3273/3272 3215/3214 3288/3287
f 3273/3272 3288/3287 3302/3301
f 3273/3272 3216/3215 3215/3214
f 3250/3249 3216/3215 3274/3273
f 3311/3310 3281/3280 3280/3279
f 3279/3278 3281/3280 3311/3310
f 3314/3313 3315/3314 3279/3278
f 3324/3323 3315/3314 3314/3313
f 3324/3323 3314/3313 3363/3362
f 3296/3295 3282/3281 3324/3323
f 3345/3344 3297/3296 3296/3295
f 3128/3127 3126/3125 3160/3159
f 3149/3148 3152/3151 3153/3152
f 3198/3197 3181/3180 3223/3222
f 3220/3219 3142/3141 3143/3142
f 3212/3211 3191/3190 3211/3210
f 3224/3223 3209/3208 3210/3209
f 3214/3213 3215/3214 3216/3215
f 3249/3248 3251/3250 3280/3279
f 3279/3278 3249/3248 3281/3280
f 3296/3295 3264/3263 3278/3277
f 3296/3295 3278/3277 3282/3281
f 3297/3296 3264/3263 3296/3295
f 3105/3104 3128/3127 3152/3151
f 3145/3144 3154/3153 3181/3180
f 3145/3144 3181/3180 3144/3143
f 3192/3191 3191/3190 3212/3211
f 3224/3223 3194/3193 3209/3208
f 3221/3220 3194/3193 3224/3223
f 3214/3213 3196/3195 3215/3214
f 3217/3216 3214/3213 3216/3215
f 3250/3249 3217/3216 3216/3215
f 3249/3248 3217/3216 3250/3249
f 3249/3248 3250/3249 3251/3250
f 3261/3260 3231/3230 3279/3278
f 3241/3240 3233/3232 3231/3230
f 3241/3240 3231/3230 3261/3260
f 3323/3322 3322/3321 3344/3343
f 3126/3125 3020/3019 3125/3124
f 3149/3148 3105/3104 3152/3151
f 3209/3208 3193/3192 3192/3191
f 3209/3208 3192/3191 3210/3209
f 3229/3228 3217/3216 3249/3248
f 3240/3239 3234/3233 3263/3262
f 3262/3261 3240/3239 3263/3262
f 3262/3261 3259/3258 3240/3239
f 3283/3282 3262/3261 3298/3297
f 3322/3321 3289/3288 3310/3309
f 3104/3103 3015/3014 3105/3104
f 3193/3192 3169/3168 3192/3191
f 3195/3194 3176/3175 3194/3193
f 3176/3175 3195/3194 3177/3176
f 3175/3174 3176/3175 3177/3176
f 3175/3174 3177/3176 3214/3213
f 3232/3231 3170/3169 3231/3230
f 3234/3233 3240/3239 3203/3202
f 3283/3282 3219/3218 3259/3258
f 3310/3309 3260/3259 3283/3282
f 3021/3020 2913/2912 3095/3094
f 3178/3177 3169/3168 3193/3192
f 3176/3175 3178/3177 3194/3193
f 3240/3239 3201/3200 3203/3202
f 2912/2911 2913/2912 3021/3020
f 3015/3014 3016/3015 3017/3016
f 3138/3137 3176/3175 3174/3173
f 3203/3202 3171/3170 3170/3169
f 3202/3201 3201/3200 3240/3239
f 3202/3201 3189/3188 3201/3200
f 3018/3017 3014/3013 3019/3018
f 3164/3163 3172/3171 3170/3169
f 3164/3163 3170/3169 3171/3170
f 3189/3188 3190/3189 3201/3200
f 3218/3217 3189/3188 3219/3218
f 3018/3017 3019/3018 3016/3015
f 3099/3098 3097/3096 3102/3101
f 3164/3163 3163/3162 3172/3171
f 3188/3187 3159/3158 3180/3179
f 3188/3187 3180/3179 3189/3188
f 2684/2683 2670/2669 2676/2675
f 3018/3017 2687/2686 2686/2685
f 3013/3012 3096/3095 3107/3106
f 3136/3135 3133/3132 3135/3134
f 3117/3116 3118/3117 3137/3136
f 3123/3122 3116/3115 3163/3162
f 3157/3156 3121/3120 3164/3163
f 3180/3179 3157/3156 3190/3189
f 2687/2686 2689/2688 2688/2687
f 3118/3117 3094/3093 3136/3135
f 3118/3117 3136/3135 3137/3136
f 3159/3158 3156/3155 3180/3179
f 2672/2671 2678/2677 2675/2674
f 3036/3035 2833/2832 3101/3100
f 3034/3033 3092/3091 3136/3135
f 3094/3093 3034/3033 3136/3135
f 3033/3032 3094/3093 3118/3117
f 3122/3121 3109/3108 3112/3111
f 3156/3155 3119/3118 3157/3156
f 2690/2689 2636/2635 2689/2688
f 2638/2637 2630/2629 2637/2636
f 2581/2580 2625/2624 2833/2832
f 2581/2580 2833/2832 3036/3035
f 2579/2578 2574/2573 2580/2579
f 3109/3108 3111/3110 3112/3111
f 3119/3118 3031/3030 3108/3107
f 2667/2666 2672/2671 2670/2669
f 2625/2624 2638/2637 2833/2832
f 2577/2576 2571/2570 2574/2573
f 2747/2746 2587/2586 3025/3024
f 2749/2748 3032/3031 3035/3034
f 3030/3029 3031/3030 3119/3118
f 3030/3029 3119/3118 3120/3119
f 4883/4994 491/4992 4882/4989
f 2631/2630 2640/2639 2636/2635
f 2571/2570 2570/2569 2573/2572
f 3031/3030 3028/3027 3108/3107
f 2640/2639 2639/2638 2636/2635
f 2621/2620 2622/2621 2630/2629
f 2576/2575 2575/2574 2621/2620
f 3029/3028 3028/3027 3031/3030
f 3012/3011 2832/2831 3030/3029
f 3093/3092 3012/3011 3030/3029
f 2705/2704 2695/2694 2706/2705
f 2702/2701 2704/2703 2705/2704
f 2702/2701 2705/2704 3026/3025
f 2661/2660 2663/2662 2666/2665
f 2661/2660 2666/2665 2664/2663
f 4885/4998 504/4995 4884/4997
f 2643/2642 2644/2643 2641/2640
f 2628/2627 2632/2631 2631/2630
f 2620/2619 2623/2622 2622/2621
f 2695/2694 2606/2605 2607/2606
f 2680/2679 2729/2728 2728/2727
f 4880/4987 4877/4984 4879/4986
f 2662/2661 2674/2673 2665/2664
f 2663/2662 2662/2661 2665/2664
f 2632/2631 2714/2713 2634/2633
f 2632/2631 2634/2633 2633/2632
f 2623/2622 2627/2626 2624/2623
f 2619/2618 2623/2622 2620/2619
f 2575/2574 2619/2618 2620/2619
f 2582/2581 2570/2569 2572/2571
f 2704/2703 2694/2693 2695/2694
f 2701/2700 2702/2701 2699/2698
f 449/5067 447/5069 4936/5068
f 2660/2659 2732/2731 2662/2661
f 4886/5000 505/4999 4885/4998
f 2628/2627 2651/2650 2632/2631
f 2627/2626 2651/2650 2628/2627
f 2597/2596 2593/2592 2594/2593
f 2699/2698 2700/2699 2701/2700
f 4889/5003 4879/4986 4892/5006
f 4887/5001 4891/5005 4888/5002
f 4886/5000 4885/4998 4887/5001
f 2647/2646 2643/2642 2642/2641
f 2627/2626 2648/2647 2651/2650
f 2597/2596 2598/2597 2593/2592
f 2602/2601 2597/2596 2603/2602
f 4917/5045 474/5055 4915/5041
f 2696/2695 2700/2699 2699/2698
f 2730/2729 2759/2758 2729/2728
f 4888/5002 4891/5005 4881/4988
f 2659/2658 2660/2659 2646/2645
f 2647/2646 2722/2721 2645/2644
f 2590/2589 2648/2647 2626/2625
f 4908/5024 497/5026 4906/5022
f 4917/5045 4915/5041 4916/5042
f 2700/2699 2615/2614 2703/2702
f 2696/2695 2693/2692 2700/2699
f 4983/5120 4889/5003 4973/5107
f 2760/2759 2729/2728 2759/2758
f 2744/2743 2660/2659 2659/2658
f 2713/2712 2715/2714 2714/2713
f 2650/2649 2713/2712 2651/2650
f 2590/2589 2649/2648 2648/2647
f 4908/5024 4906/5022 4907/5023
f 4912/5037 4910/5028 4908/5024
f 2601/2600 2604/2603 2605/2604
f 4916/5042 4915/5041 4912/5037
f 2615/2614 2612/2611 2703/2702
f 2693/2692 2615/2614 2700/2699
f 4958/5092 4956/5090 4959/5093
f 4940/5073 4895/5009 4955/5089
f 4940/5073 4897/5011 4895/5009
f 2649/2648 2718/2717 2650/2649
f 2649/2648 2650/2649 2648/2647
f 4907/5023 4902/5016 4901/5015
f 2613/2612 2611/2610 2612/2611
f 2615/2614 2614/2613 2612/2611
f 2760/2759 2808/2807 2777/2776
f 4963/5097 4889/5003 4983/5120
f 2780/2779 2779/2778 2744/2743
f 2782/2781 2744/2743 2722/2721
f 2761/2760 2782/2781 2722/2721
f 2761/2760 2722/2721 2721/2720
f 4958/5092 4954/5088 4956/5090
f 4964/5098 4955/5089 4954/5088
f 4900/5014 4940/5073 4941/5074
f 4965/5099 4901/5015 4899/5013
f 2653/2652 2649/2648 2590/2589
f 4945/5079 4913/5038 4909/5025
f 2613/2612 2617/2616 2611/2610
f 2781/2780 2812/2811 2783/2782
f 2779/2778 2781/2780 2759/2758
f 4961/5095 4890/5004 4963/5097
f 4962/5096 4958/5092 5020/5158
f 4962/5096 4954/5088 4958/5092
f 2762/2761 2715/2714 2716/2715
f 5052/5190 4993/5130 4964/5098
f 2718/2717 2717/2716 2650/2649
f 2653/2652 2756/2755 2719/2718
f 4945/5079 4949/5083 4977/5114
f 2599/2598 2655/2654 2592/2591
f 2608/2607 2599/2598 2600/2599
f 4957/5091 4913/5038 4945/5079
f 4947/5081 4946/5080 4919/5047
f 4924/5052 4922/5050 4946/5080
f 5046/5184 5012/5150 5025/5163
f 5013/5151 4963/5097 5012/5150
f 2785/2784 2807/2806 2782/2781
f 2765/2764 2784/2783 2761/2760
f 2765/2764 2761/2760 2762/2761
f 2717/2716 2762/2761 2716/2715
f 4982/5119 4966/5100 4941/5074
f 5004/5142 4989/5126 4966/5100
f 2766/2765 2718/2717 2719/2718
f 4988/5125 4965/5099 4989/5126
f 2756/2755 2769/2768 2719/2718
f 4978/5115 4945/5079 4977/5114
f 4974/5108 4942/5076 4913/5038
f 4944/5078 4943/5077 4972/5106
f 2733/2732 2616/2615 2617/2616
f 4948/5082 4924/5052 4946/5080
f 4939/5072 4927/5056 4951/5085
f 4935/5065 4928/5057 4937/5070
f 5018/5156 4960/5094 4961/5095
f 5018/5156 5019/5157 4960/5094
f 2784/2783 2785/2784 2761/2760
f 5052/5190 4964/5098 5055/5193
f 2765/2764 2762/2761 2763/2762
f 5051/5189 4993/5130 5052/5190
f 5035/5173 5004/5142 4982/5119
f 2766/2765 2764/2763 2718/2717
f 2752/2751 2778/2777 2756/2755
f 2737/2736 2733/2732 2617/2616
f 2737/2736 2617/2616 2618/2617
f 2708/2707 2709/2708 2657/2656
f 2811/2810 2810/2809 2808/2807
f 5018/5156 5038/5176 5063/5201
f 2784/2783 2818/2817 2819/2818
f 5051/5189 5052/5190 5053/5191
f 5015/5153 5004/5142 5035/5173
f 2767/2766 2764/2763 2766/2765
f 2768/2767 2767/2766 2766/2765
f 4953/5087 4988/5125 5005/5143
f 5001/5139 4992/5129 5047/5185
f 2778/2777 2787/2786 2756/2755
f 4994/5132 4978/5115 5003/5141
f 4957/5091 4978/5115 4994/5132
f 2751/2750 2750/2749 2655/2654
f 4996/5134 4938/5071 4937/5070
f 4996/5134 4937/5070 4990/5127
f 4967/5101 4934/5064 4938/5071
f 2811/2810 2837/2836 2810/2809
f 2815/2814 2807/2806 2785/2784
f 2763/2762 2805/2804 2765/2764
f 5014/5152 4991/5128 5059/5197
f 2767/2766 2798/2797 2764/2763
f 5047/5185 4992/5129 5005/5143
f 4980/5117 4972/5106 4974/5108
f 4979/5116 4969/5103 4972/5106
f 4979/5116 4972/5106 4980/5117
f 4981/5118 4968/5102 4969/5103
f 2727/2726 2726/2725 2725/2724
f 4971/5105 4968/5102 4981/5118
f 2734/2733 2727/2726 2733/2732
f 2755/2754 2736/2735 2737/2736
f 5096/5234 5067/5205 5066/5204
f 5070/5208 5068/5206 5069/5207
f 5080/5218 5063/5201 5070/5208
f 5075/5213 5058/5196 5063/5201
f 2820/2819 2818/2817 2806/2805
f 5059/5197 5051/5189 5054/5192
f 2798/2797 2799/2798 2763/2762
f 2767/2766 2796/2795 2798/2797
f 5021/5159 5005/5143 5006/5144
f 2790/2789 2794/2793 2768/2767
f 5026/5164 5001/5139 5047/5185
f 2787/2786 2790/2789 2769/2768
f 5033/5171 5003/5141 5002/5140
f 2786/2785 2788/2787 2778/2777
f 5022/5160 5003/5141 5033/5171
f 2754/2753 2751/2750 2738/2737
f 4995/5133 4994/5132 5022/5160
f 2742/2741 2736/2735 2755/2754
f 2835/2834 2815/2814 2819/2818
f 5037/5175 5059/5197 5060/5198
f 2788/2787 2790/2789 2787/2786
f 5031/5169 5022/5160 5033/5171
f 2801/2800 2802/2801 2753/2752
f 4995/5133 5022/5160 5017/5155
f 2740/2739 2791/2790 2739/2738
f 2740/2739 2739/2738 2723/2722
f 5011/5149 4990/5127 5024/5162
f 5010/5148 5009/5147 5011/5149
f 2834/2833 2835/2834 2819/2818
f 2834/2833 2819/2818 2818/2817
f 2842/2841 2860/2859 2799/2798
f 2800/2799 2842/2841 2799/2798
f 5035/5173 5014/5152 5037/5175
f 5036/5174 5015/5153 5035/5173
f 2796/2795 2825/2824 2798/2797
f 5036/5174 5021/5159 5015/5153
f 2797/2796 2824/2823 2794/2793
f 2797/2796 2794/2793 2790/2789
f 5033/5171 5002/5140 5026/5164
f 5032/5170 5022/5160 5031/5169
f 5061/5199 4979/5116 5062/5200
f 4999/5137 4981/5118 4979/5116
f 2757/2756 2774/2773 2736/2735
f 4987/5124 4986/5123 4985/5122
f 2711/2710 2757/2756 2742/2741
f 5044/5182 5011/5149 5045/5183
f 5083/5221 5067/5205 5102/5240
f 5064/5202 5055/5193 5056/5194
f 2862/2861 2842/2841 2800/2799
f 2862/2861 2800/2799 2825/2824
f 2826/2825 2825/2824 2796/2795
f 2794/2793 2824/2823 2795/2794
f 2797/2796 2854/2853 2853/2852
f 2797/2796 2853/2852 2824/2823
f 2828/2827 2797/2796 2790/2789
f 2828/2827 2790/2789 2788/2787
f 2802/2801 2847/2846 2789/2788
f 2792/2791 2793/2792 2754/2753
f 2804/2803 2792/2791 2791/2790
f 2803/2802 2827/2826 2740/2739
f 4998/5136 4999/5137 5034/5172
f 5024/5162 4987/5124 5023/5161
f 2770/2769 2771/2770 2758/2757
f 2856/2855 2857/2856 2817/2816
f 5077/5215 5056/5194 5076/5214
f 2840/2839 2841/2840 2834/2833
f 2891/2890 2860/2859 2842/2841
f 2824/2823 2826/2825 2795/2794
f 2824/2823 2853/2852 2852/2851
f 2846/2845 2847/2846 2802/2801
f 5030/5168 5032/5170 5031/5169
f 2793/2792 2843/2842 2801/2800
f 2827/2826 2848/2847 2804/2803
f 2775/2774 2776/2775 2735/2734
f 2772/2771 2773/2772 2757/2756
f 2771/2770 2772/2771 2757/2756
f 5045/5183 5024/5162 5023/5161
f 5039/5177 5010/5148 5040/5178
f 5127/5265 5102/5240 5126/5264
f 5128/5266 5081/5219 5083/5221
f 2841/2840 2855/2854 2834/2833
f 2891/2890 2892/2891 2860/2859
f 5049/5187 5043/5181 5036/5174
f 5028/5166 5043/5181 5049/5187
f 2852/2851 2826/2825 2824/2823
f 2830/2829 2773/2772 2772/2771
f 5071/5209 5045/5183 5023/5161
f 5082/5220 5081/5219 5129/5267
f 5082/5220 5079/5217 5081/5219
f 5108/5246 5077/5215 5079/5217
f 2863/2862 2864/2863 2896/2895
f 5104/5242 5049/5187 5050/5188
f 5104/5242 5028/5166 5049/5187
f 2843/2842 2844/2843 2845/2844
f 2844/2843 2843/2842 2793/2792
f 5119/5257 5100/5238 5112/5250
f 2850/2849 2848/2847 2827/2826
f 2879/2878 2850/2849 2823/2822
f 2829/2828 2830/2829 2772/2771
f 2829/2828 2772/2771 2821/2820
f 5124/5262 5085/5223 5110/5248
f 5122/5260 5050/5188 5085/5223
f 2875/2874 2874/2873 2854/2853
f 2880/2879 2879/2878 2823/2822
f 2880/2879 2823/2822 2822/2821
f 5073/5211 5045/5183 5072/5210
f 2922/2921 2919/2918 2882/2881
f 5148/5286 5127/5265 5153/5291
f 5149/5287 5129/5267 5147/5285
f 2885/2884 2923/2922 2886/2885
f 2858/2857 2885/2884 2859/2858
f 5110/5248 5109/5247 5136/5274
f 2896/2895 2894/2893 2895/2894
f 5123/5261 5050/5188 5122/5260
f 2903/2902 2881/2880 2873/2872
f 5130/5268 5086/5224 5088/5226
f 2866/2865 2905/2904 2851/2850
f 5135/5273 5082/5220 5137/5275
f 2884/2883 2858/2857 2861/2860
f 2896/2895 2915/2914 2894/2893
f 2903/2902 2911/2910 2881/2880
f 2874/2873 2926/2925 2903/2902
f 5099/5237 5098/5236 5097/5235
f 5130/5268 5088/5226 5119/5257
f 2906/2905 2889/2888 2872/2871
f 5131/5269 5120/5258 5086/5224
f 2867/2866 2866/2865 2865/2864
f 5151/5289 5148/5286 5152/5290
f 5151/5289 5147/5285 5148/5286
f 2934/2933 2915/2914 2896/2895
f 5161/5299 5123/5261 5122/5260
f 5139/5277 5050/5188 5140/5278
f 2890/2889 2928/2927 2904/2903
f 2927/2926 2888/2887 2889/2888
f 5130/5268 5119/5257 5099/5237
f 5130/5268 5099/5237 5142/5280
f 2907/2906 2918/2917 2905/2904
f 5131/5269 5121/5259 5120/5258
f 2920/2919 2921/2920 2922/2921
f 2946/2945 2945/2944 2923/2922
f 5124/5262 5136/5274 5168/5306
f 2876/2875 2928/2927 2890/2889
f 2929/2928 2876/2875 2877/2876
f 5142/5280 5099/5237 5107/5245
f 5117/5255 5114/5252 5133/5271
f 5116/5254 5072/5210 5117/5255
f 5116/5254 5115/5253 5072/5210
f 5151/5289 5152/5290 5181/5319
f 5175/5313 5150/5288 5151/5289
f 5175/5313 5151/5289 5176/5314
f 2945/2944 2920/2919 2923/2922
f 2917/2916 2950/2949 2924/2923
f 2917/2916 2924/2923 2884/2883
f 2915/2914 2936/2935 2916/2915
f 5170/5308 5125/5263 5124/5262
f 5161/5299 5122/5260 5162/5300
f 2929/2928 2928/2927 2876/2875
f 2930/2929 2877/2876 2927/2926
f 2914/2913 2901/2900 2898/2897
f 5132/5270 5117/5255 5133/5271
f 2870/2869 2899/2898 2898/2897
f 5101/5239 5115/5253 5116/5254
f 5181/5319 5152/5290 5182/5320
f 2959/2958 2957/2956 2920/2919
f 5177/5315 5175/5313 5176/5314
f 2950/2949 2970/2969 2946/2945
f 5180/5318 5169/5307 5178/5316
f 2936/2935 2949/2948 2916/2915
f 2934/2933 2935/2934 2915/2914
f 2939/2938 2938/2937 2934/2933
f 2937/2936 2939/2938 2940/2939
f 5163/5301 5140/5278 5161/5299
f 2943/2942 2942/2941 2931/2930
f 5143/5281 5142/5280 5141/5279
f 2961/2960 2930/2929 2947/2946
f 5156/5294 5145/5283 5157/5295
f 2948/2947 2918/2917 2907/2906
f 5156/5294 5138/5276 5145/5283
f 2976/2975 2958/2957 2957/2956
f 2959/2958 2975/2974 2957/2956
f 5178/5316 5175/5313 5177/5315
f 5212/5350 5172/5310 5180/5318
f 5170/5308 5168/5306 5172/5310
f 5164/5302 5140/5278 5163/5301
f 5165/5303 5141/5279 5140/5278
f 5165/5303 5140/5278 5164/5302
f 2969/2968 2929/2928 2930/2929
f 5159/5297 5142/5280 5143/5281
f 2952/2951 2948/2947 2909/2908
f 2932/2931 2952/2951 2909/2908
f 2902/2901 2899/2898 2900/2899
f 5158/5296 5116/5254 5118/5256
f 2975/2974 2976/2975 2957/2956
f 5201/5339 5178/5316 5202/5340
f 2980/2979 2970/2969 2950/2949
f 2935/2934 2954/2953 2936/2935
f 2938/2937 2935/2934 2934/2933
f 2937/2936 2938/2937 2939/2938
f 2942/2941 2937/2936 2941/2940
f 2986/2985 2987/2986 2969/2968
f 2985/2984 2969/2968 2961/2960
f 5185/5323 5157/5295 5160/5298
f 2963/2962 2962/2961 2947/2946
f 2953/2952 2932/2931 2902/2901
f 5146/5284 5118/5256 5132/5270
f 5146/5284 5132/5270 5166/5304
f 5158/5296 5118/5256 5174/5312
f 5206/5344 5179/5317 5181/5319
f 2960/2959 2977/2976 2959/2958
f 5205/5343 5202/5340 5177/5315
f 5214/5352 5201/5339 5202/5340
f 2981/2980 2960/2959 2970/2969
f 5192/5330 5163/5301 5162/5300
f 2971/2970 2942/2941 2943/2942
f 5196/5334 5143/5281 5165/5303
f 5195/5333 5143/5281 5196/5334
f 2965/2964 2963/2962 2948/2947
f 5189/5327 5156/5294 5188/5326
f 2974/2973 2953/2952 2902/2901
f 3002/3001 2978/2977 2976/2975
f 5206/5344 5203/5341 5220/5358
f 2979/2978 2950/2949 2951/2950
f 5215/5353 5211/5349 5212/5350
f 5217/5355 5171/5309 5211/5349
f 2955/2954 2938/2937 2937/2936
f 5194/5332 5192/5330 5199/5337
f 2942/2941 2972/2971 2937/2936
f 5196/5334 5197/5335 5231/5369
f 2986/2985 2969/2968 2985/2984
f 2984/2983 2985/2984 2961/2960
f 2974/2973 2996/2995 2953/2952
f 3000/2999 3001/3000 2976/2975
f 3000/2999 2976/2975 2977/2976
f 5214/5352 5202/5340 5219/5357
f 2994/2993 2979/2978 2951/2950
f 5198/5336 5194/5332 5199/5337
f 2971/2970 2972/2971 2942/2941
f 2964/2963 2962/2961 2963/2962
f 2968/2967 2965/2964 2952/2951
f 5230/5368 5174/5312 5200/5338
f 3001/3000 3002/3001 2976/2975
f 2999/2998 3000/2999 2977/2976
f 5219/5357 5202/5340 5205/5343
f 5219/5357 5205/5343 5222/5360
f 5218/5356 5213/5351 5214/5352
f 3007/3006 2981/2980 2979/2978
f 5215/5353 5213/5351 5218/5356
f 2995/2994 2994/2993 2982/2981
f 2995/2994 2982/2981 2956/2955
f 5242/5380 5240/5378 5217/5355
f 2983/2982 2995/2994 2956/2955
f 3004/3003 2983/2982 2955/2954
f 5198/5336 5199/5337 5228/5366
f 2988/2987 2990/2989 2972/2971
f 5231/5369 5197/5335 5229/5367
f 5208/5346 5187/5325 5207/5345
f 5209/5347 5185/5323 5208/5346
f 2967/2966 2965/2964 2968/2967
f 5235/5373 5166/5304 5224/5362
f 5186/5324 5230/5368 5226/5364
f 5258/5396 5223/5361 5220/5358
f 5218/5356 5214/5352 5219/5357
f 3048/3047 2999/2998 3007/3006
f 5241/5379 5215/5353 5218/5356
f 3043/3042 2994/2993 2995/2994
f 5241/5379 5217/5355 5215/5353
f 5242/5380 5217/5355 5241/5379
f 5263/5401 5193/5331 5240/5378
f 3005/3004 3006/3005 2972/2971
f 5229/5367 5197/5335 5198/5336
f 5232/5370 5196/5334 5231/5369
f 5207/5345 5195/5333 5210/5348
f 2992/2991 2986/2985 2984/2983
f 5266/5404 5208/5346 5207/5345
f 2991/2990 2992/2991 2984/2983
f 2991/2990 2984/2983 2964/2963
f 5234/5372 5184/5322 5209/5347
f 5234/5372 5191/5329 5184/5322
f 5236/5374 5190/5328 5191/5329
f 2967/2966 2966/2965 2965/2964
f 5226/5364 5230/5368 5200/5338
f 5225/5363 5186/5324 5226/5364
f 3052/3051 3002/3001 3001/3000
f 5257/5395 5222/5360 5221/5359
f 3047/3046 3000/2999 2999/2998
f 3044/3043 3007/3006 2994/2993
f 3042/3041 3043/3042 2995/2994
f 3040/3039 2983/2982 3004/3003
f 5278/5416 5263/5401 5240/5378
f 5278/5416 5240/5378 5277/5415
f 3039/3038 3040/3039 3004/3003
f 3039/3038 3004/3003 3006/3005
f 2989/2988 2990/2989 2988/2987
f 5233/5371 5207/5345 5210/5348
f 5267/5405 5208/5346 5266/5404
f 2966/2965 2993/2992 2991/2990
f 5260/5398 5191/5329 5234/5372
f 2997/2996 2966/2965 2967/2966
f 5237/5375 5224/5362 5236/5374
f 5226/5364 5200/5338 5244/5382
f 5281/5419 5255/5393 5256/5394
f 5281/5419 5258/5396 5255/5393
f 5257/5395 5223/5361 5258/5396
f 5257/5395 5221/5359 5223/5361
f 3000/2999 3049/3048 3001/3000
f 5250/5388 5218/5356 5219/5357
f 5241/5379 5218/5356 5250/5388
f 3067/3066 3044/3043 3043/3042
f 5277/5415 5242/5380 5254/5392
f 5277/5415 5240/5378 5242/5380
f 5264/5402 5229/5367 5228/5366
f 5238/5376 5229/5367 5264/5402
f 5233/5371 5210/5348 5232/5370
f 5267/5405 5266/5404 5268/5406
f 3053/3052 2992/2991 2991/2990
f 5239/5377 5208/5346 5267/5405
f 5246/5384 5235/5373 5224/5362
f 5246/5384 5224/5362 5237/5375
f 3010/3009 2997/2996 2996/2995
f 5245/5383 5226/5364 5244/5382
f 5257/5395 5258/5396 5281/5419
f 5259/5397 5219/5357 5222/5360
f 3050/3049 3000/2999 3047/3046
f 3050/3049 3047/3046 3048/3047
f 3051/3050 3048/3047 3044/3043
f 3067/3066 3082/3081 3044/3043
f 5254/5392 5242/5380 5241/5379
f 5254/5392 5241/5379 5253/5391
f 3060/3059 3041/3040 3040/3039
f 5264/5402 5228/5366 5265/5403
f 5279/5417 5232/5370 5238/5376
f 5283/5421 5233/5371 5276/5414
f 3054/3053 3056/3055 2989/2988
f 5243/5381 5233/5371 5283/5421
f 3053/3052 2989/2988 2992/2991
f 5268/5406 5266/5404 5243/5381
f 3058/3057 3053/3052 2993/2992
f 5274/5412 5239/5377 5267/5405
f 5298/5436 5281/5419 5282/5420
f 3063/3062 3061/3060 3052/3051
f 3064/3063 3052/3051 3049/3048
f 3051/3050 3050/3049 3048/3047
f 5251/5389 5250/5388 5248/5386
f 5253/5391 5241/5379 5251/5389
f 5296/5434 5254/5392 5253/5391
f 3067/3066 3043/3042 3042/3041
f 5299/5437 5277/5415 5254/5392
f 3078/3077 3075/3074 3041/3040
f 5303/5441 5278/5416 5277/5415
f 3060/3059 3078/3077 3041/3040
f 3057/3056 3039/3038 3005/3004
f 3057/3056 3005/3004 3056/3055
f 5284/5422 5243/5381 5283/5421
f 5268/5406 5243/5381 5284/5422
f 5271/5409 5246/5384 5262/5400
f 5271/5409 5244/5382 5246/5384
f 5270/5408 5244/5382 5271/5409
f 3009/3008 3045/3044 3008/3007
f 3552/3569 3062/3061 3063/3062
f 5297/5435 5281/5419 5298/5436
f 5297/5435 5257/5395 5281/5419
f 5247/5385 5248/5386 5249/5387
f 3066/3065 3050/3049 3051/3050
f 5252/5390 5251/5389 5248/5386
f 3082/3081 3084/3083 3051/3050
f 3085/3084 3083/3082 3067/3066
f 3085/3084 3067/3066 3042/3041
f 3086/3085 3085/3084 3042/3041
f 5303/5441 5277/5415 5299/5437
f 5289/5427 5265/5403 5275/5413
f 5288/5426 5265/5403 5289/5427
f 5290/5428 5279/5417 5287/5425
f 3054/3053 3057/3056 3056/3055
f 5276/5414 5279/5417 5280/5418
f 5300/5438 5284/5422 5283/5421
f 3071/3070 3070/3069 3054/3053
f 5285/5423 5268/5406 5284/5422
f 5267/5405 5268/5406 5285/5423
f 5273/5411 5272/5410 5291/5429
f 3073/3072 3058/3057 3038/3037
f 5286/5424 5262/5400 5261/5399
f 3045/3044 3046/3045 3010/3009
f 3554/3571 3062/3061 3552/3569
f 5747/5911 5297/5435 5298/5436
f 3553/3570 3552/3569 3063/3062
f 5293/5431 5249/5387 5259/5397
f 5293/5431 5247/5385 5249/5387
f 3065/3064 3064/3063 3050/3049
f 3065/3064 3050/3049 3066/3065
f 5745/5909 5248/5386 5247/5385
f 5252/5390 5248/5386 5745/5909
f 5304/5442 5275/5413 5303/5441
f 5302/5440 5276/5414 5280/5418
f 3070/3069 3069/3068 3054/3053
f 5300/5438 5283/5421 5276/5414
f 5300/5438 5276/5414 5302/5440
f 5301/5439 5284/5422 5300/5438
f 5751/5915 5274/5412 5285/5423
f 5294/5432 5273/5411 5291/5429
f 3074/3073 3080/3079 3073/3072
f 5286/5424 5273/5411 5294/5432
f 3079/3078 3074/3073 3046/3045
f 5286/5424 5271/5409 5262/5400
f 5744/5908 5252/5390 5745/5909
f 3558/3575 3066/3065 3084/3083
f 5744/5908 5253/5391 5252/5390
f 5743/5907 5253/5391 5744/5908
f 5296/5434 5253/5391 5743/5907
f 5742/5906 5299/5437 5296/5434
f 3086/3085 3565/3582 3085/3084
f 3567/3584 3086/3085 3075/3074
f 3550/3567 3075/3074 3078/3077
f 5304/5442 5303/5441 5299/5437
f 3551/3568 3550/3567 3078/3077
f 5308/5446 5275/5413 5304/5442
f 3077/3076 3078/3077 3060/3059
f 5290/5428 5287/5425 5731/5895
f 3069/3068 3077/3076 3057/3056
f 5302/5440 5280/5418 5290/5428
f 5720/5884 5300/5438 5733/5897
f 5301/5439 5300/5438 5720/5884
f 3089/3088 3090/3089 3072/3071
f 3089/3088 3072/3071 3055/3054
f 3079/3078 3046/3045 3045/3044
f 3059/3058 3068/3067 3045/3044
f 5292/5430 5269/5407 5270/5408
f 5705/5869 5747/5911 5746/5910
f 3562/3579 3555/3572 3554/3571
f 5740/5904 5247/5385 5293/5431
f 3559/3576 3553/3570 3065/3064
f 5738/5902 5745/5909 5247/5385
f 3558/3575 3559/3576 3065/3064
f 3558/3575 3065/3064 3066/3065
f 3572/3589 3558/3575 3084/3083
f 5742/5906 5296/5434 5743/5907
f 3567/3584 3566/3583 3086/3085
f 5735/5899 5288/5426 5308/5446
f 5735/5899 5287/5425 5288/5426
f 5731/5895 5287/5425 5735/5899
f 5730/5894 5290/5428 5731/5895
f 3076/3075 3077/3076 3069/3068
f 3563/3580 3576/3593 3069/3068
f 3563/3580 3069/3068 3070/3069
f 5713/5877 5720/5884 5733/5897
f 3564/3581 3563/3580 3070/3069
f 3564/3581 3070/3069 3088/3087
f 3087/3086 3071/3070 3072/3071
f 3090/3089 3087/3086 3072/3071
f 5750/5914 5751/5915 5285/5423
f 5291/5429 5751/5915 5750/5914
f 3081/3080 3568/3585 3080/3079
f 3081/3080 3080/3079 3074/3073
f 3562/3579 3554/3571 3553/3570
f 5706/5870 5748/5912 5747/5911
f 5706/5870 5747/5911 5705/5869
f 3560/3577 3562/3579 3553/3570
f 5749/5913 5297/5435 5748/5912
f 3559/3576 3560/3577 3553/3570
f 5740/5904 5293/5431 5749/5913
f 5738/5902 5247/5385 5740/5904
f 5727/5891 5744/5908 5745/5909
f 3561/3578 3559/3576 3558/3575
f 3590/3607 3572/3589 3083/3082
f 3566/3583 3592/3609 3083/3082
f 3566/3583 3083/3082 3565/3582
f 5726/5890 5299/5437 5742/5906
f 3595/3612 3567/3584 3550/3567
f 3580/3597 3595/3612 3551/3568
f 5308/5446 5304/5442 5737/5901
f 5729/5893 5731/5895 5735/5899
f 5732/5896 5302/5440 5290/5428
f 3576/3593 3076/3075 3069/3068
f 5750/5914 5285/5423 5301/5439
f 5716/5880 5291/5429 5750/5914
f 5739/5903 5291/5429 5716/5880
f 5741/5905 5286/5424 5294/5432
f 5307/5445 5286/5424 5741/5905
f 5305/5443 5307/5445 5719/5883
f 3557/3574 3079/3078 3068/3067
f 3600/3617 3587/3604 3562/3579
f 3572/3589 3561/3578 3558/3575
f 5724/5888 5744/5908 5727/5891
f 5723/5887 5742/5906 5743/5907
f 5725/5889 5742/5906 5723/5887
f 5726/5890 5742/5906 5725/5889
f 3595/3612 3594/3611 3567/3584
f 5736/5900 5308/5446 5737/5901
f 3579/3596 3578/3595 3077/3076
f 5730/5894 5731/5895 5729/5893
f 3576/3593 3584/3601 3076/3075
f 5713/5877 5733/5897 5732/5896
f 5713/5877 5732/5896 5707/5871
f 3577/3594 3563/3580 3564/3581
f 3091/3090 3087/3086 3090/3089
f 3571/3588 3091/3090 3090/3089
f 3570/3587 3571/3588 3089/3088
f 3570/3587 3089/3088 3568/3585
f 3573/3590 3081/3080 3079/3078
f 5718/5882 5307/5445 5741/5905
f 5719/5883 5307/5445 5718/5882
f 3573/3590 3079/3078 3557/3574
f 3600/3617 3562/3579 3560/3577
f 3599/3616 3600/3617 3560/3577
f 3599/3616 3560/3577 3559/3576
f 3599/3616 3559/3576 3598/3615
f 5714/5878 5727/5891 5738/5902
f 5714/5878 5738/5902 5696/5860
f 3594/3611 3593/3610 3566/3583
f 5728/5892 5737/5901 5726/5890
f 5728/5892 5736/5900 5737/5901
f 3583/3600 3578/3595 3579/3596
f 3606/3623 3584/3601 3576/3593
f 3585/3602 3577/3594 3564/3581
f 3585/3602 3564/3581 3087/3086
f 3091/3090 3585/3602 3087/3086
f 5717/5881 5750/5914 5301/5439
f 5715/5879 5739/5903 5716/5880
f 5715/5879 5741/5905 5739/5903
f 3575/3592 3574/3591 3573/3590
f 3575/3592 3573/3590 3557/3574
f 5721/5885 5306/5444 5305/5443
f 5722/5886 5306/5444 5721/5885
f 5687/5851 5706/5870 5688/5852
f 5706/5870 5710/5874 5748/5912
f 5709/5873 5740/5904 5710/5874
f 3603/3620 3599/3616 3598/3615
f 3589/3606 3561/3578 3572/3589
f 5724/5888 5727/5891 5714/5878
f 3590/3607 3589/3606 3572/3589
f 3591/3608 3590/3607 3592/3609
f 3593/3610 3591/3608 3592/3609
f 5697/5861 5698/5862 5725/5889
f 5698/5862 5726/5890 5725/5889
f 3580/3597 3637/3654 3595/3612
f 3581/3598 3625/3642 3580/3597
f 5671/5835 5736/5900 5728/5892
f 5735/5899 5736/5900 5671/5835
f 5708/5872 5713/5877 5707/5871
f 3607/3624 3606/3623 3576/3593
f 5712/5876 5713/5877 5708/5872
f 3613/3630 3585/3602 3091/3090
f 5717/5881 5720/5884 5712/5876
f 5692/5856 5716/5880 5717/5881
f 3609/3626 3570/3587 3569/3586
f 3610/3627 3609/3626 3569/3586
f 5689/5853 5719/5883 5718/5882
f 5702/5866 5719/5883 5689/5853
f 5703/5867 5719/5883 5702/5866
f 3633/3650 3634/3651 3574/3591
f 3633/3650 3574/3591 3575/3592
f 5683/5847 5700/5864 5704/5868
f 5682/5846 5700/5864 5683/5847
f 5654/5818 5688/5852 5700/5864
f 5654/5818 5700/5864 5682/5846
f 5680/5844 5710/5874 5706/5870
f 5680/5844 5706/5870 5687/5851
f 5680/5844 5676/5840 5710/5874
f 5696/5860 5709/5873 5676/5840
f 5694/5858 5714/5878 5696/5860
f 5695/5859 5724/5888 5714/5878
f 5695/5859 5723/5887 5724/5888
f 3591/3608 3589/3606 3590/3607
f 5697/5861 5723/5887 5699/5863
f 3636/3653 3593/3610 3594/3611
f 3636/3653 3594/3611 3595/3612
f 5670/5834 5728/5892 5698/5862
f 3626/3643 3637/3654 3580/3597
f 3618/3635 3619/3636 3583/3600
f 3606/3623 3618/3635 3583/3600
f 3606/3623 3583/3600 3584/3601
f 5711/5875 5707/5871 5729/5893
f 5662/5826 5708/5872 5707/5871
f 5677/5841 5708/5872 5662/5826
f 3614/3631 3615/3632 3585/3602
f 3613/3630 3614/3631 3585/3602
f 5692/5856 5717/5881 5693/5857
f 5690/5854 5715/5879 5691/5855
f 5690/5854 5718/5882 5715/5879
f 5657/5821 5722/5886 5721/5885
f 5657/5821 5721/5885 5675/5839
f 3596/3613 3633/3650 3575/3592
f 3623/3640 3588/3605 3587/3604
f 3605/3622 3623/3640 3587/3604
f 3605/3622 3587/3604 3600/3617
f 3605/3622 3600/3617 3601/3618
f 5653/5817 5687/5851 5688/5852
f 3602/3619 3601/3618 3599/3616
f 3617/3634 3603/3620 3598/3615
f 5695/5859 5714/5878 5694/5858
f 3617/3634 3598/3615 3597/3614
f 3616/3633 3597/3614 3589/3606
f 3616/3633 3589/3606 3591/3608
f 5699/5863 5723/5887 5695/5859
f 3632/3649 3591/3608 3593/3610
f 5669/5833 5698/5862 5697/5861
f 3582/3599 3625/3642 3581/3598
f 5734/5898 5735/5899 5671/5835
f 5711/5875 5729/5893 5673/5837
f 5663/5827 5707/5871 5711/5875
f 5677/5841 5712/5876 5708/5872
f 5678/5842 5712/5876 5677/5841
f 3648/3665 3614/3631 3613/3630
f 5693/5857 5717/5881 5712/5876
f 3609/3626 3612/3629 3571/3588
f 3635/3652 3610/3627 3574/3591
f 5681/5845 5702/5866 5689/5853
f 5681/5845 5689/5853 5629/5793
f 5652/5816 5702/5866 5681/5845
f 5652/5816 5703/5867 5702/5866
f 5664/5828 5703/5867 5652/5816
f 3666/3683 3665/3682 3633/3650
f 3604/3621 3605/3622 3601/3618
f 3602/3619 3604/3621 3601/3618
f 5645/5809 5680/5844 5687/5851
f 5645/5809 5687/5851 5653/5817
f 3602/3619 3599/3616 3603/3620
f 3638/3655 3602/3619 3603/3620
f 3617/3634 3638/3655 3603/3620
f 3629/3646 3617/3634 3597/3614
f 5679/5843 5699/5863 5695/5859
f 5668/5832 5699/5863 5679/5843
f 3628/3645 3591/3608 3632/3649
f 5669/5833 5670/5834 5698/5862
f 3627/3644 3625/3642 3582/3599
f 3619/3636 3627/3644 3582/3599
f 5663/5827 5711/5875 5673/5837
f 3622/3639 3606/3623 3607/3624
f 5656/5820 5677/5841 5662/5826
f 5674/5838 5677/5841 5656/5820
f 3608/3625 3641/3658 3607/3624
f 3648/3665 3679/3696 3614/3631
f 3647/3664 3648/3665 3613/3630
f 3647/3664 3613/3630 3612/3629
f 3660/3677 3666/3683 3633/3650
f 3670/3687 3624/3641 3623/3640
f 5616/5780 5653/5817 5654/5818
f 5648/5812 5696/5860 5676/5840
f 5648/5812 5676/5840 5637/5801
f 3639/3656 3638/3655 3617/3634
f 5665/5829 5694/5858 5648/5812
f 5679/5843 5694/5858 5665/5829
f 3629/3646 3639/3656 3617/3634
f 5679/5843 5695/5859 5694/5858
f 3631/3648 3630/3647 3628/3645
f 3649/3666 3628/3645 3632/3649
f 3649/3666 3632/3649 3636/3653
f 3650/3667 3636/3653 3637/3654
f 3656/3673 3637/3654 3626/3643
f 5644/5808 5671/5835 5670/5834
f 3667/3684 3627/3644 3619/3636
f 5673/5837 5734/5898 5671/5835
f 3668/3685 3667/3684 3619/3636
f 3621/3638 3618/3635 3606/3623
f 3622/3639 3621/3638 3606/3623
f 5662/5826 5663/5827 5641/5805
f 3641/3658 3622/3639 3607/3624
f 5674/5838 5678/5842 5677/5841
f 5659/5823 5693/5857 5660/5824
f 5667/5831 5691/5855 5659/5823
f 3611/3628 3612/3629 3609/3626
f 5701/5865 5691/5855 5667/5831
f 3643/3660 3642/3659 3635/3652
f 5666/5830 5689/5853 5690/5854
f 5666/5830 5690/5854 5684/5848
f 5628/5792 5652/5816 5681/5845
f 5603/5767 5664/5828 5652/5816
f 5603/5767 5652/5816 5628/5792
f 5603/5767 5675/5839 5664/5828
f 5655/5819 5682/5846 5621/5785
f 5618/5782 5654/5818 5655/5819
f 3640/3657 3671/3688 3605/3622
f 5616/5780 5654/5818 5618/5782
f 3640/3657 3605/3622 3604/3621
f 5614/5778 5645/5809 5653/5817
f 5614/5778 5653/5817 5616/5780
f 3640/3657 3604/3621 3602/3619
f 3638/3655 3640/3657 3602/3619
f 5647/5811 5668/5832 5679/5843
f 5649/5813 5668/5832 5647/5811
f 3649/3666 3631/3648 3628/3645
f 5650/5814 5668/5832 5649/5813
f 5651/5815 5669/5833 5650/5814
f 3656/3673 3655/3672 3637/3654
f 3656/3673 3626/3643 3625/3642
f 3658/3675 3656/3673 3625/3642
f 3658/3675 3625/3642 3627/3644
f 5604/5768 5671/5835 5644/5808
f 3667/3684 3658/3675 3627/3644
f 5673/5837 5671/5835 5672/5836
f 3621/3638 3669/3686 3618/3635
f 5641/5805 5663/5827 5640/5804
f 3620/3637 3621/3638 3622/3639
f 3680/3697 3641/3658 3608/3625
f 3681/3698 3608/3625 3679/3696
f 3646/3663 3648/3665 3647/3664
f 5634/5798 5659/5823 5660/5824
f 3646/3663 3647/3664 3612/3629
f 5686/5850 5685/5849 5701/5865
f 5629/5793 5689/5853 5666/5830
f 3663/3680 3662/3679 3643/3660
f 3663/3680 3643/3660 3634/3651
f 5628/5792 5681/5845 5629/5793
f 3663/3680 3634/3651 3665/3682
f 5623/5787 5657/5821 5658/5822
f 5617/5781 5616/5780 5618/5782
f 3674/3691 3671/3688 3640/3657
f 5563/5727 5645/5809 5614/5778
f 5563/5727 5636/5800 5645/5809
f 3672/3689 3640/3657 3638/3655
f 3675/3692 3673/3690 3639/3656
f 3676/3693 3639/3656 3629/3646
f 3630/3647 3676/3693 3629/3646
f 5647/5811 5679/5843 5665/5829
f 3677/3694 3630/3647 3631/3648
f 3652/3669 3631/3648 3649/3666
f 3651/3668 3652/3669 3649/3666
f 3650/3667 3651/3668 3649/3666
f 5639/5803 5651/5815 5650/5814
f 3655/3672 3650/3667 3637/3654
f 5605/5769 5673/5837 5672/5836
f 5640/5804 5673/5837 5605/5769
f 5642/5806 5662/5826 5641/5805
f 3680/3697 3682/3699 3641/3658
f 3681/3698 3680/3697 3608/3625
f 5619/5783 5674/5838 5656/5820
f 5635/5799 5660/5824 5674/5838
f 5635/5799 5674/5838 5619/5783
f 3646/3663 3690/3707 3648/3665
f 5633/5797 5659/5823 5634/5798
f 5633/5797 5661/5825 5659/5823
f 3645/3662 3611/3628 3610/3627
f 3644/3661 3645/3662 3610/3627
f 5666/5830 5684/5848 5631/5795
f 3662/3679 3664/3681 3642/3659
f 3662/3679 3642/3659 3643/3660
f 5603/5767 5628/5792 5602/5766
f 3663/3680 3665/3682 3666/3683
f 5600/5764 5624/5788 5603/5767
f 5618/5782 5655/5819 5621/5785
f 3683/3700 3670/3687 3671/3688
f 3672/3689 3674/3691 3640/3657
f 5564/5728 5637/5801 5636/5800
f 3673/3690 3672/3689 3638/3655
f 5566/5730 5648/5812 5637/5801
f 5625/5789 5665/5829 5648/5812
f 3676/3693 3675/3692 3639/3656
f 5647/5811 5665/5829 5625/5789
f 3652/3669 3653/3670 3631/3648
f 5609/5773 5650/5814 5649/5813
f 5609/5773 5639/5803 5650/5814
f 3657/3674 3655/3672 3656/3673
f 3659/3676 3657/3674 3656/3673
f 3659/3676 3656/3673 3658/3675
f 3693/3710 3689/3706 3667/3684
f 3693/3710 3667/3684 3668/3685
f 3669/3686 3693/3710 3668/3685
f 5592/5756 5640/5804 5605/5769
f 3687/3704 3669/3686 3621/3638
f 3682/3699 3687/3704 3621/3638
f 3682/3699 3621/3638 3620/3637
f 5622/5786 5619/5783 5656/5820
f 5627/5791 5701/5865 5667/5831
f 5686/5850 5701/5865 5627/5791
f 5632/5796 5685/5849 5686/5850
f 5632/5796 5631/5795 5685/5849
f 3703/3720 3664/3681 3662/3679
f 5617/5781 5618/5782 5615/5779
f 5614/5778 5616/5780 5613/5777
f 3699/3716 3672/3689 3673/3690
f 5566/5730 5637/5801 5564/5728
f 3708/3725 3711/3728 3675/3692
f 3708/3725 3675/3692 3676/3693
f 5567/5731 5647/5811 5625/5789
f 3678/3695 3708/3725 3676/3693
f 5611/5775 5647/5811 5567/5731
f 5610/5774 5649/5813 5611/5775
f 3653/3670 3678/3695 3677/3694
f 5610/5774 5609/5773 5649/5813
f 5608/5772 5639/5803 5609/5773
f 5607/5771 5638/5802 5639/5803
f 5612/5776 5638/5802 5607/5771
f 5612/5776 5644/5808 5638/5802
f 5586/5750 5644/5808 5612/5776
f 5589/5753 5605/5769 5578/5742
f 3714/3731 3693/3710 3669/3686
f 5592/5756 5605/5769 5589/5753
f 5593/5757 5642/5806 5641/5805
f 3681/3698 3716/3733 3680/3697
f 5572/5736 5619/5783 5622/5786
f 5574/5738 5635/5799 5619/5783
f 5574/5738 5619/5783 5572/5736
f 3691/3708 3690/3707 3646/3663
f 5633/5797 5634/5798 5606/5770
f 3692/3709 3691/3708 3645/3662
f 5627/5791 5667/5831 5643/5807
f 3686/3703 3692/3709 3645/3662
f 3686/3703 3645/3662 3644/3661
f 3688/3705 3686/3703 3644/3661
f 5632/5796 5686/5850 5627/5791
f 3688/3705 3644/3661 3664/3681
f 3705/3722 3688/3705 3664/3681
f 5630/5794 5666/5830 5631/5795
f 3703/3720 3705/3722 3664/3681
f 3661/3678 3662/3679 3663/3680
f 3661/3678 3663/3680 3666/3683
f 5585/5749 5584/5748 5618/5782
f 3685/3702 3684/3701 3683/3700
f 3700/3717 3685/3702 3671/3688
f 3700/3717 3671/3688 3674/3691
f 5613/5777 5617/5781 5615/5779
f 3699/3716 3700/3717 3674/3691
f 3699/3716 3674/3691 3672/3689
f 3722/3739 3699/3716 3673/3690
f 3722/3739 3673/3690 3711/3728
f 5567/5731 5625/5789 5566/5730
f 3654/3671 3650/3667 3655/3672
f 5569/5733 5578/5742 5604/5768
f 3693/3710 3725/3742 3689/3706
f 3717/3734 3687/3704 3682/3699
f 3715/3732 3717/3734 3682/3699
f 3718/3735 3681/3698 3690/3707
f 5596/5760 5627/5791 5626/5790
f 5632/5796 5627/5791 5596/5760
f 5601/5765 5602/5766 5630/5794
f 5600/5764 5603/5767 5602/5766
f 3661/3678 3702/3719 3662/3679
f 5561/5725 5563/5727 5613/5777
f 5562/5726 5563/5727 5561/5725
f 5562/5726 5564/5728 5563/5727
f 3723/3740 3722/3739 3711/3728
f 3723/3740 3711/3728 3708/3725
f 5582/5746 5611/5775 5567/5731
f 5577/5741 5610/5774 5582/5746
f 3653/3670 3696/3713 3678/3695
f 3694/3711 3695/3712 3652/3669
f 5579/5743 5609/5773 5610/5774
f 3654/3671 3651/3668 3650/3667
f 3701/3718 3712/3729 3657/3674
f 3701/3718 3657/3674 3659/3676
f 3730/3747 3725/3742 3693/3710
f 3714/3731 3730/3747 3693/3710
f 5593/5757 5592/5756 5591/5755
f 3717/3734 3729/3746 3687/3704
f 5595/5759 5622/5786 5594/5758
f 5595/5759 5572/5736 5622/5786
f 3718/3735 3716/3733 3681/3698
f 5606/5770 5574/5738 5573/5737
f 3732/3749 3718/3735 3690/3707
f 5575/5739 5633/5797 5606/5770
f 3732/3749 3690/3707 3691/3708
f 5581/5745 5643/5807 5633/5797
f 5581/5745 5633/5797 5575/5739
f 5590/5754 5643/5807 5581/5745
f 5596/5760 5631/5795 5632/5796
f 3737/3754 3688/3705 3705/3722
f 3721/3738 3705/3722 3703/3720
f 3720/3737 3721/3738 3703/3720
f 3720/3737 3703/3720 3702/3719
f 5583/5747 5584/5748 5585/5749
f 3724/3741 3684/3701 3685/3702
f 3727/3744 3685/3702 3700/3717
f 5561/5725 5613/5777 5615/5779
f 3726/3743 3727/3744 3700/3717
f 3726/3743 3700/3717 3699/3716
f 3726/3743 3699/3716 3722/3739
f 5565/5729 5566/5730 5564/5728
f 5565/5729 5564/5728 5562/5726
f 5577/5741 5582/5746 5553/5717
f 3651/3668 3694/3711 3652/3669
f 3736/3753 3712/3729 3701/3718
f 5555/5719 5612/5776 5607/5771
f 3725/3742 3736/3753 3701/3718
f 5588/5752 5593/5757 5591/5755
f 3739/3756 3729/3746 3717/3734
f 5587/5751 5593/5757 5588/5752
f 3733/3750 3739/3756 3717/3734
f 5587/5751 5594/5758 5593/5757
f 3772/3794 3732/3749 3692/3709
f 3721/3738 3737/3754 3705/3722
f 5576/5740 5630/5794 5597/5761
f 5601/5765 5630/5794 5576/5740
f 5601/5765 5600/5764 5602/5766
f 3704/3721 3702/3719 3661/3678
f 3727/3744 3728/3745 3685/3702
f 5557/5721 5561/5725 5584/5748
f 3698/3715 3697/3714 3654/3671
f 3698/3715 3654/3671 3712/3729
f 5554/5718 5555/5719 5580/5744
f 3713/3730 3698/3715 3712/3729
f 5569/5733 5507/5671 5568/5732
f 5569/5733 5568/5732 5578/5742
f 3729/3746 3746/3763 3714/3731
f 5544/5708 5595/5759 5594/5758
f 5544/5708 5594/5758 5587/5751
f 3732/3749 3716/3733 3718/3735
f 5573/5737 5574/5738 5547/5711
f 5575/5739 5606/5770 5573/5737
f 5543/5707 5590/5754 5581/5745
f 5548/5712 5590/5754 5543/5707
f 3737/3754 3771/3793 3762/3784
f 5576/5740 5597/5761 5550/5714
f 3706/3723 3719/3736 3702/3719
f 3704/3721 3706/3723 3702/3719
f 5599/5763 5600/5764 5601/5765
f 3706/3723 3704/3721 3661/3678
f 5558/5722 5561/5725 5557/5721
f 3758/3780 3726/3743 3722/3739
f 3759/3781 3758/3780 3722/3739
f 5527/5691 5551/5715 5553/5717
f 5552/5716 5577/5741 5551/5715
f 3744/3761 3745/3762 3695/3712
f 3744/3761 3695/3712 3694/3711
f 3734/3751 3744/3761 3694/3711
f 3750/3772 3782/3804 3736/3753
f 3730/3747 3750/3772 3736/3753
f 3751/3773 3746/3763 3729/3746
f 3752/3774 3751/3773 3739/3756
f 3754/3776 3716/3733 3732/3749
f 3766/3788 3771/3793 3737/3754
f 3738/3755 3766/3788 3737/3754
f 5571/5735 5601/5765 5576/5740
f 3747/3764 3748/3765 3720/3737
f 3747/3764 3720/3737 3719/3736
f 5599/5763 5601/5765 5571/5735
f 3775/3797 3763/3785 3728/3745
f 3757/3779 3775/3797 3727/3744
f 5559/5723 5562/5726 5560/5724
f 5506/5670 5554/5718 5505/5669
f 3781/3803 3735/3752 3698/3715
f 5511/5675 5548/5712 5543/5707
f 3731/3748 3719/3736 3706/3723
f 5599/5763 5530/5694 5598/5762
f 3743/3760 3742/3759 3706/3723
f 3777/3799 3775/3797 3757/3779
f 5535/5699 5565/5729 5534/5698
f 5521/5685 5551/5715 5527/5691
f 5504/5668 5552/5716 5551/5715
f 3796/3818 3797/3819 3745/3762
f 5504/5668 5505/5669 5552/5716
f 3790/3812 3789/3811 3734/3751
f 3790/3812 3734/3751 3735/3752
f 5537/5701 5568/5732 5507/5671
f 3773/3795 3774/3796 3751/3773
f 3773/3795 3751/3773 3752/3774
f 5525/5689 5544/5708 5545/5709
f 5526/5690 5544/5708 5525/5689
f 5541/5705 5573/5737 5547/5711
f 3765/3787 3766/3788 3738/3755
f 5497/5661 5550/5714 5495/5659
f 3747/3764 3787/3809 3748/3765
f 5520/5684 5571/5735 5539/5703
f 5530/5694 5571/5735 5520/5684
f 3741/3758 3731/3748 3706/3723
f 3777/3799 3763/3785 3775/3797
f 5534/5698 5559/5723 5558/5722
f 5534/5698 5558/5722 5533/5697
f 3755/3777 3799/3821 3756/3778
f 5521/5685 5527/5691 5515/5679
f 5503/5667 5506/5670 5505/5669
f 5492/5656 5507/5671 5506/5670
f 3786/3808 3787/3809 3747/3764
f 3776/3798 3763/3785 3777/3799
f 3760/3782 3780/3802 3758/3780
f 3801/3823 3799/3821 3755/3777
f 5515/5679 5504/5668 5521/5685
f 3798/3820 3801/3823 3755/3777
f 3800/3822 3797/3819 3796/3818
f 3810/3832 3788/3810 3789/3811
f 5523/5687 5546/5710 5538/5702
f 5528/5692 5529/5693 5530/5694
f 5516/5680 5532/5696 5517/5681
f 5518/5682 5533/5697 5532/5696
f 5518/5682 5532/5696 5516/5680
f 5513/5677 5533/5697 5518/5682
f 5513/5677 5534/5698 5533/5697
f 5515/5679 5535/5699 5514/5678
f 5501/5665 5504/5668 5515/5679
f 5510/5674 5523/5687 5538/5702
f 5510/5674 5538/5702 5512/5676
f 5482/5646 5525/5689 5523/5687
f 5486/5650 5541/5705 5531/5695
f 3794/3816 3795/3817 3769/3791
f 5508/5672 5511/5675 5542/5706
f 5465/5629 5495/5659 5496/5660
f 5466/5630 5520/5684 5519/5683
f 3807/3829 3806/3828 3787/3809
f 3807/3829 3787/3809 3786/3808
f 3825/3847 3818/3840 3761/3783
f 3820/3842 3821/3843 3776/3798
f 3822/3844 3820/3842 3779/3801
f 5500/5664 5515/5679 5514/5678
f 3833/3860 3840/3868 3799/3821
f 3833/3860 3799/3821 3801/3823
f 3845/3873 3808/3830 3810/3832
f 3791/3813 3809/3831 3790/3812
f 3783/3805 3792/3814 3782/3804
f 5491/5655 5477/5641 5492/5656
f 3812/3834 3803/3825 3802/3824
f 5499/5663 5525/5689 5482/5646
f 5487/5651 5509/5673 5486/5650
f 3804/3826 3765/3787 3784/3806
f 3829/3856 3821/3843 3820/3842
f 5470/5634 5518/5682 5516/5680
f 3847/3876 3848/3877 3800/3822
f 5480/5644 5489/5653 5485/5649
f 3819/3841 3792/3814 3783/3805
f 3837/3865 3805/3827 3826/3848
f 5473/5637 5512/5676 5493/5657
f 5472/5636 5512/5676 5473/5637
f 3811/3833 3802/3824 3795/3817
f 5498/5662 5486/5650 5522/5686
f 3814/3836 3811/3833 3795/3817
f 3814/3836 3795/3817 3794/3816
f 3864/3893 3827/3849 3818/3840
f 3846/3874 3864/3893 3818/3840
f 3846/3874 3818/3840 3825/3847
f 5463/5627 5467/5631 5464/5628
f 5470/5634 5513/5677 5518/5682
f 3830/3857 3829/3856 3822/3844
f 5471/5635 5513/5677 5470/5634
f 3843/3871 3822/3844 3824/3846
f 5488/5652 5461/5625 5500/5664
f 5488/5652 5500/5664 5514/5678
f 3828/3850 3844/3872 3809/3831
f 5474/5638 5477/5641 5475/5639
f 3805/3827 3858/3887 3793/3815
f 3816/3838 3803/3825 3812/3834
f 5452/5616 5486/5650 5498/5662
f 5450/5614 5508/5672 5487/5651
f 3817/3839 3836/3863 3804/3826
f 5465/5629 5496/5660 5449/5613
f 3827/3849 3834/3861 3806/3828
f 3831/3858 3832/3859 3821/3843
f 3831/3858 3821/3843 3829/3856
f 3830/3857 3831/3858 3829/3856
f 5440/5603 5488/5652 5471/5635
f 3841/3869 3842/3870 3823/3845
f 5461/5625 5488/5652 5462/5626
f 5460/5624 5483/5647 5461/5625
f 3855/3884 3856/3885 3847/3876
f 3850/3879 3828/3850 3792/3814
f 3838/3866 3858/3887 3805/3827
f 3837/3865 3838/3866 3805/3827
f 5446/5610 5482/5646 5428/5591
f 5498/5662 5499/5663 5447/5611
f 3834/3861 3835/3862 3806/3828
f 5453/5617 5464/5628 5465/5629
f 3880/3909 3834/3861 3827/3849
f 3864/3893 3880/3909 3827/3849
f 3884/3913 3861/3890 3843/3871
f 3876/3905 3841/3869 3840/3868
f 3876/3905 3840/3868 3833/3860
f 3849/3878 3876/3905 3833/3860
f 5460/5624 5461/5625 5406/5569
f 5445/5609 5484/5648 5460/5624
f 5445/5609 5485/5649 5484/5648
f 5456/5620 5476/5640 5480/5644
f 5454/5618 5473/5637 5474/5638
f 3839/3867 3837/3865 3816/3838
f 5452/5616 5498/5662 5447/5611
f 3815/3837 3813/3835 3814/3836
f 5448/5612 5450/5614 5451/5615
f 3859/3888 3860/3889 3804/3826
f 3859/3888 3804/3826 3836/3863
f 3866/3895 3832/3859 3831/3858
f 5468/5632 5438/5601 5470/5634
f 5443/5607 5462/5626 5440/5603
f 3854/3883 3855/3884 3851/3880
f 5455/5619 5476/5640 5456/5620
f 3850/3879 3851/3880 3828/3850
f 5455/5619 5457/5621 5475/5639
f 5422/5585 5428/5591 5427/5590
f 5446/5610 5428/5591 5422/5585
f 3869/3898 3816/3838 3813/3835
f 3815/3837 3869/3898 3813/3835
f 5448/5612 5451/5615 5441/5604
f 5417/5580 5449/5613 5418/5581
f 5414/5577 5431/5594 5432/5595
f 3866/3895 3867/3896 3832/3859
f 5438/5601 5468/5632 5437/5600
f 3883/3912 3884/3913 3843/3871
f 5402/5565 5462/5626 5443/5607
f 3876/3905 3878/3907 3841/3869
f 5426/5589 5454/5618 5425/5588
f 5427/5590 5428/5591 5458/5622
f 5427/5590 5399/5562 5422/5585
f 5421/5584 5447/5611 5446/5610
f 3869/3898 3870/3899 3816/3838
f 5420/5583 5447/5611 5421/5584
f 3874/3903 3872/3901 3815/3837
f 5442/5605 5448/5612 5441/5604
f 3880/3909 3879/3908 3834/3861
f 5414/5577 5432/5595 5419/5582
f 3863/3892 3897/3927 3880/3909
f 5429/5592 5414/5577 5409/5572
f 5436/5599 5438/5601 5437/5600
f 3868/3897 3891/3920 3866/3895
f 5403/5566 5440/5603 5438/5601
f 5403/5566 5438/5601 5439/5602
f 5443/5607 5403/5566 5402/5565
f 3877/3906 3876/3905 3875/3904
f 5408/5571 5460/5624 5406/5569
f 5460/5624 5408/5571 5433/5596
f 3899/3929 3857/3886 3856/3885
f 5434/5597 5444/5608 5445/5609
f 3873/3902 3862/3891 3858/3887
f 3871/3900 3838/3866 3839/3867
f 3872/3901 3870/3899 3869/3898
f 5441/5604 5420/5583 5382/5543
f 5382/5543 5442/5605 5441/5604
f 5416/5579 5417/5580 5415/5578
f 3879/3908 3881/3910 3859/3888
f 5413/5576 5414/5577 5419/5582
f 3890/3919 3889/3918 3867/3896
f 5436/5599 5437/5600 5435/5598
f 3883/3912 3903/3933 3884/3913
f 5322/5460 5402/5565 5403/5566
f 5316/5454 5434/5597 5433/5596
f 3852/3881 3900/3930 3854/3883
f 3853/3882 3850/3879 3862/3891
f 5425/5588 5401/5564 5426/5589
f 5399/5562 5427/5590 5400/5563
f 3872/3901 3894/3923 3870/3899
f 5382/5543 5418/5581 5442/5605
f 3888/3917 3874/3903 3860/3889
f 5415/5578 5418/5581 5382/5543
f 3909/3939 3881/3910 3879/3908
f 5379/5540 5413/5576 5419/5582
f 5412/5575 5413/5576 5379/5540
f 3905/3935 3897/3927 3863/3892
f 3892/3921 3905/3935 3863/3892
f 3891/3920 3890/3919 3867/3896
f 5403/5566 5439/5602 5410/5573
f 3916/3947 3903/3933 3883/3912
f 3885/3914 3915/3946 3882/3911
f 3886/3915 3885/3914 3878/3907
f 5405/5568 5404/5567 5322/5460
f 5408/5571 5405/5568 5407/5570
f 5316/5454 5433/5596 5407/5570
f 5423/5586 5315/5453 5424/5587
f 5396/5559 5425/5588 5424/5587
f 5396/5559 5401/5564 5425/5588
f 3911/3941 3900/3930 3852/3881
f 3893/3922 3852/3881 3853/3882
f 5400/5563 5426/5589 5401/5564
f 3896/3925 3873/3902 3871/3900
f 5421/5584 5399/5562 5398/5561
f 5420/5583 5398/5561 5397/5560
f 3917/3948 3894/3923 3872/3901
f 3888/3917 3919/3952 3874/3903
f 3881/3910 3888/3917 3887/3916
f 3907/3937 3879/3908 3897/3927
f 5362/5517 5409/5572 5412/5575
f 5362/5517 5374/5531 5409/5572
f 3927/3964 3915/3946 3885/3914
f 5312/5450 5423/5586 5434/5597
f 5315/5453 5423/5586 5312/5450
f 5396/5559 5424/5587 5315/5453
f 3911/3941 3914/3945 3900/3930
f 3910/3940 3893/3922 3853/3882
f 5398/5561 5399/5562 5377/5536
f 3917/3948 3928/3965 3894/3923
f 3919/3952 3920/3953 3874/3903
f 5380/5541 5382/5543 5381/5542
f 5416/5579 5378/5539 5379/5540
f 5412/5575 5379/5540 5362/5517
f 3924/3961 3923/3960 3891/3920
f 5394/5557 5403/5566 5392/5555
f 3915/3946 3936/3979 3916/3947
f 5320/5458 5322/5460 5323/5461
f 3901/3931 3877/3906 3857/3886
f 5312/5450 5316/5454 5313/5451
f 5312/5450 5309/5447 5315/5453
f 5395/5558 5401/5564 5396/5559
f 3941/3994 2568/3992 3911/3941
f 3896/3925 3910/3940 3873/3902
f 3895/3924 3931/3968 3896/3925
f 3928/3965 3930/3967 3895/3924
f 5350/5498 5397/5560 5398/5561
f 3926/3963 3888/3917 3881/3910
f 5359/5514 5378/5539 5380/5541
f 3908/3938 3937/3980 3909/3939
f 3938/3982 3935/3978 3905/3935
f 3934/3977 3938/3982 3905/3935
f 5362/5517 5369/5526 5374/5531
f 5372/5529 5374/5531 5369/5526
f 5323/5461 5394/5557 5324/5462
f 5309/5447 5312/5450 5310/5448
f 3912/3942 3900/3930 3914/3945
f 5334/5476 5396/5559 5315/5453
f 5334/5476 5395/5558 5396/5559
f 5377/5536 5376/5535 5341/5489
f 3930/3967 3931/3968 3895/3924
f 5350/5498 5398/5561 5377/5536
f 3933/3970 3932/3969 3928/3965
f 5351/5499 5381/5542 5397/5560
f 3926/3963 3939/3986 3919/3952
f 2558/3984 3937/3980 3908/3938
f 3935/3978 2558/3984 3908/3938
f 2553/3999 3938/3982 3934/3977
f 5392/5555 5393/5556 5390/5552
f 5394/5557 5391/5553 5324/5462
f 3913/3943 2537/3944 3901/3931
f 5313/5451 5316/5454 5317/5455
f 5334/5476 5315/5453 5309/5447
f 2547/3991 3912/3942 3914/3945
f 2547/3991 3914/3945 3911/3941
f 2545/2544 2547/2546 2568/2567
f 2521/2520 2555/2554 2557/2556
f 5339/5486 5376/5535 5338/5485
f 3931/3968 2557/3974 3896/3925
f 5342/5490 5377/5536 5341/5489
f 5350/5498 5342/5490 5344/5492
f 3939/3986 3921/3954 3919/3952
f 5356/5510 5355/5509 5354/5506
f 3940/3987 3926/3963 3937/3980
f 5365/5520 5378/5539 5359/5514
f 2559/3983 3935/3978 3938/3982
f 2562/3985 3923/3960 3924/3961
f 2540/2539 2542/2541 2541/2540
f 2540/2539 2541/2540 2537/2536
f 5319/5457 5318/5456 5320/5458
f 5317/5455 5318/5456 5319/5457
f 5309/5447 5310/5448 5311/5449
f 5332/5474 5334/5476 5309/5447
f 5332/5474 5338/5485 5334/5476
f 2555/2554 2545/2544 2568/2567
f 2566/3973 3931/3968 3930/3967
f 3932/3969 2566/3973 3930/3967
f 5348/5496 5351/5499 5350/5498
f 2560/3976 2567/3971 3933/3970
f 5359/5514 5357/5512 5365/5520
f 5364/5519 5363/5518 5365/5520
f 2554/3998 2559/3983 3938/3982
f 5326/5464 5319/5457 5325/5463
f 2538/3993 3913/3943 3912/3942
f 5311/5449 5310/5448 5314/5452
f 5331/5473 5309/5447 5311/5449
f 2546/2545 2547/2546 2545/2544
f 5336/5483 5338/5485 5332/5474
f 5340/5488 5341/5489 5339/5486
f 5340/5488 5339/5486 5337/5484
f 5343/5491 5342/5490 5340/5488
f 5344/5492 5342/5490 5343/5491
f 3943/4002 3942/4001 3921/3954
f 2527/4005 3939/3986 3940/3987
f 2558/3984 2528/4006 3940/3987
f 5364/5519 5365/5520 5360/5515
f 5370/5527 5372/5529 5369/5526
f 5384/5545 5386/5547 5390/5552
f 5325/5463 5386/5547 5383/5544
f 2548/2547 2563/2562 2564/2563
f 5333/5475 5332/5474 5331/5473
f 5332/5474 5333/5475 5335/5479
f 2521/2520 2524/2523 2555/2554
f 2520/2519 2521/2520 2556/2555
f 2533/4010 2556/3975 2566/3973
f 5347/5495 5344/5492 5343/5491
f 2565/3972 2566/3973 3932/3969
f 5348/5496 5344/5492 5347/5495
f 5349/5497 5348/5496 5347/5495
f 2529/4008 2560/3976 3942/4001
f 4424/5508 5354/5506 5349/5497
f 4380/5507 5354/5506 4424/5508
f 4380/5507 5357/5512 5354/5506
f 5358/5513 5357/5512 4380/5507
f 2528/2527 2525/2524 2527/2526
f 2505/2504 2528/2527 2558/2557
f 5368/5525 5364/5519 5375/5532
f 2548/2547 2516/2515 2563/2562
f 2549/2548 2548/2547 2564/2563
f 2549/2548 2564/2563 2551/2550
f 5330/5468 5326/5464 5327/5465
f 2535/2534 2540/2539 2539/2538
f 5314/5452 5317/5455 5326/5464
f 5335/5479 5333/5475 4370/5481
f 5345/5493 5343/5491 5337/5484
f 5352/5500 5343/5491 5346/5494
f 2567/2566 2523/2522 2565/2564
f 2529/2528 2530/2529 2560/2559
f 2526/4007 3943/4002 3939/3986
f 5366/5521 5360/5515 5358/5513
f 5364/5519 5360/5515 5366/5521
f 5371/5528 5370/5527 5368/5525
f 5371/5528 5373/5530 5370/5527
f 2561/2560 2517/2516 2532/2531
f 5383/5544 5386/5547 5384/5545
f 5329/5467 5314/5452 5326/5464
f 5331/5473 5311/5449 4479/5469
f 2510/2509 2544/2543 2545/2544
f 4372/5482 5335/5479 4370/5481
f 2524/2523 2510/2509 2545/2544
f 2518/2517 2521/2520 2520/2519
f 5337/5484 4379/5487 5345/5493
f 5346/5494 5343/5491 5345/5493
f 2519/2518 2520/2519 2533/2532
f 5347/5495 5343/5491 5352/5500
f 2530/2529 2523/2522 2567/2566
f 4424/5508 5349/5497 4361/5505
f 4424/5508 4361/5505 4362/5511
f 2529/4008 3942/4001 3943/4002
f 2506/2505 2527/2526 2525/2524
f 5366/5521 5358/5513 4380/5507
f 2505/2504 2504/2503 2528/2527
f 5367/5522 5364/5519 5366/5521
f 2472/2471 2505/2504 2550/2549
f 2472/2471 2550/2549 2495/2494
f 4374/5533 5368/5525 4382/5534
f 5387/5548 5383/5544 5389/5550
f 2502/2501 2516/2515 2548/2547
f 5387/5548 5328/5466 5383/5544
f 2499/2498 2549/2548 2551/2550
f 2501/2500 2499/2498 2551/2550
f 4354/5471 5328/5466 4352/5472
f 4354/5471 5327/5465 5328/5466
f 2535/2534 2500/2499 2543/2542
f 4354/5471 5330/5468 5327/5465
f 2503/2502 2535/2534 2536/2535
f 5329/5467 5330/5468 4354/5471
f 2513/2512 2503/2502 2536/2535
f 2514/2513 2513/2512 2536/2535
f 4369/5480 5331/5473 4479/5469
f 5333/5475 5331/5473 4369/5480
f 2512/2511 2510/2509 2524/2523
f 2518/2517 2509/2508 2521/2520
f 4379/5487 5337/5484 5336/5483
f 2497/2496 2518/2517 2520/2519
f 2498/2497 2520/2519 2519/2518
f 4378/5501 5347/5495 5352/5500
f 4378/5501 5352/5500 4377/5502
f 5353/5504 5347/5495 4378/5501
f 4361/5505 5349/5497 5353/5504
f 2526/4007 2529/4008 3943/4002
f 4381/4449 4424/4492 4336/4404
f 4339/5538 5366/5521 4380/5507
f 2507/2506 2525/2524 2528/2527
f 2504/2503 2507/2506 2528/2527
f 2471/2470 2504/2503 2505/2504
f 2472/2471 2471/2470 2505/2504
f 5375/5532 5364/5519 4356/5523
f 4382/5534 5375/5532 4356/5523
f 2494/2493 2495/2494 2552/2551
f 5383/5544 5385/5546 5389/5550
f 2516/2515 2515/2514 2517/2516
f 2503/2502 2500/2499 2535/2534
f 4365/5478 5329/5467 4354/5471
f 4370/5481 5333/5475 4369/5480
f 4379/5487 5335/5479 4372/5482
f 2497/2496 2509/2508 2518/2517
f 4377/5502 5352/5500 5346/5494
f 2522/2521 2533/2532 2565/2564
f 2523/2522 2522/2521 2565/2564
f 2465/2464 2531/2530 2529/2528
f 4338/5537 5366/5521 4339/5538
f 4356/4424 4337/4405 4357/4425
f 4356/5523 5367/5522 4337/5524
f 4345/4413 4374/4442 4382/4450
f 2469/2468 2470/2469 2472/2471
f 2469/2468 2472/2471 2495/2494
f 2494/2493 2469/2468 2495/2494
f 4375/4443 4374/4442 4344/4412
f 5388/5549 5389/5550 5385/5546
f 4352/5472 5387/5548 4348/5551
f 4353/4421 4352/4420 4351/4419
f 2485/2484 2486/2485 2503/2502
f 2485/2484 2503/2502 2513/2512
f 4479/5469 5329/5467 4363/5477
f 4369/4437 4479/4547 4368/4436
f 2510/2509 2481/2480 2514/2513
f 4371/4439 4372/4440 4370/4438
f 4379/4447 4372/4440 4359/4427
f 4379/5487 5346/5494 5345/5493
f 4376/5503 5346/5494 4379/5487
f 2508/2507 2498/2497 2519/2518
f 2487/2486 2519/2518 2522/2521
f 2493/2492 2506/2505 2507/2506
f 4336/4404 4339/4407 4380/4448
f 2467/2466 2493/2492 2507/2506
f 2471/2470 2467/2466 2504/2503
f 2470/2469 2443/2442 2471/2470
f 4345/4413 4356/4424 4355/4423
f 5389/5550 5388/5549 4348/5551
f 4351/4419 4352/4420 4350/4418
f 4341/4409 4354/4422 4353/4421
f 4368/4436 4479/4547 4373/4441
f 4366/4434 4370/4438 4369/4437
f 4371/4439 4370/4438 4366/4434
f 4359/4427 4372/4440 4371/4439
f 2478/2477 2511/2510 2509/2508
f 2497/2496 2478/2477 2509/2508
f 2508/2507 2462/2461 2498/2497
f 4346/4414 4377/4445 4376/4444
f 2487/2486 2508/2507 2519/2518
f 4346/4414 4378/4446 4377/4445
f 4360/4428 4328/4396 4361/4429
f 4360/4428 4361/4429 4378/4446
f 2460/2459 2523/2522 2496/2495
f 2458/2457 2460/2459 2496/2495
f 4361/4429 4305/4373 4334/4402
f 2465/2464 2457/2456 2496/2495
f 4334/4402 4362/4430 4361/4429
f 4338/4406 4339/4407 4332/4400
f 2445/2444 2467/2466 2471/2470
f 2443/2442 2445/2444 2471/2470
f 4355/4423 4357/4425 4322/4390
f 2444/2443 2443/2442 2470/2469
f 2488/2487 2489/2488 2490/2489
f 4348/5551 5388/5549 4349/5554
f 2475/2474 2491/2490 2502/2501
f 4350/4418 4348/4416 4347/4415
f 2479/2478 2455/2454 2486/2485
f 2485/2484 2479/2478 2486/2485
f 4364/4432 4365/4433 4342/4410
f 2468/2467 2484/2483 2480/2479
f 2452/2451 2468/2467 2481/2480
f 4366/4434 4369/4437 4368/4436
f 2482/2481 2481/2480 2510/2509
f 2483/2482 2482/2481 2510/2509
f 2511/2510 2483/2482 2512/2511
f 4358/4426 4379/4447 4359/4427
f 4309/4377 4376/4444 4379/4447
f 2462/2461 2477/2476 2498/2497
f 4346/4414 4376/4444 4309/4377
f 2463/2462 2508/2507 2487/2486
f 2433/2432 2463/2462 2487/2486
f 4360/4428 4378/4446 4346/4414
f 4305/4373 4361/4429 4328/4396
f 2448/2447 2457/2456 2465/2464
f 2447/2446 2448/2447 2465/2464
f 2447/2446 2465/2464 2492/2491
f 4336/4404 4334/4402 4335/4403
f 2447/2446 2492/2491 2493/2492
f 4332/4400 4336/4404 4335/4403
f 2445/2444 2447/2446 2467/2466
f 4333/4401 4338/4406 4332/4400
f 4322/4390 4333/4401 4323/4391
f 2424/2423 2445/2444 2443/2442
f 4321/4389 4355/4423 4322/4390
f 4345/4413 4321/4389 4292/4360
f 4345/4413 4355/4423 4321/4389
f 4345/4413 4292/4360 4344/4412
f 4297/4365 4344/4412 4292/4360
f 2435/2434 2444/2443 2469/2468
f 4347/4415 4348/4416 4349/4417
f 2455/2454 2454/2453 2476/2475
f 4351/4419 4350/4418 4327/4395
f 4340/4408 4351/4419 4327/4395
f 4341/4409 4353/4421 4340/4408
f 4331/4399 4342/4410 4341/4409
f 2484/2483 2479/2478 2485/2484
f 4329/4397 4365/4433 4364/4432
f 4329/5606 4363/5477 4365/5478
f 4319/4387 4373/4441 4363/4431
f 4366/4434 4368/4436 4367/4435
f 2452/2451 2481/2480 2482/2481
f 4316/4384 4371/4439 4317/4385
f 4308/4376 4359/4427 4316/4384
f 2462/2461 2508/2507 2463/2462
f 4298/4366 4346/4414 4299/4367
f 2433/2432 2426/2425 2463/2462
f 4360/4428 4346/4414 4298/4366
f 2430/2429 2458/2457 2457/2456
f 2431/2430 2457/2456 2448/2447
f 4294/4362 4333/4401 4332/4400
f 2424/2423 2446/2445 2445/2444
f 4321/4389 4322/4390 4293/4361
f 2423/2422 2442/2441 2444/2443
f 2435/2434 2423/2422 2444/2443
f 2475/2474 2474/2473 2491/2490
f 4325/4393 4350/4418 4347/4415
f 4327/4395 4350/4418 4325/4393
f 2453/2452 2450/2449 2454/2453
f 2453/2452 2454/2453 2455/2454
f 2453/2452 2455/2454 2479/2478
f 4302/4370 4341/4409 4340/4408
f 4331/4399 4341/4409 4302/4370
f 4310/4378 4363/4431 4329/4397
f 4318/4386 4366/4434 4367/4435
f 4315/4383 4316/4384 4317/4385
f 2449/2448 2478/2477 2477/2476
f 2461/2460 2449/2448 2477/2476
f 2425/2424 2461/2460 2462/2461
f 2425/2424 2462/2461 2463/2462
f 4299/4367 4346/4414 4309/4377
f 4360/4428 4298/4366 4328/4396
f 4289/4357 4328/4396 4298/4366
f 4305/4373 4328/4396 4289/4357
f 2431/2430 2430/2429 2457/2456
f 4306/4374 4335/4403 4334/4402
f 4332/4400 4335/4403 4306/4374
f 4307/4375 4294/4362 4332/4400
f 2417/2416 2446/2445 2424/2423
f 4296/4364 4297/4365 4287/4355
f 4326/4394 4347/4415 4349/4417
f 2454/2453 2456/2455 2475/2474
f 4320/4388 4327/4395 4325/4393
f 4320/4388 4340/4408 4327/4395
f 2439/2438 2453/2452 2479/2478
f 4330/4398 4364/4432 4331/4399
f 4330/4398 4331/4399 4303/4371
f 2438/2437 2439/2438 2468/2467
f 2436/2435 2438/2437 2468/2467
f 2436/2435 2468/2467 2452/2451
f 2473/2472 2452/2451 2482/2481
f 4314/4382 4317/4385 4318/4386
f 4315/4383 4317/4385 4314/4382
f 2464/2463 2473/2472 2483/2482
f 2464/2463 2483/2482 2511/2510
f 2451/2450 2464/2463 2478/2477
f 2449/2448 2451/2450 2478/2477
f 4308/4376 4309/4377 4358/4426
f 4285/4353 4309/4377 4308/4376
f 4284/4352 4309/4377 4285/4353
f 2419/2418 2426/2425 2433/2432
f 2429/2428 2430/2429 2431/2430
f 2428/2427 2431/2430 2447/2446
f 4307/4375 4332/4400 4306/4374
f 4292/4360 4293/4361 4254/4322
f 2400/2399 2423/2422 2435/2434
f 2456/2455 2474/2473 2475/2474
f 4320/4388 4325/4393 4291/4359
f 4304/4372 4340/4408 4320/4388
f 2420/2419 2452/2451 2473/2472
f 4314/4382 4275/4343 4276/4344
f 2464/2463 2421/2420 2473/2472
f 4276/4344 4308/4376 4315/4383
f 2416/2415 2451/2450 2449/2448
f 2425/2424 2427/2426 2449/2448
f 2425/2424 2449/2448 2461/2460
f 4289/4357 4298/4366 4278/4346
f 2430/2429 2419/2418 2433/2432
f 2432/2431 2428/2427 2446/2445
f 4253/4321 4292/4360 4254/4322
f 2401/2400 2402/2401 2424/2423
f 4287/4355 4292/4360 4253/4321
f 4349/4417 4312/4380 4326/4394
f 2441/2440 2459/2458 2474/2473
f 2456/2455 2441/2440 2474/2473
f 4325/4393 4326/4394 4324/4392
f 2408/2407 2456/2455 2454/2453
f 2450/2449 2408/2407 2454/2453
f 4291/4359 4325/4393 4324/4392
f 2453/2452 2434/2433 2450/2449
f 2437/2436 2439/2438 2438/2437
f 4311/4379 4319/4387 4310/4378
f 2436/2435 2437/2436 2438/2437
f 4318/4386 4274/4342 4314/4382
f 2420/2419 2436/2435 2452/2451
f 2422/2421 2464/2463 2440/2439
f 2416/2415 2440/2439 2451/2450
f 4285/4353 4308/4376 4288/4356
f 4265/4333 4284/4352 4285/4353
f 2418/2417 2425/2424 2426/2425
f 4278/4346 4284/4352 4267/4335
f 4278/4346 4298/4366 4284/4352
f 2378/2377 2377/2376 2419/2418
f 2378/2377 2419/2418 2430/2429
f 2429/2428 2378/2377 2430/2429
f 4280/4348 4306/4374 4281/4349
f 2415/2414 2414/2413 2428/2427
f 2415/2414 2428/2427 2432/2431
f 4295/4363 4294/4362 4307/4375
f 2417/2416 2415/2414 2432/2431
f 2394/2393 2417/2416 2402/2401
f 4254/4322 4294/4362 4286/4354
f 4254/4322 4293/4361 4294/4362
f 4252/4320 4287/4355 4253/4321
f 2399/2398 2401/2400 2423/2422
f 4326/4394 4312/4380 4313/4381
f 4324/4392 4326/4394 4313/4381
f 2434/2433 2409/2408 2450/2449
f 4290/4358 4320/4388 4291/4359
f 2439/2438 2434/2433 2453/2452
f 2411/2410 2434/2433 2439/2438
f 4302/4370 4304/4372 4290/4358
f 4300/4368 4330/4398 4303/4371
f 4301/4369 4330/4398 4300/4368
f 4272/4340 4310/4378 4301/4369
f 4311/4379 4310/4378 4272/4340
f 2420/2419 2413/2412 2436/2435
f 2422/2421 2390/2389 2421/2420
f 4288/4356 4276/4344 4269/4337
f 2397/2396 2422/2421 2440/2439
f 4266/4334 4285/4353 4288/4356
f 4265/4333 4285/4353 4266/4334
f 2393/2392 2427/2426 2425/2424
f 2393/2392 2425/2424 2418/2417
f 4277/4345 4278/4346 4267/4335
f 4277/4345 4289/4357 4278/4346
f 2392/2391 2378/2377 2429/2428
f 4279/4347 4280/4348 4281/4349
f 2414/2413 2429/2428 2428/2427
f 4295/4363 4306/4374 4280/4348
f 4270/4338 4286/4354 4295/4363
f 2394/2393 2415/2414 2417/2416
f 2372/2371 2394/2393 2402/2401
f 4254/4322 4286/4354 4251/4319
f 2401/2400 2372/2371 2402/2401
f 4236/4304 4253/4321 4254/4322
f 2373/2372 2372/2371 2401/2400
f 4252/4320 4253/4321 4236/4304
f 2399/2398 2373/2372 2401/2400
f 2371/2370 2370/2369 2399/2398
f 2371/2370 2399/2398 2400/2399
f 2408/2407 2407/2406 2441/2440
f 4324/4392 4313/4381 4264/4332
f 4324/4392 4264/4332 4291/4359
f 2410/2409 2434/2433 2411/2410
f 4300/4368 4303/4371 4282/4350
f 4274/4342 4311/4379 4272/4340
f 4271/4339 4275/4343 4274/4342
f 2389/2388 2413/2412 2420/2419
f 2390/2389 2389/2388 2420/2419
f 4269/4337 4275/4343 4271/4339
f 2369/2368 2390/2389 2422/2421
f 2397/2396 2369/2368 2422/2421
f 2377/2376 2393/2392 2418/2417
f 4267/4335 4265/4333 4231/4299
f 2375/2374 2334/2333 2378/2377
f 4281/4349 4289/4357 4277/4345
f 2392/2391 2375/2374 2378/2377
f 2391/2390 2392/2391 2429/2428
f 2391/2390 2429/2428 2414/2413
f 2387/2386 2386/2385 2414/2413
f 4270/4338 4295/4363 4280/4348
f 2415/2414 2387/2386 2414/2413
f 2388/2387 2387/2386 2415/2414
f 2388/2387 2415/2414 2394/2393
f 2351/2350 2388/2387 2394/2393
f 2372/2371 2351/2350 2394/2393
f 4236/4304 4254/4322 4251/4319
f 2370/2369 2373/2372 2399/2398
f 4237/4305 4255/4323 4252/4320
f 2406/2405 2405/2404 2407/2406
f 4259/4327 4290/4358 4291/4359
f 4282/4350 4290/4358 4259/4327
f 2382/2381 2410/2409 2411/2410
f 2385/2384 2382/2381 2411/2410
f 4273/4341 4300/4368 4282/4350
f 2412/2411 2385/2384 2411/2410
f 4301/4369 4300/4368 4273/4341
f 4273/4341 4272/4340 4301/4369
f 2412/2411 2411/2410 2437/2436
f 4274/4342 4272/4340 4247/4315
f 4274/4342 4247/4315 4271/4339
f 2348/2347 2389/2388 2390/2389
f 2345/2344 2369/2368 2397/2396
f 4268/4336 4288/4356 4269/4337
f 4266/4334 4288/4356 4268/4336
f 2374/2373 2398/2397 2416/2415
f 2393/2392 2374/2373 2416/2415
f 4230/4298 4265/4333 4266/4334
f 2376/2375 2393/2392 2377/2376
f 4231/4299 4265/4333 4230/4298
f 4232/4300 4267/4335 4231/4299
f 4240/4308 4281/4349 4277/4345
f 4279/4347 4281/4349 4240/4308
f 2391/2390 2375/2374 2392/2391
f 2386/2385 2391/2390 2414/2413
f 4251/4319 4286/4354 4270/4338
f 2356/2355 2372/2371 2373/2372
f 4235/4303 4252/4320 4236/4304
f 2356/2355 2373/2372 2370/2369
f 4237/4305 4252/4320 4235/4303
f 4262/4330 4313/4381 4263/4331
f 4264/4332 4262/4330 4261/4329
f 2396/2395 2407/2406 2408/2407
f 2396/2395 2408/2407 2409/2408
f 4260/4328 4259/4327 4291/4359
f 4258/4326 4259/4327 4260/4328
f 4243/4311 4282/4350 4259/4327
f 4283/4351 4282/4350 4243/4311
f 4283/4351 4273/4341 4282/4350
f 4246/4314 4272/4340 4273/4341
f 4247/4315 4272/4340 4246/4314
f 2389/2388 2412/2411 2413/2412
f 4271/4339 4247/4315 4248/4316
f 2348/2347 2347/2346 2389/2388
f 4269/4337 4271/4339 4248/4316
f 2367/2366 2348/2347 2369/2368
f 2345/2344 2367/2366 2369/2368
f 2342/2341 2367/2366 2345/2344
f 4268/4336 4269/4337 4249/4317
f 2374/2373 2345/2344 2398/2397
f 4230/4298 4266/4334 4268/4336
f 2346/2345 2374/2373 2393/2392
f 2334/2333 2335/2334 2376/2375
f 4228/4296 4277/4345 4267/4335
f 4240/4308 4277/4345 4228/4296
f 2336/2335 2334/2333 2375/2374
f 4239/4307 4279/4347 4240/4308
f 4238/4306 4279/4347 4239/4307
f 4238/4306 4208/4276 4270/4338
f 4238/4306 4270/4338 4280/4348
f 4238/4306 4280/4348 4279/4347
f 2353/2352 2386/2385 2387/2386
f 2355/2354 2353/2352 2387/2386
f 2388/2387 2355/2354 2387/2386
f 4193/4261 4251/4319 4209/4277
f 4194/4262 4236/4304 4193/4261
f 2327/2326 2351/2350 2372/2371
f 2356/2355 2327/2326 2372/2371
f 4203/4271 4235/4303 4236/4304
f 4203/4271 4236/4304 4194/4262
f 2325/2324 2356/2355 2370/2369
f 2357/2356 2325/2324 2370/2369
f 4200/4268 4237/4305 4235/4303
f 4262/4330 4263/4331 4257/4325
f 2395/2394 2406/2405 2407/2406
f 2396/2395 2395/2394 2407/2406
f 4260/4328 4264/4332 4261/4329
f 2383/2382 2396/2395 2409/2408
f 2410/2409 2383/2382 2409/2408
f 2381/2380 2383/2382 2410/2409
f 4245/4313 4259/4327 4258/4326
f 4243/4311 4259/4327 4245/4313
f 2359/2358 2385/2384 2412/2411
f 2347/2346 2359/2358 2389/2388
f 4226/4294 4248/4316 4247/4315
f 4249/4317 4269/4337 4248/4316
f 2344/2343 2342/2341 2345/2344
f 2346/2345 2344/2343 2374/2373
f 2336/2335 2375/2374 2337/2336
f 2354/2353 2391/2390 2386/2385
f 2353/2352 2354/2353 2386/2385
f 2319/2318 2355/2354 2388/2387
f 4193/4261 4209/4277 4192/4260
f 2352/2351 2319/2318 2388/2387
f 2351/2350 2352/2351 2388/2387
f 2309/2308 2352/2351 2351/2350
f 2327/2326 2309/2308 2351/2350
f 4194/4262 4193/4261 4172/4240
f 2325/2324 2327/2326 2356/2355
f 2326/2325 2325/2324 2357/2356
f 4200/4268 4235/4303 4203/4271
f 2326/2325 2357/2356 2328/2327
f 4256/4324 4262/4330 4257/4325
f 4261/4329 4262/4330 4256/4324
f 2396/2395 2379/2378 2395/2394
f 4260/4328 4261/4329 4222/4290
f 4224/4292 4258/4326 4260/4328
f 4245/4313 4258/4326 4250/4318
f 2363/2362 2381/2380 2382/2381
f 2363/2362 2382/2381 2384/2383
f 4283/4351 4244/4312 4273/4341
f 2359/2358 2358/2357 2384/2383
f 4218/4286 4217/4285 4226/4294
f 4218/4286 4226/4294 4247/4315
f 2368/2367 2343/2342 2348/2347
f 4227/4295 4249/4317 4248/4316
f 4212/4280 4230/4298 4211/4279
f 2334/2333 2333/2332 2335/2334
f 4215/4283 4240/4308 4228/4296
f 4239/4307 4240/4308 4215/4283
f 4195/4263 4238/4306 4239/4307
f 2354/2353 2338/2337 2391/2390
f 4195/4263 4208/4276 4238/4306
f 2350/2349 2338/2337 2354/2353
f 4192/4260 4208/4276 4191/4259
f 4192/4260 4209/4277 4208/4276
f 4170/4238 4193/4261 4192/4260
f 4172/4240 4193/4261 4170/4238
f 2309/2308 2278/2277 2352/2351
f 2307/2306 2309/2308 2327/2326
f 4202/4270 4203/4271 4194/4262
f 4200/4268 4203/4271 4202/4270
f 2313/2312 2326/2325 2328/2327
f 4261/4329 4256/4324 4222/4290
f 2380/2379 2395/2394 2379/2378
f 2383/2382 2379/2378 2396/2395
f 4224/4292 4260/4328 4222/4290
f 2364/2363 2383/2382 2381/2380
f 4250/4318 4258/4326 4224/4292
f 2363/2362 2364/2363 2381/2380
f 2358/2357 2363/2362 2384/2383
f 4246/4314 4273/4341 4244/4312
f 2349/2348 2359/2358 2347/2346
f 2343/2342 2349/2348 2347/2346
f 4227/4295 4248/4316 4226/4294
f 4229/4297 4268/4336 4241/4309
f 4211/4279 4229/4297 4210/4278
f 2335/2334 2341/2340 2346/2345
f 4214/4282 4228/4296 4232/4300
f 4214/4282 4215/4283 4228/4296
f 2299/2298 2334/2333 2336/2335
f 4195/4263 4239/4307 4197/4265
f 2286/2285 2350/2349 2353/2352
f 2287/2286 2286/2285 2319/2318
f 2284/2283 2285/2284 2287/2286
f 2278/2277 2284/2283 2319/2318
f 4175/4243 4172/4240 4169/4237
f 2274/2273 2272/2271 2278/2277
f 2274/2273 2278/2277 2309/2308
f 2313/2312 2308/2307 2326/2325
f 4201/4269 4200/4268 4146/4214
f 4222/4290 4256/4324 4221/4289
f 2379/2378 2361/2360 2380/2379
f 2360/2359 2379/2378 2383/2382
f 4223/4291 4224/4292 4222/4290
f 2360/2359 2383/2382 2364/2363
f 4227/4295 4226/4294 4216/4284
f 2342/2341 2343/2342 2368/2367
f 4234/4302 4227/4295 4165/4233
f 4234/4302 4249/4317 4227/4295
f 4241/4309 4268/4336 4249/4317
f 4241/4309 4249/4317 4234/4302
f 4241/4309 4184/4252 4229/4297
f 4210/4278 4229/4297 4184/4252
f 2341/2340 2344/2343 2346/2345
f 4212/4280 4211/4279 4168/4236
f 2288/2287 2299/2298 2336/2335
f 2288/2287 2336/2335 2337/2336
f 2292/2291 2277/2276 2337/2336
f 2292/2291 2337/2336 2338/2337
f 4170/4238 4191/4259 4173/4241
f 2285/2284 2286/2285 2287/2286
f 4169/4237 4170/4238 4171/4239
f 2255/2254 2284/2283 2278/2277
f 2272/2271 2255/2254 2278/2277
f 4176/4244 4175/4243 4174/4242
f 4176/4244 4194/4262 4175/4243
f 4202/4270 4194/4262 4149/4217
f 2308/2307 2258/2257 2307/2306
f 4146/4214 4200/4268 4166/4234
f 4219/4287 4222/4290 4221/4289
f 4223/4291 4222/4290 4220/4288
f 4223/4291 4182/4250 4224/4292
f 4233/4301 4245/4313 4250/4318
f 4199/4267 4243/4311 4242/4310
f 2332/2331 2362/2361 2358/2357
f 4198/4266 4244/4312 4243/4311
f 4198/4266 4243/4311 4199/4267
f 4206/4274 4198/4266 4162/4230
f 4206/4274 4246/4314 4198/4266
f 4205/4273 4218/4286 4206/4274
f 2330/2329 2332/2331 2331/2330
f 4165/4233 4227/4295 4216/4284
f 2342/2341 2303/2302 2343/2342
f 4184/4252 4234/4302 4165/4233
f 2341/2340 2340/2339 2344/2343
f 2339/2338 2341/2340 2335/2334
f 2298/2297 2333/2332 2299/2298
f 4197/4265 4215/4283 4188/4256
f 2264/2263 2263/2262 2277/2276
f 2291/2290 2264/2263 2292/2291
f 2269/2268 2291/2290 2286/2285
f 2271/2270 2269/2268 2286/2285
f 4125/4193 4170/4238 4173/4241
f 2256/2255 2255/2254 2272/2271
f 2276/2275 2310/2309 2313/2312
f 2361/2360 2365/2364 2380/2379
f 4182/4250 4223/4291 4183/4251
f 4182/4250 4225/4293 4224/4292
f 2322/2321 2360/2359 2364/2363
f 4190/4258 4225/4293 4182/4250
f 4190/4258 4250/4318 4225/4293
f 4190/4258 4233/4301 4250/4318
f 4242/4310 4245/4313 4233/4301
f 4204/4272 4217/4285 4218/4286
f 4165/4233 4216/4284 4164/4232
f 2304/2303 2303/2302 2340/2339
f 4129/4197 4210/4278 4184/4252
f 2341/2340 2304/2303 2340/2339
f 4168/4236 4210/4278 4129/4197
f 2339/2338 2295/2294 2341/2340
f 2294/2293 2339/2338 2298/2297
f 4187/4255 4188/4256 4213/4281
f 4134/4202 4188/4256 4187/4255
f 2263/2262 2297/2296 2288/2287
f 2263/2262 2288/2287 2277/2276
f 2269/2268 2264/2263 2291/2290
f 2269/2268 2250/2249 2264/2263
f 2257/2256 2256/2255 2274/2273
f 4149/4217 4176/4244 4121/4189
f 4105/4173 4167/4235 4149/4217
f 4146/4214 4144/4212 4145/4213
f 2361/2360 2314/2313 2365/2364
f 2318/2317 2361/2360 2360/2359
f 2322/2321 2318/2317 2360/2359
f 4185/4253 4138/4206 4162/4230
f 4185/4253 4162/4230 4198/4266
f 2330/2329 2312/2311 2332/2331
f 4163/4231 4204/4272 4205/4273
f 2305/2304 2329/2328 2331/2330
f 4164/4232 4216/4284 4207/4275
f 4114/4182 4184/4252 4165/4233
f 4129/4197 4184/4252 4114/4182
f 4129/4197 4128/4196 4168/4236
f 2295/2294 2304/2303 2341/2340
f 2293/2292 2294/2293 2298/2297
f 4133/4201 4188/4256 4134/4202
f 2296/2295 2298/2297 2297/2296
f 4131/4199 4130/4198 4108/4176
f 4131/4199 4108/4176 4142/4210
f 4131/4199 4142/4210 4197/4265
f 4110/4178 4142/4210 4108/4176
f 4157/4225 4142/4210 4110/4178
f 4157/4225 4196/4264 4142/4210
f 2250/2249 2263/2262 2264/2263
f 4173/4241 4196/4264 4157/4225
f 2268/2267 2250/2249 2269/2268
f 4125/4193 4173/4241 4158/4226
f 4124/4192 4171/4239 4125/4193
f 2257/2256 2240/2239 2256/2255
f 2243/2242 2257/2256 2258/2257
f 4105/4173 4149/4217 4121/4189
f 4104/4172 4167/4235 4105/4173
f 2242/2241 2243/2242 2244/2243
f 4145/4213 4144/4212 4143/4211
f 2273/2272 2310/2309 2276/2275
f 2215/2214 2273/2272 2276/2275
f 2267/2266 2215/2214 2276/2275
f 4182/4250 4183/4251 4181/4249
f 4190/4258 4155/4223 4189/4257
f 2323/2322 2322/2321 2362/2361
f 4189/4257 4233/4301 4190/4258
f 4189/4257 4242/4310 4233/4301
f 2312/2311 2324/2323 2332/2331
f 4139/4207 4162/4230 4138/4206
f 4163/4231 4162/4230 4139/4207
f 4163/4231 4160/4228 4204/4272
f 2302/2301 2329/2328 2305/2304
f 2301/2300 2302/2301 2305/2304
f 4164/4232 4207/4275 4161/4229
f 4113/4181 4114/4182 4164/4232
f 4127/4195 4168/4236 4128/4196
f 4148/4216 4186/4254 4168/4236
f 4148/4216 4168/4236 4127/4195
f 4134/4202 4187/4255 4147/4215
f 2260/2259 2293/2292 2296/2295
f 4130/4198 4133/4201 4132/4200
f 4158/4226 4173/4241 4157/4225
f 2270/2269 2268/2267 2269/2268
f 2270/2269 2269/2268 2271/2270
f 4126/4194 4125/4193 4158/4226
f 2243/2242 2240/2239 2257/2256
f 4104/4172 4105/4173 4010/4078
f 4144/4212 4104/4172 4087/4155
f 2228/2227 2242/2241 2244/2243
f 4143/4211 4144/4212 4087/4155
f 4179/4247 4219/4287 4180/4248
f 4181/4249 4183/4251 4179/4247
f 4155/4223 4182/4250 4154/4222
f 4156/4224 4189/4257 4155/4223
f 4185/4253 4137/4205 4138/4206
f 4136/4204 4138/4206 4137/4205
f 4136/4204 4139/4207 4138/4206
f 2311/2310 2330/2329 2329/2328
f 4161/4229 4207/4275 4204/4272
f 4113/4181 4164/4232 4161/4229
f 4094/4162 4129/4197 4114/4182
f 4128/4196 4094/4162 4093/4161
f 2261/2260 2304/2303 2295/2294
f 2294/2293 2261/2260 2295/2294
f 2259/2258 2262/2261 2294/2293
f 2293/2292 2259/2258 2294/2293
f 4120/4188 4134/4202 4119/4187
f 4108/4176 4130/4198 4111/4179
f 2250/2249 2226/2225 2263/2262
f 2235/2234 2250/2249 2268/2267
f 4126/4194 4158/4226 3945/4013
f 4123/4191 4125/4193 4126/4194
f 2234/2233 2270/2269 2255/2254
f 4124/4192 4125/4193 4123/4191
f 4011/4079 4122/4190 4115/4183
f 4010/4078 4105/4173 4121/4189
f 4010/4078 4121/4189 4011/4079
f 2224/2223 2241/2240 2242/2241
f 2228/2227 2224/2223 2242/2241
f 2227/2226 2228/2227 2244/2243
f 4178/4246 4179/4247 4180/4248
f 2306/2305 2316/2315 2318/2317
f 2282/2281 2290/2289 2323/2322
f 2282/2281 2323/2322 2324/2323
f 4140/4208 4199/4267 4189/4257
f 4137/4205 4185/4253 4140/4208
f 4135/4203 4139/4207 4136/4204
f 4163/4231 4139/4207 4135/4203
f 2302/2301 2281/2280 2311/2310
f 2266/2265 2301/2300 2300/2299
f 4092/4160 4094/4162 4096/4164
f 4127/4195 4128/4196 4093/4161
f 4116/4184 4147/4215 4148/4216
f 4119/4187 4147/4215 4116/4184
f 4119/4187 4088/4156 4120/4188
f 2225/2224 2260/2259 2263/2262
f 3964/4032 4108/4176 4111/4179
f 4109/4177 4110/4178 4108/4176
f 2219/2218 2226/2225 2250/2249
f 2235/2234 2219/2218 2250/2249
f 3949/4017 3945/4013 4158/4226
f 3949/4017 4158/4226 4110/4178
f 4126/4194 3945/4013 3954/4022
f 2270/2269 2235/2234 2268/2267
f 3953/4021 4115/4183 4124/4192
f 2220/2219 2239/2238 2240/2239
f 3983/4051 4104/4172 4010/4078
f 4087/4155 4104/4172 3983/4051
f 2227/2226 2178/2177 2228/2227
f 2179/2178 2227/2226 2215/2214
f 2179/2178 2178/2177 2227/2226
f 4087/4155 4086/4154 4143/4211
f 2214/2213 2179/2178 2215/2214
f 3999/4067 4086/4154 4087/4155
f 2317/2316 2315/2314 2316/2315
f 4177/4245 4179/4247 4178/4246
f 2306/2305 2317/2316 2316/2315
f 4154/4222 4181/4249 4177/4245
f 4152/4220 4153/4221 4154/4222
f 2289/2288 2321/2320 2320/2319
f 4160/4228 4135/4203 4112/4180
f 4160/4228 4163/4231 4135/4203
f 4112/4180 4161/4229 4160/4228
f 4112/4180 4113/4181 4161/4229
f 4095/4163 4113/4181 4112/4180
f 4096/4164 4113/4181 4095/4163
f 4096/4164 4114/4182 4113/4181
f 2259/2258 2229/2228 2262/2261
f 2225/2224 2259/2258 2260/2259
f 4107/4175 4120/4188 4088/4156
f 4132/4200 4120/4188 4107/4175
f 3960/4028 4108/4176 3964/4032
f 4109/4177 4108/4176 3960/4028
f 3947/4015 3949/4017 4109/4177
f 3945/4013 3949/4017 3947/4015
f 2234/2233 2235/2234 2270/2269
f 3952/4020 4123/4191 3954/4022
f 3953/4021 4124/4192 4123/4191
f 2217/2216 2234/2233 2239/2238
f 2220/2219 2217/2216 2239/2238
f 2221/2220 2220/2219 2240/2239
f 3981/4049 4010/4078 4011/4079
f 2221/2220 2240/2239 2243/2242
f 3983/4051 4010/4078 3981/4049
f 2192/2191 2221/2220 2241/2240
f 2224/2223 2192/2191 2241/2240
f 2178/2177 2191/2190 2224/2223
f 2178/2177 2224/2223 2228/2227
f 2170/2169 2178/2177 2179/2178
f 3999/4067 4087/4155 3986/4054
f 2252/2251 2317/2316 2306/2305
f 4152/4220 4154/4222 4177/4245
f 4103/4171 4153/4221 4152/4220
f 4103/4171 4141/4209 4153/4221
f 2279/2278 2290/2289 2282/2281
f 2265/2264 2247/2246 2281/2280
f 4096/4164 4091/4159 4092/4160
f 2249/2248 2266/2265 2261/2260
f 2230/2229 2249/2248 2261/2260
f 4116/4184 4090/4158 4089/4157
f 2202/2201 2229/2228 2259/2258
f 2225/2224 2202/2201 2259/2258
f 3964/4032 4111/4179 3995/4063
f 2219/2218 2216/2215 2225/2224
f 2219/2218 2225/2224 2226/2225
f 3960/4028 3947/4015 4109/4177
f 2218/2217 2235/2234 2234/2233
f 3944/4012 3952/4020 3954/4022
f 2213/2212 2186/2185 2220/2219
f 2213/2212 2220/2219 2221/2220
f 3982/4050 3981/4049 4011/4079
f 2192/2191 2213/2212 2221/2220
f 2191/2190 2192/2191 2224/2223
f 3986/4054 4087/4155 3983/4051
f 2169/2168 2170/2169 2179/2178
f 4151/4219 4177/4245 4150/4218
f 2252/2251 2251/2250 2317/2316
f 4152/4220 4177/4245 4151/4219
f 4103/4171 4152/4220 4102/4170
f 4141/4209 4097/4165 4140/4208
f 4141/4209 4140/4208 4156/4224
f 2245/2244 2279/2278 2282/2281
f 2247/2246 2246/2245 2280/2279
f 2247/2246 2280/2279 2281/2280
f 2248/2247 2247/2246 2265/2264
f 4006/4074 4093/4161 4092/4160
f 4006/4074 4090/4158 4093/4161
f 2229/2228 2201/2200 2230/2229
f 4005/4073 4116/4184 4089/4157
f 4005/4073 4119/4187 4116/4184
f 4088/4156 4119/4187 4005/4073
f 4000/4068 4107/4175 4088/4156
f 4000/4068 4088/4156 4001/4069
f 3964/4032 3995/4063 3990/4058
f 3961/4029 3960/4028 3964/4032
f 2218/2217 2181/2180 2219/2218
f 3957/4025 3947/4015 3960/4028
f 3946/4014 3945/4013 3947/4015
f 3946/4014 3947/4015 3957/4025
f 3944/4012 3954/4022 3945/4013
f 3944/4012 3945/4013 3946/4014
f 2217/2216 2180/2179 2218/2217
f 3950/4018 3952/4020 3944/4012
f 2186/2185 2185/2184 2217/2216
f 2186/2185 2217/2216 2220/2219
f 3953/4021 3950/4018 3972/4040
f 3974/4042 3982/4050 3953/4021
f 3974/4042 3953/4021 3972/4040
f 3981/4049 3982/4050 3974/4042
f 2152/2151 2213/2212 2192/2191
f 3985/4053 3986/4054 3983/4051
f 3985/4053 3983/4051 3979/4047
f 2177/2176 2190/2189 2191/2190
f 2177/2176 2191/2190 2178/2177
f 2177/2176 2178/2177 2170/2169
f 3997/4065 3999/4067 3986/4054
f 2251/2250 2283/2282 2317/2316
f 4101/4169 4152/4220 4151/4219
f 4102/4170 4152/4220 4101/4169
f 2238/2237 2275/2274 2289/2288
f 4098/4166 4102/4170 4099/4167
f 4098/4166 4103/4171 4102/4170
f 4141/4209 4103/4171 4097/4165
f 2238/2237 2279/2278 2245/2244
f 2246/2245 2245/2244 2280/2279
f 4118/4186 4106/4174 4136/4204
f 4065/4133 4106/4174 4062/4130
f 2231/2230 2206/2205 2247/2246
f 2231/2230 2247/2246 2248/2247
f 2204/2203 2231/2230 2248/2247
f 4065/4133 4091/4159 4095/4163
f 4012/4080 4091/4159 4065/4133
f 2204/2203 2248/2247 2249/2248
f 2230/2229 2204/2203 2249/2248
f 4012/4080 4092/4160 4091/4159
f 4012/4080 4006/4074 4092/4160
f 4003/4071 4089/4157 4006/4074
f 2202/2201 2201/2200 2229/2228
f 2183/2182 2201/2200 2202/2201
f 4003/4071 4005/4073 4089/4157
f 4001/4069 4088/4156 4005/4073
f 4001/4069 4005/4073 4003/4071
f 2183/2182 2202/2201 2225/2224
f 2183/2182 2225/2224 2216/2215
f 3991/4059 3995/4063 4000/4068
f 3990/4058 3995/4063 3991/4059
f 3959/4027 3960/4028 3961/4029
f 3957/4025 3960/4028 3959/4027
f 2180/2179 2181/2180 2218/2217
f 2185/2184 2165/2164 2180/2179
f 3948/4016 3951/4019 3950/4018
f 3948/4016 3950/4018 3944/4012
f 2185/2184 2180/2179 2217/2216
f 3972/4040 3950/4018 3951/4019
f 2151/2150 2185/2184 2186/2185
f 2212/2211 2151/2150 2186/2185
f 3977/4045 3981/4049 3974/4042
f 2212/2211 2186/2185 2213/2212
f 2152/2151 2212/2211 2213/2212
f 3979/4047 3977/4045 3976/4044
f 3979/4047 3983/4051 3977/4045
f 3984/4052 3979/4047 3978/4046
f 3984/4052 3985/4053 3979/4047
f 3985/4053 3997/4065 3986/4054
f 2169/2168 2143/2142 2170/2169
f 4100/4168 4101/4169 4151/4219
f 4085/4153 4101/4169 4100/4168
f 2236/2235 2253/2252 2251/2250
f 2236/2235 2251/2250 2252/2251
f 2236/2235 2252/2251 2275/2274
f 2237/2236 2236/2235 2275/2274
f 2199/2198 2238/2237 2245/2244
f 2205/2204 2199/2198 2245/2244
f 4047/4115 4117/4185 4097/4165
f 4036/4104 4118/4186 4117/4185
f 4036/4104 4106/4174 4118/4186
f 2206/2205 2205/2204 2246/2245
f 2207/2206 2206/2205 2231/2230
f 2207/2206 2231/2230 2204/2203
f 4012/4080 4065/4133 4062/4130
f 4012/4080 4062/4130 4014/4082
f 2201/2200 2200/2199 2204/2203
f 2201/2200 2204/2203 2230/2229
f 4009/4077 4006/4074 4012/4080
f 2184/2183 2200/2199 2201/2200
f 2182/2181 2184/2183 2183/2182
f 4002/4070 4001/4069 4003/4071
f 4002/4070 4003/4071 4004/4072
f 2181/2180 2182/2181 2183/2182
f 3994/4062 4000/4068 4001/4069
f 3994/4062 3991/4059 4000/4068
f 3989/4057 3990/4058 3991/4059
f 3962/4030 3961/4029 3990/4058
f 2180/2179 2167/2166 2181/2180
f 3959/4027 3961/4029 3962/4030
f 2165/2164 2164/2163 2180/2179
f 3955/4023 3946/4014 3957/4025
f 3948/4016 3946/4014 3955/4023
f 2166/2165 2165/2164 2185/2184
f 3972/4040 3977/4045 3974/4042
f 3976/4044 3977/4045 3972/4040
f 3978/4046 3979/4047 3976/4044
f 2143/2142 2145/2144 2190/2189
f 2143/2142 2144/2143 2145/2144
f 2143/2142 2190/2189 2177/2176
f 2143/2142 2177/2176 2170/2169
f 3997/4065 3985/4053 3984/4052
f 2253/2252 2254/2253 2251/2250
f 4084/4152 4085/4153 4071/4139
f 4099/4167 4102/4170 4084/4152
f 4046/4114 4098/4166 4064/4132
f 2199/2198 2209/2208 2238/2237
f 4046/4114 4097/4165 4098/4166
f 4036/4104 4117/4185 4047/4115
f 2206/2205 2195/2194 2205/2204
f 2207/2206 2194/2193 2206/2205
f 4014/4082 4062/4130 4019/4087
f 2203/2202 2159/2158 2207/2206
f 4012/4080 4013/4081 4009/4077
f 4007/4075 4006/4074 4009/4077
f 2184/2183 2201/2200 2183/2182
f 4004/4072 4003/4071 4006/4074
f 2175/2174 2184/2183 2182/2181
f 4001/4069 4002/4070 3992/4060
f 3994/4062 4001/4069 3992/4060
f 2167/2166 2168/2167 2181/2180
f 3989/4057 3991/4059 3994/4062
f 3962/4030 3990/4058 3989/4057
f 2164/2163 2167/2166 2180/2179
f 3951/4019 3948/4016 3956/4024
f 2150/2149 2166/2165 2185/2184
f 2150/2149 2185/2184 2151/2150
f 2139/2138 2150/2149 2151/2150
f 3976/4044 3972/4040 3975/4043
f 2145/2144 2151/2150 2152/2151
f 3980/4048 3978/4046 3976/4044
f 3984/4052 3978/4046 3987/4055
f 2109/2108 2116/2115 2143/2142
f 2236/2235 2232/2231 2253/2252
f 2210/2209 2236/2235 2237/2236
f 4063/4131 4099/4167 4084/4152
f 2209/2208 2210/2209 2237/2236
f 4064/4132 4052/4120 4046/4114
f 2208/2207 2209/2208 2199/2198
f 2197/2196 2199/2198 2205/2204
f 4036/4104 4046/4114 4044/4112
f 2195/2194 2197/2196 2205/2204
f 4017/4085 4062/4130 4036/4104
f 4019/4087 4062/4130 4017/4085
f 2159/2158 2194/2193 2207/2206
f 4020/4088 4019/4087 4016/4084
f 4020/4088 4014/4082 4019/4087
f 4013/4081 4012/4080 4014/4082
f 2168/2167 2175/2174 2182/2181
f 3989/4057 3994/4062 3992/4060
f 3958/4026 3959/4027 3962/4030
f 3957/4025 3959/4027 3958/4026
f 3956/4024 3948/4016 3955/4023
f 3965/4033 3951/4019 3956/4024
f 3973/4041 3972/4040 3965/4033
f 3975/4043 3972/4040 3973/4041
f 3980/4048 3976/4044 3975/4043
f 2134/2133 2145/2144 2144/2143
f 3978/4046 3980/4048 3987/4055
f 2116/2115 2144/2143 2143/2142
f 3988/4056 3998/4066 3984/4052
f 4159/4227 3988/4056 4411/4479
f 4159/4227 3998/4066 3988/4056
f 4080/4148 4071/4139 4085/4153
f 4079/4147 4071/4139 4080/4148
f 4063/4131 4084/4152 4069/4137
f 4063/4131 4052/4120 4064/4132
f 2208/2207 2210/2209 2209/2208
f 2198/2197 2208/2207 2199/2198
f 4045/4113 4046/4114 4052/4120
f 4044/4112 4046/4114 4045/4113
f 2196/2195 2197/2196 2195/2194
f 4017/4085 4036/4104 4035/4103
f 4016/4084 4019/4087 4017/4085
f 4016/4084 4017/4085 4018/4086
f 4013/4081 4014/4082 4020/4088
f 2158/2157 2203/2202 2200/2199
f 4015/4083 4009/4077 4013/4081
f 2176/2175 2200/2199 2184/2183
f 4009/4077 4008/4076 4007/4075
f 4008/4076 4004/4072 4007/4075
f 3962/4030 3989/4057 3963/4031
f 2118/2117 2167/2166 2164/2163
f 3958/4026 3962/4030 3963/4031
f 3955/4023 3957/4025 3958/4026
f 2142/2141 2149/2148 2165/2164
f 2142/2141 2165/2164 2166/2165
f 3965/4033 3956/4024 3966/4034
f 2150/2149 2142/2141 2166/2165
f 3973/4041 3965/4033 3966/4034
f 2132/2131 2139/2138 2151/2150
f 4066/4134 3975/4043 4067/4135
f 2145/2144 2132/2131 2151/2150
f 3980/4048 3975/4043 4066/4134
f 2133/2132 2132/2131 2145/2144
f 2134/2133 2133/2132 2145/2144
f 2095/2094 2096/2095 2116/2115
f 2232/2231 2222/2221 2233/2232
f 2211/2210 2223/2222 2232/2231
f 2211/2210 2232/2231 2236/2235
f 2211/2210 2236/2235 2210/2209
f 4053/4121 4063/4131 4069/4137
f 4052/4120 4063/4131 4053/4121
f 2174/2173 2210/2209 2208/2207
f 2197/2196 2198/2197 2199/2198
f 2189/2188 2196/2195 2195/2194
f 4035/4103 4018/4086 4017/4085
f 4018/4086 4037/4105 4021/4089
f 2188/2187 2195/2194 2194/2193
f 4016/4084 4018/4086 4021/4089
f 2159/2158 2188/2187 2194/2193
f 2158/2157 2157/2156 2203/2202
f 2176/2175 2158/2157 2200/2199
f 4008/4076 4009/4077 4015/4083
f 4008/4076 4025/4093 4004/4072
f 3992/4060 4004/4072 4025/4093
f 2129/2128 2168/2167 2167/2166
f 2148/2147 2118/2117 2164/2163
f 2148/2147 2164/2163 2165/2164
f 2149/2148 2148/2147 2165/2164
f 3956/4024 3955/4023 3967/4035
f 2139/2138 2117/2116 2150/2149
f 3973/4041 3966/4034 3968/4036
f 4067/4135 3975/4043 3973/4041
f 4384/4452 4066/4134 4067/4135
f 2115/2114 2132/2131 2133/2132
f 4068/4136 3980/4048 4066/4134
f 3987/4055 3980/4048 4068/4136
f 3987/4055 4068/4136 4410/4478
f 2096/2095 2098/2097 2134/2133
f 3988/4056 3987/4055 4410/4478
f 4411/4479 3988/4056 4410/4478
f 2174/2173 2173/2172 2211/2210
f 2174/2173 2211/2210 2210/2209
f 4050/4118 4052/4120 4053/4121
f 2163/2162 2174/2173 2208/2207
f 2198/2197 2163/2162 2208/2207
f 4043/4111 4044/4112 4045/4113
f 4035/4103 4044/4112 4043/4111
f 4037/4105 4018/4086 4035/4103
f 2187/2186 2195/2194 2188/2187
f 4021/4089 4022/4090 4020/4088
f 4021/4089 4020/4088 4016/4084
f 2156/2155 2188/2187 2159/2158
f 2157/2156 2159/2158 2203/2202
f 2147/2146 2158/2157 2176/2175
f 4023/4091 4024/4092 4015/4083
f 2146/2145 2147/2146 2176/2175
f 4024/4092 4008/4076 4015/4083
f 4025/4093 4008/4076 4024/4092
f 2146/2145 2176/2175 2175/2174
f 4025/4093 4024/4092 4059/4127
f 2141/2140 2146/2145 2175/2174
f 2140/2139 2175/2174 2168/2167
f 3996/4064 3992/4060 4025/4093
f 3993/4061 3992/4060 3996/4064
f 3993/4061 3963/4031 3992/4060
f 2129/2128 2127/2126 2168/2167
f 2118/2117 2129/2128 2167/2166
f 3971/4039 3963/4031 3993/4061
f 3971/4039 3958/4026 3963/4031
f 3970/4038 3971/4039 4395/4463
f 3970/4038 3958/4026 3971/4039
f 3970/4038 3955/4023 3958/4026
f 2120/2119 2148/2147 2149/2148
f 3967/4035 3955/4023 3970/4038
f 2142/2141 2120/2119 2149/2148
f 3966/4034 3956/4024 3967/4035
f 2112/2111 2117/2116 2139/2138
f 4066/4134 4384/4452 4385/4453
f 4410/4478 4450/4518 4448/4516
f 4448/4516 4411/4479 4410/4478
f 2093/2092 2049/2048 2095/2094
f 2173/2172 2223/2222 2211/2210
f 4053/4121 4069/4137 4070/4138
f 2174/2173 2162/2161 2173/2172
f 4042/4110 4035/4103 4043/4111
f 4039/4107 4035/4103 4042/4110
f 2155/2154 2196/2195 2189/2188
f 4037/4105 4035/4103 4039/4107
f 2187/2186 2189/2188 2195/2194
f 2160/2159 2187/2186 2188/2187
f 2157/2156 2156/2155 2159/2158
f 2137/2136 2156/2155 2157/2156
f 4027/4095 4022/4090 4026/4094
f 2137/2136 2157/2156 2158/2157
f 2147/2146 2137/2136 2158/2157
f 4023/4091 4027/4095 4030/4098
f 4024/4092 4023/4091 4030/4098
f 2136/2135 2147/2146 2146/2145
f 2140/2139 2141/2140 2175/2174
f 3996/4064 4059/4127 4392/4460
f 3996/4064 4025/4093 4059/4127
f 3996/4064 4392/4460 4393/4461
f 3993/4061 3996/4064 4393/4461
f 2128/2127 2127/2126 2129/2128
f 3971/4039 4394/4462 4395/4463
f 2119/2118 2118/2117 2148/2147
f 3967/4035 3970/4038 4398/4466
f 2120/2119 2119/2118 2148/2147
f 3969/4037 3967/4035 4399/4467
f 2120/2119 2142/2141 2117/2116
f 3968/4036 3966/4034 3967/4035
f 3968/4036 3967/4035 3969/4037
f 4383/4451 3968/4036 4405/4473
f 4383/4451 4384/4452 4067/4135
f 4384/4452 4383/4451 4437/4505
f 4384/4452 4437/4505 4436/4504
f 4385/4453 4384/4452 4436/4504
f 4068/4136 4385/4453 4449/4517
f 4068/4136 4449/4517 4450/4518
f 4450/4518 4410/4478 4068/4136
f 2072/2071 2097/2096 2098/2097
f 2049/2048 2072/2071 2095/2094
f 4080/4148 4078/4146 4079/4147
f 4074/4142 4079/4147 4078/4146
f 2173/2172 2193/2192 2223/2222
f 4074/4142 4071/4139 4079/4147
f 4070/4138 4071/4139 4074/4142
f 4070/4138 4069/4137 4071/4139
f 2162/2161 2172/2171 2173/2172
f 4053/4121 4070/4138 4051/4119
f 2163/2162 2162/2161 2174/2173
f 2126/2125 2162/2161 2163/2162
f 4050/4118 4045/4113 4052/4120
f 2124/2123 2126/2125 2163/2162
f 2124/2123 2163/2162 2198/2197
f 4048/4116 4043/4111 4045/4113
f 4042/4110 4043/4111 4048/4116
f 2155/2154 2124/2123 2198/2197
f 2155/2154 2198/2197 2196/2195
f 2154/2153 2155/2154 2189/2188
f 2154/2153 2189/2188 2187/2186
f 4038/4106 4021/4089 4037/4105
f 2153/2152 2187/2186 2160/2159
f 4026/4094 4021/4089 4038/4106
f 4028/4096 4027/4095 4026/4094
f 2138/2137 2137/2136 2147/2146
f 4031/4099 4024/4092 4030/4098
f 2136/2135 2138/2137 2147/2146
f 4031/4099 4061/4129 4024/4092
f 4060/4128 4024/4092 4061/4129
f 4060/4128 4059/4127 4024/4092
f 2103/2102 2135/2134 2146/2145
f 2103/2102 2146/2145 2141/2140
f 2118/2117 2128/2127 2129/2128
f 4395/4463 4394/4462 4431/4499
f 4395/4463 4443/4511 4401/4469
f 4398/4466 4395/4463 4401/4469
f 4398/4466 3970/4038 4395/4463
f 4399/4467 4398/4466 4400/4468
f 3969/4037 4399/4467 4445/4513
f 2089/2088 2104/2103 2120/2119
f 4405/4473 3968/4036 4413/4481
f 4383/4451 4405/4473 4438/4506
f 4437/4505 4383/4451 4438/4506
f 4385/4453 4436/4504 4449/4517
f 4450/4518 4449/4517 4451/4519
f 4450/4518 4451/4519 4483/4551
f 2049/2048 2048/2047 2072/2071
f 4448/4516 4483/4551 4469/4537
f 4448/4516 4450/4518 4483/4551
f 4447/4515 4448/4516 4469/4537
f 2173/2172 2171/2170 2193/2192
f 4073/4141 4070/4138 4074/4142
f 4073/4141 4051/4119 4070/4138
f 4050/4118 4051/4119 4048/4116
f 4050/4118 4053/4121 4051/4119
f 4048/4116 4045/4113 4050/4118
f 2124/2123 2125/2124 2126/2125
f 2154/2153 2124/2123 2155/2154
f 4039/4107 4042/4110 4041/4109
f 2153/2152 2122/2121 2154/2153
f 2121/2120 2122/2121 2153/2152
f 4037/4105 4039/4107 4040/4108
f 2153/2152 2154/2153 2187/2186
f 4029/4097 4026/4094 4038/4106
f 2160/2159 2121/2120 2153/2152
f 4028/4096 4026/4094 4029/4097
f 2123/2122 2160/2159 2156/2155
f 2137/2136 2123/2122 2156/2155
f 2100/2099 2138/2137 2136/2135
f 4061/4129 4031/4099 4404/4472
f 2135/2134 2099/2098 2136/2135
f 4061/4129 4404/4472 4403/4471
f 2103/2102 2141/2140 2076/2075
f 4392/4460 4420/4488 4393/4461
f 4394/4462 4393/4461 4420/4488
f 4395/4463 4431/4499 4435/4503
f 4443/4511 4395/4463 4435/4503
f 2074/2073 2091/2090 2119/2118
f 4399/4467 4400/4468 4445/4513
f 4405/4473 4413/4481 4440/4508
f 4438/4506 4405/4473 4440/4508
f 4436/4504 4437/4505 4477/4545
f 4436/4504 4477/4545 4488/4556
f 4436/4504 4488/4556 4489/4557
f 4449/4517 4436/4504 4489/4557
f 4449/4517 4489/4557 4480/4548
f 4451/4519 4449/4517 4480/4548
f 4483/4551 4451/4519 4484/4552
f 1600/1599 2048/2047 2049/2048
f 4075/4143 4074/4142 4078/4146
f 2172/2171 2161/2160 2171/2170
f 4073/4141 4074/4142 4076/4144
f 4072/4140 4051/4119 4073/4141
f 2126/2125 2131/2130 2162/2161
f 4054/4122 4051/4119 4072/4140
f 4048/4116 4051/4119 4054/4122
f 2154/2153 2125/2124 2124/2123
f 4040/4108 4039/4107 4041/4109
f 2070/2069 2087/2086 2122/2121
f 2070/2069 2122/2121 2121/2120
f 4038/4106 4037/4105 4040/4108
f 4028/4096 4029/4097 4033/4101
f 2101/2100 2123/2122 2137/2136
f 4028/4096 4033/4101 4032/4100
f 4032/4100 4030/4098 4027/4095
f 2102/2101 2137/2136 2138/2137
f 4031/4099 4030/4098 4032/4100
f 2094/2093 2102/2101 2100/2099
f 4031/4099 4408/4476 4406/4474
f 4031/4099 4406/4474 4407/4475
f 4404/4472 4031/4099 4407/4475
f 4392/4460 4060/4128 4418/4486
f 4392/4460 4418/4486 4419/4487
f 4420/4488 4392/4460 4419/4487
f 4400/4468 4401/4469 4423/4491
f 4444/4512 4400/4468 4423/4491
f 4444/4512 4445/4513 4400/4468
f 4445/4513 4444/4512 4467/4535
f 4446/4514 4445/4513 4467/4535
f 4440/4508 4413/4481 4473/4541
f 4439/4507 4438/4506 4440/4508
f 4437/4505 4439/4507 4477/4545
f 4438/4506 4439/4507 4437/4505
f 2097/2096 2044/2043 2108/2107
f 4451/4519 4480/4548 4481/4549
f 4483/4551 4484/4552 4469/4537
f 1593/1592 1595/1594 1594/1593
f 4075/4143 4076/4144 4074/4142
f 4082/4150 4072/4140 4077/4145
f 4072/4140 4082/4150 4386/4454
f 2086/2085 2131/2130 2126/2125
f 4057/4125 4049/4117 4056/4124
f 2122/2121 2125/2124 2154/2153
f 4038/4106 4040/4108 4058/4126
f 2123/2122 2121/2120 2160/2159
f 2064/2063 2094/2093 2100/2099
f 4403/4471 4404/4472 4407/4475
f 2054/2053 2099/2098 2075/2074
f 4418/4486 4060/4128 4403/4471
f 4420/4488 4419/4487 4460/4528
f 4431/4499 4420/4488 4460/4528
f 4431/4499 4460/4528 4435/4503
f 4443/4511 4435/4503 4476/4544
f 4443/4511 4476/4544 4491/4559
f 4466/4534 4443/4511 4491/4559
f 4444/4512 4423/4491 4468/4536
f 4473/4541 4467/4535 4474/4542
f 4473/4541 4474/4542 4497/4565
f 4497/4565 4440/4508 4473/4541
f 4477/4545 4439/4507 4497/4565
f 2045/2044 2065/2064 2110/2109
f 4481/4549 4480/4548 4489/4557
f 4451/4519 4481/4549 4503/4571
f 4451/4519 4503/4571 4485/4553
f 1600/1599 1533/1532 1610/1609
f 4484/4552 4451/4519 4485/4553
f 4469/4537 4484/4552 4485/4553
f 4469/4537 4485/4553 4525/4593
f 4469/4537 4525/4593 4526/4594
f 4076/4144 4075/4143 4081/4149
f 2131/2130 2130/2129 2161/2160
f 4082/4150 4077/4145 4076/4144
f 2086/2085 2085/2084 2131/2130
f 4054/4122 4386/4454 4390/4458
f 4055/4123 4048/4116 4054/4122
f 4055/4123 4054/4122 4390/4458
f 4056/4124 4049/4117 4055/4123
f 2088/2087 2086/2085 2125/2124
f 4057/4125 4056/4124 4414/4482
f 4058/4126 4057/4125 4415/4483
f 4029/4097 4038/4106 4397/4465
f 4034/4102 4033/4101 4029/4097
f 2090/2089 2121/2120 2123/2122
f 4033/4101 4402/4470 4032/4100
f 2066/2065 2090/2089 2101/2100
f 4032/4100 4402/4470 4408/4476
f 2054/2053 1605/1604 2064/2063
f 4407/4475 4418/4486 4403/4471
f 4419/4487 4418/4486 4464/4532
f 4419/4487 4464/4532 4463/4531
f 4460/4528 4419/4487 4463/4531
f 4435/4503 4460/4528 4461/4529
f 4435/4503 4461/4529 4476/4544
f 4491/4559 4476/4544 4522/4590
f 4491/4559 4522/4590 4466/4534
f 4468/4536 4423/4491 4492/4560
f 4467/4535 4444/4512 4468/4536
f 4467/4535 4468/4536 4474/4542
f 4497/4565 4474/4542 4498/4566
f 4490/4558 4497/4565 4498/4566
f 4490/4558 4477/4545 4497/4565
f 4488/4556 4477/4545 4490/4558
f 1532/1531 1549/1548 1537/1536
f 4503/4571 4489/4557 4488/4556
f 1532/1531 1537/1536 1533/1532
f 4525/4593 4485/4553 4573/4641
f 1536/1535 1535/1534 1534/1533
f 4386/4454 4387/4455 4388/4456
f 4056/4124 4055/4123 4390/4458
f 4056/4124 4390/4458 4391/4459
f 4414/4482 4056/4124 4391/4459
f 4058/4126 4415/4483 4416/4484
f 4397/4465 4058/4126 4416/4484
f 4034/4102 4397/4465 4417/4485
f 4034/4102 4029/4097 4397/4465
f 4034/4102 4417/4485 4409/4477
f 4406/4474 4434/4502 4433/4501
f 4407/4475 4406/4474 4433/4501
f 4407/4475 4433/4501 4455/4523
f 4407/4475 4455/4523 4464/4532
f 4407/4475 4464/4532 4418/4486
f 4463/4531 4464/4532 4499/4567
f 4463/4531 4499/4567 4500/4568
f 4463/4531 4500/4568 4527/4595
f 1602/1601 2052/2051 2053/2052
f 4463/4531 4527/4595 4462/4530
f 4463/4531 4462/4530 4460/4528
f 4461/4529 4460/4528 4462/4530
f 1587/1586 1588/1587 1597/1596
f 4466/4534 4522/4590 4538/4606
f 4468/4536 4492/4560 4516/4584
f 4474/4542 4468/4536 4498/4566
f 4546/4614 4490/4558 4559/4627
f 4503/4571 4490/4558 4546/4614
f 4503/4571 4546/4614 4547/4615
f 4503/4571 4547/4615 4548/4616
f 4503/4571 4548/4616 4504/4572
f 1527/1526 1532/1531 1533/1532
f 1534/1533 1527/1526 1533/1532
f 4485/4553 4504/4572 4573/4641
f 4081/4149 4083/4151 4396/4464
f 4387/4455 4081/4149 4396/4464
f 4414/4482 4426/4494 4428/4496
f 4414/4482 4428/4496 4415/4483
f 4414/4482 4415/4483 4057/4125
f 4417/4485 4397/4465 4416/4484
f 4409/4477 4417/4485 4441/4509
f 4409/4477 4408/4476 4402/4470
f 4430/4498 4408/4476 4409/4477
f 4406/4474 4430/4498 4434/4502
f 4433/4501 4434/4502 4472/4540
f 4455/4523 4433/4501 4472/4540
f 4455/4523 4472/4540 4499/4567
f 4499/4567 4464/4532 4455/4523
f 4461/4529 4521/4589 4476/4544
f 4476/4544 4521/4589 4522/4590
f 1588/1587 1598/1597 1597/1596
f 4516/4584 4538/4606 4539/4607
f 4516/4584 4539/4607 4540/4608
f 4498/4566 4516/4584 4540/4608
f 4498/4566 4468/4536 4516/4584
f 4498/4566 4540/4608 4561/4629
f 4546/4614 4560/4628 4558/4626
f 1527/1526 1526/1525 1531/1530
f 1527/1526 1531/1530 1532/1531
f 1500/1499 1526/1525 1527/1526
f 1535/1534 1500/1499 1527/1526
f 4504/4572 4548/4616 4577/4645
f 4389/4457 4387/4455 4396/4464
f 4388/4456 4389/4457 4422/4490
f 4390/4458 4388/4456 4422/4490
f 4421/4489 4390/4458 4422/4490
f 4391/4459 4390/4458 4421/4489
f 4391/4459 4421/4489 4425/4493
f 4414/4482 4391/4459 4425/4493
f 4416/4484 4428/4496 4442/4510
f 4416/4484 4441/4509 4417/4485
f 4430/4498 4441/4509 4465/4533
f 4430/4498 4465/4533 4471/4539
f 4434/4502 4430/4498 4471/4539
f 4434/4502 4471/4539 4472/4540
f 4527/4595 4500/4568 4541/4609
f 4527/4595 4541/4609 4551/4619
f 4462/4530 4521/4589 4461/4529
f 4538/4606 4522/4590 4537/4605
f 1587/1586 1546/1545 1588/1587
f 4539/4607 4538/4606 4537/4605
f 4540/4608 4539/4607 4564/4632
f 1529/1528 1530/1529 1587/1586
f 1506/1505 1529/1528 1528/1527
f 4559/4627 4561/4629 4595/4663
f 1511/1510 1506/1505 1528/1527
f 4560/4628 4559/4627 4595/4663
f 1496/1495 1511/1510 1528/1527
f 4547/4615 4558/4626 4571/4639
f 4547/4615 4571/4639 4548/4616
f 4577/4645 4548/4616 4571/4639
f 4573/4641 4577/4645 4586/4654
f 2084/2083 2080/2079 2085/2084
f 4396/4464 4412/4480 4432/4500
f 4396/4464 4432/4500 4458/4526
f 4389/4457 4396/4464 4456/4524
f 4421/4489 4453/4521 4425/4493
f 4426/4494 4427/4495 4429/4497
f 4426/4494 4429/4497 4428/4496
f 4428/4496 4429/4497 4494/4562
f 4428/4496 4494/4562 4493/4561
f 4442/4510 4428/4496 4493/4561
f 4441/4509 4442/4510 4470/4538
f 4465/4533 4470/4538 4508/4576
f 4465/4533 4508/4576 4517/4585
f 4472/4540 4471/4539 4502/4570
f 4472/4540 4502/4570 4523/4591
f 4499/4567 4472/4540 4523/4591
f 4499/4567 4523/4591 4524/4592
f 4499/4567 4524/4592 4541/4609
f 4537/4605 4521/4589 4528/4596
f 4539/4607 4537/4605 4563/4631
f 4561/4629 4540/4608 4599/4667
f 1496/1495 1491/1490 1511/1510
f 4558/4626 4560/4628 4591/4659
f 4558/4626 4591/4659 4578/4646
f 1499/1498 1496/1495 1526/1525
f 4571/4639 4578/4646 4579/4647
f 1501/1500 1495/1494 1500/1499
f 4577/4645 4571/4639 4607/4675
f 4577/4645 4607/4675 4586/4654
f 4396/4464 4458/4526 4456/4524
f 4422/4490 4389/4457 4452/4520
f 4425/4493 4454/4522 4478/4546
f 4427/4495 4425/4493 4478/4546
f 4429/4497 4427/4495 4478/4546
f 4493/4561 4511/4579 4513/4581
f 4493/4561 4494/4562 4511/4579
f 4470/4538 4493/4561 4515/4583
f 4470/4538 4515/4583 4520/4588
f 4508/4576 4470/4538 4520/4588
f 4465/4533 4517/4585 4518/4586
f 4471/4539 4465/4533 4518/4586
f 4502/4570 4471/4539 4518/4586
f 4502/4570 4518/4586 4523/4591
f 4541/4609 4524/4592 4562/4630
f 4541/4609 4562/4630 4551/4619
f 1547/1546 1538/1537 1553/1552
f 4528/4596 4549/4617 4537/4605
f 1507/1506 1546/1545 1530/1529
f 4564/4632 4563/4631 4565/4633
f 1505/1504 1507/1506 1530/1529
f 4564/4632 4565/4633 4599/4667
f 4579/4647 4578/4646 4626/4694
f 4579/4647 4626/4694 4650/4718
f 4607/4675 4579/4647 4650/4718
f 4607/4675 4650/4718 4651/4719
f 1246/1245 1495/1494 1501/1500
f 1245/1244 1239/1238 1246/1245
f 4607/4675 4651/4719 4652/4720
f 4458/4526 4432/4500 4459/4527
f 4453/4521 4422/4490 4452/4520
f 4453/4521 4452/4520 4482/4550
f 4454/4522 4453/4521 4482/4550
f 4454/4522 4482/4550 4486/4554
f 4478/4546 4454/4522 4486/4554
f 4515/4583 4514/4582 4520/4588
f 4519/4587 4508/4576 4520/4588
f 1557/1556 1564/1563 1542/1541
f 4523/4591 4543/4611 4544/4612
f 4524/4592 4523/4591 4544/4612
f 4524/4592 4544/4612 4575/4643
f 4562/4630 4524/4592 4575/4643
f 1515/1514 1553/1552 1538/1537
f 4551/4619 4580/4648 4549/4617
f 4549/4617 4580/4648 4581/4649
f 4549/4617 4581/4649 4550/4618
f 4550/4618 4581/4649 4565/4633
f 4599/4667 4602/4670 4596/4664
f 1098/1097 1099/1098 1491/1490
f 4598/4666 4597/4665 4626/4694
f 4626/4694 4627/4695 4650/4718
f 4650/4718 4627/4695 4653/4721
f 1247/1246 1259/1258 1260/1259
f 1240/1239 1259/1258 1247/1246
f 4651/4719 4650/4718 4677/4745
f 1239/1238 1247/1246 1246/1245
f 4651/4719 4677/4745 4690/4758
f 4458/4526 4495/4563 4475/4543
f 4458/4526 4475/4543 4456/4524
f 4457/4525 4456/4524 4475/4543
f 1575/1574 1608/1607 2061/2060
f 4457/4525 4501/4569 4452/4520
f 4452/4520 4501/4569 4505/4573
f 4482/4550 4452/4520 4505/4573
f 4478/4546 4486/4554 4512/4580
f 4478/4546 4512/4580 4509/4577
f 4429/4497 4478/4546 4509/4577
f 4511/4579 4494/4562 4510/4578
f 4515/4583 4513/4581 4514/4582
f 4519/4587 4520/4588 4554/4622
f 4518/4586 4517/4585 4542/4610
f 4518/4586 4542/4610 4543/4611
f 1543/1542 1541/1540 1544/1543
f 1516/1515 1545/1544 1556/1555
f 4580/4648 4551/4619 4576/4644
f 1513/1512 1515/1514 1538/1537
f 4601/4669 4621/4689 4624/4692
f 1102/1101 1113/1112 1512/1511
f 4601/4669 4624/4692 4603/4671
f 1099/1098 1100/1099 1505/1504
f 1096/1095 1100/1099 1099/1098
f 1098/1097 1096/1095 1099/1098
f 1488/1487 1117/1116 1119/1118
f 4626/4694 4597/4665 4627/4695
f 1261/1260 1229/1228 1487/1486
f 1228/1227 1229/1228 1261/1260
f 4653/4721 4689/4757 4699/4767
f 4627/4695 4689/4757 4653/4721
f 4653/4721 4677/4745 4650/4718
f 1240/1239 1241/1240 1259/1258
f 4677/4745 4653/4721 4699/4767
f 4677/4745 4699/4767 4723/4791
f 4690/4758 4677/4745 4724/4792
f 1243/1242 1237/1236 1244/1243
f 4690/4758 4724/4792 4726/4794
f 4458/4526 4459/4527 4495/4563
f 4457/4525 4475/4543 4507/4575
f 4501/4569 4457/4525 4507/4575
f 4501/4569 4507/4575 4506/4574
f 4505/4573 4501/4569 4506/4574
f 4482/4550 4505/4573 4487/4555
f 4486/4554 4482/4550 4487/4555
f 4486/4554 4487/4555 4512/4580
f 4494/4562 4509/4577 4510/4578
f 4513/4581 4511/4579 4510/4578
f 4520/4588 4536/4604 4555/4623
f 4520/4588 4514/4582 4536/4604
f 4554/4622 4555/4623 4557/4625
f 4517/4585 4519/4587 4553/4621
f 4517/4585 4553/4621 4542/4610
f 4543/4611 4542/4610 4584/4652
f 4543/4611 4584/4652 4583/4651
f 4544/4612 4583/4651 4582/4650
f 4575/4643 4582/4650 4608/4676
f 4575/4643 4544/4612 4582/4650
f 1510/1509 1543/1542 1545/1544
f 4575/4643 4608/4676 4609/4677
f 4575/4643 4609/4677 4576/4644
f 4575/4643 4576/4644 4562/4630
f 4603/4671 4624/4692 4625/4693
f 4627/4695 4625/4693 4676/4744
f 4689/4757 4627/4695 4676/4744
f 1227/1226 1116/1115 1117/1116
f 1227/1226 1117/1116 1229/1228
f 4699/4767 4689/4757 4697/4765
f 4699/4767 4697/4765 4700/4768
f 4699/4767 4700/4768 4721/4789
f 4699/4767 4721/4789 4722/4790
f 1236/1235 1230/1229 1241/1240
f 1236/1235 1241/1240 1240/1239
f 4723/4791 4699/4767 4722/4790
f 4724/4792 4723/4791 4725/4793
f 4724/4792 4725/4793 4726/4794
f 4509/4577 4533/4601 4534/4602
f 1522/1521 1579/1578 1568/1567
f 1521/1520 1522/1521 1568/1567
f 4509/4577 4534/4602 4510/4578
f 4513/4581 4510/4578 4514/4582
f 4553/4621 4554/4622 4593/4661
f 4553/4621 4593/4661 4614/4682
f 4584/4652 4542/4610 4553/4621
f 4584/4652 4553/4621 4587/4655
f 1494/1493 1504/1503 1509/1508
f 1493/1492 1494/1493 1509/1508
f 4583/4651 4588/4656 4582/4650
f 1492/1491 1493/1492 1509/1508
f 1492/1491 1509/1508 1510/1509
f 1258/1257 1510/1509 1498/1497
f 1498/1497 1545/1544 1516/1515
f 1105/1104 1110/1109 1111/1110
f 1105/1104 1111/1110 1112/1111
f 1090/1089 1105/1104 1112/1111
f 4621/4689 4622/4690 4655/4723
f 4621/4689 4604/4672 4622/4690
f 4624/4692 4621/4689 4655/4723
f 1113/1112 1090/1089 1112/1111
f 4624/4692 4655/4723 4665/4733
f 4665/4733 4625/4693 4624/4692
f 4625/4693 4665/4733 4685/4753
f 1094/1093 1096/1095 1097/1096
f 4625/4693 4685/4753 4686/4754
f 4676/4744 4625/4693 4686/4754
f 4689/4757 4688/4756 4697/4765
f 4697/4765 4688/4756 4698/4766
f 4697/4765 4698/4766 4712/4780
f 1232/1231 1230/1229 1236/1235
f 4725/4793 4723/4791 4722/4790
f 4725/4793 4722/4790 4727/4795
f 4728/4796 4725/4793 4727/4795
f 4475/4543 4495/4563 4496/4564
f 4507/4575 4475/4543 4496/4564
f 4506/4574 4507/4575 4496/4564
f 4505/4573 4506/4574 4496/4564
f 4505/4573 4496/4564 4487/4555
f 4512/4580 4487/4555 4533/4601
f 4510/4578 4534/4602 4535/4603
f 4514/4582 4510/4578 4536/4604
f 4555/4623 4536/4604 4556/4624
f 4557/4625 4555/4623 4556/4624
f 4557/4625 4556/4624 4600/4668
f 4593/4661 4557/4625 4600/4668
f 1525/1524 1524/1523 1558/1557
f 1503/1502 1158/1157 1525/1524
f 4587/4655 4553/4621 4614/4682
f 4587/4655 4614/4682 4589/4657
f 4588/4656 4590/4658 4582/4650
f 4608/4676 4582/4650 4646/4714
f 4609/4677 4623/4691 4619/4687
f 1121/1120 1258/1257 1497/1496
f 4609/4677 4619/4687 4610/4678
f 4631/4699 4594/4662 4630/4698
f 1103/1102 1104/1103 1105/1104
f 4655/4723 4622/4690 4670/4738
f 4665/4733 4655/4723 4672/4740
f 1089/1088 1088/1087 1090/1089
f 4685/4753 4665/4733 4672/4740
f 4685/4753 4672/4740 4686/4754
f 1115/1114 1101/1100 1097/1096
f 4688/4756 4686/4754 4715/4783
f 4698/4766 4714/4782 4713/4781
f 4698/4766 4688/4756 4714/4782
f 4712/4780 4698/4766 4713/4781
f 4712/4780 4713/4781 4752/4820
f 4700/4768 4712/4780 4752/4820
f 4700/4768 4752/4820 4754/4822
f 1217/1216 1226/1225 1231/1230
f 4721/4789 4700/4768 4754/4822
f 4721/4789 4731/4799 4722/4790
f 1234/1233 1231/1230 1233/1232
f 4729/4797 4722/4790 4731/4799
f 4727/4795 4722/4790 4729/4797
f 4728/4796 4727/4795 4730/4798
f 1250/1249 1248/1247 1249/1248
f 4728/4796 4730/4798 4748/4816
f 4495/4563 4529/4597 4496/4564
f 4496/4564 4529/4597 4532/4600
f 4487/4555 4496/4564 4532/4600
f 1552/1551 1574/1573 1573/1572
f 4487/4555 4532/4600 4545/4613
f 4533/4601 4487/4555 4545/4613
f 4534/4602 4533/4601 4568/4636
f 4535/4603 4534/4602 4568/4636
f 1161/1160 1520/1519 1521/1520
f 4535/4603 4568/4636 4569/4637
f 4535/4603 4536/4604 4510/4578
f 4536/4604 4569/4637 4592/4660
f 4600/4668 4556/4624 4592/4660
f 4593/4661 4600/4668 4617/4685
f 4614/4682 4593/4661 4617/4685
f 4614/4682 4615/4683 4589/4657
f 4654/4722 4589/4657 4645/4713
f 4590/4658 4654/4722 4668/4736
f 4590/4658 4647/4715 4646/4714
f 4590/4658 4646/4714 4582/4650
f 1130/1129 1131/1130 1167/1166
f 4646/4714 4647/4715 4623/4691
f 1130/1129 1167/1166 1492/1491
f 4670/4738 4631/4699 4669/4737
f 4670/4738 4669/4737 4696/4764
f 4670/4738 4622/4690 4631/4699
f 1083/1082 1103/1102 1088/1087
f 4671/4739 4670/4738 4696/4764
f 4672/4740 4655/4723 4671/4739
f 4672/4740 4671/4739 4687/4755
f 4672/4740 4687/4755 4686/4754
f 4686/4754 4687/4755 4716/4784
f 4715/4783 4716/4784 4745/4813
f 4686/4754 4716/4784 4715/4783
f 4714/4782 4715/4783 4771/4839
f 4714/4782 4771/4839 4760/4828
f 1217/1216 1126/1125 1226/1225
f 4761/4829 4731/4799 4754/4822
f 4729/4797 4730/4798 4727/4795
f 4730/4798 4729/4797 4762/4830
f 4782/4850 4762/4830 4812/4880
f 1251/1250 1248/1247 1250/1249
f 1272/1271 1290/1289 1251/1250
f 4529/4597 4530/4598 4531/4599
f 1551/1550 1591/1590 1580/1579
f 1522/1521 1523/1522 1552/1551
f 4568/4636 4533/4601 4570/4638
f 1161/1160 1165/1164 1520/1519
f 4568/4636 4611/4679 4569/4637
f 4569/4637 4611/4679 4612/4680
f 1158/1157 1156/1155 1159/1158
f 4592/4660 4618/4686 4600/4668
f 4600/4668 4618/4686 4617/4685
f 4589/4657 4615/4683 4629/4697
f 4623/4691 4647/4715 4662/4730
f 4620/4688 4649/4717 4663/4731
f 1106/1105 1122/1121 1120/1119
f 4664/4732 4684/4752 4695/4763
f 4669/4737 4664/4732 4695/4763
f 4695/4763 4696/4764 4669/4737
f 4741/4809 4696/4764 4743/4811
f 4687/4755 4671/4739 4741/4809
f 1082/1081 1083/1082 1084/1083
f 4687/4755 4742/4810 4716/4784
f 1095/1094 1087/1086 1086/1085
f 1128/1127 1129/1128 1095/1094
f 1101/1100 1128/1127 1095/1094
f 4745/4813 4716/4784 4744/4812
f 1127/1126 1128/1127 1101/1100
f 1218/1217 1128/1127 1127/1126
f 4753/4821 4760/4828 4773/4841
f 4752/4820 4773/4841 4774/4842
f 1234/1233 1219/1218 1217/1216
f 4761/4829 4774/4842 4816/4884
f 4761/4829 4752/4820 4774/4842
f 1287/1286 1291/1290 1234/1233
f 4812/4880 4816/4884 4858/4928
f 4816/4884 4812/4880 4762/4830
f 1288/1287 1287/1286 1248/1247
f 1288/1287 1248/1247 1251/1250
f 1290/1289 1295/1294 1289/1288
f 4812/4880 4858/4928 4827/4895
f 4827/4895 4858/4928 4859/4929
f 1292/1291 1293/1292 1290/1289
f 4545/4613 4532/4600 4566/4634
f 1523/1522 1519/1518 1551/1550
f 4545/4613 4566/4634 4570/4638
f 1165/1164 1256/1255 1522/1521
f 1156/1155 1162/1161 1160/1159
f 4618/4686 4637/4705 4644/4712
f 1148/1147 1156/1155 1157/1156
f 4617/4685 4618/4686 4644/4712
f 4616/4684 4628/4696 4629/4697
f 4616/4684 4629/4697 4615/4683
f 1163/1162 1157/1156 1502/1501
f 1134/1133 1136/1135 1163/1162
f 4645/4713 4629/4697 4667/4735
f 1131/1130 1134/1133 1166/1165
f 4668/4736 4666/4734 4678/4746
f 4668/4736 4654/4722 4666/4734
f 4678/4746 4647/4715 4668/4736
f 4662/4730 4678/4746 4680/4748
f 4649/4717 4662/4730 4680/4748
f 4649/4717 4680/4748 4681/4749
f 4681/4749 4663/4731 4649/4717
f 4663/4731 4681/4749 4683/4751
f 4663/4731 4683/4751 4684/4752
f 4684/4752 4717/4785 4695/4763
f 4746/4814 4743/4811 4747/4815
f 1215/1214 1125/1124 1082/1081
f 4742/4810 4741/4809 4746/4814
f 1129/1128 1085/1084 1087/1086
f 1220/1219 1235/1234 1129/1128
f 4772/4840 4791/4859 4792/4860
f 4771/4839 4772/4840 4793/4861
f 4760/4828 4771/4839 4793/4861
f 4773/4841 4795/4863 4817/4885
f 4773/4841 4760/4828 4795/4863
f 1291/1290 1273/1272 1219/1218
f 4774/4842 4773/4841 4817/4885
f 4774/4842 4817/4885 4816/4884
f 1330/1329 1314/1313 1329/1328
f 4816/4884 4866/4943 4867/4944
f 1287/1286 1330/1329 1329/1328
f 1332/1331 1330/1329 1287/1286
f 4816/4884 4867/4944 2020/4946
f 1333/1332 1332/1331 1288/1287
f 2020/2019 2030/2029 2021/2020
f 4858/4928 4816/4884 2020/4946
f 1339/1338 1333/1332 1288/1287
f 4858/4928 2020/4946 2018/4947
f 1377/1376 1365/1364 1295/1294
f 1377/1376 1295/1294 1293/1292
f 2018/2017 2019/2018 2016/2015
f 4859/4929 4858/4928 2018/4947
f 1359/1358 1426/1425 1377/1376
f 4552/4620 4567/4635 4532/4600
f 4552/4620 4532/4600 4531/4599
f 1519/1518 1518/1517 1550/1549
f 4566/4634 4567/4635 4606/4674
f 1256/1255 1257/1256 1523/1522
f 4570/4638 4606/4674 4613/4681
f 4613/4681 4611/4679 4570/4638
f 4611/4679 4613/4681 4634/4702
f 1162/1161 1164/1163 1165/1164
f 4636/4704 4612/4680 4635/4703
f 1156/1155 1155/1154 1162/1161
f 4637/4705 4612/4680 4636/4704
f 4648/4716 4617/4685 4637/4705
f 4628/4696 4648/4716 4694/4762
f 4629/4697 4694/4762 4701/4769
f 4629/4697 4628/4696 4694/4762
f 4667/4735 4629/4697 4701/4769
f 4666/4734 4667/4735 4701/4769
f 1133/1132 1134/1133 1131/1130
f 4666/4734 4701/4769 4679/4747
f 4678/4746 4666/4734 4679/4747
f 4678/4746 4679/4747 4680/4748
f 4680/4748 4679/4747 4682/4750
f 4681/4749 4680/4748 4682/4750
f 4683/4751 4681/4749 4720/4788
f 1124/1123 1190/1189 1108/1107
f 1109/1108 1124/1123 1107/1106
f 4718/4786 4695/4763 4717/4785
f 4719/4787 4695/4763 4718/4786
f 4747/4815 4719/4787 4750/4818
f 4747/4815 4788/4856 4790/4858
f 4747/4815 4790/4858 4746/4814
f 4746/4814 4790/4858 4791/4859
f 4746/4814 4791/4859 4742/4810
f 1271/1270 1215/1214 1235/1234
f 4791/4859 4790/4858 4807/4875
f 4791/4859 4744/4812 4742/4810
f 4791/4859 4772/4840 4744/4812
f 1274/1273 1275/1274 1276/1275
f 4836/4904 4792/4860 4791/4859
f 4793/4861 4848/4916 4795/4863
f 4795/4863 4848/4916 4857/4927
f 1320/1319 1321/1320 1277/1276
f 4855/4924 4857/4927 2028/4950
f 4795/4863 4857/4927 4855/4924
f 4817/4885 4795/4863 4855/4924
f 4855/4924 2028/4950 2027/4957
f 4817/4885 4855/4924 4866/4943
f 1331/1330 1376/1375 1314/1313
f 4866/4943 4855/4924 2027/4957
f 4866/4943 2027/4957 4867/4944
f 2030/4978 2027/4957 2006/4979
f 4867/4944 2027/4957 2030/4978
f 1385/1384 1398/1397 1346/1345
f 1385/1384 1346/1345 1332/1331
f 2030/2029 2006/2005 2009/2008
f 1379/1378 1385/1384 1332/1331
f 1384/1383 1401/1400 1379/1378
f 2017/2016 2010/2009 1965/1964
f 1425/1424 1427/1426 1426/1425
f 1965/1964 2016/2015 2017/2016
f 2001/2000 2016/2015 1965/1964
f 4567/4635 4574/4642 4605/4673
f 1176/1175 1266/1265 1257/1256
f 1255/1254 1176/1175 1257/1256
f 1255/1254 1257/1256 1256/1255
f 1155/1154 1164/1163 1162/1161
f 4636/4704 4635/4703 4638/4706
f 4637/4705 4639/4707 4693/4761
f 4694/4762 4648/4716 4691/4759
f 4694/4762 4691/4759 4704/4772
f 4701/4769 4694/4762 4704/4772
f 4679/4747 4701/4769 4735/4803
f 4679/4747 4735/4803 4734/4802
f 4679/4747 4734/4802 4733/4801
f 4682/4750 4679/4747 4733/4801
f 4720/4788 4733/4801 4765/4833
f 4720/4788 4765/4833 4717/4785
f 4717/4785 4765/4833 4764/4832
f 1192/1191 1124/1123 1109/1108
f 4718/4786 4717/4785 4763/4831
f 4718/4786 4763/4831 4751/4819
f 4718/4786 4751/4819 4750/4818
f 4750/4818 4751/4819 4784/4852
f 4784/4852 4788/4856 4750/4818
f 1269/1268 1214/1213 1270/1269
f 4790/4858 4788/4856 4789/4857
f 4807/4875 4790/4858 4789/4857
f 1271/1270 1307/1306 1270/1269
f 1307/1306 1271/1270 1310/1309
f 4807/4875 4789/4857 4833/4901
f 1311/1310 1310/1309 1275/1274
f 4836/4904 4833/4901 4851/4920
f 4836/4904 4791/4859 4833/4901
f 1323/1322 1311/1310 1274/1273
f 1323/1322 1274/1273 1321/1320
f 4850/4918 4836/4904 4851/4920
f 1369/1368 1368/1367 1323/1322
f 4848/4916 4850/4918 4868/4949
f 4848/4916 4868/4949 2028/4950
f 4848/4916 2028/4950 4857/4927
f 1376/1375 1397/1396 1320/1319
f 1415/1414 1397/1396 1376/1375
f 1415/1414 1435/1434 1397/1396
f 2027/2026 2028/2027 2005/2004
f 1402/1401 1376/1375 1346/1345
f 1990/1989 1988/1987 1924/1923
f 2006/2005 2027/2026 2005/2004
f 2009/2008 2006/2005 1990/1989
f 1399/1398 1400/1399 1385/1384
f 1441/1440 1399/1398 1401/1400
f 1427/1426 1441/1440 1444/1443
f 1479/1478 1441/1440 1427/1426
f 1964/1963 1963/1962 1922/1921
f 1964/1963 1922/1921 1947/1946
f 2010/2009 2009/2008 1963/1962
f 1477/1476 1479/1478 1427/1426
f 1477/1476 1427/1426 1424/1423
f 1947/1946 1927/1926 1898/1897
f 1965/1964 2010/2009 1964/1963
f 1176/1175 1265/1264 1266/1265
f 4606/4674 4605/4673 4632/4700
f 4606/4674 4632/4700 4633/4701
f 4613/4681 4606/4674 4660/4728
f 4613/4681 4660/4728 4643/4711
f 1174/1173 1175/1174 1255/1254
f 4634/4702 4613/4681 4643/4711
f 4634/4702 4643/4711 4642/4710
f 1174/1173 1255/1254 1256/1255
f 1168/1167 1174/1173 1164/1163
f 4635/4703 4634/4702 4641/4709
f 4641/4709 4638/4706 4635/4703
f 4638/4706 4641/4709 4640/4708
f 4639/4707 4638/4706 4640/4708
f 4639/4707 4640/4708 4692/4760
f 4639/4707 4692/4760 4693/4761
f 4693/4761 4692/4760 4703/4771
f 4691/4759 4693/4761 4703/4771
f 4691/4759 4703/4771 4704/4772
f 4736/4804 4735/4803 4704/4772
f 1206/1205 1181/1180 1139/1138
f 4733/4801 4734/4802 4767/4835
f 4766/4834 4733/4801 4777/4845
f 4765/4833 4733/4801 4766/4834
f 4765/4833 4766/4834 4796/4864
f 1190/1189 1262/1261 1191/1190
f 1263/1262 1262/1261 1190/1189
f 4764/4832 4765/4833 4796/4864
f 4764/4832 4796/4864 4797/4865
f 4763/4831 4764/4832 4797/4865
f 4751/4819 4763/4831 4798/4866
f 4784/4852 4798/4866 4800/4868
f 4784/4852 4751/4819 4798/4866
f 4784/4852 4800/4868 4824/4892
f 4789/4857 4784/4852 4824/4892
f 1307/1306 1308/1307 1269/1268
f 4789/4857 4824/4892 4825/4893
f 4789/4857 4825/4893 4833/4901
f 1311/1310 1307/1306 1310/1309
f 4851/4920 2012/4919 2011/4970
f 4851/4920 4833/4901 2012/4919
f 1368/1367 1322/1321 1323/1322
f 1389/1388 1383/1382 1368/1367
f 4851/4920 2011/4970 2008/4971
f 4868/4949 4851/4920 2008/4971
f 4868/4949 2008/4971 2007/4972
f 1432/1431 1433/1432 1389/1388
f 1432/1431 1389/1388 1369/1368
f 4868/4949 2007/4972 2028/4950
f 1989/1988 1949/1948 1948/1947
f 1988/1987 2005/2004 2007/2006
f 1438/1437 1455/1454 1435/1434
f 1438/1437 1415/1414 1402/1401
f 1400/1399 1438/1437 1402/1401
f 1439/1438 1438/1437 1400/1399
f 1924/1923 1988/1987 1948/1947
f 1440/1439 1627/1626 1439/1438
f 1440/1439 1439/1438 1400/1399
f 1628/1627 1627/1626 1440/1439
f 1924/1923 1922/1921 1963/1962
f 1656/1655 1627/1626 1628/1627
f 1886/1885 1884/1883 1866/1865
f 1909/1908 1884/1883 1886/1885
f 1656/1655 1628/1627 1632/1631
f 1947/1946 1922/1921 1927/1926
f 1681/1680 1656/1655 1632/1631
f 1719/1718 1720/1719 1681/1680
f 1803/1802 1774/1773 1773/1772
f 1815/1814 1866/1865 1803/1802
f 1736/1735 1720/1719 1719/1718
f 1738/1737 1760/1759 1736/1735
f 1738/1737 1774/1773 1760/1759
f 1773/1772 1774/1773 1738/1737
f 1898/1897 1927/1926 1885/1884
f 1737/1736 1736/1735 1719/1718
f 1738/1737 1736/1735 1737/1736
f 1772/1771 1773/1772 1738/1737
f 1173/1172 1178/1177 1176/1175
f 1175/1174 1173/1172 1176/1175
f 4643/4711 4661/4729 4642/4710
f 1168/1167 1171/1170 1174/1173
f 4641/4709 4634/4702 4642/4710
f 1153/1152 1169/1168 1168/1167
f 4640/4708 4674/4742 4692/4760
f 4704/4772 4703/4771 4705/4773
f 1180/1179 1207/1206 1193/1192
f 4768/4836 4735/4803 4739/4807
f 4767/4835 4768/4836 4778/4846
f 4767/4835 4735/4803 4768/4836
f 1267/1266 1208/1207 1206/1205
f 4777/4845 4733/4801 4767/4835
f 4766/4834 4777/4845 4806/4874
f 1262/1261 1213/1212 1191/1190
f 4766/4834 4806/4874 4813/4881
f 4796/4864 4766/4834 4813/4881
f 1284/1283 1285/1284 1262/1261
f 4814/4882 4796/4864 4813/4881
f 4797/4865 4796/4864 4814/4882
f 4799/4867 4798/4866 4763/4831
f 4799/4867 4763/4831 4797/4865
f 4798/4866 4856/4925 4847/4915
f 4798/4866 4847/4915 4800/4868
f 1308/1307 1309/1308 1268/1267
f 1308/1307 1268/1267 1269/1268
f 4824/4892 4800/4868 4841/4909
f 4824/4892 4841/4909 4835/4903
f 1351/1350 1308/1307 1307/1306
f 4825/4893 4824/4892 4835/4903
f 1353/1352 1352/1351 1341/1340
f 2012/4919 4872/4955 2003/4962
f 4834/4902 4825/4893 4835/4903
f 1340/1339 1353/1352 1341/1340
f 4834/4902 4872/4955 2012/4919
f 1370/1369 1340/1339 1322/1321
f 1383/1382 1370/1369 1322/1321
f 1434/1433 1370/1369 1383/1382
f 1434/1433 1383/1382 1389/1388
f 1442/1441 1434/1433 1433/1432
f 1433/1432 1434/1433 1389/1388
f 2008/2007 1949/1948 1989/1988
f 1949/1948 1968/1967 1923/1922
f 2007/2006 2008/2007 1989/1988
f 1443/1442 1442/1441 1432/1431
f 1443/1442 1465/1464 1442/1441
f 1471/1470 1465/1464 1443/1442
f 1471/1470 1443/1442 1455/1454
f 1472/1471 1471/1470 1455/1454
f 1907/1906 1908/1907 1873/1872
f 1872/1871 1873/1872 1863/1862
f 1924/1923 1948/1947 1923/1922
f 1907/1906 1924/1923 1923/1922
f 1640/1639 1472/1471 1627/1626
f 1657/1656 1658/1657 1640/1639
f 1759/1758 1762/1761 1730/1729
f 1831/1830 1763/1762 1776/1775
f 1657/1656 1640/1639 1627/1626
f 1690/1689 1658/1657 1657/1656
f 1690/1689 1691/1690 1658/1657
f 1682/1681 1691/1690 1690/1689
f 1682/1681 1730/1729 1691/1690
f 1720/1719 1730/1729 1682/1681
f 1759/1758 1730/1729 1720/1719
f 1866/1865 1884/1883 1830/1829
f 1761/1760 1759/1758 1736/1735
f 1866/1865 1830/1829 1803/1802
f 1803/1802 1775/1774 1774/1773
f 1178/1177 1225/1224 1176/1175
f 4657/4725 4656/4724 4633/4701
f 4657/4725 4633/4701 4632/4700
f 1172/1171 1177/1176 1173/1172
f 4642/4710 4661/4729 4673/4741
f 1169/1168 1170/1169 1171/1170
f 4641/4709 4642/4710 4673/4741
f 4641/4709 4673/4741 4675/4743
f 4641/4709 4675/4743 4640/4708
f 4674/4742 4640/4708 4675/4743
f 1149/1148 1144/1143 1141/1140
f 4706/4774 4740/4808 4705/4773
f 1207/1206 1202/1201 1193/1192
f 4736/4804 4705/4773 4737/4805
f 4739/4807 4736/4804 4738/4806
f 4739/4807 4781/4849 4769/4837
f 1210/1209 1207/1206 1208/1207
f 4768/4836 4739/4807 4769/4837
f 1211/1210 1210/1209 1208/1207
f 4768/4836 4780/4848 4778/4846
f 1267/1266 1283/1282 1208/1207
f 4806/4874 4842/4910 4845/4913
f 4806/4874 4777/4845 4779/4847
f 1313/1312 1312/1311 1286/1285
f 1317/1316 1313/1312 1286/1285
f 1316/1315 1317/1316 1285/1284
f 4813/4881 4846/4914 4814/4882
f 1316/1315 1285/1284 1284/1283
f 4837/4905 4814/4882 4846/4914
f 1316/1315 1284/1283 1264/1263
f 4856/4925 4799/4867 2033/4926
f 1344/1343 1361/1360 1306/1305
f 2034/4960 4847/4915 4856/4925
f 1343/1342 1344/1343 1309/1308
f 1343/1342 1345/1344 1344/1343
f 1308/1307 1343/1342 1309/1308
f 4873/4956 2026/4959 2004/4961
f 4873/4956 4841/4909 2026/4959
f 4873/4956 2004/4961 4872/4955
f 1351/1350 1343/1342 1308/1307
f 1382/1381 1343/1342 1351/1350
f 4841/4909 4873/4956 4872/4955
f 1411/1410 1382/1381 1351/1350
f 4835/4903 4841/4909 4872/4955
f 2003/4962 4872/4955 2004/4961
f 1412/1411 1430/1429 1411/1410
f 1412/1411 1411/1410 1352/1351
f 1413/1412 1412/1411 1352/1351
f 1413/1412 1352/1351 1353/1352
f 1413/1412 1449/1448 1412/1411
f 1969/1968 2012/2011 2003/2002
f 1464/1463 1466/1465 1434/1433
f 1464/1463 1483/1482 1466/1465
f 1934/1933 1910/1909 1904/1903
f 1968/1967 1949/1948 1969/1968
f 1968/1967 1969/1968 1939/1938
f 1464/1463 1434/1433 1442/1441
f 1923/1922 1968/1967 1935/1934
f 1618/1617 1484/1483 1464/1463
f 1618/1617 1464/1463 1465/1464
f 1908/1907 1904/1903 1897/1896
f 1660/1659 1661/1660 1618/1617
f 1660/1659 1686/1685 1661/1660
f 1897/1896 1878/1877 1841/1840
f 1923/1922 1935/1934 1934/1933
f 1687/1686 1686/1685 1660/1659
f 1923/1922 1934/1933 1908/1907
f 1677/1676 1660/1659 1618/1617
f 1807/1806 1777/1776 1745/1744
f 1829/1828 1828/1827 1777/1776
f 1829/1828 1777/1776 1807/1806
f 1626/1625 1618/1617 1471/1470
f 1677/1676 1618/1617 1626/1625
f 1687/1686 1660/1659 1677/1676
f 1729/1728 1745/1744 1728/1727
f 1688/1687 1687/1686 1677/1676
f 1729/1728 1728/1727 1687/1686
f 1729/1728 1687/1686 1688/1687
f 1778/1777 1745/1744 1729/1728
f 1688/1687 1677/1676 1658/1657
f 1768/1767 1778/1777 1729/1728
f 1863/1862 1831/1830 1872/1871
f 1730/1729 1729/1728 1688/1687
f 1763/1762 1778/1777 1768/1767
f 1763/1762 1768/1767 1762/1761
f 1831/1830 1863/1862 1827/1826
f 1831/1830 1827/1826 1763/1762
f 4656/4724 4657/4725 4658/4726
f 4656/4724 4658/4726 4643/4711
f 4656/4724 4643/4711 4660/4728
f 4643/4711 4658/4726 4659/4727
f 4661/4729 4643/4711 4659/4727
f 4661/4729 4702/4770 4673/4741
f 4673/4741 4702/4770 4711/4779
f 1185/1184 1182/1181 1170/1169
f 4675/4743 4711/4779 4732/4800
f 4675/4743 4673/4741 4711/4779
f 1154/1153 1170/1169 1169/1168
f 1151/1150 1152/1151 1154/1153
f 4707/4775 4675/4743 4732/4800
f 4707/4775 4732/4800 4749/4817
f 1199/1198 1197/1196 1150/1149
f 4740/4808 4775/4843 4737/4805
f 4737/4805 4775/4843 4770/4838
f 1207/1206 1199/1198 1202/1201
f 4738/4806 4737/4805 4770/4838
f 4781/4849 4738/4806 4770/4838
f 4781/4849 4821/4889 4780/4848
f 1294/1293 1210/1209 1211/1210
f 4769/4837 4781/4849 4780/4848
f 4779/4847 4780/4848 4820/4888
f 1283/1282 1294/1293 1211/1210
f 4842/4910 4820/4888 4843/4911
f 4842/4910 4843/4911 4864/4941
f 4779/4847 4820/4888 4842/4910
f 1315/1314 1304/1303 1283/1282
f 1347/1346 1313/1312 1317/1316
f 4870/4953 4846/4914 4845/4913
f 4870/4953 4845/4913 2039/4952
f 1348/1347 1347/1346 1317/1316
f 1360/1359 1348/1347 1316/1315
f 2032/4958 4871/4954 2013/4976
f 4837/4905 4871/4954 2032/4958
f 1360/1359 1316/1315 1361/1360
f 4838/4906 4837/4905 2032/4958
f 1378/1377 1360/1359 1361/1360
f 2031/2030 2032/2031 2013/2012
f 2031/2030 2013/2012 1995/1994
f 2033/4926 4838/4906 2032/4958
f 2031/2030 1995/1994 2025/2024
f 1388/1387 1378/1377 1344/1343
f 2026/2025 2034/2033 2025/2024
f 1996/1995 1967/1966 1941/1940
f 2004/2003 2026/2025 1996/1995
f 1460/1459 1429/1428 1430/1429
f 1943/1942 1944/1943 1892/1891
f 1944/1943 2003/2002 2004/2003
f 1449/1448 1430/1429 1412/1411
f 1449/1448 1460/1459 1430/1429
f 1621/1620 1460/1459 1449/1448
f 1940/1939 1943/1942 1921/1920
f 1921/1920 1911/1910 1940/1939
f 1485/1484 1621/1620 1449/1448
f 1620/1619 1621/1620 1485/1484
f 1483/1482 1620/1619 1485/1484
f 1619/1618 1659/1658 1620/1619
f 1906/1905 1910/1909 1911/1910
f 1662/1661 1659/1658 1619/1618
f 1879/1878 1822/1821 1855/1854
f 1894/1893 1822/1821 1879/1878
f 1689/1688 1685/1684 1662/1661
f 1722/1721 1685/1684 1689/1688
f 1840/1839 1855/1854 1805/1804
f 1910/1909 1903/1902 1904/1903
f 1619/1618 1484/1483 1618/1617
f 1662/1661 1619/1618 1661/1660
f 1689/1688 1662/1661 1686/1685
f 1786/1785 1805/1804 1779/1778
f 1904/1903 1903/1902 1897/1896
f 1721/1720 1689/1688 1686/1685
f 1722/1721 1689/1688 1721/1720
f 1756/1755 1722/1721 1743/1742
f 1743/1742 1722/1721 1721/1720
f 1841/1840 1840/1839 1828/1827
f 4659/4727 4658/4726 4708/4776
f 1186/1185 1221/1220 1177/1176
f 4702/4770 4661/4729 4659/4727
f 4732/4800 4755/4823 4759/4827
f 1179/1178 1185/1184 1154/1153
f 4749/4817 4732/4800 4759/4827
f 4749/4817 4759/4827 4785/4853
f 4740/4808 4749/4817 4785/4853
f 4740/4808 4785/4853 4776/4844
f 1198/1197 1197/1196 1199/1198
f 4740/4808 4776/4844 4775/4843
f 1200/1199 1198/1197 1199/1198
f 4775/4843 4808/4876 4810/4878
f 4775/4843 4810/4878 4770/4838
f 1212/1211 1200/1199 1209/1208
f 4811/4879 4770/4838 4810/4878
f 4770/4838 4811/4879 4823/4891
f 4822/4890 4823/4891 4821/4889
f 4781/4849 4822/4890 4821/4889
f 1303/1302 1209/1208 1294/1293
f 4820/4888 4821/4889 4844/4912
f 4820/4888 4844/4912 4843/4911
f 4780/4848 4821/4889 4820/4888
f 1354/1353 1303/1302 1304/1303
f 1355/1354 1354/1353 1304/1303
f 4843/4911 4865/4942 4864/4941
f 4874/4967 4865/4942 2038/4965
f 4864/4941 4865/4942 4874/4967
f 4869/4951 4874/4967 2037/4966
f 4869/4951 4864/4941 4874/4967
f 1348/1347 1355/1354 1347/1346
f 1356/1355 1355/1354 1348/1347
f 2039/4952 4869/4951 2037/4966
f 2039/2038 2037/2036 2000/1999
f 2022/2021 2000/1999 1997/1996
f 4870/4953 2039/4952 2022/4975
f 1395/1394 1356/1355 1403/1402
f 2013/4976 4871/4954 2022/4975
f 1995/1994 1997/1996 1966/1965
f 1395/1394 1403/1402 1388/1387
f 1403/1402 1378/1377 1388/1387
f 1470/1469 1395/1394 1404/1403
f 1996/1995 2025/2024 1995/1994
f 1404/1403 1388/1387 1390/1389
f 1615/1614 1468/1467 1470/1469
f 1967/1966 1928/1927 1931/1930
f 1476/1475 1470/1469 1404/1403
f 1476/1475 1615/1614 1470/1469
f 1625/1624 1615/1614 1476/1475
f 1996/1995 1995/1994 1967/1966
f 1645/1644 1644/1643 1625/1624
f 1625/1624 1476/1475 1431/1430
f 1480/1479 1645/1644 1625/1624
f 1646/1645 1693/1692 1645/1644
f 1646/1645 1645/1644 1480/1479
f 1875/1874 1820/1819 1874/1873
f 1875/1874 1876/1875 1820/1819
f 1460/1459 1431/1430 1429/1428
f 1622/1621 1480/1479 1460/1459
f 1622/1621 1646/1645 1480/1479
f 1941/1940 1892/1891 1944/1943
f 1646/1645 1622/1621 1621/1620
f 1684/1683 1695/1694 1646/1645
f 1892/1891 1875/1874 1891/1890
f 1684/1683 1646/1645 1659/1658
f 1706/1705 1705/1704 1684/1683
f 1821/1820 1804/1803 1806/1805
f 1685/1684 1684/1683 1659/1658
f 1706/1705 1684/1683 1685/1684
f 1646/1645 1621/1620 1620/1619
f 1894/1893 1895/1894 1893/1892
f 1741/1740 1767/1766 1740/1739
f 1723/1722 1706/1705 1685/1684
f 1740/1739 1706/1705 1723/1722
f 1741/1740 1740/1739 1723/1722
f 1855/1854 1821/1820 1805/1804
f 1755/1754 1723/1722 1722/1721
f 1222/1221 1221/1220 1186/1185
f 1187/1186 1222/1221 1186/1185
f 4710/4778 4708/4776 4709/4777
f 4710/4778 4659/4727 4708/4776
f 4710/4778 4711/4779 4702/4770
f 1183/1182 1184/1183 1185/1184
f 4759/4827 4755/4823 4801/4869
f 1197/1196 1183/1182 1179/1178
f 4785/4853 4787/4855 4815/4883
f 4785/4853 4815/4883 4786/4854
f 4776/4844 4786/4854 4809/4877
f 4776/4844 4785/4853 4786/4854
f 4776/4844 4809/4877 4808/4876
f 1299/1298 1201/1200 1200/1199
f 4808/4876 4809/4877 4830/4898
f 4808/4876 4830/4898 4831/4899
f 4811/4879 4831/4899 2036/4945
f 4823/4891 4811/4879 2036/4945
f 4821/4889 4823/4891 4849/4917
f 1318/1317 1212/1211 1303/1302
f 4844/4912 4849/4917 4861/4938
f 1319/1318 1318/1317 1303/1302
f 1357/1356 1319/1318 1354/1353
f 4865/4942 4862/4939 2040/4963
f 4865/4942 2040/4963 2038/4965
f 1392/1391 1342/1341 1357/1356
f 1392/1391 1357/1356 1355/1354
f 2037/2036 2015/2014 1999/1998
f 1392/1391 1355/1354 1356/1355
f 1394/1393 1392/1391 1356/1355
f 2000/1999 1999/1998 1961/1960
f 2000/1999 2037/2036 1999/1998
f 1469/1468 1436/1435 1395/1394
f 1490/1489 1469/1468 1468/1467
f 1966/1965 1997/1996 1962/1961
f 1928/1927 1929/1928 1905/1904
f 1617/1616 1623/1622 1490/1489
f 1928/1927 1905/1904 1899/1898
f 1616/1615 1617/1616 1468/1467
f 1629/1628 1623/1622 1617/1616
f 1629/1628 1617/1616 1616/1615
f 1928/1927 1967/1966 1966/1965
f 1641/1640 1616/1615 1615/1614
f 1641/1640 1629/1628 1616/1615
f 1641/1640 1615/1614 1644/1643
f 1692/1691 1680/1679 1641/1640
f 1913/1912 1931/1930 1899/1898
f 1694/1693 1696/1695 1692/1691
f 1694/1693 1692/1691 1693/1692
f 1802/1801 1739/1738 1766/1765
f 1695/1694 1694/1693 1693/1692
f 1705/1704 1704/1703 1694/1693
f 1742/1741 1704/1703 1705/1704
f 1913/1912 1877/1876 1876/1875
f 1684/1683 1694/1693 1695/1694
f 1705/1704 1694/1693 1684/1683
f 1740/1739 1742/1741 1705/1704
f 1819/1818 1817/1816 1821/1820
f 4709/4777 4758/4826 4710/4778
f 4710/4778 4758/4826 4756/4824
f 1184/1183 1187/1186 1182/1181
f 4755/4823 4710/4778 4756/4824
f 4755/4823 4756/4824 4783/4851
f 4755/4823 4803/4871 4801/4869
f 4801/4869 4802/4870 4787/4855
f 4787/4855 4759/4827 4801/4869
f 1195/1194 1196/1195 1194/1193
f 1201/1200 1205/1204 1196/1195
f 1301/1300 1305/1304 1201/1200
f 4809/4877 4832/4900 4830/4898
f 1336/1335 1301/1300 1300/1299
f 4831/4899 4830/4898 1979/4932
f 1337/1336 1336/1335 1300/1299
f 4831/4899 1979/4932 2036/4945
f 1338/1337 1337/1336 1300/1299
f 1338/1337 1300/1299 1318/1317
f 4849/4917 2036/4945 2035/4974
f 2024/2023 1984/1983 2023/2022
f 2024/4968 4849/4917 2035/4974
f 4861/4938 4849/4917 2024/4968
f 4861/4938 2024/4968 4863/4940
f 1342/1341 1374/1373 1318/1317
f 1342/1341 1318/1317 1319/1318
f 4863/4940 2024/4968 2029/4969
f 4863/4940 2029/4969 1994/4964
f 4863/4940 4862/4939 4861/4938
f 1391/1390 1393/1392 1342/1341
f 2040/4963 4863/4940 1994/4964
f 4862/4939 4863/4940 2040/4963
f 1993/1992 1994/1993 1958/1957
f 1993/1992 1958/1957 1959/1958
f 2038/2037 2040/2039 1993/1992
f 2015/2014 2038/2037 1993/1992
f 2002/2001 1991/1990 1945/1944
f 1930/1929 1945/1944 1871/1870
f 1999/1998 2015/2014 2002/2001
f 1467/1466 1437/1436 1436/1435
f 1999/1998 1945/1944 1930/1929
f 1961/1960 1999/1998 1930/1929
f 1489/1488 1613/1612 1467/1466
f 1489/1488 1467/1466 1469/1468
f 1961/1960 1930/1929 1929/1928
f 1624/1623 1489/1488 1490/1489
f 1624/1623 1614/1613 1489/1488
f 1816/1815 1794/1793 1790/1789
f 1629/1628 1624/1623 1623/1622
f 1672/1671 1624/1623 1629/1628
f 1732/1731 1731/1730 1703/1702
f 1801/1800 1770/1769 1769/1768
f 1905/1904 1867/1866 1899/1898
f 1899/1898 1867/1866 1862/1861
f 1702/1701 1703/1702 1672/1671
f 1702/1701 1672/1671 1680/1679
f 1702/1701 1732/1731 1703/1702
f 1739/1738 1732/1731 1702/1701
f 1739/1738 1769/1768 1732/1731
f 1818/1817 1816/1815 1817/1816
f 1224/1223 1222/1221 1187/1186
f 4758/4826 4709/4777 4757/4825
f 1203/1202 1224/1223 1187/1186
f 4758/4826 4757/4825 4756/4824
f 1279/1278 1278/1277 1194/1193
f 4803/4871 4783/4851 4804/4872
f 1280/1279 1279/1278 1194/1193
f 4802/4870 4803/4871 4804/4872
f 1280/1279 1194/1193 1196/1195
f 4787/4855 4802/4870 4828/4896
f 4815/4883 4787/4855 4828/4896
f 4815/4883 4828/4896 4786/4854
f 4832/4900 4786/4854 4829/4897
f 4830/4898 4829/4897 1978/4933
f 1335/1334 1334/1333 1301/1300
f 1336/1335 1335/1334 1301/1300
f 1371/1370 1372/1371 1336/1335
f 1976/1975 1979/1978 1978/1977
f 1386/1385 1387/1386 1371/1370
f 2035/2034 1979/1978 1984/1983
f 2035/2034 2036/2035 1979/1978
f 2023/2022 1984/1983 1992/1991
f 1374/1373 1375/1374 1338/1337
f 1396/1395 1375/1374 1374/1373
f 2023/2022 1992/1991 2014/2013
f 1393/1392 1396/1395 1374/1373
f 2024/2023 2023/2022 2014/2013
f 2029/2028 2024/2023 2014/2013
f 1451/1450 1450/1449 1393/1392
f 1958/1957 1942/1941 1925/1924
f 1994/1993 2029/2028 1998/1997
f 1994/1993 1998/1997 1958/1957
f 1959/1958 1925/1924 1926/1925
f 1959/1958 1958/1957 1925/1924
f 1453/1452 1451/1450 1437/1436
f 1482/1481 1451/1450 1453/1452
f 1993/1992 1959/1958 1991/1990
f 1612/1611 1482/1481 1453/1452
f 1611/1610 1482/1481 1612/1611
f 1869/1868 1902/1901 1860/1859
f 1613/1612 1612/1611 1453/1452
f 1613/1612 1611/1610 1612/1611
f 1649/1648 1650/1649 1611/1610
f 1649/1648 1611/1610 1613/1612
f 1674/1673 1650/1649 1649/1648
f 1870/1869 1871/1870 1869/1868
f 1870/1869 1869/1868 1868/1867
f 1651/1650 1649/1648 1614/1613
f 1651/1650 1674/1673 1649/1648
f 1673/1672 1709/1708 1674/1673
f 1710/1709 1709/1708 1673/1672
f 1673/1672 1674/1673 1651/1650
f 1731/1730 1735/1734 1710/1709
f 1764/1763 1735/1734 1731/1730
f 1731/1730 1710/1709 1673/1672
f 1857/1856 1868/1867 1858/1857
f 1857/1856 1793/1792 1794/1793
f 1770/1769 1764/1763 1731/1730
f 1790/1789 1789/1788 1770/1769
f 1254/1253 1224/1223 1203/1202
f 4756/4824 4757/4825 4794/4862
f 4756/4824 4794/4862 4805/4873
f 4783/4851 4756/4824 4805/4873
f 1279/1278 1296/1295 1278/1277
f 4804/4872 4783/4851 4818/4886
f 1297/1296 1296/1295 1279/1278
f 1297/1296 1279/1278 1280/1279
f 4802/4870 4804/4872 4818/4886
f 4802/4870 4819/4887 4828/4896
f 1366/1365 1349/1348 1282/1281
f 1366/1365 1282/1281 1305/1304
f 4829/4897 4828/4896 4860/4930
f 1367/1366 1366/1365 1334/1333
f 1976/1975 1974/1973 1975/1974
f 4829/4897 1974/4934 1978/4933
f 1414/1413 1367/1366 1373/1372
f 1372/1371 1373/1372 1335/1334
f 1417/1416 1416/1415 1373/1372
f 1417/1416 1373/1372 1372/1371
f 1387/1386 1417/1416 1372/1371
f 1422/1421 1417/1416 1387/1386
f 1984/1983 1976/1975 1977/1976
f 1984/1983 1983/1982 1992/1991
f 1461/1460 1463/1462 1422/1421
f 1396/1395 1422/1421 1375/1374
f 1423/1422 1422/1421 1396/1395
f 1461/1460 1422/1421 1423/1422
f 1450/1449 1461/1460 1423/1422
f 1918/1917 1936/1935 1901/1900
f 1452/1451 1462/1461 1450/1449
f 1998/1997 2014/2013 1942/1941
f 1481/1480 1452/1451 1451/1450
f 1918/1917 1925/1924 1942/1941
f 1865/1864 1900/1899 1880/1879
f 1482/1481 1481/1480 1451/1450
f 1652/1651 1481/1480 1482/1481
f 1675/1674 1697/1696 1652/1651
f 1902/1901 1926/1925 1900/1899
f 1650/1649 1652/1651 1482/1481
f 1675/1674 1652/1651 1650/1649
f 1708/1707 1697/1696 1675/1674
f 1735/1734 1734/1733 1708/1707
f 1902/1901 1865/1864 1860/1859
f 1765/1764 1734/1733 1735/1734
f 1708/1707 1675/1674 1674/1673
f 1710/1709 1708/1707 1709/1708
f 1735/1734 1708/1707 1710/1709
f 1793/1792 1839/1838 1792/1791
f 1859/1858 1839/1838 1793/1792
f 1764/1763 1765/1764 1735/1734
f 1789/1788 1788/1787 1764/1763
f 1792/1791 1788/1787 1789/1788
f 4805/4873 4794/4862 4826/4894
f 4805/4873 4839/4907 4840/4908
f 4840/4908 4818/4886 4805/4873
f 4819/4887 4818/4886 4852/4921
f 1349/1348 1324/1323 1297/1296
f 4860/4930 4819/4887 1972/4931
f 1381/1380 1380/1379 1349/1348
f 1974/4934 4860/4930 1973/4935
f 1974/1973 1973/1972 1957/1956
f 1418/1417 1366/1365 1367/1366
f 1974/1973 1957/1956 1975/1974
f 1459/1458 1421/1420 1416/1415
f 1458/1457 1459/1458 1416/1415
f 1458/1457 1416/1415 1417/1416
f 1977/1976 1975/1974 1982/1981
f 1982/1981 1938/1937 1937/1936
f 1977/1976 1982/1981 1983/1982
f 1463/1462 1417/1416 1422/1421
f 1919/1918 1938/1937 1883/1882
f 1937/1936 1938/1937 1919/1918
f 1461/1460 1458/1457 1463/1462
f 1642/1641 1635/1634 1458/1457
f 1630/1629 1458/1457 1461/1460
f 1936/1935 1983/1982 1937/1936
f 1642/1641 1458/1457 1630/1629
f 1936/1935 1937/1936 1901/1900
f 1631/1630 1642/1641 1630/1629
f 1631/1630 1643/1642 1642/1641
f 1679/1678 1643/1642 1631/1630
f 1795/1794 1812/1811 1796/1795
f 1848/1847 1812/1811 1795/1794
f 1481/1480 1462/1461 1452/1451
f 1678/1677 1679/1678 1631/1630
f 1678/1677 1631/1630 1481/1480
f 1707/1706 1679/1678 1678/1677
f 1733/1732 1727/1726 1707/1706
f 1782/1781 1785/1784 1754/1753
f 1784/1783 1785/1784 1782/1781
f 1784/1783 1796/1795 1785/1784
f 1795/1794 1796/1795 1784/1783
f 1697/1696 1707/1706 1678/1677
f 1697/1696 1678/1677 1652/1651
f 1697/1696 1733/1732 1707/1706
f 1734/1733 1733/1732 1697/1696
f 1734/1733 1754/1753 1733/1732
f 1782/1781 1754/1753 1734/1733
f 1864/1863 1880/1879 1848/1847
f 4839/4907 4805/4873 4826/4894
f 1327/1326 1326/1325 1298/1297
f 4853/4922 4852/4921 4840/4908
f 1972/4931 4852/4921 4853/4922
f 1328/1327 1324/1323 1349/1348
f 1957/1956 1971/1970 1956/1955
f 1380/1379 1406/1405 1328/1327
f 1380/1379 1328/1327 1350/1349
f 1957/1956 1956/1955 1954/1953
f 1957/1956 1954/1953 1987/1986
f 1408/1407 1407/1406 1380/1379
f 1408/1407 1380/1379 1381/1380
f 1980/1979 1957/1956 1985/1984
f 1408/1407 1381/1380 1418/1417
f 1420/1419 1408/1407 1418/1417
f 1445/1444 1408/1407 1420/1419
f 1981/1980 1986/1985 1932/1931
f 1420/1419 1418/1417 1419/1418
f 1456/1455 1457/1456 1445/1444
f 1456/1455 1445/1444 1420/1419
f 1456/1455 1420/1419 1421/1420
f 1648/1647 1647/1646 1634/1633
f 1888/1887 1844/1843 1842/1841
f 1960/1959 1982/1981 1981/1980
f 1648/1647 1634/1633 1635/1634
f 1666/1665 1665/1664 1648/1647
f 1938/1937 1982/1981 1960/1959
f 1699/1698 1700/1699 1666/1665
f 1843/1842 1833/1832 1811/1810
f 1676/1675 1648/1647 1635/1634
f 1676/1675 1666/1665 1648/1647
f 1725/1724 1726/1725 1716/1715
f 1757/1756 1799/1798 1758/1757
f 1800/1799 1799/1798 1757/1756
f 1683/1682 1699/1698 1666/1665
f 1683/1682 1666/1665 1676/1675
f 1683/1682 1716/1715 1699/1698
f 1724/1723 1716/1715 1683/1682
f 1725/1724 1716/1715 1724/1723
f 1757/1756 1758/1757 1725/1724
f 1847/1846 1812/1811 1848/1847
f 1757/1756 1725/1724 1727/1726
f 1785/1784 1757/1756 1754/1753
f 1327/1326 1325/1324 1326/1325
f 4853/4922 4854/4923 1970/4937
f 1971/4936 4853/4922 1970/4937
f 1971/1970 1970/1969 1956/1955
f 1446/1445 1447/1446 1405/1404
f 1446/1445 1405/1404 1407/1406
f 1932/1931 1933/1932 1915/1914
f 1457/1456 1446/1445 1445/1444
f 1914/1913 1915/1914 1887/1886
f 1633/1632 1638/1637 1457/1456
f 1663/1662 1638/1637 1633/1632
f 1633/1632 1457/1456 1456/1455
f 1647/1646 1663/1662 1633/1632
f 1664/1663 1663/1662 1647/1646
f 1665/1664 1664/1663 1647/1646
f 1700/1699 1698/1697 1665/1664
f 1920/1919 1914/1913 1888/1887
f 1666/1665 1700/1699 1665/1664
f 1716/1715 1726/1725 1717/1716
f 1811/1810 1799/1798 1800/1799
f 1409/1408 1364/1363 1363/1362
f 1956/1955 1970/1969 1953/1952
f 1956/1955 1953/1952 1954/1953
f 1405/1404 1410/1409 1409/1408
f 1448/1447 1410/1409 1405/1404
f 1405/1404 1409/1408 1406/1405
f 1447/1446 1448/1447 1405/1404
f 1473/1472 1448/1447 1447/1446
f 1955/1954 1987/1986 1954/1953
f 1475/1474 1473/1472 1447/1446
f 1889/1888 1916/1915 1854/1853
f 1638/1637 1636/1635 1475/1474
f 1638/1637 1654/1653 1636/1635
f 1846/1845 1835/1834 1834/1833
f 1854/1853 1835/1834 1846/1845
f 1663/1662 1667/1666 1638/1637
f 1813/1812 1825/1824 1781/1780
f 1915/1914 1889/1888 1887/1886
f 1668/1667 1667/1666 1663/1662
f 1718/1717 1715/1714 1698/1697
f 1845/1844 1887/1886 1846/1845
f 1749/1748 1750/1749 1746/1745
f 1749/1748 1746/1745 1718/1717
f 1832/1831 1813/1812 1810/1809
f 1798/1797 1780/1779 1749/1748
f 1798/1797 1813/1812 1780/1779
f 1810/1809 1813/1812 1798/1797
f 1473/1472 1474/1473 1448/1447
f 1952/1951 1951/1950 1955/1954
f 1917/1916 1912/1911 1851/1850
f 1636/1635 1637/1636 1473/1472
f 1654/1653 1637/1636 1636/1635
f 1853/1852 1851/1850 1837/1836
f 1715/1714 1714/1713 1701/1700
f 1824/1823 1797/1796 1781/1780
f 1781/1780 1797/1796 1751/1750
f 1668/1667 1669/1668 1667/1666
f 1668/1667 1701/1700 1669/1668
f 1746/1745 1747/1746 1715/1714
f 1750/1749 1751/1750 1747/1746
f 1854/1853 1836/1835 1835/1834
f 1750/1749 1747/1746 1746/1745
f 1655/1654 1653/1652 1637/1636
f 1671/1670 1670/1669 1655/1654
f 1837/1836 1850/1849 1826/1825
f 1671/1670 1655/1654 1669/1668
f 1823/1822 1826/1825 1808/1807
f 1852/1851 1851/1850 1912/1911
f 1823/1822 1808/1807 1771/1770
f 1714/1713 1713/1712 1671/1670
f 1748/1747 1713/1712 1714/1713
f 1714/1713 1671/1670 1669/1668
f 1824/1823 1823/1822 1797/1796
f 1797/1796 1748/1747 1751/1750
f 1712/1711 1711/1710 1670/1669
f 1753/1752 1712/1711 1752/1751
f 1752/1751 1712/1711 1713/1712
f 1826/1825 1809/1808 1808/1807
