mtllib material.mtl
o matcha_base
v -0.423137 -0.261055 0.004475
v -0.422991 -0.264753 -0.002720
v -0.422763 -0.263727 0.017529
v -0.314940 -0.448750 0.051383
v -0.311244 -0.453820 0.049810
v -0.310607 -0.453060 0.057877
v -0.289325 -0.462009 0.106178
v -0.293961 -0.462315 0.091084
v -0.277310 -0.475818 0.097303
v -0.297713 -0.457460 0.095012
v -0.284539 -0.461572 0.120369
v -0.277471 -0.471473 0.110502
v -0.421673 -0.261055 -0.034383
v -0.420665 -0.265372 -0.044097
v -0.421842 -0.265372 -0.030065
v -0.421264 -0.269690 -0.033303
v -0.420157 -0.271848 -0.043018
v -0.419099 -0.270913 -0.053977
v -0.419132 -0.266989 -0.056570
v -0.420245 -0.276166 -0.034383
v -0.418159 -0.277227 -0.053786
v -0.418654 -0.280516 -0.043097
v -0.421431 -0.274007 -0.021430
v -0.422412 -0.269690 -0.011715
v -0.422633 -0.265314 -0.016033
v -0.421985 -0.274007 -0.005239
v -0.421062 -0.278325 -0.011715
v -0.420114 -0.280484 -0.022509
v -0.417077 -0.274007 -0.065685
v -0.418331 -0.286037 -0.028971
v -0.421265 -0.278325 0.001237
v -0.421996 -0.274007 0.007714
v -0.422573 -0.269690 0.007714
v -0.420234 -0.282642 -0.004160
v -0.421079 -0.278325 0.014190
v -0.421625 -0.274007 0.020666
v -0.422209 -0.269690 0.020666
v -0.420105 -0.282642 0.013111
v -0.416702 -0.282642 -0.055970
v -0.418739 -0.287278 -0.012795
v -0.420791 -0.276166 0.028762
v -0.419421 -0.282642 0.028222
v -0.421354 -0.269690 0.034698
v -0.420307 -0.274007 0.040095
v -0.421726 -0.265372 0.034698
v -0.422437 -0.261055 0.026063
v -0.422749 -0.258889 -0.015880
v -0.423073 -0.259574 -0.005821
v -0.418483 -0.283069 0.038810
v -0.418550 -0.288806 0.000158
v -0.418815 -0.287538 0.010952
v -0.418423 -0.287299 0.022825
v -0.415973 -0.278325 -0.067844
v -0.416132 -0.286960 -0.050573
v -0.416523 -0.289119 -0.039780
v -0.417111 -0.282642 0.053048
v -0.418982 -0.275131 0.050967
v -0.419497 -0.270110 0.052447
v -0.420500 -0.265372 0.047651
v -0.417015 -0.278325 0.061683
v -0.417190 -0.274007 0.066001
v -0.416650 -0.289119 0.039016
v -0.416817 -0.291277 -0.025747
v -0.415415 -0.288012 0.054059
v -0.416892 -0.291277 0.026063
v -0.414335 -0.284823 0.069280
v -0.416652 -0.293436 -0.010636
v -0.415021 -0.279683 0.072880
v -0.416645 -0.293436 0.013650
v -0.414704 -0.275670 0.079022
v -0.417065 -0.267531 0.071398
v -0.415301 -0.269690 0.080264
v -0.418616 -0.265986 0.061919
v -0.421528 -0.261055 0.039016
v -0.420240 -0.261055 0.050889
v -0.413066 -0.273703 0.088831
v -0.412202 -0.286960 0.077874
v -0.410917 -0.283863 0.088864
v -0.410903 -0.279296 0.093997
v -0.412385 -0.291277 0.068159
v -0.413343 -0.293968 0.053588
v -0.415982 -0.295595 -0.000921
v -0.414295 -0.295517 0.038362
v -0.409957 -0.288947 0.086241
v -0.414444 -0.291603 -0.051795
v -0.414323 -0.297742 0.025978
v -0.414150 -0.295165 -0.041732
v -0.414318 -0.297730 -0.025541
v -0.413847 -0.289979 -0.060858
v -0.413965 -0.285314 -0.069418
v -0.413667 -0.300616 -0.008477
v -0.413061 -0.301908 0.008793
v -0.413727 -0.300750 0.000158
v -0.407837 -0.282642 0.103779
v -0.409045 -0.294344 0.080545
v -0.410153 -0.295932 0.070639
v -0.411997 -0.299913 0.042254
v -0.405792 -0.289393 0.104176
v -0.409520 -0.275725 0.102828
v -0.406434 -0.279306 0.112374
v -0.405605 -0.293198 0.099076
v -0.404778 -0.285838 0.112403
v -0.409335 -0.301947 0.057071
v -0.412406 -0.295595 -0.055970
v -0.412162 -0.300875 -0.035462
v -0.410083 -0.306524 0.025211
v -0.409919 -0.304051 0.042679
v -0.404990 -0.298585 0.091368
v -0.407843 -0.299913 0.073556
v -0.410126 -0.306606 -0.023589
v -0.409882 -0.301795 -0.054091
v -0.409605 -0.304517 -0.044097
v -0.408162 -0.308736 -0.035089
v -0.409881 -0.308308 -0.003080
v -0.411811 -0.291277 -0.071082
v -0.407075 -0.313215 0.008793
v -0.401375 -0.289117 0.121048
v -0.406429 -0.307710 0.056286
v -0.408659 -0.298586 -0.072121
v -0.401045 -0.294680 0.114598
v -0.405282 -0.313216 0.039016
v -0.406220 -0.313251 0.027143
v -0.401199 -0.299557 0.105639
v -0.403716 -0.309930 0.066303
v -0.401401 -0.284885 0.125452
v -0.403173 -0.306094 0.081515
v -0.401155 -0.305981 0.091718
v -0.400974 -0.318658 0.049810
v -0.401005 -0.323053 0.017428
v -0.401546 -0.321252 0.027143
v -0.405967 -0.315319 0.000158
v -0.401172 -0.323328 0.006634
v -0.405709 -0.315052 -0.017459
v -0.405348 -0.314429 -0.030065
v -0.406225 -0.303102 -0.073967
v -0.407511 -0.304230 -0.062447
v -0.396735 -0.321235 0.068159
v -0.397237 -0.325999 0.043334
v -0.397100 -0.328041 0.031044
v -0.399433 -0.314042 0.077229
v -0.398524 -0.311671 0.088668
v -0.401168 -0.323323 -0.003080
v -0.405968 -0.310119 -0.049859
v -0.397043 -0.302041 0.116678
v -0.396901 -0.297394 0.124835
v -0.397086 -0.293502 0.129774
v -0.397223 -0.306679 0.106592
v -0.394546 -0.329025 0.050014
v -0.392052 -0.331201 0.058445
v -0.393336 -0.333198 0.036857
v -0.389061 -0.337569 0.049810
v -0.397394 -0.329039 0.013111
v -0.393734 -0.333794 0.026063
v -0.401481 -0.321688 -0.021970
v -0.401360 -0.320406 -0.035212
v -0.401501 -0.317401 -0.051653
v -0.397564 -0.328759 -0.010636
v -0.395185 -0.332738 0.000158
v -0.388515 -0.334599 0.067080
v -0.390986 -0.327143 0.079380
v -0.390673 -0.323803 0.090827
v -0.347786 -0.405148 0.006634
v -0.362109 -0.383475 0.006634
v -0.362120 -0.383489 -0.002001
v -0.349742 -0.402168 -0.005239
v -0.379085 -0.357126 0.006634
v -0.375803 -0.362190 -0.000921
v -0.391866 -0.337459 0.013111
v -0.388215 -0.343046 -0.006858
v -0.380422 -0.354572 0.017428
v -0.380090 -0.354344 0.026063
v -0.361578 -0.383415 0.020666
v -0.352416 -0.397030 0.022751
v -0.343789 -0.410704 0.017428
v -0.344442 -0.408777 0.027143
v -0.332654 -0.427005 0.023904
v -0.361866 -0.380944 0.037937
v -0.379744 -0.353817 0.034935
v -0.376684 -0.356894 0.045013
v -0.338995 -0.415701 0.036836
v -0.356283 -0.388743 0.042307
v -0.328209 -0.433033 0.030381
v -0.324275 -0.436830 0.043334
v -0.317641 -0.447338 0.038645
v -0.344691 -0.404857 0.049810
v -0.361146 -0.379688 0.051190
v -0.377217 -0.354338 0.054127
v -0.374558 -0.355290 0.067278
v -0.361968 -0.383248 -0.010636
v -0.378416 -0.357417 -0.012937
v -0.357349 -0.382810 0.062763
v -0.344810 -0.401679 0.062705
v -0.327958 -0.429391 0.052088
v -0.329288 -0.425553 0.059754
v -0.321544 -0.435981 0.064066
v -0.314352 -0.447917 0.058445
v -0.349956 -0.400826 -0.019311
v -0.395334 -0.330788 -0.027675
v -0.375236 -0.361078 -0.025747
v -0.360472 -0.383971 -0.026827
v -0.367789 -0.363973 0.073556
v -0.383317 -0.339668 0.076699
v -0.354387 -0.385166 0.070340
v -0.341327 -0.403415 0.074518
v -0.325550 -0.427350 0.073403
v -0.394527 -0.330216 -0.041253
v -0.387192 -0.340980 -0.043032
v -0.376424 -0.357458 -0.039918
v -0.362915 -0.378245 -0.040859
v -0.394982 -0.328112 -0.049494
v -0.394862 -0.326841 -0.057051
v -0.363145 -0.368250 0.082451
v -0.378294 -0.342730 0.090512
v -0.363027 -0.364273 0.094299
v -0.342195 -0.398866 0.084083
v -0.373457 -0.346734 0.099289
v -0.388359 -0.319240 0.112170
v -0.383147 -0.327069 0.112414
v -0.392311 -0.316473 0.103291
v -0.328747 -0.419767 0.081870
v -0.325933 -0.420972 0.090161
v -0.341832 -0.395143 0.095264
v -0.362014 -0.361774 0.104355
v -0.319436 -0.431732 0.086865
v -0.319461 -0.436088 0.074082
v -0.310643 -0.450974 0.066001
v -0.310477 -0.448546 0.074909
v -0.312349 -0.440964 0.088696
v -0.392583 -0.310433 0.116149
v -0.392346 -0.305660 0.126137
v -0.372848 -0.360730 -0.052732
v -0.384923 -0.342152 -0.055970
v -0.401521 -0.315265 -0.061243
v -0.403172 -0.310343 -0.068774
v -0.396878 -0.321204 -0.067344
v -0.388736 -0.334527 -0.064605
v -0.306348 -0.453135 0.077702
v -0.330632 -0.409226 0.101645
v -0.317163 -0.429415 0.100496
v -0.306173 -0.448574 0.090971
v -0.323653 -0.418636 0.103759
v -0.386883 -0.313647 0.128615
v -0.381933 -0.324806 0.121621
v -0.365984 -0.346284 0.125845
v -0.372635 -0.340501 0.117289
v -0.373476 -0.329289 0.138320
v -0.381373 -0.320066 0.133201
v -0.337033 -0.384710 0.133182
v -0.331697 -0.400778 0.116416
v -0.328458 -0.398807 0.129608
v -0.319337 -0.418639 0.116720
v -0.317252 -0.425220 0.109379
v -0.350049 -0.372606 0.119147
v -0.388323 -0.306210 0.138013
v -0.384117 -0.310726 0.142672
v -0.392686 -0.297628 0.138148
v -0.388386 -0.301986 0.144691
v -0.301849 -0.452902 0.094412
v -0.305317 -0.457492 0.064705
v -0.303069 -0.447000 0.104300
v -0.297787 -0.453201 0.105987
v -0.310496 -0.431312 0.116159
v -0.314907 -0.422800 0.120741
v -0.360212 -0.346268 0.142289
v -0.323697 -0.399483 0.140825
v -0.336742 -0.379975 0.142972
v -0.302013 -0.457438 0.079803
v -0.373646 -0.322857 0.149918
v -0.384217 -0.302275 0.155882
v -0.377518 -0.313773 0.155299
v -0.379897 -0.306116 0.161130
v -0.401739 -0.309182 -0.080508
v -0.397795 -0.316225 -0.079717
v -0.392666 -0.325702 -0.075399
v -0.295839 -0.449192 0.119646
v -0.293319 -0.453034 0.118593
v -0.293395 -0.457460 0.107981
v -0.288895 -0.457266 0.120476
v -0.356341 -0.346199 0.152276
v -0.330154 -0.371180 0.172898
v -0.341074 -0.358407 0.168865
v -0.334862 -0.373079 0.159375
v -0.325820 -0.384649 0.160990
v -0.319024 -0.392318 0.163544
v -0.323383 -0.375101 0.180944
v -0.317124 -0.384032 0.179995
v -0.307056 -0.405555 0.167457
v -0.303731 -0.417726 0.155642
v -0.295840 -0.421459 0.165886
v -0.306013 -0.399070 0.179020
v -0.286240 -0.438439 0.159791
v -0.322298 -0.396407 0.149522
v -0.303469 -0.425718 0.143304
v -0.293333 -0.440095 0.142399
v -0.309781 -0.421931 0.135043
v -0.293250 -0.446463 0.131375
v -0.343946 -0.362003 0.156153
v -0.282446 -0.446452 0.155186
v -0.371154 -0.319342 0.162075
v -0.361815 -0.332494 0.162292
v -0.390594 -0.295630 0.146999
v -0.375511 -0.309695 0.166476
v -0.286722 -0.452884 0.134995
v -0.286821 -0.448688 0.142321
v -0.369133 -0.314480 0.173974
v -0.362817 -0.324079 0.173501
v -0.354867 -0.334941 0.173837
v -0.350800 -0.334236 0.183522
v -0.336695 -0.356163 0.181652
v -0.330076 -0.360273 0.188938
v -0.383730 -0.299127 0.161250
v -0.379708 -0.297584 0.172680
v -0.375422 -0.301983 0.177072
v -0.368845 -0.307224 0.184423
v -0.388134 -0.291794 0.158271
v -0.284528 -0.457213 0.131211
v -0.297894 -0.461957 0.078408
v -0.384168 -0.293545 0.166540
v -0.360277 -0.313821 0.193206
v -0.351676 -0.321432 0.199755
v -0.356136 -0.313003 0.202181
v -0.360314 -0.318199 0.187226
v -0.345638 -0.333887 0.194388
v -0.337605 -0.345277 0.194661
v -0.392382 -0.287763 0.150457
v -0.396801 -0.286269 0.138700
v -0.375514 -0.297838 0.181588
v -0.369416 -0.301482 0.190082
v -0.362408 -0.306204 0.198553
v -0.379728 -0.293288 0.177046
v -0.319254 -0.371037 0.194293
v -0.323457 -0.362237 0.198410
v -0.305139 -0.393377 0.188476
v -0.287870 -0.424310 0.176423
v -0.280814 -0.441581 0.165454
v -0.335357 -0.339053 0.206590
v -0.345483 -0.323988 0.207817
v -0.364691 -0.299942 0.200952
v -0.371211 -0.295712 0.192407
v -0.354192 -0.311180 0.207947
v -0.387511 -0.286356 0.164708
v -0.383899 -0.287589 0.172385
v -0.357999 -0.301703 0.211370
v -0.349706 -0.306615 0.220587
v -0.375404 -0.290589 0.188379
v -0.366817 -0.293394 0.203051
v -0.362469 -0.297653 0.207314
v -0.392753 -0.281488 0.154548
v -0.392753 -0.321526 -0.088352
v -0.343098 -0.313951 0.223600
v -0.339094 -0.323024 0.219795
v -0.322868 -0.357047 0.205733
v -0.328161 -0.340187 0.217038
v -0.397999 -0.278886 0.140958
v -0.314628 -0.370651 0.202456
v -0.303122 -0.387640 0.199326
v -0.289171 -0.412238 0.190202
v -0.402781 -0.278184 0.126211
v -0.315091 -0.360446 0.213976
v -0.345051 -0.306066 0.228679
v -0.351929 -0.300260 0.222884
v -0.345763 -0.298719 0.234105
v -0.379172 -0.283021 0.185751
v -0.332474 -0.323901 0.229257
v -0.362328 -0.292977 0.211389
v -0.354001 -0.293687 0.224862
v -0.366701 -0.289777 0.205877
v -0.387270 -0.281529 0.168561
v -0.383708 -0.280661 0.177301
v -0.391620 -0.278193 0.159546
v -0.311017 -0.367225 0.212177
v -0.296263 -0.385580 0.211910
v -0.294480 -0.396554 0.201495
v -0.281765 -0.409659 0.204333
v -0.374007 -0.285641 0.194676
v -0.334515 -0.314023 0.236634
v -0.336406 -0.306059 0.241648
v -0.340970 -0.297827 0.242000
v -0.320647 -0.332586 0.236863
v -0.396613 -0.314264 -0.090983
v -0.403225 -0.303780 -0.087341
v -0.321799 -0.322973 0.245591
v -0.324728 -0.312843 0.251640
v -0.388447 -0.276287 0.168603
v -0.307214 -0.362197 0.223234
v -0.314749 -0.329790 0.248050
v -0.308580 -0.333955 0.251699
v -0.300040 -0.362673 0.232397
v -0.293148 -0.366493 0.237259
v -0.293946 -0.380400 0.221035
v -0.370710 -0.281673 0.203344
v -0.347570 -0.292719 0.235714
v -0.362572 -0.284963 0.216129
v -0.353594 -0.287505 0.229478
v -0.330181 -0.303226 0.252793
v -0.321579 -0.307063 0.260993
v -0.317059 -0.321338 0.253658
v -0.379720 -0.278325 0.187033
v -0.334088 -0.296228 0.252875
v -0.340304 -0.291784 0.247156
v -0.314699 -0.314579 0.263126
v -0.345069 -0.287781 0.242579
v -0.307739 -0.327224 0.259533
v -0.325894 -0.299156 0.261612
v -0.317307 -0.302266 0.270153
v -0.349391 -0.283501 0.238247
v -0.356016 -0.281923 0.228425
v -0.304333 -0.323785 0.266887
v -0.304451 -0.315306 0.274570
v -0.312810 -0.310622 0.268867
v -0.306347 -0.310648 0.276434
v -0.331700 -0.290623 0.259679
v -0.336678 -0.287145 0.254981
v -0.340854 -0.284561 0.250467
v -0.289130 -0.362530 0.246272
v -0.296485 -0.343229 0.256922
v -0.326713 -0.292688 0.264842
v -0.321812 -0.294537 0.269933
v -0.315905 -0.295701 0.276342
v -0.296124 -0.322839 0.277009
v -0.292120 -0.335258 0.269741
v -0.280856 -0.362937 0.255308
v -0.271232 -0.383432 0.245576
v -0.344997 -0.279053 0.246792
v -0.308704 -0.298015 0.283131
v -0.301657 -0.303731 0.286851
v -0.321200 -0.288632 0.274018
v -0.297968 -0.310988 0.285345
v -0.291163 -0.316618 0.287710
v -0.280342 -0.349012 0.269321
v -0.313238 -0.290593 0.282360
v -0.283663 -0.335466 0.278578
v -0.286255 -0.324285 0.286035
v -0.304543 -0.291642 0.291368
v -0.293363 -0.306288 0.293679
v -0.299500 -0.295662 0.294429
v -0.295944 -0.300307 0.295188
v -0.285195 -0.313337 0.296292
v -0.275592 -0.323018 0.297528
v -0.286646 -0.303780 0.302082
v -0.280675 -0.310939 0.302566
v -0.293671 -0.291759 0.302623
v -0.289290 -0.295688 0.304705
v -0.281444 -0.300709 0.308988
v -0.299309 -0.286960 0.299098
v -0.274611 -0.308596 0.309798
v -0.291063 -0.288968 0.306472
v -0.282876 -0.293163 0.312069
v -0.398222 -0.245925 0.142711
v -0.401399 -0.245944 0.132999
v -0.399593 -0.254578 0.141306
v -0.403560 -0.250261 0.127526
v -0.403807 -0.258896 0.128605
v -0.399183 -0.261055 0.143299
v -0.394549 -0.250261 0.154645
v -0.396138 -0.256737 0.151846
v -0.392762 -0.252188 0.159964
v -0.394996 -0.241626 0.150193
v -0.391749 -0.243784 0.159783
v -0.397021 -0.237529 0.142527
v -0.401299 -0.237789 0.129422
v -0.404913 -0.244903 0.120472
v -0.388268 -0.246145 0.169256
v -0.391631 -0.233180 0.155224
v -0.388312 -0.233579 0.163949
v -0.383999 -0.240059 0.176934
v -0.388149 -0.256737 0.172209
v -0.393164 -0.261055 0.160077
v -0.393197 -0.224415 0.146334
v -0.387553 -0.210699 0.154356
v -0.381969 -0.209839 0.167774
v -0.379660 -0.238009 0.185543
v -0.380035 -0.225019 0.179052
v -0.382615 -0.247022 0.182349
v -0.383035 -0.254658 0.183263
v -0.374845 -0.222119 0.188666
v -0.375609 -0.240869 0.194718
v -0.376880 -0.248102 0.194411
v -0.377603 -0.254767 0.194395
v -0.369423 -0.226454 0.200929
v -0.370656 -0.241830 0.204334
v -0.370714 -0.250261 0.206596
v -0.361247 -0.210797 0.210133
v -0.367057 -0.236563 0.209052
v -0.371039 -0.256737 0.207191
v -0.353011 -0.199551 0.220717
v -0.363120 -0.233463 0.214915
v -0.362829 -0.248372 0.219961
v -0.360242 -0.239540 0.221777
v -0.380261 -0.261055 0.189734
v -0.353858 -0.228796 0.228949
v -0.355884 -0.242306 0.229801
v -0.359534 -0.255172 0.226793
v -0.388226 -0.261055 0.172391
v -0.354265 -0.248102 0.233903
v -0.368838 -0.261055 0.211444
v -0.360805 -0.261055 0.225259
v -0.353045 -0.254570 0.237018
v -0.371093 -0.265372 0.207291
v -0.382571 -0.265373 0.184734
v -0.353506 -0.261055 0.237038
v -0.366517 -0.265372 0.215478
v -0.388182 -0.265372 0.172286
v -0.376064 -0.267234 0.197625
v -0.396155 -0.265372 0.151851
v -0.353491 -0.265372 0.237016
v -0.381360 -0.269287 0.186636
v -0.358182 -0.269642 0.228978
v -0.387125 -0.269690 0.173897
v -0.368942 -0.269690 0.210543
v -0.392254 -0.272002 0.160600
v -0.395888 -0.269690 0.151596
v -0.362849 -0.274797 0.219959
v -0.382301 -0.274007 0.183311
v -0.374040 -0.276166 0.199276
v -0.368655 -0.274007 0.210023
v -0.353407 -0.277705 0.234428
v -0.349444 -0.273652 0.241844
v -0.367010 -0.279989 0.210756
v -0.339284 -0.261055 0.257741
v -0.344794 -0.258896 0.249920
v -0.344838 -0.265372 0.249988
v -0.338454 -0.265372 0.258792
v -0.342817 -0.269847 0.252343
v -0.338470 -0.256147 0.258449
v -0.330310 -0.265203 0.269338
v -0.330609 -0.259364 0.268944
v -0.330466 -0.269389 0.268714
v -0.334174 -0.274007 0.263175
v -0.322864 -0.261055 0.278414
v -0.320951 -0.265372 0.280565
v -0.320184 -0.269690 0.281060
v -0.323615 -0.273767 0.276428
v -0.322002 -0.256737 0.279219
v -0.327736 -0.252419 0.271867
v -0.334767 -0.252419 0.262870
v -0.312733 -0.258896 0.289834
v -0.301591 -0.265372 0.301889
v -0.303504 -0.269690 0.299461
v -0.319011 -0.275169 0.281505
v -0.313822 -0.250261 0.287739
v -0.305519 -0.252419 0.297137
v -0.320656 -0.250130 0.279987
v -0.303684 -0.258896 0.299652
v -0.345126 -0.249852 0.248088
v -0.336650 -0.246259 0.259262
v -0.340738 -0.245943 0.253549
v -0.325619 -0.241626 0.272465
v -0.314977 -0.241908 0.285065
v -0.319133 -0.238170 0.279480
v -0.302228 -0.239139 0.298231
v -0.332558 -0.236255 0.262263
v -0.327851 -0.233581 0.267687
v -0.323498 -0.229370 0.271965
v -0.341056 -0.236692 0.250757
v -0.336555 -0.228941 0.254816
v -0.347254 -0.237260 0.241716
v -0.310859 -0.237246 0.288538
v -0.310796 -0.228051 0.286300
v -0.315521 -0.229164 0.281361
v -0.333367 -0.200289 0.250611
v -0.319850 -0.199092 0.267526
v -0.315302 -0.200707 0.273386
v -0.345026 -0.204926 0.235141
v -0.299212 -0.226866 0.298305
v -0.293320 -0.218300 0.302263
v -0.292901 -0.232551 0.306206
v -0.293868 -0.241046 0.307131
v -0.282709 -0.232990 0.315694
v -0.273779 -0.222019 0.321009
v -0.303164 -0.276166 0.298603
v -0.312504 -0.278884 0.287852
v -0.340171 -0.276166 0.254575
v -0.334293 -0.278713 0.261705
v -0.325503 -0.280390 0.272223
v -0.308687 -0.282522 0.290889
v -0.299895 -0.282598 0.300209
v -0.294362 -0.276166 0.307626
v -0.317326 -0.284555 0.280434
v -0.332043 -0.283135 0.262938
v -0.308482 -0.286960 0.289369
v -0.293453 -0.282716 0.306724
v -0.401218 -0.229557 0.124805
v -0.403518 -0.221582 0.110895
v -0.405546 -0.237541 0.113905
v -0.398922 -0.207667 0.118432
v -0.408052 -0.245943 0.109176
v -0.411239 -0.248102 0.097303
v -0.408848 -0.232073 0.096589
v -0.412554 -0.243784 0.088668
v -0.399305 -0.230832 0.131844
v -0.395734 -0.215371 0.133788
v -0.406884 -0.252714 0.116490
v -0.410901 -0.252208 0.100618
v -0.407018 -0.213286 0.089816
v -0.411722 -0.230832 0.082192
v -0.409223 -0.211899 0.077770
v -0.415337 -0.241016 0.072002
v -0.412254 -0.224752 0.073699
v -0.407711 -0.256737 0.114360
v -0.412542 -0.256737 0.095144
v -0.412175 -0.261055 0.097303
v -0.407818 -0.261055 0.114573
v -0.414365 -0.256300 0.086614
v -0.416409 -0.261055 0.076795
v -0.414365 -0.265791 0.086615
v -0.416894 -0.256737 0.073556
v -0.404080 -0.265372 0.127526
v -0.409281 -0.265372 0.108572
v -0.405663 -0.269398 0.120937
v -0.418421 -0.258558 0.064012
v -0.400709 -0.267531 0.137821
v -0.420524 -0.256737 0.047651
v -0.412383 -0.267531 0.095144
v -0.409733 -0.270139 0.105232
v -0.401309 -0.273591 0.133786
v -0.397195 -0.273407 0.146437
v -0.406479 -0.274639 0.115428
v -0.416054 -0.250261 0.075176
v -0.417211 -0.245943 0.064921
v -0.418355 -0.251877 0.061715
v -0.418673 -0.245780 0.054344
v -0.416439 -0.235543 0.059132
v -0.411185 -0.211001 0.065591
v -0.415082 -0.220546 0.049609
v -0.418039 -0.234006 0.044506
v -0.419885 -0.243784 0.041175
v -0.415883 -0.218040 0.037966
v -0.418019 -0.229027 0.035725
v -0.420597 -0.252419 0.044413
v -0.415001 -0.207574 0.026059
v -0.420335 -0.241086 0.030381
v -0.419144 -0.231394 0.024809
v -0.421290 -0.250261 0.034159
v -0.417268 -0.216434 0.009517
v -0.419476 -0.231278 0.017428
v -0.420214 -0.234070 0.008793
v -0.421970 -0.248102 0.017428
v -0.422257 -0.252419 0.021746
v -0.422314 -0.248102 0.004475
v -0.422079 -0.256737 0.030381
v -0.420649 -0.236229 -0.000921
v -0.418693 -0.224079 -0.002001
v -0.422948 -0.254947 0.006433
v -0.421915 -0.245403 -0.006318
v -0.422869 -0.257772 0.015395
v -0.422964 -0.254571 -0.004191
v -0.420681 -0.238117 -0.013334
v -0.418470 -0.226664 -0.021226
v -0.422378 -0.252419 -0.017112
v -0.420621 -0.241626 -0.025208
v -0.421685 -0.250261 -0.025747
v -0.418655 -0.232933 -0.034496
v -0.416988 -0.224895 -0.037621
v -0.420327 -0.245943 -0.037081
v -0.420904 -0.252419 -0.038700
v -0.419728 -0.248102 -0.046256
v -0.421892 -0.256737 -0.030065
v -0.417966 -0.235222 -0.045601
v -0.411858 -0.205802 -0.054289
v -0.416410 -0.232990 -0.055970
v -0.417821 -0.242341 -0.056332
v -0.413514 -0.222835 -0.063969
v -0.416058 -0.238387 -0.064605
v -0.414352 -0.239322 -0.075531
v -0.408987 -0.206614 -0.074124
v -0.418674 -0.254263 -0.060478
v -0.420285 -0.256737 -0.047875
v -0.416824 -0.245943 -0.066764
v -0.406576 -0.207154 -0.087086
v -0.419960 -0.261055 -0.051653
v -0.412302 -0.234070 -0.081876
v 0.010974 -0.289280 -0.427343
v 0.029476 -0.297905 -0.423035
v 0.010412 -0.297216 -0.424168
v 0.026063 -0.291277 -0.425945
v 0.023904 -0.286861 -0.427592
v 0.000158 -0.295595 -0.425031
v 0.035232 -0.297379 -0.422801
v 0.042919 -0.291856 -0.424251
v 0.036288 -0.286025 -0.426881
v -0.011266 -0.288087 -0.427703
v -0.008477 -0.295595 -0.424904
v -0.005239 -0.282642 -0.429462
v 0.004475 -0.282642 -0.429498
v 0.017428 -0.282642 -0.429111
v 0.032540 -0.282642 -0.428193
v -0.018192 -0.293436 -0.425410
v -0.023589 -0.287757 -0.427190
v -0.021430 -0.282642 -0.428829
v -0.034383 -0.291277 -0.425113
v -0.031011 -0.297591 -0.422892
v -0.014954 -0.299675 -0.422839
v -0.006858 -0.302635 -0.421568
v 0.008793 -0.302613 -0.421579
v 0.026614 -0.306608 -0.418770
v -0.034345 -0.283768 -0.427576
v -0.047341 -0.293438 -0.422964
v -0.050573 -0.286960 -0.424755
v -0.028077 -0.303707 -0.420022
v 0.050889 -0.286960 -0.424951
v -0.004160 -0.278325 -0.430491
v 0.054225 -0.291419 -0.423012
v 0.008793 -0.278325 -0.430394
v 0.061233 -0.298574 -0.419031
v 0.052146 -0.302118 -0.418670
v 0.033518 -0.304602 -0.419339
v 0.043334 -0.304206 -0.418624
v 0.013111 -0.307653 -0.418747
v -0.004160 -0.307772 -0.418817
v -0.019271 -0.306837 -0.418900
v -0.038700 -0.303353 -0.419324
v -0.049244 -0.301491 -0.419050
v 0.007714 -0.315197 -0.414433
v -0.013196 -0.315049 -0.414343
v -0.006318 -0.320805 -0.410942
v 0.023904 -0.314745 -0.414157
v 0.017428 -0.320587 -0.410806
v 0.039016 -0.311640 -0.414884
v 0.046810 -0.310938 -0.414466
v -0.034922 -0.312845 -0.414309
v -0.047231 -0.310685 -0.414316
v -0.025747 -0.314525 -0.414026
v -0.055970 -0.307475 -0.414939
v -0.019271 -0.321547 -0.410032
v 0.063988 -0.306660 -0.414481
v 0.004475 -0.328443 -0.406003
v 0.013111 -0.328305 -0.405912
v -0.004160 -0.328970 -0.405631
v -0.013334 -0.330906 -0.404065
v 0.028222 -0.321219 -0.409820
v 0.021618 -0.328035 -0.405732
v -0.038627 -0.322319 -0.408035
v -0.028986 -0.330243 -0.403612
v -0.047845 -0.320422 -0.408193
v -0.017138 -0.338990 -0.398291
v 0.051969 -0.316580 -0.410311
v 0.044692 -0.324907 -0.405803
v 0.063451 -0.314129 -0.410121
v 0.034698 -0.330274 -0.403262
v 0.029301 -0.338172 -0.398283
v -0.006318 -0.355383 -0.387622
v 0.002317 -0.358235 -0.385791
v 0.017604 -0.346931 -0.392956
v -0.008477 -0.374659 -0.374940
v -0.000921 -0.377485 -0.373221
v 0.021746 -0.374285 -0.374694
v 0.012031 -0.374627 -0.374920
v 0.013111 -0.397446 -0.359544
v 0.004380 -0.418658 -0.345253
v 0.004475 -0.386899 -0.366897
v 0.014190 -0.421207 -0.343205
v 0.004475 -0.435317 -0.333713
v 0.015269 -0.437862 -0.331604
v 0.026063 -0.415282 -0.346614
v 0.024006 -0.433335 -0.334278
v 0.023904 -0.357834 -0.385302
v 0.032573 -0.356698 -0.385406
v 0.030381 -0.374966 -0.373605
v 0.021771 -0.391423 -0.363189
v 0.030381 -0.390653 -0.363105
v -0.003875 -0.418647 -0.345248
v -0.012795 -0.418442 -0.345106
v -0.015398 -0.392293 -0.362810
v -0.009557 -0.436751 -0.332502
v 0.004475 -0.443927 -0.327513
v -0.005239 -0.443885 -0.327483
v -0.017547 -0.367227 -0.379388
v -0.028986 -0.378574 -0.371061
v -0.032387 -0.356228 -0.385523
v -0.022509 -0.350390 -0.390227
v -0.037612 -0.337240 -0.398025
v -0.030072 -0.414767 -0.346404
v -0.034383 -0.396279 -0.358579
v -0.038700 -0.376776 -0.371302
v -0.044826 -0.354391 -0.385434
v -0.041938 -0.399789 -0.355332
v -0.047244 -0.375452 -0.371140
v -0.038579 -0.421788 -0.340646
v -0.032566 -0.436614 -0.330946
v -0.021429 -0.436025 -0.332371
v -0.021430 -0.418080 -0.344854
v -0.052732 -0.330389 -0.401006
v -0.021430 -0.441712 -0.328267
v -0.014954 -0.448650 -0.323492
v 0.023904 -0.442293 -0.327897
v 0.008840 -0.448871 -0.323661
v 0.022825 -0.448410 -0.323308
v 0.000158 -0.453726 -0.319815
v -0.009557 -0.453607 -0.319711
v 0.034698 -0.435362 -0.331903
v 0.039035 -0.400867 -0.355246
v 0.032540 -0.443460 -0.326215
v 0.041175 -0.374159 -0.373058
v 0.047398 -0.388745 -0.362417
v 0.047950 -0.404129 -0.351842
v 0.043531 -0.427208 -0.336507
v 0.041171 -0.352791 -0.387157
v 0.044207 -0.331655 -0.401306
v -0.030065 -0.446793 -0.323732
v -0.024931 -0.453085 -0.319259
v 0.015269 -0.453536 -0.319646
v 0.034698 -0.452641 -0.318896
v 0.056911 -0.328790 -0.401559
v 0.054530 -0.353622 -0.384801
v 0.060604 -0.322167 -0.405420
v 0.058569 -0.375438 -0.369611
v 0.056286 -0.387477 -0.361875
v 0.057112 -0.416419 -0.341876
v 0.051810 -0.431564 -0.332270
v 0.062763 -0.402566 -0.350383
v 0.067338 -0.427357 -0.332348
v 0.059914 -0.435743 -0.327854
v 0.044701 -0.440634 -0.326799
v 0.046572 -0.450582 -0.318973
v -0.055453 -0.315489 -0.410296
v -0.040859 -0.449850 -0.320117
v -0.045176 -0.439412 -0.327385
v -0.063574 -0.392915 -0.356600
v -0.071222 -0.385856 -0.359875
v -0.073001 -0.347737 -0.385555
v -0.077626 -0.403789 -0.346141
v -0.085057 -0.372251 -0.366050
v -0.085308 -0.341333 -0.387337
v -0.077315 -0.327000 -0.399019
v -0.068489 -0.335577 -0.394873
v -0.062321 -0.361591 -0.378104
v -0.068923 -0.325923 -0.401440
v -0.068011 -0.418586 -0.338098
v -0.073121 -0.422604 -0.334199
v -0.060284 -0.422962 -0.336611
v -0.066573 -0.435275 -0.326632
v -0.054020 -0.408114 -0.347902
v -0.049172 -0.428761 -0.334355
v -0.054058 -0.439664 -0.325795
v -0.058664 -0.349192 -0.387090
v -0.060288 -0.333400 -0.397831
v -0.072333 -0.317214 -0.406368
v -0.070808 -0.311741 -0.409981
v -0.063287 -0.305934 -0.414634
v -0.058640 -0.446669 -0.319723
v -0.056043 -0.453201 -0.315037
v 0.029359 -0.457569 -0.315086
v -0.029441 -0.457444 -0.314968
v -0.043018 -0.455460 -0.315104
v -0.017112 -0.457907 -0.315413
v -0.072108 -0.442910 -0.319731
v -0.073052 -0.448813 -0.314980
v -0.077351 -0.432053 -0.326449
v 0.008793 -0.458151 -0.315646
v 0.017428 -0.462027 -0.311461
v 0.054549 -0.448681 -0.319196
v -0.087043 -0.320807 -0.400927
v -0.081285 -0.317110 -0.404581
v -0.064429 -0.297686 -0.418616
v -0.079717 -0.309678 -0.409420
v 0.071338 -0.356187 -0.380231
v 0.068924 -0.330193 -0.398535
v 0.071735 -0.378024 -0.365308
v -0.004160 -0.460336 -0.313535
v 0.074377 -0.326723 -0.399836
v 0.072765 -0.312207 -0.409600
v 0.078953 -0.319795 -0.403473
v 0.056772 -0.453291 -0.315114
v 0.041714 -0.456254 -0.314852
v -0.078381 -0.301578 -0.414087
v 0.080710 -0.358915 -0.376352
v 0.075661 -0.396576 -0.351645
v 0.073556 -0.423679 -0.333502
v 0.089919 -0.367128 -0.368444
v 0.092985 -0.356022 -0.375456
v 0.084590 -0.403913 -0.344379
v 0.085822 -0.423591 -0.330357
v 0.091821 -0.417652 -0.332839
v 0.094088 -0.382798 -0.356462
v 0.102794 -0.375962 -0.358693
v 0.102729 -0.353195 -0.374733
v 0.108097 -0.340778 -0.381846
v 0.094065 -0.328983 -0.393773
v 0.103779 -0.323030 -0.395207
v 0.105346 -0.392200 -0.346497
v 0.076406 -0.432314 -0.326637
v 0.086666 -0.336923 -0.390138
v 0.096224 -0.316946 -0.401226
v 0.082428 -0.315112 -0.405748
v 0.069357 -0.444588 -0.319370
v 0.064921 -0.452287 -0.314287
v 0.079278 -0.308899 -0.410208
v 0.077822 -0.302049 -0.414317
v 0.073593 -0.448880 -0.315033
v 0.004475 -0.462503 -0.311406
v 0.060438 -0.457469 -0.310674
v 0.035179 -0.461607 -0.310489
v 0.043334 -0.461092 -0.309969
v 0.052816 -0.461930 -0.307589
v 0.093458 -0.308745 -0.406902
v 0.104267 -0.313039 -0.401478
v 0.076073 -0.453288 -0.310797
v 0.084245 -0.442352 -0.317153
v 0.092318 -0.433481 -0.321299
v -0.017112 -0.462214 -0.311109
v 0.090127 -0.299515 -0.412690
v 0.071300 -0.295526 -0.418611
v 0.066513 -0.290724 -0.421304
v 0.090268 -0.448658 -0.310539
v 0.028010 -0.468266 -0.304195
v 0.015269 -0.468663 -0.304621
v -0.033344 -0.461562 -0.310441
v 0.114573 -0.321735 -0.392896
v 0.111781 -0.316907 -0.396879
v 0.114573 -0.346180 -0.376132
v 0.116462 -0.334492 -0.383650
v 0.110282 -0.366176 -0.363200
v 0.091034 -0.453263 -0.306457
v 0.106154 -0.304540 -0.405860
v 0.104089 -0.432125 -0.318363
v 0.111166 -0.439623 -0.310252
v 0.099487 -0.444562 -0.310715
v 0.110884 -0.421748 -0.323488
v 0.122074 -0.430989 -0.312418
v 0.121119 -0.413878 -0.325291
v 0.120984 -0.396389 -0.338080
v 0.120653 -0.440026 -0.306229
v 0.099599 -0.421670 -0.327498
v 0.112568 -0.395941 -0.341423
v 0.119847 -0.380607 -0.349823
v 0.121055 -0.365056 -0.360367
v 0.077906 -0.457512 -0.306398
v 0.118485 -0.306144 -0.401245
v 0.118214 -0.313139 -0.397225
v 0.103754 -0.297738 -0.410003
v 0.081108 -0.295538 -0.416577
v 0.125367 -0.320113 -0.390389
v 0.129382 -0.314090 -0.392833
v 0.127398 -0.308372 -0.396955
v 0.126151 -0.331731 -0.382302
v 0.131763 -0.342625 -0.372594
v 0.064869 -0.460751 -0.306390
v 0.040095 -0.468521 -0.302572
v 0.001237 -0.470888 -0.302538
v -0.016330 -0.467502 -0.305612
v -0.009557 -0.470777 -0.302419
v 0.064578 -0.466826 -0.300081
v 0.054105 -0.468634 -0.300278
v 0.043334 -0.476180 -0.293734
v -0.047335 -0.459813 -0.310302
v -0.059637 -0.457371 -0.310580
v 0.105229 -0.452878 -0.301805
v 0.092723 -0.457412 -0.301984
v 0.072636 -0.464567 -0.300513
v 0.135794 -0.326087 -0.382630
v 0.096105 -0.294437 -0.413466
v 0.117176 -0.298057 -0.405840
v 0.113845 -0.446362 -0.303947
v 0.131133 -0.365974 -0.355940
v 0.132299 -0.380042 -0.345431
v 0.156233 -0.324081 -0.375758
v 0.155037 -0.336945 -0.367080
v 0.142880 -0.332436 -0.375569
v 0.149464 -0.344777 -0.363848
v 0.142558 -0.363170 -0.353330
v 0.128354 -0.407244 -0.327185
v 0.141710 -0.317060 -0.386340
v 0.059090 -0.472806 -0.294727
v 0.032540 -0.481390 -0.289275
v 0.040893 -0.488696 -0.279925
v 0.028482 -0.502878 -0.265336
v 0.026063 -0.512003 -0.255017
v 0.034698 -0.512079 -0.253859
v 0.043452 -0.513828 -0.250496
v 0.048762 -0.483385 -0.284773
v 0.049810 -0.513333 -0.249913
v 0.044474 -0.517946 -0.245403
v 0.056286 -0.482772 -0.284070
v 0.021849 -0.482920 -0.288519
v 0.016349 -0.504920 -0.263977
v 0.015239 -0.514796 -0.252471
v 0.008793 -0.510454 -0.257888
v 0.026063 -0.522685 -0.242153
v 0.017428 -0.522939 -0.242479
v 0.011492 -0.484180 -0.287693
v 0.002317 -0.504542 -0.264861
v 0.000158 -0.486161 -0.285638
v 0.034876 -0.522287 -0.241651
v 0.081591 -0.462029 -0.300662
v 0.086854 -0.467721 -0.292913
v 0.092770 -0.461893 -0.297293
v -0.030605 -0.471746 -0.299849
v -0.010636 -0.489886 -0.281064
v -0.017112 -0.482908 -0.288556
v -0.025747 -0.482617 -0.288224
v -0.004160 -0.506976 -0.261936
v -0.012702 -0.507287 -0.261207
v -0.021268 -0.507016 -0.260894
v 0.072390 -0.470791 -0.293808
v 0.070254 -0.483247 -0.280296
v 0.116119 -0.452909 -0.297508
v -0.040859 -0.466098 -0.304728
v -0.076980 -0.453014 -0.310559
v 0.110068 -0.457463 -0.295565
v 0.101163 -0.464077 -0.291926
v 0.086914 -0.481154 -0.277673
v 0.078906 -0.478211 -0.283546
v 0.076613 -0.493275 -0.266783
v 0.089577 -0.491663 -0.264479
v 0.078395 -0.502661 -0.255010
v 0.083158 -0.508427 -0.246581
v 0.068967 -0.513202 -0.245434
v 0.077415 -0.517827 -0.237154
v 0.094834 -0.475061 -0.281888
v 0.124851 -0.448608 -0.297535
v 0.061580 -0.499241 -0.263772
v 0.058944 -0.522125 -0.237121
v 0.046572 -0.522324 -0.239552
v 0.059411 -0.518205 -0.241940
v 0.060604 -0.513682 -0.247093
v 0.073206 -0.522183 -0.232877
v 0.129034 -0.435547 -0.306107
v 0.000158 -0.513910 -0.253837
v 0.006634 -0.521076 -0.245136
v 0.000158 -0.522649 -0.243199
v -0.011715 -0.514011 -0.253307
v -0.008477 -0.521024 -0.244923
v -0.034383 -0.480487 -0.289705
v -0.030065 -0.511527 -0.254653
v -0.038700 -0.508930 -0.256479
v -0.033223 -0.499154 -0.268548
v -0.045176 -0.471197 -0.298568
v -0.043035 -0.481551 -0.287296
v -0.058093 -0.461793 -0.306358
v -0.077344 -0.457446 -0.306332
v 0.142412 -0.306231 -0.392654
v 0.145373 -0.311088 -0.388658
v 0.158943 -0.315591 -0.380153
v 0.129475 -0.303017 -0.399147
v 0.129726 -0.453236 -0.291331
v 0.133284 -0.444144 -0.297425
v 0.129898 -0.457601 -0.287060
v 0.139146 -0.390934 -0.334529
v 0.140478 -0.406126 -0.322615
v 0.148733 -0.389654 -0.331025
v 0.151123 -0.358966 -0.352614
v 0.147020 -0.413104 -0.314363
v 0.135722 -0.427666 -0.308940
v 0.159617 -0.357280 -0.349819
v 0.159429 -0.387150 -0.327603
v 0.153726 -0.416446 -0.308470
v 0.143308 -0.437827 -0.297558
v 0.174967 -0.392700 -0.314991
v 0.162407 -0.418572 -0.302134
v 0.167087 -0.392895 -0.319223
v 0.166834 -0.366805 -0.339043
v 0.176933 -0.365713 -0.334374
v 0.177819 -0.347860 -0.347756
v 0.190571 -0.349888 -0.339026
v 0.187578 -0.337939 -0.349889
v 0.196420 -0.337549 -0.345140
v 0.200890 -0.345215 -0.336587
v 0.190437 -0.362923 -0.328757
v 0.198953 -0.370303 -0.317730
v 0.187435 -0.382432 -0.315462
v 0.177495 -0.399957 -0.307838
v 0.164551 -0.430767 -0.291468
v 0.181368 -0.407701 -0.299396
v 0.197698 -0.388432 -0.304237
v 0.209266 -0.373108 -0.308768
v 0.209337 -0.352615 -0.325261
v 0.220843 -0.349989 -0.319684
v 0.211654 -0.336559 -0.336571
v 0.227590 -0.322185 -0.337127
v 0.231158 -0.327990 -0.330148
v 0.218018 -0.325669 -0.340815
v 0.185640 -0.422822 -0.284688
v 0.176023 -0.425059 -0.289067
v 0.179235 -0.435835 -0.278258
v 0.166811 -0.440145 -0.282568
v 0.156211 -0.442410 -0.286976
v 0.162978 -0.448759 -0.277694
v 0.175369 -0.446567 -0.271724
v 0.153200 -0.433228 -0.295901
v 0.165384 -0.341693 -0.358770
v 0.175047 -0.338788 -0.356063
v 0.166551 -0.323770 -0.371230
v 0.205628 -0.323971 -0.349795
v 0.211655 -0.319286 -0.349525
v 0.142559 -0.448823 -0.289080
v 0.142920 -0.453343 -0.284946
v 0.150640 -0.451142 -0.282757
v 0.159617 -0.453000 -0.275995
v 0.164155 -0.319293 -0.375438
v 0.114452 -0.463935 -0.286912
v 0.129974 -0.297973 -0.401480
v 0.162330 -0.310432 -0.381792
v 0.154554 -0.305577 -0.387989
v 0.110230 -0.293384 -0.410003
v 0.172931 -0.319393 -0.371187
v 0.192058 -0.323476 -0.358070
v 0.186205 -0.315343 -0.367050
v 0.199206 -0.316011 -0.359220
v 0.142454 -0.297592 -0.396988
v 0.151741 -0.298167 -0.392933
v 0.176698 -0.310314 -0.375232
v 0.183410 -0.311016 -0.371340
v 0.105696 -0.479165 -0.273054
v 0.097180 -0.487909 -0.266131
v 0.105938 -0.491578 -0.258332
v 0.119037 -0.479144 -0.267594
v 0.121024 -0.468213 -0.279305
v 0.132967 -0.462098 -0.280792
v 0.096664 -0.504877 -0.245821
v 0.089804 -0.515806 -0.235169
v 0.099841 -0.289396 -0.414429
v 0.082470 -0.289294 -0.418708
v 0.147206 -0.457629 -0.278456
v 0.142743 -0.461869 -0.276220
v 0.174831 -0.304067 -0.379699
v 0.170465 -0.299687 -0.383998
v 0.132756 -0.474261 -0.266930
v 0.125562 -0.291413 -0.405762
v 0.116317 -0.288707 -0.409883
v 0.108023 -0.285764 -0.413280
v 0.103936 -0.509370 -0.237376
v 0.115096 -0.507130 -0.235115
v 0.125914 -0.483630 -0.259165
v 0.136773 -0.480660 -0.257215
v 0.183518 -0.304105 -0.375401
v 0.151179 -0.461775 -0.271796
v 0.162985 -0.457405 -0.269591
v 0.159421 -0.461566 -0.267238
v 0.165153 -0.295426 -0.388357
v 0.085933 -0.522105 -0.228454
v 0.101032 -0.515648 -0.230643
v 0.051513 -0.526517 -0.232892
v 0.070125 -0.285744 -0.422293
v 0.032540 -0.526206 -0.236776
v 0.024481 -0.526542 -0.237247
v 0.152914 -0.470175 -0.260987
v 0.144621 -0.481175 -0.252321
v 0.153466 -0.476949 -0.252439
v 0.125233 -0.504943 -0.232921
v 0.134993 -0.499225 -0.234818
v 0.196699 -0.306458 -0.366887
v 0.194189 -0.301801 -0.371008
v 0.181445 -0.297698 -0.379763
v 0.110056 -0.515719 -0.226418
v 0.146860 -0.293331 -0.397019
v 0.158526 -0.292079 -0.392576
v 0.140224 -0.287241 -0.401779
v 0.068508 -0.526431 -0.228449
v -0.021430 -0.516320 -0.249828
v -0.019271 -0.522692 -0.242171
v -0.030091 -0.522270 -0.241629
v 0.099690 -0.522339 -0.222300
v 0.013111 -0.526783 -0.237584
v 0.004475 -0.526847 -0.237673
v 0.116815 -0.517981 -0.220081
v 0.112864 -0.522423 -0.215950
v 0.176050 -0.453143 -0.265336
v 0.060238 -0.530847 -0.224258
v 0.190030 -0.297639 -0.375417
v 0.211655 -0.306325 -0.358161
v 0.221428 -0.314452 -0.346675
v 0.233512 -0.314139 -0.338908
v 0.091917 -0.285856 -0.417528
v 0.176007 -0.457437 -0.260988
v 0.163880 -0.469410 -0.255158
v 0.090874 -0.526598 -0.220058
v 0.147691 -0.488557 -0.241149
v 0.157588 -0.481494 -0.244096
v 0.142835 -0.498609 -0.230949
v 0.167857 -0.472828 -0.248369
v 0.176895 -0.293086 -0.383971
v 0.081455 -0.527404 -0.222598
v 0.172699 -0.462813 -0.257174
v 0.125201 -0.517881 -0.215624
v -0.005603 -0.526764 -0.237558
v 0.076500 -0.530622 -0.219541
v -0.047381 -0.501606 -0.263349
v -0.052600 -0.478481 -0.289033
v -0.060411 -0.468387 -0.298669
v 0.121249 -0.522344 -0.211519
v 0.199631 -0.403862 -0.290476
v 0.198393 -0.422638 -0.275894
v 0.187526 -0.434478 -0.273701
v 0.188669 -0.440999 -0.267252
v 0.212129 -0.385233 -0.296913
v 0.230563 -0.344638 -0.317073
v 0.198678 -0.427204 -0.271782
v 0.209769 -0.299600 -0.363157
v 0.185559 -0.452991 -0.258708
v 0.190214 -0.448938 -0.258960
v 0.184050 -0.457762 -0.254872
v 0.104133 -0.526689 -0.213730
v 0.151198 -0.496325 -0.228621
v 0.162882 -0.484631 -0.236419
v 0.229847 -0.304572 -0.347616
v 0.218157 -0.303115 -0.356021
v 0.237810 -0.306588 -0.341059
v 0.180934 -0.464301 -0.249567
v 0.178180 -0.471490 -0.242643
v 0.174591 -0.479154 -0.235229
v 0.132983 -0.515818 -0.213596
v 0.236622 -0.321572 -0.331273
v 0.240093 -0.330419 -0.321728
v 0.248230 -0.324556 -0.320277
v 0.247341 -0.318261 -0.325823
v 0.206008 -0.295329 -0.367515
v 0.047894 -0.530378 -0.227834
v 0.030381 -0.533176 -0.226514
v 0.021746 -0.531687 -0.229850
v 0.041175 -0.532236 -0.226232
v 0.086062 -0.530800 -0.215528
v 0.188059 -0.461877 -0.247094
v -0.067844 -0.459699 -0.306405
v -0.021430 -0.526395 -0.237036
v -0.027906 -0.526132 -0.236657
v 0.004475 -0.531934 -0.230243
v -0.004699 -0.531173 -0.231233
v -0.018192 -0.531566 -0.229647
v -0.041036 -0.517109 -0.246240
v 0.209649 -0.404823 -0.282412
v 0.255312 -0.326234 -0.313217
v 0.245732 -0.335826 -0.312847
v 0.233526 -0.349187 -0.311056
v 0.222571 -0.385238 -0.289160
v 0.099462 -0.282642 -0.416490
v 0.080033 -0.282642 -0.421153
v 0.149950 -0.503121 -0.219787
v 0.138180 -0.517881 -0.206982
v 0.196354 -0.457305 -0.245729
v 0.246204 -0.310647 -0.332253
v 0.172250 -0.287413 -0.388131
v 0.154871 -0.284607 -0.396542
v 0.165740 -0.284300 -0.391963
v 0.228155 -0.299082 -0.351859
v 0.237566 -0.299850 -0.345206
v 0.199297 -0.440706 -0.259321
v 0.209121 -0.439836 -0.252053
v 0.210494 -0.448739 -0.242582
v 0.199818 -0.450539 -0.249803
v 0.212601 -0.427597 -0.260263
v 0.208874 -0.420085 -0.270004
v 0.223097 -0.406544 -0.270266
v 0.219000 -0.401091 -0.278305
v 0.229089 -0.384200 -0.284883
v 0.232809 -0.400897 -0.267101
v 0.242717 -0.384905 -0.272554
v 0.235918 -0.372145 -0.289546
v 0.247301 -0.369086 -0.282284
v 0.251187 -0.354477 -0.291811
v 0.256664 -0.356723 -0.284849
v 0.253592 -0.338536 -0.303957
v 0.255576 -0.368851 -0.274846
v 0.265950 -0.356279 -0.276435
v 0.265449 -0.369553 -0.264591
v 0.242840 -0.394181 -0.264130
v 0.253291 -0.382463 -0.264866
v 0.224093 -0.421306 -0.256163
v 0.220495 -0.440368 -0.241750
v 0.238725 -0.356466 -0.300609
v 0.193423 -0.291895 -0.376081
v 0.201698 -0.291051 -0.371832
v 0.215984 -0.293361 -0.362486
v 0.135042 -0.283662 -0.404807
v 0.124960 -0.282325 -0.408823
v 0.131778 -0.522243 -0.204891
v 0.169349 -0.492485 -0.220678
v 0.176534 -0.484555 -0.226156
v 0.163791 -0.496131 -0.219705
v 0.246794 -0.302718 -0.337010
v 0.190082 -0.288042 -0.379240
v 0.181051 -0.287653 -0.383903
v 0.213909 -0.453212 -0.235179
v 0.230130 -0.294601 -0.352841
v 0.114573 -0.282642 -0.412173
v 0.187941 -0.473676 -0.231882
v 0.196635 -0.463999 -0.237329
v 0.120985 -0.526557 -0.204880
v 0.130110 -0.526755 -0.198744
v 0.209216 -0.457243 -0.234844
v 0.259215 -0.317186 -0.317187
v 0.255828 -0.309484 -0.325532
v 0.243563 -0.295996 -0.343017
v 0.154951 -0.515737 -0.197288
v 0.153339 -0.522214 -0.188656
v 0.163651 -0.521953 -0.180678
v 0.162339 -0.513780 -0.194354
v 0.173154 -0.496526 -0.211648
v 0.211706 -0.289097 -0.366827
v 0.099242 -0.530845 -0.209135
v 0.052393 -0.282031 -0.426087
v 0.038329 -0.279075 -0.428437
v 0.256145 -0.387485 -0.257444
v 0.115197 -0.530941 -0.200666
v 0.254550 -0.301229 -0.331907
v 0.261649 -0.304516 -0.324129
v 0.249836 -0.294863 -0.338939
v 0.222862 -0.449193 -0.231164
v 0.231262 -0.417829 -0.252939
v 0.229313 -0.436244 -0.237616
v 0.245016 -0.400129 -0.256579
v 0.241876 -0.413966 -0.246432
v 0.263253 -0.336331 -0.297504
v 0.267128 -0.322886 -0.305742
v 0.209007 -0.461807 -0.229196
v 0.203565 -0.468260 -0.225384
v 0.181400 -0.491987 -0.211318
v 0.188751 -0.483561 -0.217018
v 0.202854 -0.472820 -0.219524
v 0.265558 -0.307900 -0.318650
v 0.141406 -0.526515 -0.190779
v 0.154971 -0.526294 -0.180682
v 0.124375 -0.531176 -0.194633
v 0.218100 -0.457431 -0.226424
v 0.223817 -0.453379 -0.225658
v 0.227546 -0.290977 -0.356110
v 0.272254 -0.310812 -0.310786
v 0.276415 -0.317114 -0.302011
v 0.270050 -0.340975 -0.287003
v 0.274191 -0.333235 -0.290072
v 0.280390 -0.323201 -0.293033
v 0.202339 -0.287108 -0.372894
v 0.240644 -0.291180 -0.347249
v 0.182970 -0.496273 -0.203444
v 0.181169 -0.509124 -0.185184
v 0.223491 -0.286841 -0.360294
v 0.219773 -0.461406 -0.219449
v 0.276570 -0.341023 -0.280573
v 0.273849 -0.355520 -0.269197
v 0.090844 -0.279364 -0.419385
v 0.216251 -0.470603 -0.209460
v 0.206600 -0.477118 -0.209519
v 0.191679 -0.495973 -0.195692
v 0.276140 -0.305038 -0.311421
v 0.229008 -0.447811 -0.226541
v 0.233677 -0.440616 -0.229055
v 0.244454 -0.419480 -0.238556
v 0.261014 -0.390191 -0.249884
v 0.186857 -0.501740 -0.191405
v 0.145819 -0.279587 -0.401554
v 0.179775 -0.282642 -0.385965
v 0.226711 -0.457410 -0.217753
v 0.071435 -0.279435 -0.423605
v 0.058445 -0.278325 -0.426043
v 0.105536 -0.278978 -0.415634
v 0.267051 -0.297300 -0.323925
v 0.280737 -0.299839 -0.310651
v 0.261930 -0.292968 -0.330379
v 0.170343 -0.522061 -0.174357
v 0.281002 -0.309877 -0.303349
v 0.194223 -0.283565 -0.378397
v 0.233299 -0.286953 -0.353869
v 0.104426 -0.532812 -0.202811
v 0.283447 -0.316686 -0.295542
v 0.132438 -0.278979 -0.406886
v 0.282905 -0.336553 -0.278269
v 0.288981 -0.323133 -0.284327
v 0.290003 -0.315727 -0.289707
v 0.235674 -0.449075 -0.218106
v 0.239966 -0.442588 -0.220240
v 0.135254 -0.531401 -0.186434
v 0.150634 -0.531113 -0.175190
v 0.198156 -0.495960 -0.189174
v 0.090240 -0.532610 -0.210112
v 0.166318 -0.526551 -0.170324
v 0.157831 -0.530945 -0.169410
v 0.239654 -0.453063 -0.209093
v 0.052022 -0.533025 -0.222290
v 0.021746 -0.533671 -0.226514
v 0.228930 -0.461773 -0.209181
v 0.235125 -0.457222 -0.208854
v 0.225309 -0.470903 -0.199159
v 0.196534 -0.500631 -0.183257
v 0.176817 -0.522050 -0.167838
v 0.185289 -0.511850 -0.176331
v 0.273515 -0.370086 -0.255621
v 0.280058 -0.357632 -0.260495
v 0.066001 -0.533303 -0.217879
v 0.077874 -0.533487 -0.213561
v 0.293401 -0.334050 -0.269294
v 0.298714 -0.324430 -0.272572
v 0.280522 -0.292943 -0.314778
v 0.273615 -0.290664 -0.321713
v 0.206218 -0.282981 -0.371928
v 0.263161 -0.400974 -0.236892
v 0.267658 -0.389296 -0.243579
v 0.251571 -0.419700 -0.230681
v 0.298155 -0.336712 -0.261163
v 0.286344 -0.357289 -0.253673
v 0.276390 -0.377710 -0.245082
v 0.253184 -0.289740 -0.338700
v 0.245723 -0.286321 -0.345521
v 0.289402 -0.306343 -0.297721
v 0.287701 -0.300282 -0.303575
v 0.172481 -0.278170 -0.390414
v 0.158947 -0.275670 -0.396836
v 0.185753 -0.278187 -0.384076
v -0.043018 -0.522222 -0.239436
v -0.052138 -0.510239 -0.252237
v -0.058381 -0.490888 -0.273411
v 0.300549 -0.315430 -0.278675
v 0.239901 -0.461911 -0.196430
v 0.236992 -0.468398 -0.189455
v 0.223985 -0.479890 -0.185742
v 0.234725 -0.474248 -0.182396
v 0.209415 -0.491941 -0.183167
v 0.204948 -0.498319 -0.177595
v 0.192128 -0.511815 -0.168629
v 0.117811 -0.533410 -0.194132
v 0.247231 -0.441193 -0.213433
v 0.249284 -0.446474 -0.205205
v 0.299202 -0.309690 -0.284856
v 0.296695 -0.305135 -0.290996
v 0.244452 -0.457700 -0.197180
v 0.245993 -0.461608 -0.189477
v 0.243882 -0.468540 -0.180523
v 0.228533 -0.282165 -0.358512
v 0.212928 -0.279938 -0.368759
v 0.284966 -0.293156 -0.310562
v 0.258261 -0.286960 -0.335868
v 0.272204 -0.286952 -0.324407
v 0.256254 -0.427590 -0.216985
v 0.269993 -0.397050 -0.232978
v 0.276835 -0.386677 -0.235572
v 0.284925 -0.374609 -0.238066
v 0.293597 -0.363168 -0.239026
v 0.301328 -0.342571 -0.251093
v 0.121083 -0.276407 -0.411324
v 0.109266 -0.274210 -0.415384
v 0.249416 -0.453074 -0.197251
v 0.174837 -0.526482 -0.161541
v 0.306894 -0.321740 -0.265600
v 0.309818 -0.314852 -0.268454
v 0.079496 -0.277776 -0.422286
v 0.241444 -0.282058 -0.349856
v 0.194715 -0.278322 -0.379397
v 0.291918 -0.297028 -0.301327
v 0.299299 -0.298439 -0.292777
v 0.306776 -0.308646 -0.277328
v 0.051016 -0.275179 -0.427659
v -0.081876 -0.461563 -0.300719
v -0.068483 -0.470041 -0.294919
v -0.068941 -0.479684 -0.283833
v 0.213813 -0.496314 -0.170298
v 0.226866 -0.487868 -0.168244
v 0.252563 -0.457346 -0.187418
v 0.129502 -0.533853 -0.185304
v 0.168713 -0.274501 -0.392814
v 0.034698 -0.534678 -0.222804
v 0.261410 -0.434885 -0.202825
v 0.282977 -0.393849 -0.220063
v 0.274799 -0.401762 -0.221890
v 0.283159 -0.386508 -0.227857
v 0.283129 -0.405902 -0.206237
v 0.272773 -0.424063 -0.199823
v 0.260321 -0.443498 -0.194569
v 0.268504 -0.440801 -0.186510
v 0.283897 -0.414827 -0.194842
v 0.276369 -0.435775 -0.181007
v 0.261179 -0.448653 -0.187386
v 0.311585 -0.343470 -0.236608
v 0.298669 -0.362154 -0.233555
v 0.309415 -0.331892 -0.252063
v 0.320002 -0.324094 -0.246404
v 0.302006 -0.372087 -0.217869
v 0.317582 -0.343856 -0.227672
v 0.327232 -0.324219 -0.236253
v 0.330665 -0.327170 -0.227910
v 0.320752 -0.348205 -0.217923
v 0.304973 -0.378287 -0.206275
v 0.290820 -0.383199 -0.221218
v 0.287699 -0.416993 -0.186489
v 0.312080 -0.320935 -0.259947
v 0.257173 -0.453292 -0.186955
v 0.323002 -0.317860 -0.248786
v 0.309720 -0.303115 -0.278148
v 0.306255 -0.297371 -0.285849
v 0.208590 -0.501834 -0.166755
v 0.188202 -0.522418 -0.153415
v 0.201105 -0.509435 -0.161977
v 0.182130 -0.526940 -0.151771
v 0.156650 -0.531991 -0.168184
v 0.252753 -0.280529 -0.342019
v 0.259173 -0.282546 -0.336583
v 0.246219 -0.278325 -0.347375
v 0.145876 -0.533535 -0.173624
v 0.165119 -0.531961 -0.159950
v 0.312974 -0.305132 -0.272819
v 0.317665 -0.308291 -0.264580
v 0.148265 -0.274007 -0.401591
v 0.226418 -0.278325 -0.360771
v 0.254932 -0.461853 -0.176916
v 0.246572 -0.470702 -0.172994
v 0.261396 -0.457522 -0.174733
v 0.263829 -0.453492 -0.177308
v 0.291564 -0.291498 -0.304744
v 0.300096 -0.291306 -0.296012
v 0.233500 -0.488206 -0.158343
v 0.220818 -0.496694 -0.160235
v 0.324104 -0.311658 -0.253346
v 0.285563 -0.286960 -0.312753
v 0.237625 -0.276170 -0.353883
v 0.131055 -0.271848 -0.408547
v 0.268002 -0.449049 -0.177096
v 0.207401 -0.274274 -0.373052
v 0.139495 -0.534968 -0.174873
v 0.095160 -0.274007 -0.419202
v 0.207491 -0.513695 -0.144611
v 0.196840 -0.522419 -0.141579
v 0.172633 -0.531855 -0.151804
v 0.179255 -0.530834 -0.146100
v 0.322356 -0.301170 -0.264356
v 0.024984 -0.278325 -0.429715
v 0.276538 -0.282642 -0.322173
v 0.190034 -0.526525 -0.142187
v -0.008477 -0.533879 -0.226514
v -0.021430 -0.533321 -0.226514
v 0.003396 -0.535166 -0.224106
v 0.328657 -0.304566 -0.253581
v 0.332799 -0.306679 -0.246203
v 0.328437 -0.299099 -0.258180
v 0.245675 -0.477819 -0.160589
v 0.255201 -0.470702 -0.160068
v 0.334815 -0.312916 -0.237369
v 0.334704 -0.320328 -0.229640
v 0.316040 -0.295372 -0.275810
v 0.326255 -0.296326 -0.262829
v 0.181168 -0.271848 -0.387366
v 0.263541 -0.461831 -0.163928
v 0.296045 -0.286960 -0.302218
v 0.222178 -0.274363 -0.364199
v 0.228986 -0.496358 -0.148801
v 0.222654 -0.502938 -0.144697
v 0.308917 -0.290744 -0.286580
v 0.317592 -0.291277 -0.276274
v 0.193767 -0.274007 -0.380627
v 0.202886 -0.522131 -0.133379
v 0.160254 -0.534617 -0.157782
v -0.046514 -0.526464 -0.232810
v -0.054826 -0.522056 -0.237030
v -0.031164 -0.532427 -0.226515
v 0.269986 -0.453163 -0.168203
v 0.270095 -0.457583 -0.160821
v -0.064629 -0.509320 -0.250267
v -0.075156 -0.491731 -0.268080
v -0.075399 -0.502311 -0.255511
v -0.084035 -0.486355 -0.271687
v -0.087454 -0.493145 -0.262599
v -0.084533 -0.502883 -0.251936
v -0.079580 -0.509218 -0.245820
v -0.063451 -0.516721 -0.241443
v -0.068787 -0.522236 -0.232949
v -0.092670 -0.470605 -0.287130
v -0.092350 -0.461821 -0.297215
v -0.085587 -0.466143 -0.294522
v -0.077558 -0.476924 -0.284619
v -0.094943 -0.341221 -0.385057
v -0.094643 -0.368048 -0.366463
v -0.104435 -0.350413 -0.376018
v -0.107781 -0.326896 -0.391317
v -0.098217 -0.322863 -0.396693
v -0.114257 -0.333466 -0.384920
v -0.106479 -0.387848 -0.349162
v -0.092756 -0.402489 -0.343085
v -0.093599 -0.418126 -0.331930
v -0.104368 -0.415676 -0.330233
v -0.115828 -0.406968 -0.332523
v -0.114442 -0.382565 -0.350258
v -0.111769 -0.354695 -0.370741
v -0.125705 -0.341261 -0.375707
v -0.124500 -0.328913 -0.384751
v -0.118055 -0.354961 -0.368471
v -0.120281 -0.375855 -0.352912
v -0.110551 -0.421880 -0.323649
v -0.083462 -0.424914 -0.329989
v -0.083913 -0.403389 -0.344868
v -0.124690 -0.396868 -0.336477
v -0.128258 -0.370184 -0.353942
v -0.132749 -0.357729 -0.361081
v -0.119531 -0.418010 -0.323172
v -0.080540 -0.447168 -0.314309
v -0.085005 -0.440808 -0.317890
v -0.091590 -0.314073 -0.404042
v 0.067080 -0.274007 -0.425328
v -0.092138 -0.452985 -0.306218
v -0.093806 -0.457175 -0.301744
v -0.091283 -0.448350 -0.310307
v -0.095730 -0.430506 -0.322242
v -0.093452 -0.307122 -0.407669
v -0.094973 -0.302141 -0.410047
v 0.034698 -0.274007 -0.429732
v -0.105622 -0.312615 -0.401221
v -0.112912 -0.319818 -0.394509
v -0.125845 -0.319700 -0.390469
v -0.058208 -0.289924 -0.422707
v 0.082295 -0.272990 -0.422421
v 0.070318 -0.269690 -0.425279
v -0.073516 -0.293566 -0.418700
v -0.086058 -0.297684 -0.414298
v -0.065324 -0.526309 -0.228276
v 0.146810 -0.269690 -0.402738
v 0.171579 -0.269690 -0.392168
v 0.054758 -0.270304 -0.427780
v -0.058669 -0.529123 -0.225710
v -0.070654 -0.530825 -0.219896
v -0.053549 -0.531481 -0.223156
v 0.116717 -0.267531 -0.413818
v -0.103770 -0.457609 -0.297863
v -0.102896 -0.448616 -0.306195
v -0.105025 -0.452929 -0.301854
v -0.098915 -0.442244 -0.312311
v -0.109723 -0.302935 -0.405589
v -0.114257 -0.309418 -0.400623
v -0.126657 -0.312560 -0.394716
v 0.021746 -0.274007 -0.430661
v -0.098249 -0.492117 -0.260037
v -0.094817 -0.500998 -0.250649
v -0.110807 -0.488202 -0.259764
v -0.113443 -0.474052 -0.275416
v -0.104828 -0.478072 -0.274077
v -0.111047 -0.497312 -0.248566
v -0.102324 -0.506916 -0.240235
v -0.092705 -0.507166 -0.243793
v -0.112169 -0.463535 -0.288146
v -0.081660 -0.522206 -0.228594
v -0.077259 -0.526514 -0.224256
v -0.014954 -0.276166 -0.430569
v -0.022509 -0.278325 -0.429774
v 0.188522 -0.531474 -0.131641
v 0.198720 -0.526556 -0.129298
v 0.196419 -0.531350 -0.119963
v -0.116058 -0.453027 -0.297614
v -0.116186 -0.457416 -0.293346
v -0.103416 -0.297725 -0.409998
v -0.093010 -0.293617 -0.414410
v -0.042197 -0.281053 -0.427427
v 0.105938 -0.267531 -0.417045
v 0.097358 -0.269655 -0.419167
v 0.207546 -0.522371 -0.125298
v 0.222661 -0.507262 -0.135018
v 0.231242 -0.498590 -0.140324
v 0.255111 -0.474946 -0.151321
v 0.177178 -0.533253 -0.142322
v 0.263586 -0.466187 -0.155371
v -0.081893 -0.289129 -0.418649
v -0.107117 -0.429079 -0.319159
v -0.103285 -0.435173 -0.315814
v 0.039016 -0.269690 -0.429831
v 0.023904 -0.269690 -0.431136
v 0.265756 -0.278325 -0.332346
v -0.120105 -0.448555 -0.299670
v -0.112940 -0.443941 -0.305966
v -0.123985 -0.443959 -0.301647
v -0.138445 -0.334696 -0.375643
v -0.137340 -0.326047 -0.382100
v 0.004629 -0.271867 -0.431601
v -0.082089 -0.530952 -0.215797
v -0.092567 -0.522227 -0.224309
v -0.094219 -0.526407 -0.217619
v -0.140423 -0.318417 -0.386011
v -0.123919 -0.302784 -0.401239
v -0.133929 -0.308478 -0.394556
v -0.146654 -0.310716 -0.388428
v -0.060096 -0.283209 -0.424416
v 0.193388 -0.269690 -0.381387
v 0.141420 -0.265372 -0.405242
v -0.125319 -0.457616 -0.289237
v -0.120711 -0.471566 -0.275270
v -0.120153 -0.422674 -0.319074
v -0.124403 -0.479733 -0.263977
v -0.130610 -0.481327 -0.258990
v -0.133323 -0.474864 -0.265482
v -0.119537 -0.500225 -0.241050
v -0.113727 -0.507042 -0.234996
v -0.132998 -0.461527 -0.281225
v -0.141429 -0.470073 -0.267080
v -0.103095 -0.522141 -0.219869
v -0.111729 -0.295499 -0.408582
v -0.129854 -0.298115 -0.401550
v -0.124654 -0.293092 -0.405562
v -0.126702 -0.452927 -0.293207
v -0.125055 -0.414330 -0.323660
v -0.156892 -0.357471 -0.350905
v -0.143715 -0.394104 -0.330303
v -0.154100 -0.381881 -0.334406
v -0.167268 -0.352681 -0.349473
v -0.159629 -0.337094 -0.364833
v -0.166680 -0.328869 -0.367508
v -0.174486 -0.336459 -0.358087
v -0.144962 -0.375090 -0.343598
v -0.144480 -0.356709 -0.357116
v -0.151283 -0.327236 -0.375707
v -0.148388 -0.400189 -0.323578
v -0.143293 -0.409504 -0.318954
v -0.131528 -0.400085 -0.331356
v -0.143189 -0.364692 -0.351830
v -0.128415 -0.434268 -0.306617
v -0.121193 -0.431847 -0.310876
v -0.130486 -0.427224 -0.310668
v -0.126256 -0.423937 -0.314953
v -0.141582 -0.418359 -0.312811
v -0.140491 -0.430311 -0.304425
v -0.163983 -0.319393 -0.375504
v -0.099503 -0.289368 -0.414421
v -0.133159 -0.444249 -0.297521
v -0.154492 -0.315997 -0.381877
v -0.073709 -0.280955 -0.422538
v -0.086788 -0.285239 -0.418780
v 0.079622 -0.265983 -0.423670
v -0.008980 -0.271379 -0.431516
v -0.026827 -0.274007 -0.430253
v -0.041938 -0.274007 -0.428802
v -0.137037 -0.452679 -0.288654
v -0.137007 -0.457047 -0.284313
v -0.141669 -0.446836 -0.291394
v -0.128590 -0.418206 -0.318968
v -0.056482 -0.277761 -0.426210
v -0.148893 -0.425180 -0.304284
v -0.143897 -0.437713 -0.297482
v -0.150590 -0.444310 -0.288926
v -0.094106 -0.530718 -0.211055
v -0.116135 -0.288857 -0.409926
v -0.139221 -0.300002 -0.397109
v -0.144637 -0.304351 -0.392803
v 0.065147 -0.265629 -0.426516
v 0.156922 -0.265372 -0.398866
v -0.117521 -0.514348 -0.223422
v -0.116139 -0.522163 -0.213413
v -0.124350 -0.517662 -0.215326
v 0.050889 -0.265372 -0.428730
v 0.219655 -0.269690 -0.366412
v 0.212208 -0.269362 -0.370907
v 0.207281 -0.265372 -0.374042
v -0.124896 -0.502771 -0.235062
v -0.145706 -0.452670 -0.284324
v -0.111806 -0.526487 -0.209092
v -0.147535 -0.461587 -0.273733
v -0.148407 -0.457318 -0.278129
v -0.153701 -0.308973 -0.386513
v -0.167696 -0.310287 -0.379540
v 0.034698 -0.265372 -0.430623
v 0.232929 -0.269690 -0.357951
v -0.159134 -0.301673 -0.388224
v 0.018897 -0.266131 -0.431697
v -0.134051 -0.498681 -0.235341
v -0.139441 -0.483579 -0.251441
v -0.144795 -0.492190 -0.237492
v -0.151420 -0.472852 -0.258113
v -0.101620 -0.283996 -0.415493
v -0.109799 -0.281993 -0.413785
v 0.127674 -0.263213 -0.410349
v -0.132854 -0.504643 -0.228185
v 0.090230 -0.263213 -0.421292
v -0.172731 -0.319477 -0.371245
v -0.065685 -0.274007 -0.425389
v -0.026827 -0.269690 -0.430831
v -0.016307 -0.266581 -0.431760
v -0.039780 -0.269690 -0.429625
v 0.285176 -0.280720 -0.315080
v -0.135862 -0.293407 -0.401380
v 0.205264 -0.526599 -0.118598
v 0.201207 -0.531058 -0.112812
v 0.248106 -0.274004 -0.346840
v -0.177305 -0.345556 -0.349802
v -0.159837 -0.420066 -0.302464
v -0.162350 -0.431682 -0.292210
v -0.167113 -0.410929 -0.305470
v -0.164492 -0.388830 -0.323970
v -0.175736 -0.383434 -0.321877
v -0.178779 -0.363853 -0.334909
v -0.166419 -0.372776 -0.334885
v -0.158937 -0.444089 -0.284425
v -0.146752 -0.293543 -0.397102
v -0.155273 -0.295549 -0.392738
v -0.159054 -0.461552 -0.267208
v -0.159445 -0.457424 -0.271761
v -0.159544 -0.453156 -0.276138
v -0.124464 -0.526365 -0.202416
v -0.129677 -0.518080 -0.211590
v -0.181800 -0.325493 -0.362282
v -0.187944 -0.342224 -0.346492
v -0.189514 -0.325607 -0.358045
v -0.176468 -0.310384 -0.375274
v 0.075715 -0.261055 -0.424684
v -0.159330 -0.448692 -0.280332
v -0.053834 -0.270790 -0.427719
v 0.000158 -0.265372 -0.432201
v -0.141874 -0.500477 -0.228395
v 0.176397 -0.265372 -0.390222
v 0.189513 -0.265372 -0.383791
v -0.176887 -0.302094 -0.379799
v -0.185544 -0.302115 -0.375494
v -0.185502 -0.319343 -0.364678
v -0.163627 -0.297472 -0.388297
v -0.157808 -0.478799 -0.246644
v -0.160363 -0.470862 -0.255082
v -0.151769 -0.494070 -0.230651
v -0.168299 -0.470496 -0.250310
v -0.169584 -0.483559 -0.232278
v -0.173197 -0.470830 -0.246418
v -0.159655 -0.489920 -0.230874
v -0.192027 -0.310744 -0.366864
v 0.259011 -0.274007 -0.338608
v 0.268131 -0.462074 -0.155774
v 0.231167 -0.502853 -0.130489
v 0.242207 -0.493262 -0.132751
v 0.259609 -0.475095 -0.143038
v 0.263477 -0.470414 -0.146543
v 0.212066 -0.522522 -0.117052
v 0.222550 -0.515819 -0.114329
v 0.278813 -0.442602 -0.168506
v 0.278498 -0.446535 -0.163666
v -0.135711 -0.520046 -0.204837
v -0.129625 -0.526685 -0.198618
v 0.337261 -0.328413 -0.216249
v 0.324599 -0.351405 -0.207927
v 0.310467 -0.375049 -0.201439
v 0.299324 -0.399987 -0.188775
v 0.291785 -0.417062 -0.179831
v 0.285270 -0.436118 -0.166343
v 0.332832 -0.341214 -0.207452
v 0.339138 -0.312945 -0.230913
v 0.277454 -0.453054 -0.155635
v -0.199053 -0.326306 -0.352088
v -0.198668 -0.341103 -0.341065
v -0.189715 -0.358387 -0.332812
v -0.182912 -0.381618 -0.319088
v -0.170005 -0.457280 -0.265123
v -0.177041 -0.461927 -0.254707
v -0.170158 -0.453035 -0.269547
v -0.170726 -0.431861 -0.287168
v -0.201497 -0.353061 -0.329789
v -0.188660 -0.385132 -0.312824
v -0.189788 -0.400214 -0.300005
v -0.198492 -0.379823 -0.310735
v -0.178383 -0.409570 -0.299837
v -0.176624 -0.435726 -0.280328
v -0.189079 -0.427575 -0.278565
v -0.200236 -0.397212 -0.295413
v -0.208412 -0.378418 -0.305077
v -0.216471 -0.351437 -0.321272
v -0.219628 -0.362158 -0.310415
v -0.230688 -0.328647 -0.329457
v -0.235792 -0.333744 -0.321584
v -0.242691 -0.323648 -0.324461
v -0.229426 -0.320036 -0.337144
v -0.240490 -0.312799 -0.334407
v -0.246431 -0.313882 -0.329016
v -0.251977 -0.323756 -0.317067
v -0.257923 -0.317292 -0.317267
v -0.220459 -0.328345 -0.336900
v -0.209139 -0.339764 -0.335465
v -0.212029 -0.324197 -0.345651
v -0.169860 -0.446329 -0.275837
v -0.175050 -0.449129 -0.269931
v -0.181069 -0.442301 -0.271768
v -0.190716 -0.436847 -0.269562
v -0.198892 -0.311104 -0.362775
v -0.207124 -0.316947 -0.353912
v -0.149262 -0.507385 -0.213886
v -0.159738 -0.500755 -0.215826
v -0.168238 -0.496368 -0.215729
v 0.021266 -0.261055 -0.431741
v 0.004475 -0.261055 -0.432278
v 0.050889 -0.261055 -0.428857
v 0.036857 -0.261055 -0.430580
v -0.196139 -0.299743 -0.371069
v -0.203452 -0.303291 -0.364915
v 0.067194 -0.258896 -0.426267
v 0.105577 -0.258896 -0.417298
v 0.116165 -0.258896 -0.414153
v -0.144009 -0.522046 -0.195950
v -0.147441 -0.516729 -0.201480
v -0.209272 -0.308576 -0.358217
v -0.011715 -0.261055 -0.432121
v -0.185317 -0.453053 -0.258761
v -0.185258 -0.448681 -0.263037
v -0.192267 -0.444802 -0.261284
v -0.187526 -0.457418 -0.252324
v -0.218120 -0.313092 -0.349721
v -0.228896 -0.315237 -0.341085
v -0.221382 -0.306646 -0.351894
v -0.154281 -0.522299 -0.187718
v -0.157495 -0.517981 -0.192026
v -0.164845 -0.502759 -0.209125
v -0.181476 -0.472790 -0.237539
v -0.176016 -0.485575 -0.224526
v -0.191851 -0.461745 -0.243688
v -0.197069 -0.417408 -0.281272
v -0.214389 -0.387960 -0.292887
v 0.030381 -0.256737 -0.431068
v 0.219949 -0.265372 -0.366590
v -0.170258 -0.502766 -0.204820
v -0.164461 -0.518240 -0.185965
v -0.177852 -0.498464 -0.204844
v -0.183437 -0.492104 -0.209332
v -0.173625 -0.509816 -0.191125
v 0.090933 -0.256737 -0.421049
v -0.165683 -0.522063 -0.178681
v 0.211540 -0.526468 -0.107427
v 0.162744 -0.258896 -0.396422
v 0.176457 -0.261055 -0.390247
v 0.076795 -0.254578 -0.424225
v 0.141444 -0.258896 -0.405252
v 0.152298 -0.258896 -0.400860
v 0.274539 -0.462016 -0.143818
v 0.267848 -0.470457 -0.138007
v -0.198543 -0.457560 -0.243324
v 0.278420 -0.457286 -0.146201
v -0.199703 -0.423659 -0.274139
v -0.220727 -0.406347 -0.272419
v -0.224111 -0.383879 -0.288924
v -0.207684 -0.423514 -0.268015
v -0.198704 -0.435608 -0.264498
v -0.198240 -0.446520 -0.254945
v -0.210125 -0.443289 -0.247933
v -0.220771 -0.414542 -0.265079
v -0.229649 -0.402335 -0.268383
v -0.233147 -0.379940 -0.284933
v -0.237818 -0.361669 -0.296622
v -0.228107 -0.361973 -0.304148
v -0.248249 -0.332438 -0.312987
v -0.234149 -0.349926 -0.309444
v -0.199257 -0.452953 -0.247870
v -0.197078 -0.472774 -0.224577
v -0.198768 -0.462031 -0.237580
v -0.171883 -0.518183 -0.179421
v -0.189387 -0.496097 -0.198047
v -0.210664 -0.461316 -0.227998
v -0.207801 -0.471833 -0.216142
v -0.217038 -0.464148 -0.218101
v -0.194152 -0.489896 -0.202791
v -0.215585 -0.457402 -0.228546
v 0.345264 -0.314581 -0.219548
v 0.249111 -0.489630 -0.128055
v 0.235581 -0.507247 -0.110182
v 0.234551 -0.503430 -0.122334
v 0.226840 -0.515797 -0.105641
v 0.251521 -0.491934 -0.116781
v 0.263589 -0.474825 -0.135973
v 0.271860 -0.473437 -0.121106
v 0.274507 -0.468466 -0.128407
v 0.258037 -0.489083 -0.109626
v 0.246139 -0.501467 -0.102310
v 0.257050 -0.494199 -0.096980
v 0.270466 -0.478681 -0.109015
v 0.231153 -0.515794 -0.095920
v 0.220681 -0.522515 -0.099861
v 0.224776 -0.522348 -0.090768
v 0.282997 -0.446754 -0.155341
v 0.289364 -0.435821 -0.159457
v 0.332982 -0.347380 -0.198911
v 0.317637 -0.372223 -0.192884
v 0.305971 -0.398880 -0.178791
v 0.293805 -0.423130 -0.168450
v 0.344304 -0.325029 -0.208664
v 0.284853 -0.452884 -0.141763
v 0.050889 -0.254578 -0.428642
v 0.039016 -0.254578 -0.430114
v 0.285351 -0.449159 -0.147102
v 0.289549 -0.442542 -0.149023
v -0.209108 -0.450910 -0.241508
v -0.218049 -0.453330 -0.230993
v -0.220335 -0.449147 -0.233272
v -0.220300 -0.444806 -0.237548
v -0.189144 -0.504584 -0.184783
v -0.198094 -0.496131 -0.189438
v -0.210213 -0.477943 -0.204824
v -0.202834 -0.489925 -0.194194
v 0.284814 -0.457199 -0.132978
v 0.344519 -0.335579 -0.194201
v 0.351957 -0.320300 -0.200998
v 0.353943 -0.325463 -0.190386
v 0.350069 -0.336867 -0.181562
v 0.329768 -0.366891 -0.177395
v 0.332536 -0.355813 -0.187944
v 0.314539 -0.386422 -0.179669
v 0.313149 -0.399170 -0.164925
v 0.129623 -0.254578 -0.409420
v 0.085870 -0.252588 -0.422014
v 0.064921 -0.250261 -0.426136
v 0.115571 -0.252419 -0.413969
v 0.105938 -0.250261 -0.416621
v 0.097121 -0.250507 -0.419018
v 0.282930 -0.463954 -0.120071
v -0.219663 -0.470186 -0.206683
v -0.222364 -0.463022 -0.214281
v -0.224326 -0.424612 -0.252658
v -0.231983 -0.420605 -0.249373
v -0.239128 -0.398869 -0.262894
v -0.226429 -0.457435 -0.217789
v -0.226735 -0.453381 -0.222422
v -0.226840 -0.449184 -0.226844
v -0.244054 -0.363322 -0.289892
v -0.245232 -0.383363 -0.271183
v -0.250933 -0.363141 -0.283865
v -0.259659 -0.333073 -0.302752
v -0.218110 -0.479259 -0.194396
v 0.289338 -0.453064 -0.131300
v 0.140158 -0.250670 -0.405224
v 0.150514 -0.250261 -0.401066
v 0.289446 -0.457516 -0.120765
v -0.228674 -0.461821 -0.209253
v -0.234818 -0.457219 -0.208852
v 0.291705 -0.446841 -0.137322
v 0.293683 -0.448779 -0.129196
v 0.293962 -0.453405 -0.118810
v 0.298233 -0.449078 -0.116852
v -0.229221 -0.470868 -0.194774
v -0.235150 -0.461824 -0.201698
v -0.220040 -0.483411 -0.185500
v -0.235182 -0.453215 -0.213595
v 0.293645 -0.457391 -0.109637
v 0.285179 -0.466195 -0.107425
v 0.297844 -0.452909 -0.109291
v 0.129907 -0.248102 -0.408738
v -0.235326 -0.449049 -0.218071
v 0.115500 -0.245156 -0.413182
v -0.241797 -0.459814 -0.196508
v 0.101621 -0.239467 -0.416465
v 0.111341 -0.237298 -0.413355
v -0.241915 -0.453455 -0.205297
v -0.241553 -0.448791 -0.211317
v -0.248255 -0.457635 -0.191302
v -0.248461 -0.453541 -0.196763
v 0.302341 -0.453129 -0.094664
v 0.297945 -0.457372 -0.096584
v 0.302229 -0.457332 -0.081212
v -0.254356 -0.452949 -0.189499
v -0.256560 -0.457331 -0.179834
v -0.261104 -0.453235 -0.179091
v 0.351952 -0.197021 -0.219656
v 0.361685 -0.210355 -0.207573
v 0.373829 -0.224761 -0.189940
v 0.377708 -0.220158 -0.179614
v 0.381993 -0.232679 -0.176110
v 0.379398 -0.241910 -0.185643
v 0.373485 -0.239467 -0.196788
v 0.371315 -0.231986 -0.198148
v 0.385219 -0.219356 -0.162623
v 0.367339 -0.236397 -0.207428
v 0.362832 -0.237311 -0.215719
v 0.374867 -0.246096 -0.196371
v 0.370548 -0.248102 -0.205340
v 0.363695 -0.243597 -0.216201
v 0.378949 -0.250261 -0.189337
v 0.383438 -0.243784 -0.177561
v 0.386158 -0.236229 -0.168227
v 0.375353 -0.254578 -0.197584
v 0.388391 -0.242766 -0.165673
v 0.370925 -0.254578 -0.206056
v 0.388722 -0.252571 -0.168188
v 0.383922 -0.256737 -0.180051
v 0.379801 -0.258896 -0.189171
v 0.365138 -0.252473 -0.215990
v 0.357954 -0.250261 -0.227730
v 0.389555 -0.234070 -0.159044
v 0.388623 -0.220655 -0.154964
v 0.393077 -0.245811 -0.155329
v 0.354169 -0.246137 -0.232943
v 0.354231 -0.232834 -0.228726
v 0.350054 -0.213981 -0.228951
v 0.394300 -0.252419 -0.154224
v 0.392246 -0.230964 -0.150497
v 0.394187 -0.256737 -0.155544
v 0.388080 -0.261055 -0.170987
v 0.396426 -0.235454 -0.141115
v 0.399566 -0.248102 -0.138004
v 0.400141 -0.241498 -0.133263
v 0.393066 -0.219984 -0.142352
v 0.375543 -0.261055 -0.197967
v 0.401787 -0.253289 -0.133113
v 0.398968 -0.256378 -0.142178
v 0.400842 -0.234848 -0.127389
v 0.397285 -0.211866 -0.124763
v 0.396492 -0.195452 -0.116965
v 0.403701 -0.245943 -0.123972
v 0.404622 -0.236904 -0.115791
v 0.406392 -0.243627 -0.113362
v 0.400270 -0.199552 -0.106120
v 0.405532 -0.226069 -0.104925
v 0.407766 -0.239467 -0.105622
v 0.395293 -0.261055 -0.153115
v 0.383665 -0.263213 -0.181026
v 0.365530 -0.256737 -0.215971
v 0.408452 -0.250261 -0.108860
v 0.404265 -0.256737 -0.125786
v 0.407049 -0.217374 -0.091560
v 0.410639 -0.237003 -0.091202
v 0.400309 -0.263213 -0.138774
v 0.404021 -0.261055 -0.127210
v 0.408511 -0.258896 -0.111019
v 0.410387 -0.254482 -0.102644
v 0.412418 -0.245943 -0.089431
v 0.394657 -0.265372 -0.154624
v 0.388064 -0.265372 -0.170949
v 0.408628 -0.213771 -0.080790
v 0.413545 -0.237393 -0.076657
v 0.414686 -0.245667 -0.077785
v 0.413408 -0.254578 -0.089139
v 0.414666 -0.252160 -0.081989
v 0.410693 -0.261055 -0.102560
v 0.369122 -0.261055 -0.209975
v 0.377951 -0.265372 -0.193047
v 0.412511 -0.223336 -0.068338
v 0.416348 -0.239467 -0.062447
v 0.416626 -0.245943 -0.066764
v 0.407367 -0.265372 -0.115192
v 0.398536 -0.269404 -0.143167
v 0.401813 -0.271661 -0.132534
v 0.404695 -0.271806 -0.122877
v 0.414239 -0.261055 -0.086543
v 0.358334 -0.258896 -0.228368
v 0.354006 -0.254578 -0.234856
v 0.371082 -0.265372 -0.206365
v 0.383881 -0.269690 -0.179954
v 0.410771 -0.265935 -0.101908
v 0.414039 -0.265372 -0.087386
v 0.349396 -0.233616 -0.236567
v 0.345067 -0.213561 -0.236562
v 0.350029 -0.248102 -0.239690
v 0.349860 -0.254578 -0.241096
v 0.365593 -0.265372 -0.216037
v 0.358331 -0.265372 -0.228363
v 0.377544 -0.269690 -0.193313
v 0.345489 -0.234560 -0.242596
v 0.344432 -0.246700 -0.247401
v 0.394087 -0.269690 -0.155457
v 0.388840 -0.273014 -0.167606
v 0.341183 -0.218164 -0.243694
v 0.351878 -0.260833 -0.238596
v 0.339075 -0.233470 -0.251333
v 0.337137 -0.217002 -0.248932
v 0.330313 -0.226209 -0.260875
v 0.336259 -0.243784 -0.258006
v 0.330104 -0.239721 -0.264929
v 0.340916 -0.256737 -0.254122
v 0.336792 -0.250185 -0.258717
v 0.369251 -0.269690 -0.209108
v 0.341015 -0.261055 -0.254259
v 0.349560 -0.264592 -0.242048
v 0.340992 -0.265372 -0.254226
v 0.332659 -0.246249 -0.263276
v 0.333263 -0.254578 -0.264055
v 0.360523 -0.269864 -0.224090
v 0.321449 -0.219589 -0.269842
v 0.325871 -0.234611 -0.268823
v 0.319243 -0.230832 -0.275683
v 0.332649 -0.261055 -0.265436
v 0.334663 -0.267531 -0.262547
v 0.371511 -0.274007 -0.204020
v 0.328396 -0.252419 -0.269830
v 0.392031 -0.274007 -0.159455
v 0.417560 -0.252419 -0.065685
v 0.417227 -0.256737 -0.069463
v 0.410935 -0.207741 -0.060470
v 0.417976 -0.246597 -0.058587
v 0.417527 -0.261055 -0.068618
v 0.409990 -0.269909 -0.104095
v 0.382941 -0.274558 -0.180738
v 0.377731 -0.274007 -0.191974
v 0.396945 -0.274007 -0.146171
v 0.393024 -0.278164 -0.155183
v 0.416522 -0.265372 -0.074320
v 0.416592 -0.231763 -0.050716
v 0.418406 -0.240559 -0.048418
v 0.419230 -0.246554 -0.048880
v 0.413000 -0.209982 -0.046940
v 0.419451 -0.256737 -0.055033
v 0.420491 -0.254578 -0.045176
v 0.418943 -0.237416 -0.038500
v 0.415570 -0.215558 -0.030721
v 0.420165 -0.261055 -0.050573
v 0.418606 -0.265372 -0.061682
v 0.414617 -0.270874 -0.082823
v 0.420575 -0.245943 -0.034383
v 0.421337 -0.252419 -0.034383
v 0.409582 -0.274007 -0.103873
v 0.363257 -0.274007 -0.218610
v 0.366999 -0.277609 -0.211134
v 0.412076 -0.274590 -0.092704
v 0.417205 -0.269690 -0.068923
v 0.419876 -0.236937 -0.025651
v 0.417761 -0.223607 -0.021135
v 0.416583 -0.215232 -0.014967
v 0.421815 -0.261055 -0.034383
v 0.421989 -0.256737 -0.030065
v 0.420476 -0.265372 -0.047335
v 0.400744 -0.278428 -0.132667
v 0.397473 -0.278633 -0.142492
v 0.421667 -0.247022 -0.020351
v 0.422269 -0.252419 -0.020351
v 0.405028 -0.277792 -0.118674
v 0.420066 -0.235149 -0.017112
v 0.421238 -0.241626 -0.012795
v 0.418659 -0.271280 -0.058488
v 0.419987 -0.269690 -0.049494
v 0.387288 -0.278224 -0.169242
v 0.351160 -0.271848 -0.238689
v 0.417439 -0.217879 0.000158
v 0.419951 -0.232191 -0.004160
v 0.416537 -0.274007 -0.070002
v 0.422474 -0.250261 -0.008477
v 0.422861 -0.256737 -0.012795
v 0.421498 -0.241626 0.000158
v 0.422048 -0.265372 -0.030065
v 0.421451 -0.269690 -0.034383
v 0.422977 -0.261055 -0.012795
v 0.413953 -0.277067 -0.081784
v 0.375827 -0.278528 -0.194212
v 0.422900 -0.265372 -0.012795
v 0.422796 -0.252419 0.000158
v 0.408243 -0.280484 -0.104543
v 0.411180 -0.279583 -0.092860
v 0.420427 -0.235149 0.005555
v 0.416821 -0.215180 0.010952
v 0.423137 -0.258896 0.000698
v 0.418953 -0.276106 -0.051581
v 0.380598 -0.280493 -0.183343
v 0.421375 -0.241626 0.008793
v 0.422451 -0.251340 0.013111
v 0.421675 -0.245943 0.017428
v 0.417771 -0.223714 0.022554
v 0.420386 -0.237308 0.017428
v 0.423126 -0.265372 0.000158
v 0.420962 -0.274007 -0.034383
v 0.422870 -0.256737 0.013111
v 0.422103 -0.271848 -0.020351
v 0.389465 -0.282252 -0.161839
v 0.415856 -0.278928 -0.069009
v 0.420514 -0.241626 0.027143
v 0.421755 -0.250261 0.026063
v 0.420398 -0.245943 0.036857
v 0.403690 -0.282663 -0.119632
v 0.405109 -0.286116 -0.111281
v 0.422850 -0.261055 0.017428
v 0.422921 -0.265372 0.013111
v 0.393063 -0.284827 -0.150977
v 0.422807 -0.269690 -0.004160
v 0.397439 -0.285027 -0.138200
v 0.422208 -0.258896 0.028762
v 0.413856 -0.212221 0.045293
v 0.415451 -0.214978 0.033651
v 0.412242 -0.211667 0.058429
v 0.416791 -0.236229 0.056286
v 0.418935 -0.237469 0.038715
v 0.419412 -0.247114 0.048622
v 0.417778 -0.245943 0.060604
v 0.422693 -0.269690 0.012031
v 0.418996 -0.280624 -0.043336
v 0.420996 -0.252419 0.039016
v 0.422324 -0.274007 -0.004160
v 0.411145 -0.283813 -0.088473
v 0.420975 -0.256737 0.042794
v 0.420563 -0.278325 -0.030065
v 0.354055 -0.277671 -0.232760
v 0.422358 -0.267531 0.023904
v 0.419441 -0.251368 0.053024
v 0.421057 -0.265372 0.042794
v 0.421741 -0.269690 0.031460
v 0.420571 -0.261055 0.048191
v 0.421424 -0.278325 -0.012795
v 0.422168 -0.274007 0.013111
v 0.421246 -0.276166 0.026063
v 0.419201 -0.256047 0.058324
v 0.414606 -0.284649 -0.068689
v 0.416753 -0.284801 -0.053272
v 0.371505 -0.282642 -0.200688
v 0.407901 -0.286960 -0.099146
v 0.343442 -0.269690 -0.250324
v 0.414161 -0.234223 0.072321
v 0.414974 -0.232320 0.064809
v 0.416531 -0.245943 0.069239
v 0.414576 -0.242068 0.077491
v 0.417826 -0.252419 0.066001
v 0.420351 -0.282642 -0.017112
v 0.401664 -0.289028 -0.120639
v 0.397478 -0.289420 -0.134010
v 0.421193 -0.280484 -0.000382
v 0.421457 -0.278325 0.013111
v 0.417837 -0.263213 0.069239
v 0.388659 -0.288855 -0.159389
v 0.420292 -0.269690 0.047651
v 0.416026 -0.250261 0.075715
v 0.416969 -0.256737 0.073556
v 0.416405 -0.261055 0.077874
v 0.379885 -0.287581 -0.180693
v 0.418897 -0.267271 0.060725
v 0.410259 -0.288893 -0.085851
v 0.376316 -0.284434 -0.190202
v 0.419291 -0.284526 -0.027723
v 0.420622 -0.274007 0.039016
v 0.411891 -0.227067 0.078129
v 0.411732 -0.232990 0.084350
v 0.412744 -0.248102 0.090827
v 0.408634 -0.234070 0.099462
v 0.405572 -0.208430 0.093306
v 0.405446 -0.220526 0.103001
v 0.406015 -0.237273 0.112437
v 0.408153 -0.245943 0.109176
v 0.401520 -0.215056 0.114247
v 0.401691 -0.232990 0.125368
v 0.413577 -0.252419 0.089185
v 0.414707 -0.257610 0.085944
v 0.417646 -0.286960 -0.039780
v 0.420567 -0.282642 0.012031
v 0.416483 -0.269690 0.075715
v 0.415546 -0.265629 0.081964
v 0.418979 -0.276255 0.052116
v 0.404965 -0.290306 -0.106850
v 0.414178 -0.289997 -0.060884
v 0.411292 -0.292503 -0.073390
v 0.419978 -0.278325 0.037937
v 0.416503 -0.274007 0.072477
v 0.419809 -0.283272 0.025339
v 0.409555 -0.252663 0.106788
v 0.405925 -0.293199 -0.098780
v 0.419236 -0.287873 -0.004160
v 0.419225 -0.287843 0.008793
v 0.409485 -0.256737 0.108405
v 0.412327 -0.261055 0.097303
v 0.412281 -0.265372 0.097303
v 0.393143 -0.291508 -0.144727
v 0.388699 -0.293328 -0.155170
v 0.417355 -0.278325 0.061683
v 0.414099 -0.269690 0.087827
v 0.405975 -0.250086 0.119410
v 0.414666 -0.293492 -0.047529
v 0.367262 -0.285138 -0.207284
v 0.362967 -0.282943 -0.215854
v 0.356043 -0.282168 -0.227734
v 0.417785 -0.290558 -0.021430
v 0.327755 -0.256737 -0.271203
v 0.397425 -0.293565 -0.129534
v 0.321112 -0.245943 -0.277145
v 0.311901 -0.241626 -0.286736
v 0.345765 -0.277437 -0.245364
v 0.336874 -0.273664 -0.258823
v 0.381663 -0.291672 -0.173496
v 0.384649 -0.296095 -0.162294
v 0.400713 -0.294346 -0.117279
v 0.416337 -0.291277 -0.038700
v 0.419079 -0.287364 0.017968
v 0.313510 -0.222196 -0.279773
v 0.327851 -0.265372 -0.271319
v 0.323876 -0.261055 -0.276051
v 0.319307 -0.252268 -0.280418
v 0.418444 -0.284741 0.038067
v 0.417470 -0.282642 0.053048
v 0.350253 -0.282323 -0.236919
v 0.408589 -0.295595 -0.081876
v 0.337213 -0.278325 -0.257145
v 0.369843 -0.289027 -0.199935
v 0.308071 -0.249796 -0.292670
v 0.393031 -0.297694 -0.137928
v 0.388628 -0.297499 -0.150652
v 0.406800 -0.261055 0.119145
v 0.407698 -0.265372 0.115653
v 0.414214 -0.275277 0.083920
v 0.330238 -0.274007 -0.267273
v 0.309927 -0.258896 -0.291798
v 0.309042 -0.228881 -0.286619
v 0.304651 -0.234820 -0.293014
v 0.295983 -0.226404 -0.299988
v 0.375691 -0.293193 -0.185298
v 0.310760 -0.265372 -0.290987
v 0.358534 -0.289167 -0.220069
v 0.353842 -0.286858 -0.229054
v 0.332630 -0.278422 -0.263237
v 0.341549 -0.282071 -0.249768
v 0.296532 -0.237153 -0.302141
v 0.302618 -0.246761 -0.297996
v 0.301111 -0.254578 -0.300813
v 0.401765 -0.297917 -0.108063
v 0.411011 -0.296458 -0.065684
v 0.321667 -0.269675 -0.278154
v 0.319047 -0.273971 -0.280493
v 0.302464 -0.261055 -0.299981
v 0.362816 -0.291241 -0.211364
v 0.308539 -0.269690 -0.293081
v 0.292649 -0.245866 -0.307980
v 0.284876 -0.241624 -0.314800
v 0.285852 -0.230832 -0.311420
v 0.286068 -0.215628 -0.307342
v 0.334771 -0.282642 -0.258905
v 0.293618 -0.254578 -0.308406
v 0.285702 -0.250261 -0.315584
v 0.301837 -0.267531 -0.300464
v 0.404506 -0.299358 -0.093781
v 0.396755 -0.299073 -0.124057
v 0.397626 -0.302571 -0.115480
v 0.414701 -0.280687 0.076052
v 0.320882 -0.278325 -0.277413
v 0.343395 -0.289093 -0.243763
v 0.337192 -0.286296 -0.254030
v 0.349851 -0.291208 -0.232938
v 0.295233 -0.263213 -0.307330
v 0.286432 -0.258896 -0.315796
v 0.282076 -0.254578 -0.319516
v 0.308764 -0.278261 -0.291301
v 0.407927 -0.299913 -0.075399
v 0.405137 -0.302289 -0.084270
v 0.371027 -0.296149 -0.191992
v 0.364430 -0.295930 -0.204762
v 0.410256 -0.270576 0.104374
v 0.414551 -0.297529 -0.030826
v 0.375727 -0.297624 -0.181053
v 0.377772 -0.300598 -0.173223
v 0.300390 -0.274007 -0.301175
v 0.417287 -0.293436 -0.002541
v 0.416232 -0.295595 -0.012795
v 0.418051 -0.291277 0.008793
v 0.278803 -0.217508 -0.314633
v 0.326211 -0.284144 -0.269243
v 0.318181 -0.282536 -0.279274
v 0.332399 -0.288050 -0.259706
v 0.299435 -0.280790 -0.300728
v 0.279041 -0.239467 -0.319698
v 0.271741 -0.220128 -0.321619
v 0.284547 -0.265372 -0.317667
v 0.278579 -0.246225 -0.321448
v 0.290157 -0.269690 -0.311943
v 0.358489 -0.295541 -0.215670
v 0.351522 -0.295132 -0.227560
v 0.304591 -0.283020 -0.294577
v 0.279518 -0.261055 -0.322288
v 0.275314 -0.256737 -0.325749
v 0.410419 -0.300119 -0.058800
v 0.293221 -0.276166 -0.308008
v 0.345405 -0.295261 -0.237067
v 0.270027 -0.252204 -0.329777
v 0.417345 -0.291277 0.026063
v 0.281604 -0.269690 -0.320079
v 0.265576 -0.233588 -0.330044
v 0.264373 -0.216036 -0.326921
v 0.267401 -0.241626 -0.330212
v 0.317241 -0.287251 -0.278601
v 0.305210 -0.286960 -0.292430
v 0.290904 -0.282632 -0.308937
v 0.335428 -0.294226 -0.252042
v 0.392936 -0.303992 -0.128787
v 0.270206 -0.266320 -0.330308
v 0.326093 -0.291814 -0.265757
v 0.265040 -0.260462 -0.334648
v 0.256406 -0.228984 -0.336523
v 0.257966 -0.245674 -0.338637
v 0.252901 -0.237308 -0.341057
v 0.260598 -0.254578 -0.337766
v 0.400965 -0.303372 -0.100825
v 0.367085 -0.299781 -0.196164
v 0.352136 -0.299035 -0.223489
v 0.414693 -0.284970 0.069559
v 0.358243 -0.301553 -0.210912
v 0.384380 -0.304159 -0.152997
v 0.380312 -0.305214 -0.161692
v 0.278666 -0.278293 -0.321396
v 0.416331 -0.286972 0.052470
v 0.250623 -0.228513 -0.340965
v 0.388709 -0.306335 -0.137918
v 0.412259 -0.299913 -0.044097
v 0.269521 -0.273681 -0.330105
v 0.263006 -0.267531 -0.336189
v 0.255257 -0.258896 -0.342284
v 0.255766 -0.267531 -0.341838
v 0.345255 -0.301500 -0.232512
v 0.249795 -0.246624 -0.345063
v 0.232248 -0.201473 -0.347789
v 0.242571 -0.201931 -0.340719
v 0.237762 -0.226080 -0.349659
v 0.246233 -0.233083 -0.345228
v 0.245877 -0.258896 -0.349293
v 0.244765 -0.250261 -0.349265
v 0.339156 -0.300536 -0.242266
v 0.242119 -0.240949 -0.349690
v 0.371296 -0.306086 -0.180816
v 0.375697 -0.306070 -0.171244
v 0.362645 -0.306061 -0.198086
v 0.406793 -0.304419 -0.069014
v 0.409890 -0.303379 -0.050739
v 0.245815 -0.267531 -0.349249
v 0.233407 -0.232669 -0.353949
v 0.416290 -0.295595 0.013111
v 0.415776 -0.291838 0.042871
v 0.393048 -0.310692 -0.116387
v 0.388706 -0.310644 -0.130508
v 0.232898 -0.254578 -0.357932
v 0.231213 -0.248102 -0.358239
v 0.226081 -0.238759 -0.359891
v 0.401911 -0.308951 -0.083284
v 0.397417 -0.310780 -0.099324
v 0.402989 -0.310137 -0.073576
v 0.354545 -0.306959 -0.212005
v 0.349961 -0.304366 -0.222329
v 0.343431 -0.306415 -0.230861
v 0.233225 -0.261055 -0.358147
v 0.233185 -0.265372 -0.358120
v 0.414595 -0.299813 0.008793
v 0.414562 -0.299741 -0.008477
v 0.412899 -0.302280 -0.021430
v 0.215849 -0.237308 -0.365921
v 0.210682 -0.245943 -0.370546
v 0.202137 -0.234319 -0.373392
v 0.193449 -0.239467 -0.379252
v 0.207929 -0.227828 -0.368671
v 0.220902 -0.221851 -0.359589
v 0.221280 -0.245943 -0.364156
v 0.222093 -0.251095 -0.364425
v 0.219765 -0.256737 -0.366481
v 0.219980 -0.261055 -0.366610
v 0.358896 -0.311312 -0.199161
v 0.377943 -0.312851 -0.156342
v 0.373712 -0.313001 -0.166266
v 0.211570 -0.253621 -0.371066
v 0.360661 -0.316085 -0.189783
v 0.367095 -0.312783 -0.181053
v 0.349907 -0.312907 -0.213606
v 0.384098 -0.314515 -0.137079
v 0.410329 -0.306394 -0.030098
v 0.192686 -0.219951 -0.375688
v 0.185926 -0.231575 -0.381724
v 0.199629 -0.250563 -0.377491
v 0.197821 -0.258896 -0.379273
v 0.190635 -0.252419 -0.382632
v 0.414758 -0.298009 0.025490
v 0.413369 -0.298084 0.041714
v 0.414557 -0.291047 0.056466
v 0.367027 -0.319158 -0.172271
v 0.360800 -0.321677 -0.181859
v 0.183945 -0.242761 -0.384758
v 0.406310 -0.309395 -0.053381
v 0.401658 -0.314969 -0.064372
v 0.413030 -0.291277 0.067080
v 0.386496 -0.316810 -0.125367
v 0.388885 -0.318590 -0.113851
v 0.391075 -0.319620 -0.103235
v 0.189452 -0.258896 -0.383758
v 0.172113 -0.228122 -0.388061
v 0.163978 -0.231946 -0.392628
v 0.162020 -0.206403 -0.388404
v 0.174001 -0.235911 -0.388594
v 0.369085 -0.321174 -0.164476
v 0.371666 -0.323943 -0.153618
v 0.375636 -0.323439 -0.144073
v 0.180542 -0.254578 -0.387957
v 0.397644 -0.316533 -0.082229
v 0.393221 -0.320683 -0.091131
v 0.171377 -0.246165 -0.391404
v 0.414466 -0.299534 0.017428
v 0.412041 -0.305005 -0.007398
v 0.410996 -0.307155 0.004475
v 0.358600 -0.328096 -0.177040
v 0.380507 -0.322090 -0.132924
v 0.171662 -0.254578 -0.392191
v 0.410329 -0.307483 -0.019811
v 0.350065 -0.365373 -0.133622
v 0.349211 -0.374558 -0.118240
v 0.340928 -0.376231 -0.138099
v 0.354403 -0.361898 -0.128149
v 0.367149 -0.336610 -0.142318
v 0.373334 -0.333131 -0.131681
v 0.384306 -0.325654 -0.113373
v 0.370434 -0.344127 -0.116634
v 0.358455 -0.361598 -0.116723
v 0.360622 -0.341798 -0.149730
v 0.346810 -0.362852 -0.146565
v 0.356265 -0.341878 -0.160269
v 0.361633 -0.329966 -0.167465
v 0.336946 -0.388450 -0.127260
v 0.332683 -0.390690 -0.134594
v 0.332489 -0.383928 -0.146354
v 0.338940 -0.369813 -0.153632
v 0.345869 -0.356449 -0.159587
v 0.324304 -0.391170 -0.153456
v 0.330340 -0.374914 -0.164617
v 0.309819 -0.418951 -0.141984
v 0.310676 -0.412025 -0.151056
v 0.321702 -0.400074 -0.145396
v 0.294032 -0.436299 -0.149391
v 0.295884 -0.438576 -0.141763
v 0.311759 -0.405576 -0.158492
v 0.342667 -0.355224 -0.168402
v 0.323958 -0.401351 -0.137963
v 0.297888 -0.442145 -0.131063
v 0.310116 -0.422644 -0.135117
v 0.340277 -0.389947 -0.114561
v 0.304247 -0.436576 -0.125140
v 0.317173 -0.416450 -0.128247
v 0.330703 -0.399579 -0.123583
v 0.307655 -0.437245 -0.114531
v 0.319751 -0.421206 -0.111909
v 0.331075 -0.406345 -0.108736
v 0.337067 -0.398348 -0.107130
v 0.356301 -0.370899 -0.103271
v 0.159640 -0.241626 -0.396130
v 0.161609 -0.251834 -0.396494
v 0.339209 -0.399398 -0.097410
v 0.347053 -0.389788 -0.091941
v 0.358864 -0.370448 -0.095022
v 0.373690 -0.343138 -0.107896
v 0.401771 -0.317317 -0.052732
v 0.350051 -0.388683 -0.082611
v 0.343610 -0.399518 -0.079430
v 0.336898 -0.405649 -0.090393
v 0.334754 -0.412148 -0.080737
v 0.319224 -0.430908 -0.091125
v 0.323949 -0.428077 -0.079555
v 0.311025 -0.444555 -0.086206
v 0.376298 -0.344736 -0.093549
v 0.362066 -0.369582 -0.083981
v 0.319750 -0.426776 -0.099592
v 0.307763 -0.446674 -0.092731
v 0.306514 -0.444283 -0.102839
v 0.302111 -0.448497 -0.106921
v 0.386946 -0.327429 -0.099146
v 0.385045 -0.333193 -0.090511
v 0.375691 -0.349381 -0.082046
v 0.349741 -0.392173 -0.073160
v 0.365051 -0.369552 -0.068849
v 0.379548 -0.347380 -0.068720
v 0.347808 -0.396979 -0.066764
v 0.349894 -0.397077 -0.053907
v 0.363878 -0.375159 -0.053823
v 0.377528 -0.352709 -0.059198
v 0.341205 -0.409949 -0.055703
v 0.336839 -0.414197 -0.064134
v 0.329479 -0.425785 -0.060198
v 0.315439 -0.444693 -0.065122
v 0.310991 -0.447752 -0.076360
v 0.315180 -0.448641 -0.050566
v 0.311010 -0.453170 -0.055894
v 0.327667 -0.430488 -0.051626
v 0.337010 -0.416616 -0.053812
v 0.308910 -0.453197 -0.066764
v 0.402472 -0.319163 -0.035240
v 0.406336 -0.313424 -0.030065
v 0.393236 -0.326324 -0.072064
v 0.395479 -0.325705 -0.060261
v 0.388918 -0.336880 -0.055171
v 0.389232 -0.333027 -0.069637
v 0.389206 -0.329762 -0.081876
v 0.409696 -0.309567 -0.004160
v 0.151043 -0.224863 -0.396963
v 0.148193 -0.242312 -0.401065
v 0.142412 -0.229168 -0.401290
v 0.406383 -0.314478 -0.019058
v 0.411952 -0.297175 0.057756
v 0.134002 -0.223276 -0.403322
v 0.125257 -0.213281 -0.404476
v 0.393262 -0.333148 -0.039531
v 0.389305 -0.337999 -0.046256
v 0.395906 -0.327311 -0.049342
v 0.140479 -0.241626 -0.404015
v 0.136260 -0.234114 -0.404441
v 0.379970 -0.351524 -0.047335
v 0.344465 -0.408497 -0.037621
v 0.337052 -0.418826 -0.042992
v 0.350466 -0.397965 -0.045176
v 0.337517 -0.419508 -0.034383
v 0.410558 -0.306819 0.023904
v 0.410337 -0.306409 0.030516
v 0.411167 -0.303726 0.036857
v 0.127526 -0.239467 -0.408446
v 0.128731 -0.230883 -0.406599
v 0.120626 -0.232845 -0.409710
v 0.121050 -0.222196 -0.407647
v 0.401602 -0.321899 -0.024668
v 0.393518 -0.334080 -0.030065
v 0.112964 -0.216923 -0.409231
v 0.379707 -0.353292 -0.038700
v 0.390832 -0.338670 -0.024668
v 0.380727 -0.352937 -0.029721
v 0.371343 -0.367564 -0.027906
v 0.361978 -0.380831 -0.039463
v 0.350998 -0.399159 -0.031687
v 0.403695 -0.319693 -0.006588
v 0.406758 -0.314732 0.002317
v 0.306317 -0.452688 -0.080794
v 0.407429 -0.313262 0.012571
v 0.105930 -0.228195 -0.413406
v 0.397459 -0.329196 -0.017112
v 0.392939 -0.336438 -0.012795
v 0.094891 -0.216073 -0.414263
v 0.339610 -0.417260 -0.027160
v 0.371351 -0.368846 -0.009287
v 0.358726 -0.388755 -0.011715
v 0.345294 -0.409586 -0.016033
v 0.380346 -0.354246 -0.020351
v 0.323778 -0.438412 -0.039662
v 0.315305 -0.451001 -0.036541
v 0.318919 -0.447274 -0.026827
v 0.311961 -0.454351 -0.043018
v 0.397172 -0.330369 -0.000921
v 0.356404 -0.392814 -0.002001
v 0.345483 -0.409884 0.002317
v 0.336792 -0.422763 -0.009557
v 0.336872 -0.422880 0.000158
v 0.319404 -0.448507 -0.002001
v 0.319423 -0.448532 0.004475
v 0.376961 -0.360057 0.000158
v 0.367263 -0.375648 0.004475
v 0.336591 -0.422470 -0.019271
v 0.319163 -0.448162 -0.013874
v 0.401656 -0.323063 0.008793
v 0.405935 -0.314898 0.024846
v 0.380176 -0.355066 -0.003620
v 0.391205 -0.339214 -0.006165
v 0.393069 -0.336631 0.003702
v 0.367188 -0.375529 0.014195
v 0.380494 -0.354475 0.014190
v 0.398986 -0.326014 0.027510
v 0.397053 -0.330180 0.014190
v 0.345355 -0.409685 0.013111
v 0.336815 -0.422794 0.008793
v 0.319210 -0.448219 0.018508
v 0.336659 -0.422561 0.017428
v 0.345085 -0.409273 0.023904
v 0.361827 -0.383597 0.020666
v 0.358509 -0.388412 0.025938
v 0.380313 -0.354202 0.026063
v 0.392757 -0.336160 0.023904
v 0.315211 -0.453017 -0.020841
v 0.306216 -0.456950 -0.064478
v 0.315601 -0.453511 -0.004160
v 0.310722 -0.457159 -0.033608
v 0.315618 -0.453533 0.008793
v 0.315382 -0.453239 0.022355
v -0.271663 -0.228505 -0.323503
v -0.276193 -0.237308 -0.321522
v -0.278525 -0.228234 -0.317371
v -0.267715 -0.243784 -0.330111
v -0.258898 -0.239461 -0.336612
v -0.256674 -0.230543 -0.336457
v -0.266409 -0.208833 -0.323176
v -0.247019 -0.213979 -0.340149
v -0.248805 -0.232812 -0.343212
v -0.257201 -0.245978 -0.339144
v -0.276148 -0.248195 -0.323644
v -0.250078 -0.241626 -0.344035
v -0.264618 -0.254578 -0.334279
v -0.274323 -0.254925 -0.326098
v -0.251799 -0.250549 -0.344107
v -0.285387 -0.241690 -0.313983
v -0.290474 -0.235149 -0.307768
v -0.286978 -0.224287 -0.308565
v -0.242931 -0.240552 -0.349195
v -0.245259 -0.250261 -0.349061
v -0.237144 -0.245972 -0.354304
v -0.240730 -0.225305 -0.347537
v -0.232946 -0.228810 -0.353853
v -0.231155 -0.245943 -0.358406
v -0.228820 -0.235282 -0.357945
v -0.253161 -0.256737 -0.343670
v -0.232944 -0.252688 -0.358169
v -0.243144 -0.256737 -0.351262
v -0.291752 -0.248102 -0.309014
v -0.283356 -0.254578 -0.317878
v -0.293265 -0.240673 -0.306221
v -0.219352 -0.198233 -0.355806
v -0.223284 -0.239467 -0.362289
v -0.219803 -0.229349 -0.362375
v -0.218866 -0.245943 -0.366132
v -0.260003 -0.261034 -0.338409
v -0.245818 -0.261055 -0.349473
v -0.206550 -0.203310 -0.364678
v -0.206940 -0.234463 -0.371067
v -0.209625 -0.245929 -0.371574
v -0.200746 -0.239467 -0.375545
v -0.196884 -0.206594 -0.370919
v -0.198001 -0.229908 -0.375222
v -0.211794 -0.252135 -0.371139
v -0.227754 -0.256737 -0.361934
v -0.227899 -0.261055 -0.362022
v -0.236426 -0.263213 -0.356181
v -0.210104 -0.256737 -0.372568
v -0.210298 -0.261055 -0.372677
v -0.197480 -0.252419 -0.379267
v -0.267953 -0.264587 -0.331899
v -0.279105 -0.261055 -0.322211
v -0.188081 -0.243038 -0.382938
v -0.188213 -0.231901 -0.380853
v -0.184983 -0.217007 -0.379522
v -0.189471 -0.256737 -0.383929
v -0.175423 -0.229431 -0.386881
v -0.182961 -0.250261 -0.386596
v -0.198020 -0.261055 -0.379557
v -0.173623 -0.238390 -0.389432
v -0.167635 -0.248102 -0.393735
v -0.217169 -0.265433 -0.368576
v -0.292854 -0.254578 -0.308780
v -0.163255 -0.209077 -0.388688
v -0.160518 -0.227979 -0.393717
v -0.172525 -0.254578 -0.392107
v -0.159788 -0.241359 -0.396353
v -0.182695 -0.261055 -0.387531
v -0.253934 -0.267531 -0.342999
v -0.161939 -0.254578 -0.396957
v -0.292083 -0.213408 -0.300823
v -0.300405 -0.236229 -0.297969
v -0.297793 -0.224198 -0.297795
v -0.150731 -0.222660 -0.396967
v -0.142655 -0.222196 -0.400103
v -0.145626 -0.232705 -0.400856
v -0.149885 -0.243784 -0.400956
v -0.150783 -0.249192 -0.401308
v -0.197966 -0.265372 -0.379528
v -0.205890 -0.269690 -0.374800
v -0.245643 -0.267531 -0.349346
v -0.168288 -0.261055 -0.394355
v -0.227671 -0.267531 -0.361873
v -0.232976 -0.269621 -0.358191
v -0.181001 -0.265372 -0.388337
v -0.153817 -0.261055 -0.400776
v -0.141646 -0.256737 -0.405444
v -0.140178 -0.242813 -0.404501
v -0.128290 -0.237308 -0.407992
v -0.129831 -0.248102 -0.409005
v -0.135845 -0.228673 -0.403848
v -0.133698 -0.211381 -0.401379
v -0.189280 -0.269690 -0.383831
v -0.276784 -0.265372 -0.324214
v -0.159289 -0.265372 -0.398295
v -0.122933 -0.218835 -0.406476
v -0.125897 -0.259220 -0.411204
v -0.176223 -0.269690 -0.390287
v -0.118354 -0.233114 -0.410532
v -0.135235 -0.261055 -0.407957
v -0.143078 -0.265372 -0.404915
v -0.117982 -0.242175 -0.412073
v -0.117827 -0.250261 -0.413168
v -0.108821 -0.206250 -0.408507
v -0.105528 -0.227743 -0.413416
v -0.218967 -0.271848 -0.366837
v -0.290187 -0.261055 -0.311777
v -0.302127 -0.254578 -0.299451
v -0.306572 -0.246813 -0.293630
v -0.160887 -0.269690 -0.397236
v -0.299954 -0.261055 -0.302121
v -0.250197 -0.273722 -0.345199
v -0.261459 -0.271848 -0.336502
v -0.115516 -0.258896 -0.414462
v -0.104240 -0.237594 -0.415424
v -0.105622 -0.245943 -0.416243
v -0.146521 -0.269444 -0.403237
v -0.129360 -0.265313 -0.410007
v -0.105622 -0.252419 -0.416967
v -0.195476 -0.274007 -0.379920
v -0.104762 -0.258896 -0.417562
v -0.120133 -0.265372 -0.413034
v -0.210456 -0.276075 -0.371224
v -0.203149 -0.277550 -0.375124
v -0.090485 -0.227629 -0.417348
v -0.087503 -0.235874 -0.419481
v -0.080931 -0.226341 -0.419381
v -0.086193 -0.245943 -0.421263
v -0.088352 -0.252419 -0.421452
v -0.089303 -0.256737 -0.421475
v -0.169491 -0.274007 -0.392821
v -0.231646 -0.276166 -0.358014
v -0.237319 -0.276225 -0.354091
v -0.150341 -0.274007 -0.401132
v -0.179349 -0.276314 -0.387784
v -0.186511 -0.279976 -0.383458
v -0.103803 -0.265372 -0.417781
v -0.274450 -0.270105 -0.325829
v -0.269224 -0.274007 -0.329747
v -0.129519 -0.269690 -0.409572
v -0.075344 -0.242177 -0.423135
v -0.089342 -0.261055 -0.421551
v -0.073241 -0.252419 -0.424772
v -0.139670 -0.274667 -0.405198
v -0.221155 -0.278371 -0.364316
v -0.283959 -0.267531 -0.317397
v -0.308856 -0.237308 -0.289202
v -0.307727 -0.228753 -0.288315
v -0.307814 -0.258896 -0.293804
v -0.316916 -0.241626 -0.281265
v -0.293314 -0.267531 -0.308431
v -0.317386 -0.232267 -0.278555
v -0.316179 -0.249268 -0.283473
v -0.319492 -0.256737 -0.280651
v -0.312578 -0.210925 -0.277996
v -0.319819 -0.220666 -0.272422
v -0.245982 -0.278325 -0.347432
v -0.306251 -0.265372 -0.295453
v -0.254975 -0.278644 -0.340501
v -0.318583 -0.261055 -0.281927
v -0.316554 -0.265372 -0.284095
v -0.278684 -0.274667 -0.321331
v -0.325751 -0.252419 -0.272856
v -0.325607 -0.244864 -0.271710
v -0.325619 -0.235090 -0.269442
v -0.292050 -0.274007 -0.308789
v -0.330351 -0.256737 -0.267799
v -0.303234 -0.271848 -0.297840
v -0.330010 -0.261055 -0.268466
v -0.332342 -0.228468 -0.258959
v -0.333617 -0.248660 -0.262443
v -0.334281 -0.240546 -0.259741
v -0.215598 -0.282393 -0.366761
v -0.327559 -0.265372 -0.271348
v -0.241204 -0.282246 -0.349936
v -0.282459 -0.278689 -0.317015
v -0.291583 -0.278754 -0.308313
v -0.228800 -0.282950 -0.358286
v -0.315790 -0.269666 -0.284454
v -0.312397 -0.274512 -0.287448
v -0.325802 -0.269690 -0.272917
v -0.272224 -0.280484 -0.325680
v -0.280255 -0.282642 -0.317968
v -0.261001 -0.282595 -0.334533
v -0.126980 -0.274686 -0.409853
v -0.339350 -0.256737 -0.256059
v -0.340500 -0.252419 -0.253983
v -0.203521 -0.282557 -0.373725
v -0.192354 -0.284133 -0.379348
v -0.250271 -0.282642 -0.343091
v -0.338522 -0.261055 -0.257486
v -0.342978 -0.241124 -0.247946
v -0.349672 -0.245943 -0.239631
v -0.303909 -0.278390 -0.295808
v -0.337786 -0.202540 -0.242834
v -0.349700 -0.216827 -0.229967
v -0.340867 -0.224630 -0.245853
v -0.349692 -0.238356 -0.237494
v -0.353153 -0.237308 -0.231834
v -0.334180 -0.267531 -0.262862
v -0.340770 -0.265372 -0.254358
v -0.321940 -0.274007 -0.276683
v -0.349045 -0.255308 -0.242343
v -0.346735 -0.261055 -0.246068
v -0.167558 -0.280425 -0.392391
v -0.153115 -0.278325 -0.399166
v -0.330326 -0.274007 -0.266675
v -0.353497 -0.254578 -0.235641
v -0.289680 -0.282642 -0.309084
v -0.353322 -0.261055 -0.236453
v -0.355844 -0.247090 -0.230492
v -0.340585 -0.269690 -0.254104
v -0.299851 -0.282642 -0.298808
v -0.245834 -0.286742 -0.345166
v -0.314413 -0.278325 -0.284252
v -0.336551 -0.273673 -0.258814
v -0.352003 -0.265372 -0.238212
v -0.351608 -0.269454 -0.238253
v -0.358099 -0.255481 -0.228503
v -0.206208 -0.285864 -0.371263
v -0.358054 -0.238043 -0.224110
v -0.353605 -0.217849 -0.223906
v -0.308234 -0.282642 -0.289848
v -0.360739 -0.210717 -0.209005
v -0.363509 -0.235308 -0.213773
v -0.327761 -0.279536 -0.268352
v -0.233519 -0.287590 -0.353607
v -0.274995 -0.287241 -0.321079
v -0.362421 -0.246370 -0.219279
v -0.366516 -0.241899 -0.210824
v -0.319171 -0.283865 -0.277052
v -0.259100 -0.286960 -0.334620
v -0.250266 -0.289129 -0.340934
v -0.269121 -0.288355 -0.325681
v -0.366281 -0.256737 -0.214744
v -0.220073 -0.287037 -0.362551
v -0.211568 -0.289365 -0.366935
v -0.175443 -0.284423 -0.387728
v -0.284623 -0.287582 -0.312171
v -0.294321 -0.286960 -0.302940
v -0.369059 -0.248102 -0.208060
v -0.370752 -0.254578 -0.206317
v -0.366359 -0.261055 -0.214882
v -0.358386 -0.267421 -0.227928
v -0.131528 -0.278325 -0.407619
v -0.140921 -0.281783 -0.403240
v -0.348806 -0.274007 -0.241379
v -0.366691 -0.213500 -0.199308
v -0.370545 -0.231650 -0.199441
v -0.370597 -0.241586 -0.203143
v -0.336794 -0.278307 -0.257122
v -0.345039 -0.277874 -0.245780
v -0.366915 -0.265372 -0.213708
v -0.372214 -0.211743 -0.188020
v -0.375548 -0.232619 -0.189972
v -0.379794 -0.243744 -0.185508
v -0.305057 -0.287576 -0.291409
v -0.374477 -0.250261 -0.198241
v -0.378794 -0.250261 -0.189543
v -0.314146 -0.286419 -0.281791
v -0.373120 -0.261055 -0.202397
v -0.375239 -0.256737 -0.197990
v -0.373078 -0.265372 -0.202316
v -0.375488 -0.216684 -0.183314
v -0.381568 -0.236678 -0.178811
v -0.330443 -0.282819 -0.263794
v -0.360012 -0.273801 -0.223830
v -0.109736 -0.274278 -0.415247
v -0.102196 -0.269548 -0.417885
v -0.180778 -0.288519 -0.383910
v -0.368719 -0.269690 -0.209811
v -0.366655 -0.275171 -0.212173
v -0.155355 -0.282774 -0.397136
v -0.354868 -0.279679 -0.230144
v -0.349540 -0.282567 -0.237266
v -0.325913 -0.286960 -0.267650
v -0.319435 -0.289305 -0.274303
v -0.291008 -0.291020 -0.304501
v -0.284703 -0.291086 -0.310612
v -0.276834 -0.291477 -0.317638
v -0.240426 -0.291275 -0.347312
v -0.381887 -0.256737 -0.184268
v -0.383548 -0.252419 -0.179929
v -0.300095 -0.290834 -0.295233
v -0.338414 -0.283078 -0.253065
v -0.381712 -0.261055 -0.184984
v -0.386265 -0.245669 -0.171815
v -0.227440 -0.291107 -0.356263
v -0.379066 -0.219038 -0.176324
v -0.381933 -0.265372 -0.184368
v -0.388375 -0.237574 -0.163795
v -0.383464 -0.215479 -0.164807
v -0.374537 -0.271848 -0.198326
v -0.381774 -0.269690 -0.184023
v -0.387079 -0.212978 -0.154647
v -0.391958 -0.231435 -0.151811
v -0.387799 -0.256737 -0.171088
v -0.389532 -0.250704 -0.165782
v -0.312880 -0.289987 -0.281582
v -0.364308 -0.278464 -0.215018
v -0.389094 -0.260952 -0.168342
v -0.387836 -0.265372 -0.171169
v -0.392280 -0.248102 -0.158411
v -0.256715 -0.292942 -0.333980
v -0.371151 -0.278324 -0.202764
v -0.393664 -0.252419 -0.156078
v -0.331103 -0.289442 -0.259746
v -0.394510 -0.259659 -0.154952
v -0.379929 -0.274007 -0.186781
v -0.341855 -0.287482 -0.246038
v -0.338732 -0.291989 -0.247845
v -0.362623 -0.283020 -0.215898
v -0.366953 -0.285151 -0.207297
v -0.200002 -0.291274 -0.372788
v -0.185436 -0.293358 -0.379757
v -0.390115 -0.203867 -0.141745
v -0.162807 -0.286905 -0.392730
v -0.262754 -0.295073 -0.327933
v -0.394263 -0.235753 -0.147712
v -0.395592 -0.245943 -0.148798
v -0.387679 -0.269690 -0.170802
v -0.244285 -0.294603 -0.342995
v -0.323398 -0.292016 -0.268129
v -0.392898 -0.264621 -0.159121
v -0.303803 -0.294513 -0.289245
v -0.317550 -0.294938 -0.273404
v -0.310834 -0.295841 -0.280629
v -0.379784 -0.278309 -0.185487
v -0.353794 -0.286710 -0.228527
v -0.349749 -0.289562 -0.233271
v -0.397411 -0.256737 -0.146791
v -0.395545 -0.208356 -0.128354
v -0.398408 -0.241779 -0.139006
v -0.397080 -0.228608 -0.135889
v -0.386482 -0.274218 -0.172222
v -0.400203 -0.250420 -0.137218
v -0.401444 -0.241220 -0.129588
v -0.401372 -0.233009 -0.125039
v -0.280126 -0.296791 -0.311956
v -0.215841 -0.293592 -0.362592
v -0.207114 -0.295644 -0.366852
v -0.273013 -0.298788 -0.317161
v -0.232965 -0.297720 -0.349548
v -0.397454 -0.265372 -0.146809
v -0.400243 -0.261055 -0.139051
v -0.393309 -0.271848 -0.156456
v -0.397148 -0.272856 -0.145816
v -0.373350 -0.282642 -0.196376
v -0.401942 -0.256737 -0.133559
v -0.118575 -0.278325 -0.411980
v -0.125146 -0.281630 -0.409120
v -0.360477 -0.289407 -0.215922
v -0.290610 -0.299179 -0.300322
v -0.302172 -0.298988 -0.288350
v -0.382950 -0.281585 -0.176915
v -0.388405 -0.278325 -0.166033
v -0.392742 -0.278336 -0.155273
v -0.404355 -0.250400 -0.123922
v -0.401713 -0.208205 -0.107707
v -0.404667 -0.234052 -0.114341
v -0.246978 -0.298757 -0.338741
v -0.239463 -0.300993 -0.343084
v -0.071076 -0.206547 -0.417790
v -0.066729 -0.230866 -0.422957
v -0.064605 -0.241626 -0.425086
v -0.064605 -0.250261 -0.426156
v -0.072161 -0.256737 -0.425232
v -0.075399 -0.263213 -0.424579
v -0.089923 -0.267490 -0.421117
v -0.064610 -0.211397 -0.419779
v -0.169783 -0.291728 -0.387911
v -0.178999 -0.295560 -0.381937
v -0.138671 -0.285485 -0.403095
v -0.153490 -0.288474 -0.396193
v -0.330140 -0.295308 -0.257361
v -0.324892 -0.298225 -0.262125
v -0.191388 -0.296100 -0.375443
v -0.259005 -0.300826 -0.327822
v -0.093321 -0.274667 -0.419482
v -0.103464 -0.278325 -0.416317
v -0.065886 -0.261055 -0.426461
v -0.055431 -0.232451 -0.425025
v -0.051614 -0.213598 -0.422090
v -0.047335 -0.229752 -0.425622
v -0.060390 -0.255323 -0.427242
v -0.079210 -0.271363 -0.423116
v -0.121694 -0.285736 -0.409152
v -0.370955 -0.287687 -0.198027
v -0.375293 -0.287711 -0.189414
v -0.379540 -0.287523 -0.180652
v -0.341235 -0.295757 -0.241711
v -0.051713 -0.242397 -0.427121
v -0.052344 -0.250604 -0.428048
v -0.211823 -0.298231 -0.362776
v -0.220089 -0.301054 -0.356073
v -0.064605 -0.269690 -0.426172
v -0.060247 -0.265295 -0.427276
v -0.276799 -0.302935 -0.311277
v -0.283214 -0.304272 -0.304262
v -0.269181 -0.304254 -0.317110
v -0.082345 -0.277693 -0.421469
v -0.356159 -0.294195 -0.219742
v -0.051113 -0.258896 -0.428690
v -0.040064 -0.235054 -0.427391
v -0.038700 -0.241626 -0.428592
v -0.038748 -0.213530 -0.423616
v -0.030439 -0.229753 -0.427372
v -0.038700 -0.248102 -0.429436
v -0.039240 -0.254578 -0.429968
v -0.317188 -0.301008 -0.269696
v -0.309745 -0.302310 -0.277469
v -0.365801 -0.290197 -0.206041
v -0.040859 -0.261055 -0.430024
v -0.043018 -0.265372 -0.429607
v -0.028986 -0.241626 -0.429457
v -0.024668 -0.250261 -0.430866
v -0.026392 -0.257092 -0.431267
v -0.026827 -0.215180 -0.424930
v -0.231371 -0.302674 -0.347778
v -0.021430 -0.234070 -0.428759
v -0.017112 -0.241626 -0.430216
v -0.291809 -0.304338 -0.295591
v -0.300277 -0.304112 -0.286794
v -0.026606 -0.261745 -0.431323
v -0.245047 -0.304441 -0.336752
v -0.251492 -0.306553 -0.330255
v -0.260081 -0.308689 -0.321785
v -0.017112 -0.215720 -0.425622
v -0.012795 -0.230832 -0.428599
v -0.028953 -0.265355 -0.431029
v -0.336045 -0.299536 -0.246142
v -0.349369 -0.297357 -0.228362
v -0.340897 -0.302015 -0.237261
v -0.011715 -0.256737 -0.432025
v -0.007778 -0.249929 -0.431638
v -0.008477 -0.243784 -0.430848
v -0.005239 -0.230292 -0.428697
v 0.000158 -0.239467 -0.430312
v -0.000921 -0.211942 -0.425396
v -0.233583 -0.307527 -0.343127
v 0.000158 -0.256737 -0.432236
v -0.273925 -0.310607 -0.308473
v -0.265108 -0.312554 -0.314796
v -0.402964 -0.265372 -0.130400
v -0.403953 -0.258896 -0.127259
v -0.401276 -0.270841 -0.134468
v -0.282694 -0.310770 -0.299963
v 0.008793 -0.241626 -0.430538
v 0.008182 -0.249903 -0.431641
v 0.005555 -0.232990 -0.429169
v -0.384155 -0.285860 -0.171584
v -0.389196 -0.282286 -0.161862
v -0.362651 -0.295884 -0.207319
v -0.328094 -0.303424 -0.253818
v -0.321454 -0.305247 -0.260993
v 0.015809 -0.212482 -0.425119
v 0.017428 -0.231911 -0.428645
v 0.026063 -0.210323 -0.424222
v 0.021746 -0.241626 -0.430015
v 0.018619 -0.256570 -0.431776
v -0.292662 -0.310484 -0.289965
v 0.022825 -0.250261 -0.431081
v -0.304973 -0.308945 -0.277688
v -0.313022 -0.307685 -0.269337
v -0.371029 -0.293130 -0.193889
v -0.366735 -0.297545 -0.198260
v 0.029301 -0.235689 -0.428605
v -0.375335 -0.293101 -0.185217
v -0.269814 -0.315165 -0.308661
v 0.030381 -0.250261 -0.430570
v 0.035778 -0.241626 -0.429015
v 0.038081 -0.213410 -0.423779
v 0.044108 -0.236731 -0.427380
v -0.408371 -0.254578 -0.111019
v -0.407877 -0.242705 -0.107781
v -0.408825 -0.248694 -0.107222
v -0.351749 -0.300546 -0.221771
v -0.356171 -0.301219 -0.213773
v -0.268148 -0.324324 -0.302642
v -0.260291 -0.323989 -0.309901
v -0.280910 -0.317680 -0.296024
v -0.289434 -0.317552 -0.287292
v -0.298871 -0.317225 -0.277287
v 0.049676 -0.212313 -0.422267
v 0.041714 -0.245943 -0.428967
v -0.334815 -0.305716 -0.242563
v 0.053088 -0.248036 -0.427772
v 0.059524 -0.241626 -0.425963
v 0.055746 -0.230832 -0.424785
v 0.062448 -0.209277 -0.419914
v 0.065081 -0.231751 -0.423461
v 0.071840 -0.214196 -0.419165
v -0.311856 -0.312961 -0.266002
v -0.272777 -0.330518 -0.292750
v -0.388341 -0.288858 -0.159385
v -0.347166 -0.306001 -0.223981
v -0.392767 -0.284889 -0.151029
v -0.320339 -0.312749 -0.255549
v -0.330260 -0.311455 -0.243452
v 0.074929 -0.245118 -0.423669
v 0.076281 -0.234603 -0.421824
v -0.267221 -0.338445 -0.290979
v -0.280614 -0.330290 -0.284942
v -0.271623 -0.340686 -0.284572
v -0.407748 -0.261055 -0.114257
v -0.398873 -0.278024 -0.138172
v -0.383984 -0.292156 -0.166924
v -0.379887 -0.295779 -0.172769
v -0.257892 -0.360467 -0.279653
v -0.338684 -0.310584 -0.232324
v -0.404715 -0.269254 -0.123681
v -0.408143 -0.265372 -0.112300
v -0.406734 -0.230199 -0.103878
v -0.256773 -0.384137 -0.258918
v -0.267634 -0.363746 -0.266685
v -0.232909 -0.434758 -0.235073
v -0.243787 -0.402322 -0.255124
v -0.297942 -0.323881 -0.272062
v -0.282914 -0.339434 -0.273731
v -0.308474 -0.319237 -0.264195
v -0.314589 -0.319472 -0.256327
v 0.083844 -0.225420 -0.418631
v -0.360274 -0.302995 -0.204765
v 0.087251 -0.236988 -0.419745
v 0.084881 -0.245943 -0.421553
v -0.245884 -0.414263 -0.241562
v -0.290288 -0.338870 -0.266011
v -0.274892 -0.366895 -0.255714
v -0.262026 -0.391832 -0.245710
v -0.247995 -0.418526 -0.235029
v -0.323315 -0.318885 -0.245472
v -0.351781 -0.308640 -0.213660
v -0.304102 -0.327824 -0.260895
v -0.282358 -0.368567 -0.245252
v -0.274062 -0.385248 -0.238451
v -0.260205 -0.404445 -0.235112
v -0.243716 -0.442316 -0.215642
v -0.249885 -0.439804 -0.210943
v -0.269982 -0.400675 -0.227295
v -0.236285 -0.439217 -0.227119
v -0.310688 -0.330116 -0.250241
v -0.295879 -0.353660 -0.243966
v -0.287329 -0.373544 -0.233878
v -0.318250 -0.326882 -0.243766
v -0.375363 -0.297525 -0.180955
v -0.371049 -0.301878 -0.185287
v -0.362633 -0.306567 -0.196513
v -0.332201 -0.317057 -0.235015
v -0.280473 -0.390032 -0.225430
v -0.340923 -0.315015 -0.224346
v -0.404073 -0.274007 -0.123936
v -0.398904 -0.282673 -0.134844
v -0.411221 -0.254656 -0.099518
v -0.388377 -0.293313 -0.155152
v -0.287054 -0.385301 -0.221786
v -0.303608 -0.368128 -0.217811
v -0.258682 -0.430756 -0.209486
v -0.249202 -0.447812 -0.202808
v -0.256584 -0.444364 -0.196956
v -0.271710 -0.422206 -0.201661
v -0.271592 -0.414023 -0.211070
v -0.283683 -0.401889 -0.208138
v -0.303088 -0.357042 -0.230744
v -0.321341 -0.344798 -0.219283
v -0.326142 -0.327305 -0.232366
v -0.298719 -0.382541 -0.208558
v -0.392840 -0.289393 -0.146919
v -0.334267 -0.324565 -0.223615
v -0.410959 -0.238303 -0.091653
v -0.404501 -0.277816 -0.120185
v -0.349756 -0.315295 -0.209582
v -0.342999 -0.318162 -0.217472
v -0.411983 -0.263213 -0.096987
v -0.412659 -0.248102 -0.090511
v -0.413753 -0.252419 -0.087439
v -0.384309 -0.298170 -0.160083
v -0.409907 -0.270282 -0.103955
v -0.408746 -0.274007 -0.106729
v -0.375302 -0.301750 -0.176500
v -0.324129 -0.347383 -0.212158
v -0.312340 -0.368809 -0.204429
v -0.302437 -0.387885 -0.196452
v -0.288517 -0.404928 -0.197509
v -0.336686 -0.328075 -0.215836
v -0.280790 -0.422269 -0.188140
v -0.265389 -0.446728 -0.181204
v -0.269416 -0.446372 -0.175341
v -0.276265 -0.439177 -0.173683
v -0.293429 -0.405683 -0.188721
v -0.279517 -0.417298 -0.196206
v -0.258532 -0.448445 -0.189282
v -0.288373 -0.420413 -0.178045
v -0.397179 -0.289449 -0.134053
v -0.401399 -0.284879 -0.125131
v -0.404341 -0.281458 -0.117851
v -0.366393 -0.307708 -0.187854
v -0.414312 -0.256914 -0.086156
v -0.414281 -0.246335 -0.081622
v -0.343227 -0.322772 -0.211625
v -0.380013 -0.304635 -0.162276
v -0.362487 -0.310651 -0.191917
v -0.355209 -0.317838 -0.196474
v -0.371005 -0.308305 -0.177618
v -0.375715 -0.308049 -0.167679
v -0.388296 -0.297466 -0.150605
v -0.407527 -0.280484 -0.106702
v -0.413686 -0.269690 -0.087332
v -0.416069 -0.261055 -0.077558
v -0.415174 -0.264995 -0.081619
v -0.392749 -0.295619 -0.140183
v -0.328030 -0.347319 -0.205977
v -0.329269 -0.349932 -0.200459
v -0.317267 -0.371266 -0.193203
v -0.346400 -0.326460 -0.201275
v -0.310681 -0.401341 -0.163860
v -0.319181 -0.383887 -0.172236
v -0.308476 -0.395379 -0.176232
v -0.350205 -0.328837 -0.191027
v -0.335493 -0.349077 -0.190240
v -0.301373 -0.401182 -0.181060
v -0.293485 -0.427346 -0.159683
v -0.284728 -0.435820 -0.163777
v -0.271801 -0.448812 -0.168146
v -0.280374 -0.444414 -0.159390
v -0.358077 -0.321330 -0.186320
v -0.416664 -0.252419 -0.072161
v -0.416740 -0.256737 -0.073241
v -0.410814 -0.275287 -0.097157
v -0.404761 -0.285834 -0.112082
v -0.401361 -0.289075 -0.120685
v -0.366928 -0.315162 -0.177056
v -0.371138 -0.315002 -0.168195
v -0.384047 -0.304127 -0.152948
v -0.414414 -0.274135 -0.080901
v -0.412648 -0.278325 -0.086193
v -0.397001 -0.295463 -0.127009
v -0.401437 -0.293562 -0.114481
v -0.416449 -0.269690 -0.072701
v -0.410874 -0.283834 -0.088508
v -0.406450 -0.288155 -0.102556
v -0.418051 -0.263176 -0.065414
v -0.388475 -0.304329 -0.140301
v -0.393472 -0.300875 -0.130436
v -0.362732 -0.323956 -0.172995
v -0.377739 -0.313023 -0.155537
v -0.337626 -0.354474 -0.178168
v -0.331860 -0.371326 -0.165110
v -0.314997 -0.401338 -0.155217
v -0.301701 -0.421089 -0.152572
v -0.293539 -0.436053 -0.146846
v -0.343085 -0.353236 -0.168656
v -0.351106 -0.347631 -0.160123
v -0.340321 -0.364392 -0.157433
v -0.328310 -0.384593 -0.152517
v -0.359304 -0.332172 -0.167431
v -0.351458 -0.332627 -0.182942
v -0.284181 -0.445661 -0.150263
v -0.362600 -0.332407 -0.159780
v -0.269836 -0.453339 -0.164723
v -0.369146 -0.321715 -0.162316
v -0.371023 -0.323474 -0.154948
v -0.305029 -0.421267 -0.145267
v -0.405589 -0.293158 -0.098693
v -0.414432 -0.280891 -0.073824
v -0.384117 -0.310725 -0.142354
v -0.409938 -0.288888 -0.085833
v -0.397050 -0.302056 -0.116388
v -0.401202 -0.299553 -0.105326
v -0.278271 -0.453122 -0.149773
v -0.320408 -0.401165 -0.143537
v -0.293401 -0.446664 -0.129289
v -0.301837 -0.435587 -0.128779
v -0.301964 -0.431448 -0.135597
v -0.332858 -0.384267 -0.142512
v -0.344196 -0.364708 -0.147729
v -0.353885 -0.350358 -0.148875
v -0.323903 -0.401712 -0.134288
v -0.313407 -0.417805 -0.131401
v -0.362743 -0.336917 -0.151504
v -0.284588 -0.452939 -0.137550
v -0.288793 -0.452803 -0.128623
v -0.388440 -0.310736 -0.129424
v -0.392609 -0.310478 -0.115951
v -0.377539 -0.319209 -0.145412
v -0.384211 -0.315190 -0.134001
v -0.379527 -0.322195 -0.134231
v -0.335983 -0.384626 -0.133818
v -0.327889 -0.401253 -0.124820
v -0.373155 -0.328290 -0.140406
v -0.365329 -0.340886 -0.137106
v -0.353816 -0.357855 -0.135250
v -0.346186 -0.369046 -0.134790
v -0.408194 -0.295595 -0.081876
v -0.309746 -0.430414 -0.117786
v -0.297492 -0.448518 -0.115698
v -0.293467 -0.453222 -0.116494
v -0.405553 -0.298616 -0.088364
v -0.334585 -0.394653 -0.118840
v -0.332364 -0.401475 -0.111758
v -0.336794 -0.397329 -0.106723
v -0.351783 -0.369444 -0.117878
v -0.353745 -0.371283 -0.107843
v -0.373494 -0.332542 -0.130870
v -0.359712 -0.355448 -0.123237
v -0.324354 -0.410903 -0.115705
v -0.313685 -0.430321 -0.106735
v -0.301807 -0.446804 -0.107094
v -0.388372 -0.317112 -0.116695
v -0.396577 -0.309126 -0.103705
v -0.381762 -0.324201 -0.123108
v -0.384517 -0.325356 -0.111469
v -0.388610 -0.320718 -0.107709
v -0.392679 -0.317091 -0.100660
v -0.377312 -0.336300 -0.110261
v -0.365705 -0.353523 -0.108879
v -0.359232 -0.367144 -0.098638
v -0.336525 -0.401246 -0.098835
v 0.276792 -0.220608 0.317659
v 0.272042 -0.229135 0.323871
v 0.278918 -0.238387 0.319896
v 0.252683 -0.226698 0.339045
v 0.265666 -0.234924 0.330433
v 0.273271 -0.242705 0.325701
v 0.278668 -0.247185 0.321842
v 0.270762 -0.250307 0.329107
v 0.285674 -0.237390 0.313445
v 0.287441 -0.249525 0.314133
v 0.285689 -0.211191 0.307150
v 0.259254 -0.241455 0.336961
v 0.254883 -0.245996 0.341237
v 0.281530 -0.254578 0.320319
v 0.274140 -0.256737 0.326994
v 0.295817 -0.241187 0.304453
v 0.292946 -0.228590 0.304278
v 0.294176 -0.246374 0.307121
v 0.239738 -0.211435 0.345529
v 0.262820 -0.256737 0.336358
v 0.241401 -0.235506 0.349490
v 0.237620 -0.224369 0.349877
v 0.244232 -0.250261 0.349971
v 0.245917 -0.258896 0.349629
v 0.236303 -0.242239 0.354336
v 0.231378 -0.248102 0.358663
v 0.228948 -0.237452 0.358490
v 0.227364 -0.209685 0.353846
v 0.236642 -0.257183 0.356107
v 0.219443 -0.195426 0.356131
v 0.220521 -0.232465 0.362940
v 0.207204 -0.233627 0.371352
v 0.228689 -0.254578 0.361216
v 0.267819 -0.261747 0.332588
v 0.222078 -0.245818 0.364326
v 0.202259 -0.239467 0.375312
v 0.211815 -0.250281 0.371262
v 0.219862 -0.254578 0.366850
v 0.260455 -0.265423 0.338477
v 0.200767 -0.219438 0.372314
v 0.190715 -0.231881 0.380423
v 0.194448 -0.241625 0.380103
v 0.220224 -0.261055 0.367072
v 0.239246 -0.263213 0.354524
v 0.227858 -0.267531 0.362103
v 0.197091 -0.250261 0.379766
v 0.206122 -0.254578 0.375052
v 0.187264 -0.245943 0.384613
v 0.189606 -0.252419 0.384136
v 0.182335 -0.231637 0.384856
v 0.176787 -0.236479 0.388545
v 0.178219 -0.245943 0.389256
v 0.170925 -0.222915 0.388859
v 0.189991 -0.258896 0.384345
v 0.202382 -0.261055 0.377551
v 0.245916 -0.267531 0.349627
v 0.277210 -0.263213 0.324617
v 0.182081 -0.258985 0.388484
v 0.173199 -0.255202 0.392619
v 0.168528 -0.242809 0.393432
v 0.161116 -0.228113 0.394329
v 0.161630 -0.238293 0.395835
v 0.163265 -0.252419 0.396960
v 0.220119 -0.267531 0.367009
v 0.202337 -0.265372 0.377529
v 0.285102 -0.263213 0.317478
v 0.163647 -0.256737 0.397125
v 0.153969 -0.250840 0.400696
v 0.155767 -0.239467 0.398484
v 0.236640 -0.269262 0.356105
v 0.185972 -0.265659 0.386434
v 0.142551 -0.226666 0.401663
v 0.163809 -0.261055 0.397195
v 0.172812 -0.264881 0.393034
v 0.142568 -0.241628 0.404088
v 0.141906 -0.252419 0.405738
v 0.137727 -0.233828 0.404707
v 0.142725 -0.258782 0.405863
v 0.292720 -0.256737 0.309976
v 0.255262 -0.269690 0.342317
v 0.128636 -0.241555 0.409215
v 0.129214 -0.252979 0.410476
v 0.132378 -0.258896 0.409744
v 0.266495 -0.269690 0.333377
v 0.300047 -0.252419 0.302206
v 0.202647 -0.269690 0.377039
v 0.189450 -0.271848 0.384061
v 0.298894 -0.221785 0.296468
v 0.306248 -0.239467 0.293262
v 0.302681 -0.245748 0.298374
v 0.293668 -0.263213 0.309339
v 0.277049 -0.269690 0.324479
v 0.163716 -0.265372 0.397154
v 0.231757 -0.274007 0.358916
v 0.304526 -0.256737 0.298055
v 0.301525 -0.263213 0.301490
v 0.142167 -0.264577 0.406159
v 0.215854 -0.274111 0.368924
v 0.242875 -0.274007 0.351160
v 0.250530 -0.273776 0.345493
v 0.307850 -0.223552 0.287347
v 0.313389 -0.232925 0.283734
v 0.311108 -0.247015 0.289530
v 0.310744 -0.256737 0.291288
v 0.313786 -0.220577 0.279866
v 0.321648 -0.232503 0.274118
v 0.307745 -0.261055 0.294892
v 0.289388 -0.269690 0.313123
v 0.319407 -0.241626 0.278979
v 0.272108 -0.273717 0.328245
v 0.322473 -0.250347 0.277059
v 0.323876 -0.258896 0.276364
v 0.296640 -0.271848 0.305808
v 0.304485 -0.269690 0.298011
v 0.328484 -0.225325 0.263769
v 0.326078 -0.241624 0.271026
v 0.330386 -0.232666 0.263457
v 0.285797 -0.274007 0.315978
v 0.333007 -0.250201 0.264167
v 0.336440 -0.243784 0.258581
v 0.331711 -0.256737 0.266726
v 0.267166 -0.278325 0.331422
v 0.254902 -0.278358 0.341250
v 0.311324 -0.265372 0.290793
v 0.325879 -0.265372 0.274014
v 0.203496 -0.273982 0.376053
v 0.225068 -0.278655 0.362485
v 0.276454 -0.277918 0.323700
v 0.332991 -0.208108 0.252976
v 0.338982 -0.233493 0.252599
v 0.336680 -0.214859 0.250247
v 0.330281 -0.261055 0.268725
v 0.177199 -0.271848 0.390282
v 0.237606 -0.278274 0.354166
v 0.340985 -0.254578 0.254543
v 0.341217 -0.245943 0.252705
v 0.303133 -0.274007 0.298855
v 0.246361 -0.278325 0.347797
v 0.314993 -0.270062 0.286242
v 0.313075 -0.274755 0.287686
v 0.341696 -0.226514 0.246895
v 0.341172 -0.261055 0.254795
v 0.163354 -0.269690 0.396997
v 0.293050 -0.278325 0.308167
v 0.283510 -0.279096 0.317084
v 0.345341 -0.212440 0.237296
v 0.347997 -0.252642 0.244489
v 0.346548 -0.234067 0.242074
v 0.347984 -0.246676 0.243300
v 0.334689 -0.267531 0.262896
v 0.343015 -0.265372 0.252194
v 0.345641 -0.258896 0.248534
v 0.324576 -0.271848 0.274825
v 0.207449 -0.278179 0.373116
v 0.353944 -0.240929 0.232904
v 0.353950 -0.250261 0.235086
v 0.354172 -0.228811 0.228945
v 0.349982 -0.212460 0.230226
v 0.353660 -0.261055 0.236786
v 0.351810 -0.265372 0.239460
v 0.307281 -0.279034 0.293254
v 0.333364 -0.274115 0.263579
v 0.343235 -0.269690 0.251432
v 0.349929 -0.272058 0.241398
v 0.217145 -0.281882 0.366640
v 0.195383 -0.279396 0.379635
v 0.358148 -0.250261 0.228381
v 0.358519 -0.258831 0.228995
v 0.358466 -0.237590 0.224587
v 0.300065 -0.282127 0.300059
v 0.259149 -0.282478 0.336834
v 0.272700 -0.282642 0.325678
v 0.356326 -0.220194 0.222459
v 0.321905 -0.278325 0.276564
v 0.332592 -0.278300 0.263521
v 0.363052 -0.248831 0.219849
v 0.291489 -0.282211 0.308653
v 0.242391 -0.283132 0.349526
v 0.365118 -0.227840 0.209774
v 0.367122 -0.208370 0.198706
v 0.371395 -0.229060 0.198622
v 0.371617 -0.241212 0.202457
v 0.367089 -0.244166 0.211609
v 0.342943 -0.274007 0.251026
v 0.339151 -0.278325 0.254981
v 0.364567 -0.256737 0.218535
v 0.371010 -0.252419 0.206545
v 0.316570 -0.282642 0.281506
v 0.305523 -0.284757 0.293267
v 0.357927 -0.267373 0.229553
v 0.364592 -0.265372 0.218576
v 0.368920 -0.258896 0.211012
v 0.282660 -0.284801 0.316137
v 0.228897 -0.284595 0.358456
v 0.377385 -0.248102 0.193311
v 0.181746 -0.279490 0.386774
v 0.142179 -0.269690 0.405837
v 0.375549 -0.254578 0.198298
v 0.373457 -0.261055 0.202761
v 0.326433 -0.282472 0.269769
v 0.168243 -0.276483 0.393845
v 0.345535 -0.278216 0.246216
v 0.275899 -0.286852 0.321479
v 0.379980 -0.240185 0.185548
v 0.375724 -0.228993 0.190002
v 0.382997 -0.237308 0.177840
v 0.377455 -0.223236 0.183847
v 0.371085 -0.267531 0.206687
v 0.364550 -0.270346 0.217955
v 0.379882 -0.254578 0.189672
v 0.267841 -0.286955 0.328290
v 0.294372 -0.286960 0.304099
v 0.362681 -0.275193 0.220092
v 0.353849 -0.277679 0.233736
v 0.382925 -0.248102 0.181831
v 0.384095 -0.254578 0.180763
v 0.379986 -0.263213 0.189889
v 0.334755 -0.282642 0.259197
v 0.257116 -0.286960 0.336973
v 0.246596 -0.287200 0.345070
v 0.384246 -0.226624 0.170024
v 0.379777 -0.269690 0.189462
v 0.384211 -0.263213 0.181030
v 0.387632 -0.261055 0.173432
v 0.388248 -0.256737 0.171680
v 0.341918 -0.282251 0.249740
v 0.387710 -0.250277 0.171518
v 0.371546 -0.274007 0.204397
v 0.284595 -0.290520 0.312103
v 0.388073 -0.239467 0.166891
v 0.316181 -0.287350 0.280068
v 0.200477 -0.283340 0.375825
v 0.299779 -0.291478 0.296547
v 0.233906 -0.287725 0.353987
v 0.237692 -0.291406 0.349930
v 0.384010 -0.269690 0.180587
v 0.392627 -0.248102 0.158794
v 0.349938 -0.282838 0.237710
v 0.388550 -0.224042 0.158161
v 0.392257 -0.239467 0.156328
v 0.393031 -0.233126 0.151204
v 0.329290 -0.286828 0.264309
v 0.364572 -0.277919 0.215807
v 0.371484 -0.278407 0.203114
v 0.379503 -0.274007 0.188893
v 0.375861 -0.278530 0.194534
v 0.388266 -0.265372 0.171729
v 0.394706 -0.256968 0.155543
v 0.306611 -0.291078 0.289329
v 0.359019 -0.281968 0.223522
v 0.337199 -0.286298 0.254341
v 0.396483 -0.252582 0.149836
v 0.395882 -0.261055 0.152796
v 0.392542 -0.217536 0.143856
v 0.396360 -0.246241 0.148021
v 0.392710 -0.267851 0.160412
v 0.396885 -0.265372 0.149890
v 0.399235 -0.241700 0.137741
v 0.396457 -0.232185 0.140922
v 0.396017 -0.217853 0.133925
v 0.400116 -0.256737 0.140479
v 0.401702 -0.250174 0.134036
v 0.401752 -0.241257 0.129879
v 0.387336 -0.273989 0.171772
v 0.398215 -0.215720 0.125838
v 0.384352 -0.277987 0.177016
v 0.367025 -0.282642 0.209343
v 0.400588 -0.263213 0.139379
v 0.345623 -0.287124 0.242025
v 0.392643 -0.274007 0.158839
v 0.404282 -0.256737 0.127526
v 0.404062 -0.263213 0.128605
v 0.396724 -0.269690 0.149451
v 0.403699 -0.250261 0.127526
v 0.332702 -0.290123 0.258256
v 0.373701 -0.282642 0.196758
v 0.380151 -0.282642 0.183760
v 0.293378 -0.292616 0.302556
v 0.351893 -0.287760 0.231957
v 0.388781 -0.278325 0.166489
v 0.360622 -0.286901 0.218112
v 0.403380 -0.269690 0.129685
v 0.318231 -0.293842 0.274224
v 0.326290 -0.291394 0.265724
v 0.274018 -0.290734 0.321510
v 0.397512 -0.274201 0.145609
v 0.402572 -0.273782 0.130655
v 0.253223 -0.290699 0.338562
v 0.261732 -0.293886 0.330305
v 0.367201 -0.287075 0.206417
v 0.394524 -0.278009 0.151980
v 0.339061 -0.292851 0.247945
v 0.406987 -0.269588 0.117271
v 0.384905 -0.284194 0.172241
v 0.281694 -0.294202 0.313010
v 0.217601 -0.286352 0.364961
v 0.312529 -0.297484 0.278823
v 0.304469 -0.296237 0.288815
v 0.354277 -0.292927 0.224746
v 0.375338 -0.287754 0.190336
v 0.379897 -0.287626 0.181039
v 0.188961 -0.284665 0.381726
v 0.362838 -0.291388 0.211269
v 0.358439 -0.295437 0.215904
v 0.285541 -0.298429 0.307112
v 0.200795 -0.286746 0.374612
v 0.209090 -0.289744 0.368800
v 0.393095 -0.284928 0.151378
v 0.388180 -0.287434 0.162027
v 0.328648 -0.296282 0.259672
v 0.321349 -0.300920 0.265707
v 0.244070 -0.295568 0.343387
v 0.252369 -0.298540 0.335446
v 0.271163 -0.295933 0.321429
v 0.397409 -0.281550 0.141662
v 0.349741 -0.297463 0.228765
v 0.353632 -0.299325 0.220842
v 0.341130 -0.297525 0.241772
v 0.225140 -0.291776 0.358189
v 0.219184 -0.294518 0.360680
v 0.403160 -0.278225 0.126228
v 0.401699 -0.281529 0.128631
v 0.406930 -0.274685 0.115226
v 0.298935 -0.299143 0.293005
v 0.292228 -0.299537 0.299789
v 0.367030 -0.294141 0.201610
v 0.362632 -0.297324 0.207042
v 0.345780 -0.300302 0.232564
v 0.228864 -0.295444 0.354119
v 0.375670 -0.293148 0.185577
v 0.307042 -0.300969 0.282895
v 0.180114 -0.288388 0.385128
v 0.172895 -0.283711 0.390104
v 0.410969 -0.274007 0.099555
v 0.384487 -0.291438 0.167620
v 0.371423 -0.297656 0.190040
v 0.332509 -0.301895 0.250438
v 0.326468 -0.305130 0.255783
v 0.406829 -0.279394 0.112447
v 0.410578 -0.278489 0.097986
v 0.397479 -0.285144 0.138635
v 0.235383 -0.298808 0.347977
v 0.313135 -0.303656 0.273826
v 0.274043 -0.301764 0.315499
v 0.267946 -0.299949 0.321899
v 0.259072 -0.301879 0.328179
v 0.197605 -0.292779 0.374169
v 0.185955 -0.293605 0.380178
v 0.379922 -0.297356 0.172443
v 0.208745 -0.295776 0.366424
v 0.388691 -0.293310 0.155464
v 0.384612 -0.298140 0.160385
v 0.393150 -0.291520 0.145061
v 0.397505 -0.289477 0.134400
v 0.293692 -0.306302 0.293690
v 0.298879 -0.308821 0.286196
v 0.285096 -0.306360 0.302366
v 0.278543 -0.306290 0.308493
v 0.242042 -0.302193 0.341321
v 0.247861 -0.304858 0.335177
v 0.404877 -0.285920 0.113571
v 0.401728 -0.289222 0.121174
v 0.375720 -0.297612 0.181357
v 0.408305 -0.282642 0.103779
v 0.367074 -0.299756 0.196458
v 0.362685 -0.301789 0.202809
v 0.305691 -0.308634 0.278718
v 0.339171 -0.304963 0.238379
v 0.347554 -0.303951 0.226568
v 0.264270 -0.304922 0.321910
v 0.316428 -0.309212 0.265230
v 0.194996 -0.297191 0.373629
v 0.224227 -0.301560 0.353913
v 0.411322 -0.283949 0.088983
v 0.350938 -0.307974 0.217075
v 0.341443 -0.311004 0.229288
v 0.345201 -0.314479 0.219754
v 0.263119 -0.310215 0.319307
v 0.397436 -0.293586 0.129880
v 0.408138 -0.286960 0.099462
v 0.405089 -0.290401 0.107313
v 0.330567 -0.313027 0.243184
v 0.321865 -0.312922 0.254955
v 0.334928 -0.316097 0.233847
v 0.256254 -0.308285 0.326293
v 0.289746 -0.311099 0.294071
v 0.375660 -0.301830 0.176901
v 0.393007 -0.297643 0.138175
v 0.388692 -0.298714 0.148963
v 0.364819 -0.306089 0.194112
v 0.371294 -0.306087 0.181128
v 0.302579 -0.315269 0.276700
v 0.312795 -0.316665 0.263042
v 0.248265 -0.311621 0.330332
v 0.279991 -0.313728 0.301563
v 0.272565 -0.315472 0.307063
v 0.400769 -0.294413 0.117673
v 0.359715 -0.309819 0.199528
v 0.352044 -0.315030 0.207413
v 0.410322 -0.289106 0.086489
v 0.412667 -0.286960 0.077874
v 0.323926 -0.319275 0.246192
v 0.289392 -0.317143 0.289393
v 0.256664 -0.314590 0.321497
v 0.261449 -0.317267 0.315407
v 0.405972 -0.293337 0.099298
v 0.397277 -0.297528 0.125041
v 0.304586 -0.320471 0.269511
v 0.382214 -0.303124 0.159863
v 0.308823 -0.323606 0.261317
v 0.339198 -0.319497 0.223766
v 0.332676 -0.323746 0.229086
v 0.323897 -0.323557 0.241835
v 0.364941 -0.312783 0.185719
v 0.384215 -0.306021 0.150717
v 0.400848 -0.298872 0.110275
v 0.291476 -0.327842 0.277427
v 0.299938 -0.329253 0.266426
v 0.354113 -0.319216 0.198602
v 0.375702 -0.310574 0.165155
v 0.380053 -0.310628 0.154362
v 0.346642 -0.320417 0.210413
v 0.388642 -0.306216 0.138037
v 0.280766 -0.324438 0.291566
v 0.271520 -0.322969 0.301787
v 0.371482 -0.315046 0.168576
v 0.367164 -0.317205 0.175042
v 0.356534 -0.321748 0.190478
v 0.360849 -0.321743 0.181845
v 0.336888 -0.325771 0.220276
v 0.410364 -0.293528 0.078071
v 0.305685 -0.344682 0.243599
v 0.310556 -0.348978 0.232656
v 0.298436 -0.362970 0.233790
v 0.293873 -0.362664 0.239939
v 0.392942 -0.306179 0.124996
v 0.345507 -0.330095 0.200261
v 0.336981 -0.338031 0.205085
v 0.326440 -0.331491 0.229514
v 0.294079 -0.380191 0.220795
v 0.310486 -0.356609 0.224137
v 0.300419 -0.380026 0.212004
v 0.285672 -0.411093 0.197149
v 0.286192 -0.396539 0.213106
v 0.276505 -0.420832 0.198784
v 0.278210 -0.427357 0.188548
v 0.287373 -0.416540 0.187970
v 0.297481 -0.396008 0.197420
v 0.310854 -0.368858 0.209376
v 0.308726 -0.380690 0.198543
v 0.298234 -0.405907 0.183936
v 0.310894 -0.388255 0.185590
v 0.317530 -0.370043 0.197398
v 0.328136 -0.345351 0.210486
v 0.325414 -0.361891 0.194330
v 0.406008 -0.297751 0.090822
v 0.402963 -0.301169 0.097247
v 0.275295 -0.338657 0.283932
v 0.281778 -0.339738 0.276376
v 0.288186 -0.341284 0.267933
v 0.289789 -0.355366 0.252055
v 0.282611 -0.375352 0.240465
v 0.275846 -0.374297 0.249147
v 0.259015 -0.396839 0.246049
v 0.263362 -0.398487 0.239589
v 0.278769 -0.359591 0.260138
v 0.277042 -0.389054 0.233013
v 0.279204 -0.398722 0.219986
v 0.263487 -0.420758 0.215975
v 0.256732 -0.424758 0.219960
v 0.249096 -0.422550 0.231271
v 0.242874 -0.447429 0.212461
v 0.235311 -0.448679 0.220159
v 0.273036 -0.415163 0.209827
v 0.262845 -0.437958 0.197468
v 0.253332 -0.453792 0.191827
v 0.258944 -0.452884 0.185433
v 0.247914 -0.452636 0.200280
v 0.266177 -0.443769 0.186163
v 0.267925 -0.448962 0.177295
v 0.397627 -0.306841 0.107191
v 0.249140 -0.412927 0.240948
v 0.228327 -0.448184 0.228308
v 0.375236 -0.318488 0.154171
v 0.336678 -0.345855 0.195347
v 0.321479 -0.377957 0.180207
v 0.341986 -0.343473 0.188579
v 0.335845 -0.360846 0.176150
v 0.317391 -0.390438 0.170492
v 0.325230 -0.383682 0.164433
v 0.336727 -0.366551 0.165957
v 0.359639 -0.330166 0.171807
v 0.367312 -0.323892 0.164595
v 0.345455 -0.359582 0.157349
v 0.330448 -0.384099 0.152350
v 0.343369 -0.368960 0.146900
v 0.360270 -0.343551 0.148613
v 0.371340 -0.324658 0.153619
v 0.320710 -0.397022 0.153374
v 0.410546 -0.296125 0.070740
v 0.392991 -0.310594 0.116502
v 0.386428 -0.311543 0.135260
v 0.379737 -0.318771 0.141569
v 0.388812 -0.315142 0.121286
v 0.287095 -0.438915 0.158474
v 0.285214 -0.448993 0.147153
v 0.291348 -0.439899 0.148587
v 0.298021 -0.421027 0.163290
v 0.307035 -0.409610 0.162488
v 0.303361 -0.405706 0.175176
v 0.306732 -0.416398 0.152722
v 0.291602 -0.448869 0.133332
v 0.297976 -0.440103 0.133779
v 0.308370 -0.419738 0.143878
v 0.280812 -0.435887 0.173629
v 0.278593 -0.446653 0.163069
v 0.406473 -0.301601 0.079282
v 0.237839 -0.453398 0.211975
v 0.265719 -0.453210 0.175058
v 0.375515 -0.324330 0.143172
v 0.364409 -0.345034 0.134602
v 0.354126 -0.356091 0.142047
v 0.345451 -0.370989 0.138015
v 0.333322 -0.387545 0.139589
v 0.401561 -0.308320 0.086377
v 0.397370 -0.310700 0.099445
v 0.321145 -0.403483 0.141654
v 0.300299 -0.442486 0.124034
v 0.308413 -0.426022 0.133232
v 0.311029 -0.431608 0.116751
v 0.317325 -0.415537 0.129780
v 0.328515 -0.400739 0.127782
v 0.315440 -0.427424 0.112696
v 0.379963 -0.324522 0.129744
v 0.384707 -0.324090 0.115818
v 0.362781 -0.351706 0.126000
v 0.362216 -0.358031 0.114205
v 0.345983 -0.380404 0.117996
v 0.347900 -0.382206 0.107895
v 0.330747 -0.404872 0.113054
v 0.326128 -0.420794 0.092952
v 0.319721 -0.427371 0.099662
v 0.308776 -0.442270 0.101344
v 0.408196 -0.302187 0.067642
v 0.410227 -0.301860 0.054553
v 0.274530 -0.453411 0.160283
v 0.280952 -0.453331 0.148365
v 0.388935 -0.320303 0.109496
v 0.392534 -0.318508 0.099849
v 0.362834 -0.362520 0.101632
v 0.350011 -0.384300 0.095616
v 0.383943 -0.329943 0.104390
v 0.388603 -0.325622 0.097303
v 0.373820 -0.343207 0.108382
v 0.293625 -0.453031 0.120723
v 0.401838 -0.312036 0.073638
v 0.405647 -0.307891 0.064708
v 0.302154 -0.448553 0.107404
v 0.297877 -0.452945 0.109729
v 0.287034 -0.452892 0.136256
v 0.398183 -0.315749 0.081167
v 0.393093 -0.321562 0.088668
v 0.252668 -0.457434 0.187872
v 0.317619 -0.433930 0.091270
v 0.309014 -0.446914 0.089211
v 0.371150 -0.352235 0.095349
v 0.380802 -0.339195 0.091588
v 0.341771 -0.399137 0.088889
v 0.327043 -0.422705 0.084363
v 0.315430 -0.440363 0.082555
v 0.328330 -0.423018 0.078036
v 0.350119 -0.388779 0.083201
v 0.359754 -0.372908 0.086636
v 0.388436 -0.330762 0.082605
v 0.377007 -0.350130 0.074938
v 0.406909 -0.309006 0.050568
v 0.268014 -0.457659 0.164508
v 0.263354 -0.457329 0.172588
v 0.362833 -0.371152 0.077872
v 0.333291 -0.418283 0.069268
v 0.315383 -0.444612 0.069449
v 0.325540 -0.431499 0.062609
v 0.352285 -0.389872 0.069239
v 0.363033 -0.373322 0.069435
v 0.359829 -0.380629 0.060557
v 0.378274 -0.351678 0.061707
v 0.348480 -0.397383 0.062643
v 0.353122 -0.392817 0.052223
v 0.364102 -0.375827 0.052669
v 0.378286 -0.353324 0.054127
v 0.373371 -0.362119 0.048639
v 0.360345 -0.383375 0.043478
v 0.371426 -0.366767 0.039279
v 0.379383 -0.354422 0.037999
v 0.347169 -0.403551 0.042950
v 0.336663 -0.418250 0.048609
v 0.334370 -0.423425 0.039016
v 0.337591 -0.419635 0.032540
v 0.358205 -0.387942 0.034698
v 0.323671 -0.436706 0.051803
v 0.322926 -0.440238 0.038819
v 0.315350 -0.448882 0.052033
v 0.310848 -0.448631 0.077113
v 0.393579 -0.325815 0.072131
v 0.399369 -0.319403 0.061013
v 0.388677 -0.336518 0.060174
v 0.394843 -0.329532 0.047723
v 0.401861 -0.317364 0.051969
v 0.389516 -0.337784 0.047651
v 0.388933 -0.333680 0.069985
v 0.302429 -0.453235 0.095281
v 0.405458 -0.314067 0.036857
v 0.399578 -0.323231 0.040332
v 0.393203 -0.333914 0.036857
v 0.388750 -0.340947 0.034829
v 0.276148 -0.457175 0.150608
v 0.306680 -0.453153 0.079940
v 0.282568 -0.457113 0.137446
v 0.310864 -0.450850 0.069239
v 0.310923 -0.453060 0.060012
v 0.293428 -0.457165 0.111519
v 0.287229 -0.459618 0.120932
v 0.298023 -0.457453 0.097158
v 0.333822 -0.425864 0.026874
v 0.318783 -0.447600 0.030381
v 0.314953 -0.452678 0.032540
v 0.311251 -0.455646 0.043334
v -0.292962 -0.263213 0.310576
v -0.292844 -0.256737 0.310466
v -0.294515 -0.248102 0.307769
v -0.285419 -0.261055 0.317612
v -0.286726 -0.250261 0.315385
v -0.278201 -0.256737 0.323875
v -0.274336 -0.261055 0.327497
v -0.285390 -0.265372 0.317587
v -0.273396 -0.265372 0.328239
v -0.276339 -0.246009 0.324127
v -0.283670 -0.241098 0.316631
v -0.268605 -0.251712 0.331533
v -0.262950 -0.256737 0.336715
v -0.265500 -0.261055 0.334877
v -0.266901 -0.245943 0.332095
v -0.273195 -0.238387 0.325358
v -0.258696 -0.245524 0.338577
v -0.247777 -0.247666 0.347479
v -0.251393 -0.254578 0.345599
v -0.245291 -0.253594 0.350195
v -0.264008 -0.236619 0.332595
v -0.247410 -0.237308 0.345859
v -0.246155 -0.261055 0.350040
v -0.258193 -0.265372 0.340689
v -0.239507 -0.238745 0.352069
v -0.235997 -0.250697 0.356578
v -0.231134 -0.242422 0.358720
v -0.265566 -0.217323 0.326877
v -0.248944 -0.212077 0.339054
v -0.241660 -0.215600 0.345589
v -0.233355 -0.207886 0.350148
v -0.235089 -0.232990 0.354152
v -0.228791 -0.222677 0.356438
v -0.227906 -0.252419 0.362336
v -0.218075 -0.231357 0.365120
v -0.221273 -0.241373 0.364981
v -0.219934 -0.250012 0.367087
v -0.235212 -0.258896 0.357859
v -0.211153 -0.199427 0.363007
v -0.211068 -0.241685 0.371273
v -0.228341 -0.261055 0.362622
v -0.202937 -0.229260 0.373723
v -0.202228 -0.237332 0.375683
v -0.206410 -0.252419 0.375400
v -0.196559 -0.245943 0.380246
v -0.190984 -0.230832 0.380732
v -0.191333 -0.239935 0.382175
v -0.190740 -0.204168 0.375467
v -0.206701 -0.256737 0.375569
v -0.214849 -0.261055 0.370952
v -0.195122 -0.255023 0.381954
v -0.189254 -0.250579 0.384744
v -0.184555 -0.232995 0.384487
v -0.181706 -0.199612 0.379298
v -0.181061 -0.248584 0.388680
v -0.176130 -0.239467 0.389749
v -0.173830 -0.198563 0.382969
v -0.175875 -0.230497 0.388259
v -0.198699 -0.261055 0.380242
v -0.180506 -0.256737 0.389641
v -0.188326 -0.261055 0.385810
v -0.176292 -0.252682 0.391386
v -0.163966 -0.223377 0.392379
v -0.164224 -0.235172 0.394443
v -0.162804 -0.241725 0.396169
v -0.165518 -0.250261 0.396089
v -0.154681 -0.212467 0.394283
v -0.147386 -0.230684 0.400766
v -0.150156 -0.238387 0.400981
v -0.153718 -0.246464 0.400741
v -0.155284 -0.252419 0.400790
v -0.166927 -0.256990 0.396005
v -0.155482 -0.256737 0.401033
v -0.172706 -0.261055 0.393459
v -0.143070 -0.245943 0.404924
v -0.141890 -0.252847 0.406191
v -0.136878 -0.235734 0.405680
v -0.134456 -0.213576 0.402478
v -0.127210 -0.228673 0.407934
v -0.154754 -0.261055 0.401475
v -0.131746 -0.245627 0.409070
v -0.124906 -0.237627 0.410279
v -0.132598 -0.256737 0.409943
v -0.122893 -0.250261 0.412632
v -0.132800 -0.261055 0.410015
v -0.120513 -0.229076 0.410256
v -0.112550 -0.223564 0.411697
v -0.118575 -0.241626 0.412871
v -0.116438 -0.250208 0.414650
v -0.111059 -0.232923 0.413756
v -0.122255 -0.256737 0.413377
v -0.103464 -0.238387 0.416712
v -0.103436 -0.247081 0.417903
v -0.121799 -0.263213 0.413628
v -0.097588 -0.214271 0.414221
v -0.094828 -0.226514 0.417044
v -0.109940 -0.258896 0.417082
v -0.099462 -0.252419 0.419501
v -0.094200 -0.239917 0.419325
v -0.087329 -0.224850 0.418520
v -0.101426 -0.258896 0.419361
v -0.088536 -0.250261 0.421933
v -0.109940 -0.265372 0.417063
v -0.082668 -0.241920 0.422181
v -0.079717 -0.229213 0.420823
v -0.090511 -0.258896 0.422027
v -0.081346 -0.206000 0.416517
v -0.076967 -0.250349 0.424385
v -0.070002 -0.245943 0.425227
v -0.080065 -0.258896 0.424300
v -0.067844 -0.254578 0.426460
v -0.095024 -0.265372 0.420890
v -0.077558 -0.265372 0.424769
v -0.090511 -0.269690 0.421691
v 0.111093 -0.203183 0.408116
v 0.107305 -0.227930 0.413720
v 0.117381 -0.233768 0.411739
v 0.125891 -0.227085 0.407760
v 0.098572 -0.239156 0.417972
v 0.105938 -0.248102 0.417263
v 0.118311 -0.244447 0.413078
v 0.093923 -0.218073 0.415577
v 0.090786 -0.233049 0.418951
v 0.116661 -0.252641 0.414623
v 0.088668 -0.244864 0.421241
v 0.107262 -0.252419 0.417349
v 0.082192 -0.232451 0.420812
v 0.093525 -0.254578 0.421134
v 0.074448 -0.240493 0.423745
v 0.079391 -0.250325 0.424022
v 0.072705 -0.229498 0.422267
v 0.069239 -0.250261 0.426046
v 0.064921 -0.240546 0.425505
v 0.058445 -0.232990 0.425326
v 0.068314 -0.209898 0.419647
v 0.080956 -0.258896 0.424331
v 0.072477 -0.256737 0.425982
v 0.056462 -0.245760 0.427624
v 0.108132 -0.256737 0.417406
v 0.044316 -0.236876 0.427903
v 0.046572 -0.245943 0.428991
v 0.051759 -0.212814 0.422650
v 0.040615 -0.216697 0.424717
v 0.034698 -0.237308 0.429021
v 0.039016 -0.245943 0.429876
v 0.059703 -0.256737 0.428187
v 0.049270 -0.254578 0.429522
v 0.035778 -0.252419 0.430928
v 0.030817 -0.212981 0.424963
v 0.023948 -0.226957 0.428078
v 0.030381 -0.248102 0.430965
v 0.026063 -0.241086 0.430294
v 0.035778 -0.256737 0.431221
v 0.094065 -0.263213 0.421290
v 0.106878 -0.261055 0.417942
v 0.070318 -0.263213 0.426537
v 0.077874 -0.265372 0.425021
v 0.042254 -0.261055 0.430662
v 0.016734 -0.249712 0.431981
v 0.017428 -0.238387 0.430330
v 0.008793 -0.244638 0.431551
v 0.057366 -0.263213 0.428674
v 0.021217 -0.256188 0.432263
v 0.013111 -0.219854 0.427295
v 0.006634 -0.230292 0.429328
v -0.001461 -0.240844 0.431092
v 0.000698 -0.213862 0.426375
v -0.005239 -0.227593 0.428870
v 0.008793 -0.254578 0.432617
v 0.000158 -0.252419 0.432567
v 0.032201 -0.263213 0.431608
v 0.018508 -0.263213 0.432498
v 0.008793 -0.261055 0.432874
v 0.121392 -0.261055 0.413586
v 0.044413 -0.265372 0.430331
v -0.012556 -0.249550 0.432021
v -0.012795 -0.236229 0.430126
v -0.017112 -0.243784 0.431141
v -0.019271 -0.229213 0.428663
v -0.025637 -0.222017 0.426995
v -0.001461 -0.258896 0.432905
v -0.008477 -0.254578 0.432605
v -0.032495 -0.231787 0.428232
v -0.026827 -0.244864 0.430693
v 0.026061 -0.267528 0.431914
v -0.025542 -0.254853 0.431901
v -0.034383 -0.248102 0.430534
v -0.038359 -0.235473 0.428285
v -0.016033 -0.261055 0.432596
v -0.040333 -0.206268 0.422797
v -0.043065 -0.221048 0.425226
v 0.051969 -0.269690 0.429073
v 0.004475 -0.265372 0.432817
v -0.009557 -0.265372 0.432721
v 0.064639 -0.271353 0.427041
v 0.074636 -0.271848 0.425177
v -0.038700 -0.254578 0.430690
v -0.045100 -0.240610 0.428310
v -0.048415 -0.229213 0.426012
v -0.061395 -0.211902 0.421115
v -0.061637 -0.235689 0.425157
v -0.053921 -0.243267 0.427492
v 0.039016 -0.271848 0.430356
v -0.048415 -0.250261 0.429098
v -0.032500 -0.263213 0.431495
v -0.022626 -0.265552 0.432140
v 0.017788 -0.271969 0.431932
v -0.041938 -0.263213 0.430533
v 0.000698 -0.269690 0.432494
v 0.088740 -0.269690 0.422299
v 0.083238 -0.274549 0.423051
v 0.103180 -0.267531 0.418804
v -0.049494 -0.258896 0.429529
v -0.059631 -0.256737 0.427962
v -0.062523 -0.246408 0.426564
v -0.071374 -0.235947 0.423537
v -0.071445 -0.200958 0.417547
v -0.017039 -0.271821 0.431911
v -0.006318 -0.274568 0.431840
v -0.064630 -0.261055 0.427243
v -0.054891 -0.265372 0.428720
v -0.034383 -0.269690 0.430925
v -0.030065 -0.274007 0.430763
v 0.005015 -0.274124 0.431932
v 0.027143 -0.274007 0.431084
v 0.117233 -0.265372 0.414829
v 0.055304 -0.275161 0.427957
v -0.050573 -0.269690 0.429040
v 0.116336 -0.270471 0.414815
v 0.043334 -0.278325 0.428905
v -0.068383 -0.267531 0.426367
v 0.132449 -0.265372 0.409772
v 0.126256 -0.270110 0.411604
v 0.097534 -0.274359 0.419615
v 0.110507 -0.274007 0.416119
v 0.067080 -0.278325 0.425594
v 0.022825 -0.278325 0.430612
v 0.007174 -0.278325 0.431145
v -0.047801 -0.274469 0.428822
v -0.064677 -0.273518 0.426422
v -0.061367 -0.278325 0.426225
v -0.012795 -0.278325 0.430987
v 0.078886 -0.281490 0.422738
v 0.052844 -0.281431 0.427094
v 0.063842 -0.282642 0.425216
v 0.070882 -0.285167 0.423398
v 0.092030 -0.278952 0.420223
v -0.030065 -0.278325 0.430024
v -0.045868 -0.279441 0.428216
v 0.109328 -0.278577 0.415749
v -0.004160 -0.282642 0.430198
v 0.124576 -0.274007 0.411710
v 0.121595 -0.278872 0.411908
v 0.012031 -0.282642 0.430076
v -0.077554 -0.275000 0.423855
v 0.026063 -0.282642 0.429418
v -0.020351 -0.282642 0.429684
v 0.041216 -0.284801 0.427593
v 0.088864 -0.283887 0.419917
v 0.143146 -0.274007 0.404922
v 0.131844 -0.278325 0.408477
v 0.105940 -0.283186 0.415707
v -0.037231 -0.283940 0.428136
v 0.032540 -0.287223 0.427682
v -0.077584 -0.281026 0.422731
v -0.057050 -0.282642 0.425964
v -0.044427 -0.285516 0.426914
v 0.055207 -0.286960 0.425316
v 0.064909 -0.289112 0.423277
v 0.000698 -0.286960 0.428972
v -0.068067 -0.283858 0.423893
v -0.016033 -0.286960 0.428652
v -0.008477 -0.291020 0.427504
v 0.121469 -0.285269 0.410466
v 0.018270 -0.289590 0.427771
v 0.005555 -0.291132 0.427544
v 0.086549 -0.289145 0.418971
v 0.159886 -0.278215 0.397245
v 0.147045 -0.280128 0.402223
v 0.140479 -0.282642 0.404276
v 0.103800 -0.289134 0.414649
v 0.117263 -0.289600 0.410498
v 0.134984 -0.285809 0.405494
v 0.046935 -0.291930 0.424683
v 0.075715 -0.291277 0.420536
v 0.162810 -0.283401 0.394799
v 0.057733 -0.294256 0.422452
v 0.152848 -0.286402 0.398217
v 0.098962 -0.293086 0.414516
v 0.142391 -0.287856 0.402056
v 0.081755 -0.294207 0.418177
v 0.090829 -0.297755 0.414644
v 0.112727 -0.293671 0.410423
v 0.163817 -0.288553 0.392875
v 0.125679 -0.293699 0.406120
v 0.149375 -0.291022 0.398113
v 0.136533 -0.295992 0.401171
v 0.143251 -0.298261 0.397621
v 0.170156 -0.291810 0.388735
v 0.157514 -0.295353 0.392955
v 0.196607 -0.537484 -0.084035
v 0.192289 -0.537721 -0.092670
v 0.187972 -0.537747 -0.101305
v 0.067080 -0.532451 -0.183338
v 0.054127 -0.526599 -0.174675
v 0.068086 -0.534699 -0.188511
v 0.081300 -0.534980 -0.183190
v 0.000557 -0.483394 -0.000247
v 0.000158 -0.483697 -0.007398
v 0.008793 -0.484347 -0.009557
v 0.010952 -0.484134 -0.002001
v 0.006634 -0.483880 0.004475
v 0.004475 -0.484792 -0.017112
v 0.019587 -0.485826 -0.012795
v 0.021746 -0.485654 -0.004160
v 0.027143 -0.486645 -0.008477
v 0.016888 -0.486220 -0.020350
v 0.030359 -0.487730 -0.017069
v 0.024131 -0.487837 -0.026029
v 0.008793 -0.486220 -0.025747
v 0.015269 -0.487923 -0.033206
v 0.034159 -0.489722 -0.028986
v 0.035273 -0.488138 -0.010518
v 0.029702 -0.490424 -0.038018
v 0.044278 -0.493606 -0.043964
v 0.047651 -0.491968 -0.027367
v 0.063835 -0.496357 -0.038739
v 0.063316 -0.497523 -0.048374
v 0.055222 -0.492954 -0.022548
v 0.047651 -0.490642 -0.012795
v 0.073860 -0.497888 -0.034169
v 0.073606 -0.499561 -0.048975
v 0.095170 -0.504991 -0.056017
v 0.095895 -0.504203 -0.047972
v 0.091979 -0.502134 -0.036597
v 0.083271 -0.499184 -0.025747
v 0.064488 -0.494594 -0.019271
v 0.049810 -0.490687 -0.006318
v 0.084432 -0.498681 -0.012795
v 0.071398 -0.495314 -0.004160
v 0.033489 -0.487442 -0.000921
v 0.086531 -0.504992 -0.068950
v 0.111505 -0.509997 -0.065495
v 0.110823 -0.511695 -0.078632
v 0.098821 -0.509445 -0.081065
v 0.056950 -0.497435 -0.055022
v 0.081629 -0.505226 -0.075915
v 0.111847 -0.513752 -0.089812
v 0.097952 -0.510392 -0.087384
v 0.063373 -0.501504 -0.072269
v 0.043582 -0.496326 -0.060469
v 0.067032 -0.505544 -0.090200
v 0.051969 -0.500783 -0.077018
v 0.082325 -0.507777 -0.089171
v 0.094633 -0.512830 -0.103495
v 0.086749 -0.512383 -0.108571
v 0.080033 -0.511079 -0.107781
v 0.034280 -0.494087 -0.054760
v 0.024444 -0.492766 -0.053272
v 0.111041 -0.517051 -0.107467
v 0.119854 -0.517788 -0.101189
v 0.123710 -0.516453 -0.088950
v 0.126598 -0.515359 -0.077631
v 0.133929 -0.514979 -0.060435
v 0.139484 -0.517410 -0.068933
v 0.146211 -0.518141 -0.060848
v 0.112169 -0.508503 -0.051598
v 0.112414 -0.507469 -0.040859
v 0.101621 -0.504049 -0.032224
v 0.141538 -0.515562 -0.046796
v 0.139953 -0.518918 -0.078018
v 0.114573 -0.507475 -0.034383
v 0.144630 -0.515404 -0.034388
v 0.152013 -0.517840 -0.040646
v 0.151273 -0.520035 -0.064605
v 0.157749 -0.520123 -0.047335
v 0.149678 -0.520998 -0.073819
v 0.103240 -0.503535 -0.017112
v 0.117811 -0.507676 -0.024668
v 0.137169 -0.519497 -0.085510
v 0.127526 -0.519818 -0.101305
v 0.053048 -0.491161 0.000158
v 0.109589 -0.518759 -0.116835
v 0.090827 -0.515562 -0.119654
v 0.121050 -0.519931 -0.109940
v 0.112414 -0.520076 -0.119654
v 0.140049 -0.513710 -0.025208
v 0.151430 -0.516654 -0.023456
v 0.158156 -0.519195 -0.034383
v 0.087589 -0.499112 -0.004160
v 0.123208 -0.508203 0.000158
v 0.121050 -0.507846 -0.009557
v 0.139841 -0.512817 -0.002526
v 0.105938 -0.503755 -0.004160
v 0.153431 -0.516476 0.000158
v 0.049810 -0.490493 0.004475
v 0.035718 -0.487862 0.006122
v 0.159883 -0.522276 -0.060213
v 0.156218 -0.522421 -0.069856
v 0.162066 -0.519767 -0.022509
v 0.071398 -0.495228 0.004475
v 0.127316 -0.509351 0.007714
v 0.088668 -0.499377 0.006634
v 0.143996 -0.513845 0.006634
v 0.151273 -0.515903 0.021746
v 0.155804 -0.517095 0.006634
v 0.056335 -0.492028 0.011223
v 0.166800 -0.521741 -0.028952
v 0.167140 -0.522776 -0.040859
v 0.142315 -0.513587 0.020184
v 0.151273 -0.516152 0.033079
v 0.130597 -0.510826 0.027374
v 0.084350 -0.498922 0.020666
v 0.071706 -0.495612 0.014454
v 0.165305 -0.520551 -0.011446
v 0.164225 -0.519842 0.005555
v 0.025524 -0.486223 0.004475
v 0.013111 -0.484529 0.004475
v 0.157814 -0.517932 0.030381
v 0.162066 -0.519238 0.026063
v 0.147506 -0.522757 -0.086011
v 0.047651 -0.490513 0.015269
v 0.171846 -0.523587 -0.027350
v 0.170495 -0.522342 -0.005509
v 0.132005 -0.511744 0.038470
v 0.103936 -0.504462 0.031460
v 0.146955 -0.515747 0.044413
v 0.065461 -0.494604 0.021746
v 0.078414 -0.498499 0.033619
v 0.062763 -0.494540 0.028222
v 0.113565 -0.507831 0.044518
v 0.094879 -0.503297 0.043278
v 0.048750 -0.491328 0.022874
v 0.176905 -0.526693 -0.041814
v 0.179802 -0.527299 -0.034383
v 0.173327 -0.526830 -0.054964
v 0.157749 -0.524872 -0.079717
v 0.156647 -0.518285 0.042951
v 0.162066 -0.519725 0.039016
v 0.024984 -0.486569 0.013111
v 0.034870 -0.488574 0.019320
v 0.170603 -0.522301 0.012571
v 0.170344 -0.522413 0.027143
v 0.168196 -0.521760 0.033786
v 0.175019 -0.524157 -0.003080
v 0.130388 -0.522893 -0.111169
v 0.125155 -0.523353 -0.119407
v 0.118340 -0.523088 -0.125581
v 0.142141 -0.526749 -0.111399
v 0.150882 -0.526715 -0.098547
v 0.159429 -0.526762 -0.085402
v 0.167855 -0.526867 -0.069568
v 0.163188 -0.526140 -0.075663
v 0.180499 -0.527005 -0.023589
v 0.076838 -0.512385 -0.115978
v 0.082192 -0.515828 -0.127210
v 0.062077 -0.507793 -0.104188
v 0.046499 -0.500718 -0.080006
v 0.036988 -0.496340 -0.064666
v 0.064921 -0.511557 -0.119654
v 0.073556 -0.515551 -0.131528
v 0.100541 -0.519917 -0.129369
v 0.088238 -0.518311 -0.132810
v 0.113385 -0.523756 -0.132516
v 0.134178 -0.526526 -0.120946
v 0.128771 -0.526866 -0.128366
v 0.044393 -0.503794 -0.095169
v 0.033753 -0.501584 -0.089846
v 0.034698 -0.508187 -0.118575
v 0.043299 -0.508296 -0.115797
v 0.026474 -0.496179 -0.068343
v 0.046020 -0.512985 -0.134656
v 0.033619 -0.512378 -0.136385
v 0.041175 -0.514982 -0.144480
v 0.055746 -0.515385 -0.140163
v 0.062909 -0.516906 -0.142561
v 0.055746 -0.511157 -0.122629
v 0.074181 -0.518200 -0.141382
v 0.088668 -0.519833 -0.138004
v 0.075715 -0.520008 -0.146639
v 0.013111 -0.490440 -0.046796
v 0.120220 -0.527650 -0.139341
v 0.112576 -0.526544 -0.142436
v 0.091816 -0.522212 -0.143561
v 0.082303 -0.523089 -0.152265
v 0.008301 -0.487879 -0.035632
v 0.153431 -0.533214 -0.120734
v 0.139894 -0.530482 -0.127701
v 0.159960 -0.534138 -0.115395
v 0.152001 -0.534631 -0.127932
v 0.163146 -0.537233 -0.126131
v 0.167944 -0.535232 -0.108916
v 0.164458 -0.532625 -0.101305
v 0.173940 -0.537260 -0.113178
v 0.179337 -0.537449 -0.105622
v 0.172760 -0.534985 -0.098615
v 0.183654 -0.537688 -0.096987
v 0.187972 -0.537655 -0.088352
v 0.184929 -0.534855 -0.073860
v 0.191983 -0.536691 -0.072009
v 0.192289 -0.537595 -0.079717
v 0.196607 -0.537706 -0.073241
v 0.191413 -0.535171 -0.058611
v 0.196607 -0.537237 -0.064605
v 0.168543 -0.537959 -0.125051
v 0.153431 -0.537614 -0.140163
v 0.150193 -0.536842 -0.139083
v 0.144796 -0.537687 -0.148798
v 0.142707 -0.535189 -0.139213
v 0.196398 -0.536236 -0.049859
v 0.200925 -0.537611 -0.055970
v 0.196593 -0.535210 -0.025747
v 0.200925 -0.536301 -0.022509
v 0.132729 -0.535146 -0.148067
v 0.135196 -0.536239 -0.151103
v 0.140479 -0.537602 -0.153115
v 0.132923 -0.537157 -0.158512
v 0.121317 -0.535206 -0.158738
v 0.192984 -0.534935 -0.048124
v 0.196955 -0.535084 -0.012795
v 0.175019 -0.533375 -0.086193
v 0.179337 -0.533361 -0.077558
v 0.177439 -0.530793 -0.068746
v 0.182511 -0.531711 -0.061177
v 0.121050 -0.537300 -0.168227
v 0.107761 -0.534921 -0.168159
v 0.205242 -0.537517 -0.037081
v 0.209560 -0.537364 -0.015493
v 0.198084 -0.535449 -0.006318
v 0.209560 -0.536981 0.006634
v 0.195112 -0.534958 -0.034383
v 0.195598 -0.534823 0.003396
v 0.144796 -0.538061 -0.153115
v 0.137240 -0.537789 -0.160671
v 0.125367 -0.537706 -0.168227
v 0.177178 -0.537823 -0.116416
v 0.200925 -0.537742 -0.064605
v 0.183654 -0.537920 -0.103464
v 0.187972 -0.538032 -0.094828
v 0.116732 -0.537873 -0.176862
v 0.187972 -0.533340 -0.054891
v 0.185912 -0.530854 -0.042790
v 0.188018 -0.530900 -0.030065
v 0.105938 -0.537672 -0.179021
v 0.142637 -0.533453 -0.133686
v 0.133117 -0.530860 -0.136019
v 0.124540 -0.529779 -0.141468
v 0.097303 -0.537566 -0.183338
v 0.099462 -0.538001 -0.185497
v 0.088668 -0.537471 -0.187656
v 0.090827 -0.537905 -0.189815
v 0.094276 -0.535064 -0.176850
v 0.110256 -0.537970 -0.179021
v 0.066001 -0.519766 -0.150957
v 0.021746 -0.513314 -0.142678
v 0.028376 -0.515411 -0.149572
v 0.015809 -0.516014 -0.154195
v 0.014259 -0.498359 -0.081346
v 0.013111 -0.512393 -0.140163
v 0.024432 -0.508021 -0.120326
v 0.004475 -0.499399 -0.087273
v 0.004475 -0.494203 -0.065422
v 0.013111 -0.494363 -0.064605
v 0.006424 -0.490296 -0.047751
v 0.004475 -0.515435 -0.153115
v 0.023365 -0.502452 -0.096604
v 0.082192 -0.537660 -0.191974
v 0.125569 -0.534000 -0.151161
v 0.115107 -0.532455 -0.155809
v 0.111417 -0.529667 -0.151554
v 0.048220 -0.518171 -0.153223
v 0.056286 -0.520445 -0.157433
v 0.038260 -0.517219 -0.153479
v 0.029854 -0.517986 -0.158464
v 0.103779 -0.533298 -0.166068
v 0.092985 -0.533275 -0.172545
v 0.082192 -0.533599 -0.179021
v 0.095959 -0.526859 -0.154480
v 0.095950 -0.529950 -0.162656
v 0.073786 -0.523909 -0.159431
v 0.065020 -0.523188 -0.161669
v 0.157749 -0.537934 -0.140163
v 0.151273 -0.537936 -0.146639
v 0.016349 -0.518389 -0.162457
v 0.000158 -0.486052 -0.026827
v 0.039016 -0.519786 -0.161751
v 0.046180 -0.521440 -0.164116
v 0.084350 -0.528501 -0.166068
v -0.002001 -0.487970 -0.037444
v 0.000158 -0.490178 -0.047875
v -0.004160 -0.493342 -0.061952
v -0.004160 -0.512186 -0.140163
v -0.002001 -0.499588 -0.088352
v 0.073465 -0.530376 -0.175821
v 0.205242 -0.537798 -0.051653
v 0.067034 -0.526932 -0.170576
v 0.047651 -0.523970 -0.170386
v -0.004160 -0.484712 -0.017112
v 0.108097 -0.537837 -0.183338
v 0.196643 -0.535887 0.029887
v 0.194443 -0.535223 0.025962
v 0.194196 -0.535353 0.039016
v 0.200925 -0.536020 0.002317
v 0.200925 -0.537074 0.044413
v 0.209560 -0.537055 0.030381
v 0.200925 -0.537526 0.059524
v 0.205242 -0.537235 0.044413
v 0.196607 -0.536795 0.053048
v 0.193110 -0.535691 0.052018
v 0.192289 -0.532868 -0.004160
v 0.192289 -0.533263 0.009333
v 0.192289 -0.536714 0.070318
v 0.196607 -0.537377 0.064921
v 0.196607 -0.537490 0.073556
v 0.182263 -0.527504 -0.009017
v 0.188327 -0.530735 -0.021430
v 0.192289 -0.537269 0.080033
v 0.184789 -0.535442 0.080303
v 0.177441 -0.525263 0.007714
v 0.082192 -0.537834 -0.196291
v 0.019047 -0.486063 0.016349
v 0.008793 -0.484682 0.013111
v 0.188736 -0.534873 0.062167
v 0.187022 -0.535211 0.071790
v 0.167211 -0.522013 0.043611
v 0.030528 -0.488233 0.022903
v 0.123916 -0.511242 0.053887
v 0.095279 -0.504356 0.051891
v 0.077049 -0.499267 0.043538
v 0.067364 -0.497350 0.044151
v 0.055878 -0.493938 0.034698
v 0.112326 -0.510537 0.070167
v 0.090716 -0.505019 0.064758
v 0.102691 -0.509653 0.078964
v 0.114573 -0.512116 0.077874
v 0.142637 -0.515844 0.055207
v 0.131304 -0.515717 0.075176
v 0.124288 -0.515687 0.086509
v 0.045530 -0.491826 0.032553
v 0.209560 -0.537644 -0.034383
v 0.150785 -0.517657 0.052672
v 0.157749 -0.519626 0.051969
v 0.177122 -0.525694 0.033079
v 0.180237 -0.526666 0.014190
v 0.071398 -0.537601 -0.196291
v 0.073556 -0.536639 -0.191974
v 0.067080 -0.537185 -0.196291
v 0.064921 -0.537844 -0.200609
v 0.056286 -0.537324 -0.200609
v 0.060604 -0.537762 -0.204926
v 0.050074 -0.535129 -0.195354
v 0.053619 -0.533260 -0.189812
v 0.036857 -0.532450 -0.191974
v 0.050889 -0.537726 -0.204926
v 0.039016 -0.537166 -0.204926
v 0.037269 -0.534842 -0.197471
v 0.046572 -0.537657 -0.209244
v 0.146955 -0.537785 -0.155274
v 0.021746 -0.519883 -0.166068
v 0.196607 -0.537273 0.084350
v 0.012423 -0.535418 -0.203207
v 0.020666 -0.537549 -0.209244
v 0.034698 -0.537795 -0.209244
v 0.213877 -0.537128 0.003396
v 0.213877 -0.536933 0.026063
v 0.200925 -0.537401 0.069239
v 0.164153 -0.521426 0.048730
v 0.176925 -0.525994 0.040095
v 0.006634 -0.518747 -0.164556
v 0.034467 -0.522387 -0.170003
v 0.183654 -0.537496 -0.109940
v -0.008477 -0.486097 -0.025747
v -0.008477 -0.490649 -0.049494
v -0.008477 -0.488459 -0.039049
v 0.187920 -0.530347 -0.003620
v 0.209560 -0.537501 -0.045176
v 0.157749 -0.537621 -0.144480
v -0.006318 -0.483766 -0.006318
v 0.075715 -0.537607 -0.200609
v -0.008477 -0.516073 -0.155274
v -0.008477 -0.499685 -0.088352
v -0.016033 -0.512366 -0.140163
v -0.019271 -0.507676 -0.120734
v -0.033570 -0.508370 -0.121045
v -0.030224 -0.513040 -0.140664
v -0.027365 -0.504841 -0.107196
v -0.017132 -0.500113 -0.088873
v -0.012795 -0.494100 -0.064066
v -0.038700 -0.511759 -0.133686
v -0.021430 -0.515087 -0.150153
v -0.002001 -0.518691 -0.164561
v 0.008793 -0.537237 -0.209244
v -0.001461 -0.534778 -0.202086
v 0.013111 -0.537528 -0.213561
v -0.010636 -0.537486 -0.213561
v -0.008477 -0.537187 -0.209244
v -0.025747 -0.537449 -0.209244
v -0.021382 -0.536161 -0.204824
v 0.012031 -0.522269 -0.173619
v 0.003396 -0.521569 -0.172426
v -0.004160 -0.521582 -0.172403
v 0.026307 -0.523334 -0.174077
v 0.044700 -0.526044 -0.176237
v 0.026063 -0.537521 -0.213561
v 0.034347 -0.526359 -0.179525
v -0.014112 -0.487994 -0.034828
v 0.017428 -0.534596 -0.200243
v 0.014730 -0.532505 -0.195521
v 0.000158 -0.532486 -0.196291
v -0.014954 -0.490517 -0.047335
v -0.021430 -0.494271 -0.062447
v -0.029525 -0.501606 -0.092368
v -0.044569 -0.508170 -0.116789
v -0.050568 -0.513731 -0.137613
v -0.056883 -0.512821 -0.131454
v -0.056441 -0.509262 -0.116650
v -0.035060 -0.498288 -0.075325
v -0.050505 -0.504526 -0.097456
v -0.013334 -0.518865 -0.164372
v -0.024161 -0.517540 -0.158579
v -0.045176 -0.537303 -0.204926
v -0.038700 -0.537680 -0.209244
v -0.049494 -0.537364 -0.209244
v 0.002317 -0.484026 0.009872
v -0.013874 -0.485895 -0.021430
v -0.013874 -0.485019 -0.012795
v -0.033303 -0.537187 -0.213561
v 0.013111 -0.486087 0.022825
v 0.023898 -0.488014 0.028226
v 0.023904 -0.530529 -0.190177
v 0.020855 -0.525916 -0.180866
v 0.205242 -0.537481 -0.060288
v -0.051653 -0.537431 -0.204926
v -0.058129 -0.536926 -0.200609
v -0.062447 -0.537143 -0.204926
v -0.066764 -0.537193 -0.200609
v -0.064605 -0.536390 -0.196291
v -0.075399 -0.536875 -0.200609
v -0.071082 -0.536875 -0.196291
v -0.022151 -0.534843 -0.200789
v -0.079717 -0.536722 -0.191974
v -0.081876 -0.536987 -0.196291
v -0.041399 -0.514961 -0.145169
v -0.034383 -0.518724 -0.160189
v -0.086193 -0.537024 -0.191974
v -0.090511 -0.536808 -0.187656
v -0.094828 -0.537013 -0.189815
v -0.101305 -0.536792 -0.181180
v -0.021430 -0.490404 -0.044097
v -0.045669 -0.534956 -0.197032
v -0.020956 -0.487780 -0.029697
v -0.025747 -0.489877 -0.038700
v -0.038664 -0.496366 -0.064586
v -0.050827 -0.501098 -0.080507
v -0.064622 -0.505930 -0.095945
v -0.065620 -0.509472 -0.112434
v -0.033274 -0.493214 -0.051664
v -0.104543 -0.537135 -0.182259
v -0.114257 -0.537025 -0.174703
v -0.116416 -0.537121 -0.179021
v -0.025747 -0.520051 -0.166068
v -0.017151 -0.522009 -0.172406
v -0.004231 -0.483573 0.002212
v 0.209560 -0.537081 0.042254
v 0.209560 -0.537004 0.049810
v 0.213877 -0.536436 0.040635
v 0.034698 -0.537319 -0.213561
v 0.205242 -0.537351 0.058445
v 0.207401 -0.536732 0.062763
v -0.099146 -0.536798 -0.189815
v -0.112099 -0.536864 -0.183338
v -0.085114 -0.536487 -0.198450
v 0.172860 -0.537814 -0.125051
v -0.016033 -0.532722 -0.196291
v -0.072363 -0.535058 -0.188316
v 0.213877 -0.537141 -0.013874
v 0.213877 -0.537008 -0.025747
v -0.010636 -0.483981 -0.002001
v -0.048649 -0.518213 -0.154145
v 0.003936 -0.524891 -0.180157
v -0.010636 -0.526016 -0.182402
v -0.089672 -0.535292 -0.181563
v -0.110225 -0.535012 -0.168600
v -0.100905 -0.535196 -0.174767
v -0.059270 -0.534917 -0.192996
v -0.060891 -0.516823 -0.144670
v 0.129145 -0.537486 -0.170925
v -0.118575 -0.537271 -0.174703
v -0.120734 -0.536826 -0.168227
v -0.129369 -0.536535 -0.159592
v -0.133686 -0.537338 -0.163909
v -0.135845 -0.536988 -0.157433
v -0.140163 -0.537051 -0.161751
v -0.148798 -0.537444 -0.148798
v -0.150957 -0.537323 -0.150957
v -0.166608 -0.537058 -0.135306
v -0.143401 -0.536985 -0.149877
v -0.155274 -0.537135 -0.138004
v -0.167148 -0.537419 -0.130448
v -0.164989 -0.537300 -0.128290
v -0.178481 -0.536921 -0.120194
v -0.068524 -0.513684 -0.129146
v -0.070688 -0.516886 -0.140240
v 0.192289 -0.537635 0.090827
v 0.187972 -0.537421 0.088668
v 0.187972 -0.537724 0.095144
v 0.183654 -0.537361 0.099462
v 0.187972 -0.537495 0.103779
v 0.181495 -0.537466 0.112414
v 0.178257 -0.536801 0.104859
v 0.176099 -0.537225 0.113494
v 0.172860 -0.537414 0.121050
v 0.192289 -0.537057 0.099462
v 0.168543 -0.536667 0.118891
v 0.159908 -0.537331 0.138320
v 0.157749 -0.536699 0.134002
v 0.172860 -0.537392 0.125367
v 0.168543 -0.537174 0.134002
v 0.146955 -0.537648 0.155590
v 0.144796 -0.537584 0.153431
v 0.131844 -0.537139 0.170702
v 0.131844 -0.537418 0.166384
v 0.127526 -0.537138 0.166384
v 0.183654 -0.537014 0.114573
v -0.176862 -0.537391 -0.116416
v -0.176862 -0.537194 -0.112099
v -0.187656 -0.536957 -0.105622
v 0.177178 -0.536822 0.125367
v 0.145876 -0.536848 0.148034
v 0.134002 -0.536928 0.159908
v -0.004160 -0.484338 0.013111
v -0.183338 -0.537331 -0.105622
v -0.183338 -0.536990 -0.101305
v 0.125367 -0.537506 0.172860
v 0.121050 -0.537241 0.179337
v 0.114573 -0.537742 0.179337
v 0.114573 -0.537271 0.183654
v 0.108097 -0.537514 0.185813
v 0.110256 -0.537472 0.179337
v 0.103779 -0.537576 0.185813
v 0.100467 -0.536358 0.194452
v 0.101621 -0.537186 0.183654
v 0.095144 -0.537388 0.190131
v 0.095144 -0.536965 0.194448
v 0.086509 -0.537216 0.196607
v 0.086509 -0.537286 0.192289
v 0.077874 -0.537294 0.196607
v 0.077874 -0.536676 0.203083
v 0.069239 -0.537202 0.203083
v 0.069239 -0.536886 0.196607
v 0.090827 -0.537002 0.187972
v 0.060604 -0.536750 0.209560
v 0.056286 -0.537350 0.205242
v 0.064921 -0.537273 0.200925
v 0.051969 -0.537128 0.209560
v 0.047651 -0.537179 0.205242
v 0.039016 -0.537217 0.209560
v 0.050889 -0.536321 0.213877
v 0.032540 -0.536843 0.213877
v 0.021746 -0.537132 0.209560
v 0.006634 -0.537213 0.213877
v -0.002541 -0.536942 0.209560
v -0.011715 -0.537133 0.213877
v -0.004160 -0.536569 0.218195
v 0.002317 -0.536592 0.218195
v -0.021430 -0.537030 0.209560
v -0.026287 -0.536726 0.213877
v -0.034383 -0.536973 0.209560
v -0.048415 -0.536634 0.209560
v -0.040859 -0.536730 0.205242
v -0.052732 -0.536922 0.205242
v -0.060288 -0.536086 0.209560
v -0.065685 -0.536624 0.205242
v -0.064605 -0.536864 0.200925
v -0.073241 -0.536841 0.200925
v 0.056286 -0.536945 0.200925
v 0.037937 -0.536749 0.205242
v 0.004475 -0.485236 0.020666
v -0.004160 -0.485184 0.020666
v -0.055970 -0.536613 0.200925
v 0.101621 -0.537764 -0.187656
v 0.090827 -0.537542 -0.194132
v -0.122893 -0.536492 -0.179021
v -0.076875 -0.535496 0.206679
v 0.056286 -0.537173 -0.209244
v 0.200925 -0.537358 -0.073241
v -0.033303 -0.536493 0.205242
v -0.012795 -0.484275 0.002317
v -0.012795 -0.484944 0.013111
v -0.153115 -0.536801 -0.153115
v 0.067080 -0.537356 -0.204926
v -0.187656 -0.537262 -0.101305
v -0.189815 -0.537190 -0.094828
v -0.191974 -0.536983 -0.096987
v -0.196291 -0.536684 -0.090511
v -0.191974 -0.537103 -0.088352
v -0.196291 -0.537095 -0.084035
v -0.196291 -0.536943 -0.077558
v -0.200609 -0.536787 -0.077558
v -0.200609 -0.536904 -0.071082
v -0.204926 -0.536646 -0.064605
v -0.200609 -0.536423 -0.058669
v -0.204926 -0.536662 -0.053812
v -0.209244 -0.536624 -0.053812
v -0.204926 -0.536535 -0.034383
v -0.209244 -0.536944 -0.032224
v -0.213561 -0.536260 -0.043018
v -0.213561 -0.536701 -0.024668
v -0.209244 -0.536779 -0.023589
v -0.213561 -0.536590 -0.009557
v -0.209244 -0.535968 0.004475
v -0.217879 -0.535969 -0.009557
v -0.213561 -0.536351 0.002317
v -0.217966 -0.535809 0.018612
v -0.196216 -0.536056 -0.064618
v -0.213561 -0.536607 0.021746
v -0.209244 -0.536626 0.026063
v -0.213561 -0.536747 0.032540
v -0.209244 -0.537022 0.039016
v -0.209244 -0.536839 0.049810
v -0.204926 -0.536643 0.042254
v -0.204926 -0.536881 0.056286
v -0.209244 -0.536352 0.059524
v -0.204926 -0.536600 0.067080
v -0.200609 -0.536641 0.062763
v -0.200609 -0.536629 0.073556
v -0.200609 -0.536356 0.084350
v -0.196291 -0.536727 0.082192
v -0.196291 -0.536674 0.090827
v -0.191974 -0.536739 0.088668
v -0.191974 -0.536928 0.092985
v -0.191974 -0.536682 0.099462
v -0.185497 -0.536691 0.099462
v -0.185497 -0.536955 0.103779
v -0.185497 -0.536826 0.108097
v -0.179021 -0.536901 0.110256
v -0.179021 -0.537044 0.114573
v -0.174703 -0.536827 0.114573
v -0.179021 -0.536759 0.118891
v -0.196291 -0.536315 0.073556
v -0.174703 -0.537145 0.118891
v -0.161751 -0.537338 0.136161
v -0.163909 -0.537034 0.138320
v -0.172545 -0.536746 0.129685
v -0.163909 -0.537112 0.129685
v -0.157433 -0.537026 0.136161
v -0.157433 -0.537261 0.140479
v -0.157433 -0.536911 0.144796
v -0.150957 -0.536804 0.142637
v 0.164225 -0.537516 -0.138004
v 0.172860 -0.537235 -0.129369
v -0.068923 -0.536333 0.196607
v -0.079717 -0.536575 0.194448
v -0.081876 -0.536839 0.196607
v -0.090511 -0.536740 0.192289
v -0.090511 -0.536622 0.196607
v -0.101305 -0.536615 0.192289
v -0.096987 -0.536626 0.187972
v -0.105622 -0.536961 0.187972
v -0.104543 -0.536692 0.182575
v -0.081876 -0.536448 0.200925
v -0.112099 -0.537187 0.181495
v -0.112099 -0.536842 0.185813
v -0.123972 -0.537197 0.173940
v -0.127210 -0.536958 0.166384
v -0.116416 -0.536689 0.172860
v -0.131528 -0.536956 0.170702
v -0.120734 -0.536603 0.181495
v -0.131528 -0.537229 0.166384
v -0.138004 -0.537103 0.164225
v -0.146639 -0.536874 0.151273
v -0.153115 -0.536788 0.149114
v -0.142322 -0.536456 0.151273
v -0.018192 -0.485004 -0.004160
v -0.197441 -0.535486 -0.048415
v -0.168227 -0.536601 0.121050
v -0.012795 -0.485932 0.022825
v 0.000158 -0.486071 0.027143
v -0.023589 -0.485892 0.006634
v -0.032048 -0.487094 0.000158
v -0.021430 -0.486242 0.016888
v 0.077874 -0.536716 0.192289
v -0.187656 -0.536765 -0.092670
v -0.008477 -0.486412 0.028222
v 0.118891 -0.537435 -0.179021
v 0.008793 -0.486516 0.028222
v -0.021297 -0.487741 0.030278
v -0.029194 -0.488212 0.025705
v -0.014910 -0.487863 0.034897
v -0.024668 -0.486154 -0.008477
v -0.142322 -0.536587 0.164225
v -0.153115 -0.537076 0.144796
v 0.179337 -0.537385 -0.118575
v 0.005245 -0.487638 0.035759
v 0.209560 -0.537153 -0.051653
v 0.187972 -0.536724 0.110256
v -0.034295 -0.487993 0.014952
v -0.041938 -0.489830 0.021746
v -0.051653 -0.490584 0.002317
v -0.049494 -0.490355 -0.006318
v -0.034171 -0.487762 -0.009529
v -0.028360 -0.487802 -0.021796
v -0.030564 -0.487576 -0.015606
v -0.045176 -0.490229 -0.017112
v -0.039503 -0.488442 0.006634
v -0.048415 -0.490330 0.013111
v 0.015470 -0.487931 0.033902
v -0.002001 -0.487920 0.037951
v -0.008477 -0.488542 0.040446
v -0.043018 -0.536753 -0.213561
v 0.024444 -0.489920 0.040095
v 0.035168 -0.490917 0.037854
v 0.045213 -0.493091 0.041938
v 0.060228 -0.496427 0.047218
v 0.150193 -0.537089 0.156669
v -0.217431 -0.535788 0.030381
v -0.194672 -0.535741 0.066001
v -0.198700 -0.535507 0.045009
v -0.188612 -0.535036 0.075085
v -0.201891 -0.534870 0.019714
v -0.205255 -0.535145 0.003396
v -0.183994 -0.535074 0.086561
v 0.080033 -0.536041 0.188295
v 0.144796 -0.537083 -0.161751
v 0.013111 -0.489876 0.045492
v 0.021746 -0.490826 0.046572
v 0.204931 -0.536013 0.078953
v -0.155297 -0.535226 0.159930
v -0.165033 -0.535141 0.149692
v 0.168543 -0.536641 0.138320
v -0.055792 -0.492164 0.018987
v -0.056573 -0.493267 0.029259
v -0.044515 -0.491407 0.032368
v -0.059209 -0.494904 0.039016
v -0.055938 -0.535665 0.197183
v -0.032224 -0.489821 0.034698
v -0.043048 -0.492039 0.039049
v -0.060612 -0.492566 0.008793
v -0.204484 -0.535064 -0.007398
v -0.205848 -0.535473 0.079580
v -0.033843 -0.489986 -0.032224
v 0.043334 -0.536900 -0.213561
v -0.208795 -0.535604 -0.068771
v -0.047624 -0.491560 -0.026327
v -0.028441 -0.535187 0.220212
v -0.040319 -0.535775 0.215504
v 0.002856 -0.490038 0.048191
v -0.202544 -0.536009 -0.081876
v -0.023589 -0.490175 0.043334
v -0.033951 -0.492098 0.047351
v -0.043018 -0.494216 0.051969
v -0.093510 -0.535073 0.181002
v -0.017112 -0.490633 0.048730
v -0.192208 -0.535154 -0.065861
v 0.218195 -0.536114 0.019047
v -0.063280 -0.495918 -0.039445
v -0.047527 -0.493273 -0.039981
v -0.005239 -0.536601 -0.217879
v -0.213184 -0.535802 -0.053812
v -0.068383 -0.494667 -0.014954
v -0.063553 -0.494301 -0.023717
v -0.065276 -0.495362 -0.031401
v -0.008477 -0.490429 0.049810
v -0.073045 -0.500713 -0.060067
v -0.062740 -0.499055 -0.060582
v -0.075399 -0.498978 -0.045176
v -0.089546 -0.504586 -0.064696
v -0.041359 -0.493680 -0.048364
v -0.080796 -0.499303 -0.038700
v -0.177658 -0.535048 0.098258
v 0.082192 -0.537006 -0.200609
v -0.073241 -0.495276 -0.006318
v -0.071082 -0.494668 0.000158
v -0.073241 -0.495244 0.006634
v 0.034694 -0.493590 0.053617
v 0.039307 -0.496323 0.065108
v 0.042186 -0.494676 0.054048
v 0.055798 -0.500194 0.073066
v 0.059012 -0.505347 0.096655
v 0.070018 -0.506671 0.095503
v 0.082260 -0.513622 0.121096
v 0.087881 -0.513022 0.113803
v 0.095144 -0.515670 0.120510
v 0.097327 -0.514030 0.110299
v 0.089747 -0.515761 0.125367
v 0.090998 -0.509282 0.091003
v 0.080033 -0.507257 0.090287
v 0.071398 -0.503445 0.077334
v 0.064336 -0.499962 0.064349
v 0.055042 -0.497303 0.057746
v 0.032748 -0.495670 0.065381
v 0.077874 -0.502201 0.062763
v 0.087217 -0.506121 0.076425
v 0.096038 -0.509624 0.087408
v 0.109873 -0.513709 0.094705
v 0.116192 -0.515711 0.097843
v 0.104319 -0.516040 0.113224
v -0.175383 -0.535132 0.137401
v -0.183449 -0.535031 0.125864
v -0.191445 -0.535120 0.111742
v -0.066764 -0.494648 0.021746
v -0.088352 -0.499125 0.015269
v -0.084035 -0.499078 0.029301
v -0.103464 -0.503476 0.028222
v -0.104500 -0.504367 0.036754
v -0.128603 -0.509833 0.032112
v -0.128191 -0.510424 0.041764
v -0.149877 -0.515844 0.043334
v -0.150536 -0.515423 0.035778
v -0.142371 -0.514362 0.047522
v -0.058647 -0.500074 -0.069735
v -0.072581 -0.505097 -0.085631
v -0.077466 -0.509329 -0.103391
v -0.079167 -0.513712 -0.122527
v -0.091141 -0.515196 -0.120306
v -0.082073 -0.509279 -0.099319
v -0.100914 -0.515184 -0.111714
v -0.103562 -0.517682 -0.121119
v -0.094859 -0.517943 -0.129391
v -0.091506 -0.509115 -0.089347
v -0.081430 -0.505074 -0.077103
v -0.105325 -0.511319 -0.086691
v -0.113718 -0.515924 -0.102384
v -0.107358 -0.509401 -0.072670
v -0.115286 -0.518204 -0.112026
v 0.213877 -0.536616 -0.037621
v -0.108237 -0.535496 0.193583
v -0.134265 -0.535667 -0.151527
v -0.146945 -0.535527 -0.138298
v -0.156444 -0.536129 -0.131097
v -0.140571 -0.535351 -0.143815
v -0.084035 -0.499315 -0.032224
v 0.075993 -0.535073 0.211186
v 0.013433 -0.494947 0.068483
v 0.006634 -0.493879 0.065022
v 0.175754 -0.534995 0.094385
v -0.108655 -0.535089 -0.193578
v -0.096329 -0.535031 -0.199824
v -0.086193 -0.498964 -0.021430
v -0.134349 -0.510587 -0.021623
v -0.153115 -0.515048 -0.016033
v -0.153115 -0.515575 -0.025747
v -0.121178 -0.506991 -0.012795
v -0.153115 -0.514795 -0.006318
v -0.123110 -0.507275 -0.004160
v -0.090511 -0.499201 -0.004160
v -0.091573 -0.499840 -0.014860
v -0.096797 -0.501800 -0.027155
v -0.126302 -0.509163 -0.030652
v -0.106664 -0.504770 -0.035367
v -0.140593 -0.513672 -0.041643
v -0.125140 -0.510340 -0.047379
v -0.110989 -0.506730 -0.045176
v -0.112943 -0.508677 -0.058755
v -0.112917 -0.509830 -0.067506
v -0.090511 -0.499165 0.002317
v -0.137935 -0.511324 0.015045
v -0.104543 -0.503135 0.017428
v -0.153115 -0.515372 0.021746
v -0.153115 -0.514813 0.003396
v -0.110480 -0.504267 0.008793
v -0.217010 -0.535620 -0.035462
v -0.220040 -0.535221 -0.021457
v -0.214075 -0.535351 0.055917
v 0.000158 -0.494793 0.069239
v -0.008477 -0.494853 0.069239
v -0.019271 -0.494767 0.067080
v -0.075995 -0.498295 0.038987
v -0.096989 -0.503421 0.044413
v -0.120365 -0.509176 0.048055
v -0.108860 -0.507240 0.054667
v -0.122893 -0.511479 0.062763
v -0.142029 -0.515471 0.057590
v -0.138004 -0.516086 0.070318
v -0.123033 -0.512981 0.073416
v -0.105622 -0.507841 0.064921
v -0.085229 -0.501767 0.051293
v -0.065589 -0.497752 0.050256
v -0.078238 -0.502281 0.063979
v -0.101305 -0.507556 0.069239
v -0.096356 -0.508085 0.078601
v -0.138077 -0.517928 0.082310
v -0.126131 -0.515678 0.086509
v -0.100973 -0.535643 0.196665
v -0.094579 -0.535354 0.200330
v -0.153038 -0.535208 -0.161692
v -0.138514 -0.535023 -0.173801
v -0.129105 -0.535176 -0.180947
v -0.118253 -0.534932 -0.188781
v -0.025747 -0.494310 0.062763
v -0.034383 -0.495169 0.062763
v -0.122643 -0.535192 -0.159645
v 0.136161 -0.536500 0.170702
v -0.008477 -0.535133 -0.223974
v 0.034732 -0.500461 0.086522
v 0.026063 -0.503341 0.101621
v 0.024444 -0.497433 0.076125
v 0.034740 -0.507890 0.118902
v 0.026063 -0.508439 0.123359
v 0.033825 -0.513821 0.143611
v 0.023904 -0.513098 0.143009
v 0.061664 -0.535165 0.215851
v -0.192584 -0.535042 0.062415
v 0.018508 -0.505454 0.111988
v 0.016195 -0.512408 0.141499
v 0.017428 -0.516023 0.155590
v 0.003396 -0.514525 0.151504
v 0.008793 -0.507840 0.123208
v 0.010412 -0.499351 0.087331
v -0.004160 -0.503000 0.102998
v -0.009616 -0.513040 0.144791
v -0.021430 -0.507180 0.118891
v -0.013874 -0.504533 0.108787
v -0.021700 -0.514566 0.149014
v -0.004160 -0.515028 0.153431
v -0.034239 -0.513641 0.142601
v -0.031144 -0.507562 0.118351
v -0.002001 -0.507755 0.123208
v 0.090363 -0.534993 0.204492
v -0.133721 -0.534883 0.179141
v -0.147128 -0.535106 0.167463
v 0.218237 -0.536105 -0.004751
v -0.163741 -0.535186 -0.150752
v -0.173591 -0.535077 -0.139080
v -0.180572 -0.535071 -0.130323
v -0.196859 -0.535370 0.101067
v -0.202400 -0.535110 0.091809
v -0.082447 -0.535021 -0.206277
v -0.069761 -0.535111 -0.210970
v 0.042254 -0.500261 0.082217
v 0.043334 -0.503641 0.097303
v 0.041175 -0.507363 0.114573
v 0.054654 -0.507702 0.110034
v 0.070401 -0.513164 0.125909
v 0.082192 -0.515576 0.129685
v 0.054127 -0.511650 0.127526
v 0.044089 -0.512997 0.136990
v 0.069239 -0.516323 0.139399
v 0.049270 -0.515176 0.143717
v -0.081838 -0.517955 -0.137982
v -0.187772 -0.535233 -0.080772
v 0.043702 -0.535014 0.219722
v 0.025524 -0.535014 0.221919
v -0.012360 -0.535343 0.203725
v -0.096487 -0.513724 0.109774
v -0.095137 -0.510036 0.091138
v -0.083910 -0.510271 0.103119
v -0.092300 -0.514490 0.117501
v -0.079717 -0.511840 0.114573
v -0.088352 -0.515947 0.127526
v -0.055970 -0.507788 0.110256
v -0.065935 -0.507302 0.101795
v -0.051706 -0.502474 0.087348
v -0.064248 -0.510609 0.118550
v -0.077558 -0.515303 0.131844
v -0.046565 -0.502834 0.091841
v -0.044911 -0.496807 0.064127
v -0.054858 -0.500462 0.075423
v -0.068403 -0.504084 0.083553
v -0.079717 -0.505387 0.080572
v -0.062447 -0.499230 0.062763
v -0.043018 -0.507514 0.114573
v -0.031150 -0.499309 0.082581
v -0.055885 -0.512372 0.130189
v -0.068923 -0.515819 0.138320
v -0.043996 -0.512773 0.136183
v -0.113763 -0.513567 0.090053
v -0.111796 -0.514929 0.099933
v -0.107781 -0.516475 0.112414
v -0.098805 -0.517365 0.125055
v 0.117927 -0.535023 0.162985
v 0.101621 -0.534955 0.173924
v 0.093928 -0.535044 0.177949
v 0.153465 -0.535366 0.130746
v -0.032765 -0.535230 0.200732
v 0.022666 -0.536099 0.205034
v 0.002317 -0.535196 0.203934
v -0.076787 -0.535046 0.188716
v 0.042544 -0.535596 0.199504
v 0.021746 -0.535045 -0.223661
v -0.047813 -0.534884 0.217110
v 0.202923 -0.535190 0.092794
v 0.199676 -0.534806 0.101046
v 0.067355 -0.535126 0.190390
v 0.052964 -0.535126 0.194753
v 0.081182 -0.535110 0.184019
v -0.191314 -0.535044 -0.112861
v -0.199982 -0.535028 -0.095584
v -0.201062 -0.535024 -0.024682
v -0.197042 -0.534963 -0.041247
v 0.162314 -0.535281 -0.153378
v 0.170275 -0.535096 -0.144908
v 0.150285 -0.535241 -0.165072
v -0.066217 -0.534804 0.212554
v -0.134662 -0.514299 -0.062217
v -0.126740 -0.513739 -0.072480
v 0.132977 -0.535073 0.151818
v 0.141686 -0.534997 0.143012
v -0.120973 -0.535114 0.187580
v -0.019271 -0.534986 -0.223481
v 0.220235 -0.535182 0.028755
v -0.220432 -0.535363 -0.002001
v -0.221199 -0.534823 0.017333
v -0.118839 -0.514278 -0.087378
v -0.125188 -0.517914 -0.099319
v -0.159671 -0.536142 0.128712
v 0.103287 -0.535153 -0.198163
v 0.133029 -0.534938 0.179499
v -0.172548 -0.534800 0.104912
v 0.211364 -0.535114 0.070118
v 0.215851 -0.535160 0.052941
v -0.215719 -0.535219 -0.051649
v 0.124776 -0.535127 -0.185111
v 0.116067 -0.535001 -0.190947
v -0.081276 -0.534811 0.207224
v -0.109574 -0.535136 0.170482
v -0.125235 -0.535388 0.159744
v -0.135326 -0.535184 0.151406
v -0.145104 -0.535637 0.143259
v -0.152282 -0.535305 0.133615
v 0.033619 -0.515823 0.151273
v 0.162943 -0.535240 0.117707
v 0.169029 -0.535076 0.107115
v -0.157433 -0.515956 -0.004160
v 0.004475 -0.517004 0.160606
v -0.200609 -0.533873 0.004475
v -0.032224 -0.515800 0.151273
v -0.017652 -0.517328 0.159850
v -0.027849 -0.517953 0.159890
v -0.004160 -0.517861 0.163430
v -0.054081 -0.515655 0.143717
v -0.043040 -0.517947 0.155597
v -0.055884 -0.517959 0.151242
v -0.161445 -0.535199 0.122414
v -0.168101 -0.535268 -0.112777
v -0.160012 -0.516878 0.008793
v -0.207686 -0.534738 0.081056
v -0.149848 -0.516152 -0.041526
v -0.159050 -0.518112 -0.035021
v -0.142164 -0.516417 -0.062654
v -0.162579 -0.517679 -0.011715
v 0.143662 -0.518187 0.070085
v 0.153431 -0.520122 0.064382
v -0.063107 -0.534701 0.192628
v -0.008477 -0.534839 0.223543
v 0.169536 -0.534977 0.145806
v 0.161946 -0.535192 0.153306
v 0.085439 -0.535091 -0.206612
v 0.069607 -0.534966 -0.212718
v 0.098823 -0.534783 -0.201254
v 0.046301 -0.517745 0.154100
v 0.035153 -0.518193 0.159104
v 0.057297 -0.518038 0.150968
v 0.002317 -0.534919 0.223763
v -0.158934 -0.517955 0.038522
v -0.163213 -0.518170 0.017428
v 0.178840 -0.535021 0.133508
v 0.186147 -0.535026 0.122672
v 0.192393 -0.534337 0.115668
v -0.125297 -0.517887 0.099756
v -0.112566 -0.518029 0.114742
v -0.133067 -0.518111 -0.089568
v -0.135727 -0.516806 -0.077357
v -0.144405 -0.517552 0.068492
v -0.156668 -0.518168 0.047535
v 0.017632 -0.518179 0.162950
v 0.082411 -0.517911 0.138445
v 0.131799 -0.517960 0.088583
v -0.077180 -0.518000 0.142454
v -0.088086 -0.517992 0.136001
v 0.099960 -0.517836 0.125802
v 0.107553 -0.518096 0.119420
v 0.106571 -0.534810 0.196361
v 0.218901 -0.535469 -0.021430
v -0.179312 -0.534850 -0.094650
v 0.090498 -0.518008 0.133781
v 0.038964 -0.534274 0.196757
v -0.031917 -0.534936 -0.221429
v 0.187951 -0.534918 -0.120312
v 0.193406 -0.534966 -0.109940
v -0.181389 -0.534348 0.132871
v 0.179635 -0.535001 -0.132883
v 0.204565 -0.535021 -0.086296
v 0.211673 -0.535205 -0.064462
v -0.163006 -0.518246 -0.021430
v 0.046661 -0.535309 -0.218196
v -0.133275 -0.518057 0.090239
v -0.206300 -0.534959 -0.081335
v -0.211950 -0.534654 -0.067768
v -0.200609 -0.533900 -0.008477
v -0.043018 -0.534894 -0.219074
v 0.198249 -0.535086 -0.100053
v -0.218960 -0.534825 0.037937
v -0.112099 -0.519930 -0.122893
v -0.104543 -0.519910 -0.129369
v -0.183338 -0.533801 -0.080796
v -0.196020 -0.534580 0.043284
v -0.196291 -0.532354 0.013111
v 0.143314 -0.534875 0.171419
v 0.121282 -0.518362 0.104549
v -0.120734 -0.519991 -0.114257
v -0.156354 -0.519814 -0.055970
v -0.058129 -0.534966 -0.214889
v -0.165517 -0.518587 0.003396
v -0.176862 -0.533220 0.088668
v -0.063526 -0.520406 -0.155274
v -0.054747 -0.520730 -0.159764
v -0.072767 -0.521182 -0.153229
v -0.085114 -0.519867 -0.142322
v 0.213927 -0.535989 -0.047466
v 0.074636 -0.519980 0.149114
v 0.060604 -0.519958 0.155590
v -0.162830 -0.519629 0.043334
v -0.038700 -0.520355 -0.163909
v -0.046537 -0.522114 -0.166524
v 0.121097 -0.534837 0.187784
v 0.043334 -0.519945 0.162066
v 0.022825 -0.519655 0.166384
v -0.094828 -0.519747 -0.135845
v -0.020351 -0.519586 0.166384
v -0.150957 -0.519962 -0.068923
v -0.144480 -0.520060 -0.081336
v 0.222887 -0.534580 0.000158
v -0.166068 -0.520183 0.036857
v -0.133686 -0.519972 -0.098067
v -0.159592 -0.519675 0.051969
v -0.154195 -0.519812 0.063842
v 0.155490 -0.522298 0.073383
v 0.159927 -0.522260 0.064961
v 0.136161 -0.519724 0.090827
v 0.163808 -0.522412 0.057176
v -0.045176 -0.520220 0.162066
v -0.032224 -0.519718 0.164225
v -0.103906 -0.534853 0.197723
v -0.183338 -0.533346 0.075715
v 0.016337 -0.534619 0.201683
v -0.218491 -0.534599 -0.045176
v 0.013111 -0.519932 0.168543
v 0.004475 -0.519680 0.168543
v -0.005239 -0.519729 0.168543
v -0.187656 -0.533940 -0.068923
v -0.189815 -0.532828 -0.049494
v -0.111341 -0.522437 -0.133078
v -0.106354 -0.524100 -0.142002
v -0.161751 -0.519819 -0.041938
v -0.120305 -0.522377 -0.124613
v -0.117496 -0.519960 0.117811
v -0.213641 -0.534028 0.069248
v -0.105622 -0.520030 0.129685
v -0.095908 -0.520262 0.138320
v -0.121624 -0.534647 0.159719
v -0.132532 -0.522106 -0.109421
v -0.130497 -0.523338 -0.116976
v -0.068515 -0.522326 0.159738
v 0.055060 -0.534584 -0.217992
v 0.110256 -0.520142 0.124827
v 0.123208 -0.520205 0.110256
v 0.219188 -0.534773 -0.034383
v -0.189971 -0.534196 -0.119599
v 0.222839 -0.534497 0.017428
v -0.189815 -0.533505 0.123208
v -0.159087 -0.522434 -0.067843
v -0.163515 -0.522408 -0.056843
v -0.222196 -0.533938 0.030381
v 0.143806 -0.526768 0.111515
v 0.149982 -0.526972 0.103905
v 0.157676 -0.526609 0.090714
v -0.142322 -0.520002 0.086509
v -0.141869 -0.522411 0.098814
v 0.086509 -0.519986 0.142637
v -0.166068 -0.519806 -0.026827
v -0.077442 -0.522286 0.155535
v -0.086193 -0.519926 0.143717
v 0.068286 -0.522418 0.159475
v 0.085477 -0.522466 0.150676
v 0.104958 -0.521041 0.133008
v 0.098752 -0.522420 0.142146
v -0.135886 -0.522256 0.105984
v -0.170386 -0.520421 -0.003080
v -0.082166 -0.522764 -0.152879
v -0.081979 -0.526562 -0.163965
v -0.073241 -0.524146 -0.161751
v -0.106525 -0.526852 -0.150167
v -0.092670 -0.528027 -0.161751
v -0.085974 -0.522308 0.151150
v -0.095149 -0.522195 0.145016
v -0.155334 -0.533925 -0.123787
v -0.170386 -0.520544 0.009872
v -0.141710 -0.522455 -0.098203
v -0.153115 -0.533920 -0.166068
v -0.120145 -0.522432 0.124744
v -0.037461 -0.522043 0.169388
v -0.198450 -0.533256 0.109176
v -0.163830 -0.526613 -0.081730
v -0.150957 -0.523946 -0.090511
v -0.105102 -0.522177 0.137572
v -0.114269 -0.523173 0.132937
v 0.129339 -0.526689 0.129288
v 0.125107 -0.526660 0.133736
v 0.116116 -0.526747 0.142134
v -0.168399 -0.522196 0.048084
v -0.170740 -0.522128 0.039016
v -0.172310 -0.521815 0.021982
v -0.164989 -0.533559 -0.109400
v -0.174703 -0.533026 -0.092670
v -0.179021 -0.533172 -0.086193
v -0.170386 -0.520723 -0.014954
v -0.143401 -0.533421 0.176099
v -0.052246 -0.523237 0.168141
v -0.153563 -0.522107 0.077745
v -0.146634 -0.522269 0.090817
v -0.168436 -0.522175 -0.040399
v -0.222591 -0.534525 -0.002001
v -0.061710 -0.525545 -0.170105
v -0.073307 -0.526572 -0.168256
v -0.028986 -0.522886 -0.172822
v -0.037621 -0.523437 -0.172370
v 0.061404 -0.523660 0.165781
v 0.043343 -0.522266 0.168545
v 0.030238 -0.522801 0.173029
v -0.162644 -0.521973 0.059569
v -0.030817 -0.523410 0.174431
v 0.071398 -0.534517 0.214265
v -0.163909 -0.533921 -0.155274
v 0.153696 -0.534567 -0.164202
v 0.166709 -0.534562 -0.151184
v 0.086509 -0.533519 0.177178
v 0.099462 -0.533496 0.170702
v 0.109176 -0.533330 0.164225
v 0.121050 -0.533319 0.155590
v -0.084035 -0.533716 0.181495
v -0.071082 -0.533219 0.185813
v -0.094828 -0.533275 0.175019
v -0.104543 -0.533275 0.168543
v -0.060288 -0.532557 0.187972
v -0.138004 -0.533543 -0.179021
v -0.106702 -0.533724 -0.198450
v -0.090511 -0.533415 -0.207085
v -0.196291 -0.533313 -0.025747
v -0.195867 -0.531780 -0.006062
v -0.195876 -0.531760 0.002438
v -0.168227 -0.533758 0.151273
v -0.114025 -0.526637 -0.144318
v -0.120865 -0.526542 -0.138130
v 0.151049 -0.534053 0.128422
v 0.157156 -0.532085 0.113533
v 0.165305 -0.533157 0.104859
v 0.037942 -0.534202 0.222470
v -0.155065 -0.534052 0.164016
v -0.185497 -0.533628 -0.129369
v -0.181180 -0.532860 -0.138004
v -0.130448 -0.533468 0.185813
v -0.170386 -0.533035 0.099462
v -0.166068 -0.533369 0.108097
v -0.017151 -0.522929 0.175375
v -0.146671 -0.526567 -0.109032
v -0.139972 -0.526646 -0.118330
v -0.133774 -0.526555 -0.125144
v -0.217879 -0.533824 0.056286
v -0.017112 -0.532343 0.195925
v 0.203083 -0.533661 -0.098067
v -0.073241 -0.533347 0.213877
v 0.163722 -0.526769 0.081301
v 0.168130 -0.526746 0.072717
v -0.141895 -0.526719 0.116223
v -0.146501 -0.526626 0.110100
v -0.028986 -0.534182 0.222614
v 0.131752 -0.533550 0.147959
v -0.171913 -0.526831 -0.065152
v -0.064290 -0.526631 0.172747
v -0.172605 -0.528719 -0.075538
v -0.154473 -0.526678 -0.097393
v -0.177885 -0.527457 -0.049825
v -0.172050 -0.522473 -0.029064
v -0.182664 -0.526886 -0.025712
v -0.190840 -0.531661 -0.035215
v -0.025747 -0.533172 -0.196291
v -0.217883 -0.532506 0.066093
v -0.004160 -0.522741 0.176036
v 0.004475 -0.523076 0.176876
v 0.013111 -0.522845 0.175786
v 0.021600 -0.523756 0.176805
v -0.076479 -0.533119 -0.213561
v 0.049815 -0.524818 0.172937
v 0.038547 -0.525356 0.177283
v -0.037614 -0.532989 0.194358
v -0.053812 -0.533696 0.192289
v -0.116416 -0.533384 -0.194132
v 0.146955 -0.533427 0.172860
v 0.194448 -0.533348 -0.116416
v 0.200925 -0.533049 -0.105622
v -0.075926 -0.526702 0.168224
v 0.222512 -0.533617 -0.030065
v -0.064066 -0.533148 -0.186577
v -0.081898 -0.533814 -0.181054
v -0.088300 -0.531944 -0.173598
v -0.103379 -0.532870 -0.167055
v -0.049494 -0.533357 -0.191974
v -0.038729 -0.533141 -0.194138
v 0.151273 -0.528422 0.108097
v -0.119654 -0.533066 0.156669
v -0.129369 -0.532696 0.148335
v -0.135845 -0.533368 0.144796
v -0.054185 -0.527577 -0.177721
v -0.041942 -0.527430 -0.180855
v 0.088668 -0.533386 0.209560
v 0.101621 -0.533244 0.203083
v -0.045176 -0.526275 0.177893
v -0.035477 -0.526078 0.179709
v -0.198450 -0.533135 -0.108860
v -0.125066 -0.526580 0.134016
v 0.179337 -0.532972 0.077874
v 0.172860 -0.533067 0.090827
v -0.181180 -0.532987 0.138320
v 0.185889 -0.533874 -0.128188
v -0.114257 -0.533561 -0.161751
v -0.120734 -0.533020 -0.155274
v -0.129369 -0.532675 -0.146639
v -0.152990 -0.526630 0.100340
v -0.162726 -0.526624 0.083073
v -0.174075 -0.527161 0.063221
v -0.154746 -0.531096 0.116002
v -0.146329 -0.533684 -0.132831
v -0.098431 -0.525240 0.151622
v -0.089781 -0.531062 0.172486
v -0.095197 -0.530807 0.168784
v 0.103550 -0.526639 0.151119
v 0.090195 -0.526718 0.159551
v 0.073194 -0.526652 0.168373
v 0.216569 -0.534284 -0.053812
v 0.222512 -0.532977 -0.038700
v -0.060338 -0.533065 0.218285
v -0.046256 -0.532754 0.222512
v 0.062365 -0.526899 0.173532
v 0.056286 -0.528780 0.180216
v 0.045495 -0.529051 0.183877
v -0.141724 -0.532354 0.135515
v -0.148671 -0.530947 0.123054
v -0.116084 -0.526678 0.142357
v -0.108934 -0.527876 0.151300
v -0.100869 -0.529475 0.161467
v 0.166384 -0.533770 0.153431
v 0.129685 -0.533498 0.185813
v 0.142223 -0.532167 0.179868
v -0.026584 -0.526464 -0.181625
v -0.070002 -0.529466 -0.176351
v -0.095355 -0.530642 -0.166741
v 0.209560 -0.533184 -0.085114
v 0.213877 -0.533207 -0.072161
v -0.185071 -0.526774 0.008793
v -0.185180 -0.526724 -0.004160
v -0.184840 -0.526873 -0.012795
v -0.183848 -0.526841 0.021876
v -0.189981 -0.529698 0.020666
v -0.180989 -0.526675 0.039899
v 0.226830 -0.532388 -0.012795
v -0.222196 -0.533614 -0.034383
v -0.125051 -0.532983 -0.189815
v 0.148342 -0.530891 0.121145
v 0.138239 -0.531924 0.136606
v 0.131763 -0.530929 0.140402
v -0.204926 -0.533072 0.097303
v -0.209244 -0.533224 0.086509
v 0.073556 -0.533518 0.183654
v 0.172870 -0.526580 0.060629
v 0.173786 -0.525299 0.048039
v 0.115653 -0.533532 0.194448
v 0.163026 -0.529879 0.096023
v 0.024984 -0.532904 0.226830
v 0.002317 -0.533562 0.226830
v 0.211872 -0.534063 0.075782
v -0.021430 -0.532740 0.226830
v -0.207085 -0.533344 -0.088892
v -0.213561 -0.533166 -0.073241
v -0.120734 -0.533360 0.192289
v 0.185813 -0.533426 0.129685
v -0.100225 -0.533279 0.203083
v -0.086193 -0.533109 0.209560
v 0.216400 -0.533992 0.061167
v -0.179235 -0.526492 0.045492
v -0.078075 -0.530809 0.177398
v -0.007398 -0.526834 0.185067
v -0.021970 -0.527215 0.184444
v 0.018508 -0.532108 0.195513
v 0.038371 -0.531705 0.191146
v 0.008793 -0.531610 0.195373
v -0.002541 -0.531449 0.195088
v 0.183654 -0.533402 0.069239
v -0.186543 -0.531872 0.058328
v -0.191974 -0.533572 0.050889
v 0.222512 -0.533878 0.032540
v -0.063526 -0.532993 -0.217879
v 0.030352 -0.527524 0.183812
v 0.014190 -0.527366 0.185817
v 0.004475 -0.526754 0.185180
v -0.151891 -0.530958 -0.118373
v -0.177661 -0.527065 0.054025
v -0.181870 -0.530583 0.063921
v -0.107939 -0.530858 -0.159693
v 0.120759 -0.530994 0.149959
v 0.107689 -0.531016 0.159644
v 0.099645 -0.530857 0.164333
v -0.222196 -0.532580 0.047651
v 0.226830 -0.532765 0.001237
v 0.177178 -0.533074 0.142637
v -0.040859 -0.533704 -0.222196
v 0.057232 -0.532016 0.186853
v -0.226514 -0.532347 0.017428
v -0.226514 -0.532554 -0.004160
v -0.224346 -0.533159 -0.021430
v -0.146503 -0.530952 -0.124896
v -0.191974 -0.532599 -0.122893
v 0.065223 -0.530710 0.181162
v -0.129415 -0.528670 -0.135892
v -0.122163 -0.530757 -0.148596
v 0.209560 -0.533298 0.086509
v 0.167163 -0.530396 0.090848
v 0.176874 -0.529208 0.064761
v -0.190863 -0.531581 0.037774
v -0.081459 -0.530821 0.215883
v 0.080033 -0.533101 0.213877
v 0.220044 -0.532243 -0.057050
v 0.224554 -0.530842 -0.049322
v 0.198805 -0.532701 0.111315
v -0.214569 -0.531396 0.082176
v 0.161839 -0.530815 0.166164
v 0.154808 -0.531074 0.172056
v 0.149841 -0.530323 0.177940
v -0.160747 -0.532023 -0.163975
v 0.050889 -0.532991 0.222512
v -0.148474 -0.531696 0.176295
v -0.030455 -0.530936 0.229044
v -0.043018 -0.530864 0.226785
v -0.219857 -0.530804 -0.068344
v -0.222196 -0.532779 -0.045176
v -0.224319 -0.530881 -0.051484
v 0.205083 -0.533720 0.095087
v 0.226830 -0.532529 0.016349
v 0.226528 -0.532069 0.028222
v 0.185518 -0.531069 0.048395
v 0.186054 -0.530764 0.042638
v 0.182656 -0.530870 0.057539
v 0.186468 -0.530523 0.034698
v 0.187036 -0.530199 0.015269
v -0.226214 -0.531928 0.030381
v -0.228651 -0.530890 0.025771
v 0.125318 -0.530887 0.194418
v -0.187569 -0.530863 0.136025
v -0.195137 -0.530861 0.124371
v -0.202500 -0.530773 0.111923
v -0.206852 -0.530786 0.103304
v -0.215487 -0.530781 -0.081254
v -0.211485 -0.530949 -0.090722
v -0.202375 -0.530700 -0.111334
v 0.067080 -0.533228 0.218195
v 0.060459 -0.531864 0.222262
v 0.183762 -0.531503 0.138385
v -0.159517 -0.531403 0.166852
v -0.168032 -0.530823 0.159700
v -0.145958 -0.530653 0.180936
v 0.224617 -0.530871 0.051679
v 0.222741 -0.531037 0.058445
v 0.212061 -0.531099 -0.089578
v 0.215511 -0.530610 -0.082577
v -0.150317 -0.530659 -0.176350
v -0.137800 -0.531123 -0.184883
v 0.111744 -0.530705 0.202709
v 0.016349 -0.530896 0.231156
v 0.002317 -0.530470 0.232572
v 0.220116 -0.530772 -0.067202
v -0.177143 -0.531022 0.148847
v -0.173887 -0.530575 -0.153352
v -0.165946 -0.530851 -0.161620
v -0.211463 -0.530945 0.092169
v 0.228373 -0.530555 -0.030065
v 0.228974 -0.530899 -0.019266
v 0.218967 -0.531344 0.070130
v 0.213827 -0.531442 0.084062
v 0.194295 -0.530824 0.125130
v -0.228234 -0.530657 -0.030065
v -0.226951 -0.530510 -0.040319
v -0.109579 -0.531218 -0.202289
v -0.229317 -0.530643 -0.017306
v 0.229445 -0.531197 -0.005239
v 0.039324 -0.531355 0.227644
v 0.029981 -0.531159 0.229409
v 0.050109 -0.531043 0.225985
v -0.157207 -0.530814 -0.170185
v 0.169972 -0.530639 0.158095
v 0.175920 -0.530793 0.150592
v 0.135761 -0.530764 0.187700
v -0.222508 -0.531065 0.058647
v -0.224670 -0.531092 0.048774
v -0.228056 -0.530550 0.034698
v 0.207044 -0.530711 -0.102735
v -0.185514 -0.530911 -0.138027
v -0.122484 -0.530779 -0.196053
v -0.219365 -0.530506 0.072990
v 0.205864 -0.531185 0.103317
v 0.208965 -0.531622 0.094993
v 0.099060 -0.530790 0.209349
v -0.194135 -0.530903 -0.125055
v 0.229523 -0.531251 0.004475
v 0.229304 -0.531116 0.015269
v 0.200576 -0.530708 0.115058
v 0.074402 -0.531357 0.218884
v -0.234518 -0.527603 0.013111
v -0.236866 -0.526275 -0.002001
v 0.087162 -0.531163 0.214283
v -0.235977 -0.526389 -0.017112
v 0.228750 -0.528746 -0.045125
v -0.213415 -0.526493 -0.103155
v -0.233221 -0.526747 -0.037999
v 0.229397 -0.526878 -0.055344
v 0.233271 -0.526561 -0.038466
v -0.219907 -0.526501 -0.088041
v 0.224468 -0.526440 0.077267
v -0.228701 -0.526605 -0.060393
v -0.224553 -0.526723 -0.073870
v 0.168545 -0.526586 0.168545
v 0.174883 -0.526510 0.161911
v 0.224753 -0.526645 -0.073509
v -0.220000 -0.526557 0.088598
v -0.224180 -0.526459 0.077336
v -0.232447 -0.526193 -0.046625
v 0.157456 -0.526447 0.179096
v 0.232779 -0.526209 0.045492
v 0.188074 -0.526642 0.144934
v 0.181041 -0.526322 0.155018
v 0.220208 -0.526482 0.088325
v 0.229039 -0.526620 0.060805
v 0.220446 -0.526650 -0.086441
v 0.215785 -0.526419 -0.098591
v -0.180900 -0.526426 0.155254
v -0.190024 -0.526708 0.142919
v -0.211433 -0.526606 0.108161
v 0.230990 -0.526454 0.053048
v 0.235383 -0.526511 -0.021430
v 0.237097 -0.526208 0.004475
v 0.237037 -0.526167 -0.006318
v 0.236595 -0.525841 0.021746
v -0.233740 -0.527122 0.030381
v -0.235987 -0.526395 0.017428
v -0.176679 -0.526482 -0.159379
v -0.170360 -0.526571 -0.166041
v -0.184818 -0.526170 -0.150093
v -0.204753 -0.526477 0.120756
v -0.232466 -0.526200 0.046353
v -0.227584 -0.527000 0.062812
v -0.206887 -0.526460 -0.116053
v -0.198598 -0.526676 -0.129604
v -0.191869 -0.526516 -0.140005
v 0.211511 -0.526446 0.107675
v 0.207113 -0.526395 0.116207
v 0.150390 -0.526191 0.185152
v -0.195863 -0.526313 0.135506
v 0.129837 -0.526644 0.198863
v 0.137748 -0.526348 0.194056
v -0.159307 -0.526451 -0.176620
v 0.200615 -0.526386 0.127029
v -0.149002 -0.526616 -0.184465
v 0.236655 -0.522347 -0.050422
v 0.233302 -0.522264 -0.064590
v 0.233493 -0.522413 0.065595
v 0.241919 -0.522249 0.012584
v 0.239020 -0.522506 -0.035874
v 0.241412 -0.521835 -0.023589
v 0.241901 -0.522234 -0.010415
v 0.229164 -0.522403 -0.078097
v -0.238964 -0.522725 -0.034383
v 0.237637 -0.522278 0.047729
v 0.237025 -0.521774 0.054127
v -0.176598 -0.522106 -0.167940
v 0.222758 -0.522437 0.095633
v 0.220039 -0.522035 0.103082
v -0.224523 -0.522394 -0.090936
v -0.219807 -0.522101 -0.102971
v -0.241625 -0.522266 0.011039
v 0.202865 -0.522120 0.133669
v 0.192229 -0.522226 0.149021
v 0.207546 -0.522370 0.125608
v -0.233123 -0.522371 0.065402
v -0.236994 -0.522013 0.050917
v 0.242070 -0.522374 0.000158
v 0.165997 -0.522053 0.178988
v 0.172602 -0.522117 0.172599
v 0.176866 -0.522082 0.168210
v -0.236400 -0.522400 -0.051384
v 0.241493 -0.521886 0.023904
v -0.233095 -0.522350 -0.064976
v -0.230911 -0.520173 -0.081039
v -0.202824 -0.522308 0.134092
v 0.183696 -0.522288 0.159964
v -0.219841 -0.522117 0.103340
v -0.209205 -0.522240 -0.122821
v -0.202728 -0.522240 -0.133624
v -0.197893 -0.521891 -0.141536
v -0.181363 -0.522373 -0.161979
v -0.187993 -0.522483 -0.153544
v -0.217917 -0.520144 -0.112174
v -0.241445 -0.522119 -0.017187
v -0.241751 -0.522372 -0.000921
v -0.239095 -0.522841 0.031460
v -0.241265 -0.521968 0.021746
v 0.229414 -0.522591 0.077939
v 0.215718 -0.522037 0.111793
v 0.211668 -0.522231 0.118811
v -0.244231 -0.517253 -0.043018
v -0.241690 -0.518004 -0.051938
v -0.214156 -0.522712 0.113337
v -0.209166 -0.522212 0.123639
v -0.224359 -0.522267 0.092046
v -0.228948 -0.522483 0.078699
v 0.233433 -0.518049 -0.082239
v -0.196056 -0.522106 0.144460
v 0.243482 -0.517257 -0.047884
v 0.239866 -0.515859 -0.070298
v 0.190251 -0.518030 0.160059
v 0.246250 -0.513624 -0.055927
v 0.243586 -0.514089 -0.064605
v -0.244385 -0.518458 -0.032224
v -0.243289 -0.518442 0.039016
v -0.241758 -0.518062 0.050955
v -0.240614 -0.517999 0.056712
v 0.208464 -0.512068 0.147117
v 0.222574 -0.502882 0.145974
v 0.222472 -0.498497 0.155532
v 0.214971 -0.499609 0.163706
v 0.222213 -0.493989 0.164901
v 0.209545 -0.498513 0.172846
v 0.228591 -0.500393 0.141969
v 0.245241 -0.517996 -0.030065
v 0.230856 -0.502892 0.131886
v 0.233410 -0.496442 0.142815
v 0.231393 -0.507344 0.119556
v 0.231962 -0.510188 0.110764
v 0.233075 -0.513451 0.098887
v 0.237642 -0.513647 0.086560
v 0.241936 -0.513627 0.073537
v 0.241499 -0.516330 0.062763
v -0.202901 -0.513723 -0.151134
v -0.226628 -0.515879 -0.105865
v -0.235127 -0.511457 -0.099090
v -0.237306 -0.513630 -0.086187
v -0.209236 -0.513629 -0.142312
v -0.218038 -0.498640 -0.159829
v -0.215364 -0.513369 -0.133088
v -0.220628 -0.503279 -0.146511
v -0.232782 -0.496200 -0.141959
v -0.231030 -0.490035 -0.157732
v -0.239776 -0.483657 -0.156843
v -0.246017 -0.483469 -0.146769
v -0.248224 -0.477036 -0.156563
v 0.237611 -0.513621 -0.086156
v 0.243048 -0.518926 0.037937
v -0.234197 -0.513727 0.094513
v -0.235193 -0.515826 0.084764
v -0.235085 -0.511423 0.099310
v -0.241563 -0.513579 0.073340
v -0.243781 -0.513620 0.064921
v -0.241533 -0.513553 -0.072921
v -0.245921 -0.513613 -0.055872
v -0.249909 -0.515337 0.004475
v -0.251087 -0.514343 -0.002001
v -0.269401 -0.498265 -0.002001
v -0.269381 -0.498248 0.008793
v -0.248270 -0.516472 0.013111
v -0.266868 -0.500101 0.017428
v -0.267987 -0.498516 0.026063
v -0.253754 -0.510393 0.030579
v -0.272144 -0.493980 0.034698
v -0.267891 -0.496676 0.042847
v -0.197229 -0.509087 -0.167179
v -0.211582 -0.496486 -0.172779
v -0.211410 -0.492049 -0.181188
v -0.200873 -0.498360 -0.182533
v -0.220312 -0.487927 -0.177227
v -0.224252 -0.509236 -0.127027
v -0.231046 -0.507325 -0.118983
v -0.237260 -0.496323 -0.133596
v -0.239463 -0.498518 -0.123971
v -0.254677 -0.479175 -0.140357
v -0.241900 -0.500911 -0.112716
v -0.265388 -0.476947 -0.123315
v -0.265296 -0.472547 -0.134610
v -0.235323 -0.507298 -0.110312
v -0.250845 -0.514140 -0.014954
v -0.270278 -0.496458 -0.021430
v -0.252846 -0.511846 -0.023589
v -0.273770 -0.493988 -0.010636
v 0.246280 -0.509333 -0.075473
v 0.246274 -0.517963 -0.019398
v 0.251794 -0.511357 -0.038952
v 0.264052 -0.501143 -0.034383
v 0.266501 -0.497984 -0.043078
v 0.277138 -0.489160 -0.036541
v 0.281553 -0.484100 -0.045176
v 0.290297 -0.476732 -0.039780
v 0.286633 -0.481154 -0.030065
v 0.268677 -0.495061 -0.050204
v 0.262863 -0.502931 -0.025747
v 0.292678 -0.473132 -0.049494
v 0.289055 -0.474422 -0.061704
v 0.273835 -0.488360 -0.062447
v 0.263603 -0.498349 -0.057589
v 0.254526 -0.507910 -0.047335
v 0.280496 -0.487453 -0.021430
v 0.298569 -0.468260 -0.044097
v 0.297706 -0.470103 -0.036541
v 0.261169 -0.498726 -0.066614
v 0.267228 -0.491497 -0.075399
v 0.270384 -0.489828 -0.070390
v 0.241945 -0.517953 0.051989
v 0.233557 -0.492239 0.151676
v 0.231211 -0.489938 0.160004
v 0.249166 -0.501025 0.096929
v 0.250543 -0.496334 0.108015
v 0.263468 -0.487675 0.101455
v 0.244111 -0.498531 0.116389
v 0.238103 -0.493733 0.140479
v 0.239968 -0.496514 0.130045
v 0.219341 -0.490282 0.175519
v 0.260070 -0.506565 0.003396
v 0.252080 -0.512923 0.017428
v 0.268898 -0.498561 0.012031
v 0.269680 -0.498035 -0.004054
v 0.281534 -0.487462 0.007110
v 0.283120 -0.485716 0.016473
v 0.267080 -0.499993 -0.012795
v 0.280899 -0.487817 -0.008467
v 0.298273 -0.470652 -0.025362
v 0.290969 -0.478439 -0.010636
v 0.300758 -0.468818 -0.016033
v 0.291719 -0.478100 0.001777
v 0.270299 -0.496617 0.023904
v 0.282619 -0.485266 0.029301
v 0.289679 -0.479317 0.023904
v 0.292194 -0.477497 0.013111
v 0.256905 -0.507229 0.033512
v 0.273527 -0.492289 0.039016
v 0.286235 -0.480800 0.041175
v 0.291496 -0.476843 0.032973
v 0.255481 -0.506076 0.051429
v 0.253925 -0.505140 0.064739
v 0.267741 -0.496273 0.046958
v 0.266941 -0.495595 0.056286
v 0.285328 -0.479283 0.057480
v 0.275673 -0.487492 0.059410
v 0.282140 -0.483638 0.047651
v 0.267840 -0.492040 0.071379
v 0.281124 -0.481063 0.068159
v 0.260039 -0.497514 0.076299
v 0.254076 -0.500342 0.085105
v 0.272146 -0.483393 0.090768
v 0.271042 -0.487151 0.080033
v 0.283298 -0.477247 0.076273
v 0.278716 -0.476998 0.092747
v 0.260472 -0.493895 -0.088297
v 0.267500 -0.489027 -0.083852
v -0.271727 -0.491937 0.051330
v -0.238044 -0.504372 0.112190
v -0.255185 -0.508893 -0.033314
v -0.280127 -0.487391 -0.021430
v -0.279825 -0.487105 -0.027906
v -0.282750 -0.485673 -0.008587
v -0.278490 -0.490042 0.001237
v -0.276850 -0.488370 -0.040859
v -0.268153 -0.496923 -0.036541
v -0.250758 -0.510890 -0.047335
v -0.267506 -0.496340 -0.045037
v -0.268655 -0.493753 -0.053812
v -0.242002 -0.509635 0.086526
v -0.260438 -0.495827 0.078925
v -0.246320 -0.503842 0.093400
v -0.257072 -0.503042 0.060327
v -0.267534 -0.492046 0.069249
v -0.274444 -0.487045 0.063842
v -0.280288 -0.483230 0.056339
v -0.269446 -0.485898 0.086612
v -0.276732 -0.479611 0.085956
v -0.278466 -0.481382 0.072910
v -0.269756 -0.481311 0.101212
v 0.267715 -0.478981 0.116427
v 0.263519 -0.479083 0.125345
v 0.272388 -0.477130 0.110176
v 0.275594 -0.477098 0.101665
v 0.259250 -0.479123 0.134079
v 0.257252 -0.476023 0.145282
v 0.242685 -0.487530 0.146150
v 0.269859 -0.472489 0.128294
v 0.267695 -0.470326 0.138008
v 0.228102 -0.482008 0.178976
v 0.243934 -0.468165 0.182352
v 0.233526 -0.481011 0.173498
v 0.246765 -0.470858 0.173599
v 0.237895 -0.470662 0.186160
v 0.248478 -0.472664 0.167560
v 0.249383 -0.476845 0.157611
v 0.257470 -0.470806 0.156324
v 0.272911 -0.480895 -0.095368
v 0.277568 -0.479395 -0.086166
v 0.289615 -0.466307 -0.093761
v 0.287881 -0.470016 -0.086193
v 0.282920 -0.477291 -0.075231
v 0.291540 -0.468245 -0.079639
v 0.294778 -0.467135 -0.071082
v 0.295763 -0.470025 0.053588
v 0.289314 -0.474660 0.062546
v 0.294689 -0.472478 0.044413
v -0.278325 -0.489888 0.016078
v -0.278058 -0.489643 0.023871
v -0.280008 -0.487284 0.030381
v -0.267434 -0.479012 0.114340
v -0.249990 -0.496130 0.107411
v -0.256858 -0.486956 0.116705
v -0.245892 -0.496319 0.116616
v -0.256391 -0.502078 -0.066366
v -0.268091 -0.492554 -0.062447
v -0.271828 -0.487708 -0.068842
v -0.297930 -0.461988 -0.073957
v -0.301937 -0.457362 -0.076991
v -0.297917 -0.457668 -0.091076
v -0.280424 -0.476555 -0.081309
v -0.275233 -0.486850 -0.058129
v -0.292954 -0.461373 -0.094632
v -0.274945 -0.478030 -0.094559
v -0.266884 -0.487155 -0.088405
v -0.258010 -0.497413 -0.079564
v -0.248033 -0.502819 -0.091444
v -0.265437 -0.485629 -0.097989
v -0.237531 -0.474949 -0.177183
v -0.246033 -0.470531 -0.172685
v -0.254495 -0.470385 -0.159454
v -0.259042 -0.470582 -0.151213
v -0.255766 -0.491778 -0.104932
v -0.273704 -0.475800 -0.105562
v -0.267637 -0.479191 -0.111780
v -0.293701 -0.457763 -0.104238
v -0.289558 -0.461227 -0.105525
v -0.265366 -0.476933 0.124933
v -0.245837 -0.492172 0.127192
v -0.263426 -0.474951 0.134440
v -0.270644 -0.470346 0.130473
v -0.273559 -0.472226 0.118592
v -0.281291 -0.484167 0.045492
v -0.281116 -0.485232 0.039016
v -0.229877 -0.477899 -0.182344
v -0.293446 -0.470466 0.058493
v -0.291024 -0.474797 0.046572
v -0.290895 -0.471175 0.067080
v 0.274719 -0.471681 0.119552
v -0.280459 -0.483928 -0.047239
v -0.289037 -0.474696 -0.053400
v -0.301779 -0.461536 -0.058410
v 0.279770 -0.469962 0.111843
v 0.298792 -0.471156 0.014190
v 0.299436 -0.469657 0.028374
v 0.305118 -0.464559 0.020666
v 0.293650 -0.461725 0.097188
v 0.287906 -0.462474 0.111519
v 0.284578 -0.469629 0.099345
v 0.289176 -0.470212 0.082253
v 0.297858 -0.461615 0.083175
v 0.302338 -0.457451 0.081993
v 0.300087 -0.470031 -0.000382
v 0.291244 -0.470900 0.071398
v 0.302242 -0.460602 0.069239
v 0.299104 -0.465285 0.061510
v 0.263526 -0.461819 0.164220
v 0.299755 -0.467825 0.042254
v 0.306769 -0.461886 0.032820
v 0.271672 -0.461393 0.150311
v 0.278349 -0.463716 0.131202
v 0.303271 -0.461613 -0.056512
v 0.305110 -0.461283 -0.047335
v -0.289691 -0.467827 0.085430
v -0.292479 -0.475973 0.022811
v -0.293808 -0.475139 0.013111
v -0.295244 -0.472272 0.034698
v -0.297048 -0.469764 0.041175
v -0.300344 -0.468728 0.004475
v -0.291666 -0.477313 0.000158
v -0.273093 -0.472269 -0.117445
v -0.271890 -0.470494 -0.125147
v -0.288955 -0.457337 -0.118176
v -0.293802 -0.472702 -0.036541
v -0.300836 -0.464643 -0.045716
v -0.306363 -0.457476 -0.055828
v -0.305489 -0.456515 -0.064605
v -0.295228 -0.473323 -0.012761
v -0.306729 -0.462162 -0.006318
v -0.306222 -0.461655 -0.026160
v -0.310826 -0.457628 -0.016650
v -0.311071 -0.457882 0.000158
v -0.306693 -0.459976 -0.037621
v -0.239343 -0.468198 -0.186415
v -0.243780 -0.468293 -0.180099
v -0.280460 -0.461800 0.129629
v -0.272008 -0.461972 -0.144806
v -0.301212 -0.464187 0.050889
v -0.301785 -0.461531 0.062763
v 0.255031 -0.461938 0.177381
v -0.273968 -0.463945 0.138865
v 0.297421 -0.461181 -0.085157
v 0.306821 -0.456571 0.065538
v 0.305998 -0.461087 0.045492
v 0.307419 -0.462559 0.012031
v 0.308541 -0.461467 -0.002001
v 0.307041 -0.462168 -0.021430
v 0.306368 -0.461475 -0.036541
v -0.284558 -0.457261 -0.128810
v -0.280364 -0.457386 -0.137750
v -0.306616 -0.462051 0.019587
v -0.311024 -0.457834 0.010952
v -0.310428 -0.457201 0.032540
v -0.310729 -0.457527 0.025146
v -0.306783 -0.459495 0.044413
v -0.256601 -0.461703 -0.172338
v -0.250423 -0.461963 -0.181419
v -0.310332 -0.457100 -0.030065
v -0.267230 -0.461549 -0.154724
v -0.265466 -0.457591 -0.165151
v 0.311403 -0.457922 0.021746
v 0.311064 -0.457550 0.030806
v 0.311622 -0.458157 0.009872
v -0.313175 -0.453505 0.036857
v -0.310816 -0.455496 -0.038700
v 0.311177 -0.457674 -0.022759
v 0.311595 -0.458127 -0.004160
v 0.308937 -0.457542 -0.045176
v -0.273842 -0.457340 -0.150645
v -0.315168 -0.453357 0.000158
v -0.315022 -0.453183 -0.012722
v -0.314724 -0.452813 -0.022509
v -0.310772 -0.453264 -0.052030
v -0.314848 -0.452965 0.023904
v -0.297757 -0.453175 -0.104678
v -0.302038 -0.452072 -0.093793
v -0.306222 -0.451896 -0.078515
v -0.310707 -0.451048 -0.061367
v -0.315730 -0.449810 -0.036541
v -0.318999 -0.448401 0.004475
v -0.318830 -0.448160 0.017428
v -0.318921 -0.448300 -0.009557
v -0.319456 -0.446881 -0.019271
v -0.319585 -0.445442 -0.029815
v -0.318357 -0.447914 0.027143
v -0.314704 -0.448412 -0.050463
v -0.310190 -0.448134 -0.073620
v -0.308119 -0.446639 -0.086226
v -0.324255 -0.441083 0.000158
v -0.319012 -0.444060 -0.042408
v -0.314921 -0.444399 -0.064101
v -0.326010 -0.438341 -0.007398
v -0.325792 -0.438022 -0.016033
v -0.323633 -0.440194 -0.025435
v -0.323023 -0.439266 -0.036541
v -0.324020 -0.440759 0.016349
v -0.321821 -0.442854 0.028191
v -0.310829 -0.437709 -0.099075
v -0.326709 -0.415615 -0.098266
v -0.337416 -0.403121 -0.090756
v -0.333066 -0.411108 -0.086193
v -0.320833 -0.426214 -0.092340
v -0.323382 -0.428034 -0.076263
v -0.334684 -0.412499 -0.074140
v -0.339385 -0.404119 -0.079267
v -0.331720 -0.422136 -0.053812
v -0.344769 -0.400661 -0.063910
v -0.328825 -0.422578 -0.068135
v -0.329858 -0.426456 -0.047139
v -0.340807 -0.409829 -0.050135
v -0.353497 -0.389432 -0.056424
v -0.345056 -0.404329 -0.046256
v -0.360265 -0.380270 -0.051761
v -0.349059 -0.392490 -0.070013
v -0.362306 -0.370493 -0.076595
v -0.327877 -0.435763 0.000158
v -0.327659 -0.435435 0.015269
v -0.319337 -0.440226 -0.055942
v -0.333942 -0.422929 -0.034547
v -0.354185 -0.391838 -0.039093
v -0.342472 -0.411777 -0.023421
v -0.334734 -0.423073 -0.025677
v -0.335880 -0.422854 -0.011715
v -0.341224 -0.415299 0.000158
v -0.359689 -0.371336 -0.085915
v -0.373588 -0.352125 -0.081871
v -0.370973 -0.353141 -0.090414
v -0.384917 -0.333493 -0.088352
v -0.383940 -0.330973 -0.099585
v -0.388432 -0.325838 -0.095181
v -0.388218 -0.330367 -0.082660
v -0.385761 -0.336666 -0.073588
v -0.372202 -0.356784 -0.072881
v -0.372860 -0.358713 -0.061728
v -0.294389 -0.269690 0.308750
v -0.284947 -0.269690 0.317627
v -0.285114 -0.274007 0.316799
v -0.274721 -0.269690 0.326757
v -0.271806 -0.275978 0.328257
v -0.266440 -0.269720 0.333720
v -0.266865 -0.272923 0.332943
v -0.245906 -0.269459 0.349822
v -0.242441 -0.265372 0.352699
v -0.248805 -0.276617 0.346437
v -0.237071 -0.269690 0.356191
v -0.255132 -0.279158 0.340986
v -0.242337 -0.274007 0.351769
v -0.282194 -0.281852 0.317465
v -0.230967 -0.265372 0.360779
v -0.227989 -0.269690 0.362392
v -0.230427 -0.274113 0.360099
v -0.218960 -0.265372 0.368372
v -0.220223 -0.271204 0.367057
v -0.237843 -0.279073 0.353941
v -0.207669 -0.267531 0.374874
v -0.209877 -0.274604 0.372724
v -0.187656 -0.265372 0.386039
v -0.198241 -0.271375 0.379727
v -0.189874 -0.269944 0.384451
v -0.214849 -0.280337 0.368577
v -0.223997 -0.279179 0.363236
v -0.269625 -0.282642 0.328232
v -0.238898 -0.283002 0.352073
v -0.254914 -0.282864 0.340052
v -0.202369 -0.279064 0.376114
v -0.188342 -0.276166 0.384217
v -0.228736 -0.284920 0.358558
v -0.248586 -0.287584 0.343360
v -0.265088 -0.286610 0.330584
v -0.254186 -0.291005 0.337585
v -0.178943 -0.272035 0.389624
v -0.171510 -0.265322 0.393863
v -0.172523 -0.269609 0.393045
v -0.199116 -0.282251 0.377093
v -0.185769 -0.282777 0.384042
v -0.211036 -0.285528 0.369409
v -0.219973 -0.289004 0.362792
v -0.178912 -0.280000 0.388122
v -0.167594 -0.274007 0.394679
v -0.275623 -0.286875 0.321517
v -0.164755 -0.278583 0.395082
v -0.232087 -0.290184 0.354315
v -0.237011 -0.292958 0.349668
v -0.243360 -0.295212 0.343908
v -0.198519 -0.288260 0.375605
v -0.154607 -0.265372 0.401412
v -0.154174 -0.269690 0.401226
v -0.150343 -0.273801 0.402267
v -0.150638 -0.277207 0.401563
v -0.166505 -0.282518 0.393357
v -0.182785 -0.286799 0.384351
v -0.171617 -0.286051 0.389965
v -0.156520 -0.283928 0.397444
v -0.202668 -0.293298 0.371412
v -0.139007 -0.269493 0.407268
v -0.133973 -0.265372 0.409445
v -0.129337 -0.273939 0.410316
v -0.137432 -0.278007 0.406603
v -0.122893 -0.269690 0.412964
v -0.146340 -0.284357 0.401572
v -0.133083 -0.281993 0.407300
v -0.163536 -0.288609 0.392890
v -0.175799 -0.290150 0.386586
v -0.190039 -0.293694 0.378060
v -0.177942 -0.294537 0.383790
v -0.122893 -0.274007 0.412459
v -0.121339 -0.278952 0.412082
v -0.120662 -0.283596 0.411199
v -0.150936 -0.291282 0.397372
v -0.142266 -0.289053 0.401670
v -0.166631 -0.296155 0.388418
v -0.157243 -0.295399 0.392974
v -0.226387 -0.294334 0.356274
v -0.284822 -0.286960 0.313198
v -0.206734 -0.296347 0.367613
v -0.214125 -0.296259 0.363179
v -0.259777 -0.292381 0.332447
v -0.128525 -0.288263 0.407092
v -0.274363 -0.290423 0.321079
v -0.181608 -0.298174 0.380315
v -0.110258 -0.278758 0.415439
v -0.193291 -0.299076 0.373754
v -0.106488 -0.271848 0.417472
v -0.107602 -0.283787 0.415052
v -0.099473 -0.276559 0.418669
v -0.137950 -0.293384 0.401671
v -0.115615 -0.288270 0.411348
v -0.221837 -0.299548 0.356540
v -0.258947 -0.295547 0.331486
v -0.125385 -0.293698 0.406124
v -0.269006 -0.298132 0.321691
v -0.275441 -0.299069 0.315496
v -0.236829 -0.301488 0.345217
v -0.205988 -0.302037 0.364981
v -0.250429 -0.301218 0.335081
v -0.146673 -0.299942 0.395225
v -0.159573 -0.302055 0.388730
v -0.103423 -0.289085 0.414633
v -0.227625 -0.304263 0.349901
v -0.258695 -0.301802 0.328126
v -0.219747 -0.306094 0.354010
v -0.163845 -0.306338 0.384392
v -0.180399 -0.303506 0.378039
v -0.087273 -0.278325 0.421263
v -0.090767 -0.285006 0.419022
v -0.129450 -0.299991 0.401747
v -0.195959 -0.308256 0.366966
v -0.185261 -0.310515 0.371346
v -0.107266 -0.297426 0.410179
v -0.120571 -0.297639 0.405957
v -0.090511 -0.274007 0.421217
v -0.085989 -0.288975 0.418918
v -0.096320 -0.293666 0.414750
v -0.152880 -0.307306 0.388644
v -0.157583 -0.310798 0.384484
v -0.207301 -0.310901 0.358646
v -0.138570 -0.306087 0.395050
v -0.176657 -0.310548 0.375685
v -0.167029 -0.313800 0.378169
v -0.124237 -0.302811 0.402101
v -0.245850 -0.310603 0.332539
v -0.236148 -0.308461 0.341189
v -0.250571 -0.311057 0.328540
v -0.228373 -0.310406 0.345357
v -0.268327 -0.303179 0.319088
v -0.111238 -0.302673 0.406342
v -0.199580 -0.314534 0.360710
v -0.090250 -0.297614 0.414582
v -0.075917 -0.292274 0.419784
v -0.065377 -0.290034 0.422504
v -0.219586 -0.318931 0.345264
v -0.145048 -0.312596 0.388561
v -0.135958 -0.310840 0.393159
v -0.189843 -0.319363 0.362848
v -0.261057 -0.309191 0.321198
v -0.178062 -0.316494 0.370999
v -0.182890 -0.321484 0.364989
v -0.237322 -0.319355 0.332621
v -0.096477 -0.303040 0.410273
v -0.122796 -0.313300 0.396232
v -0.206969 -0.323565 0.349810
v -0.199099 -0.326324 0.352426
v -0.161536 -0.318078 0.377822
v -0.110934 -0.310719 0.401705
v -0.233384 -0.328334 0.328574
v -0.150442 -0.319028 0.382046
v -0.246740 -0.322291 0.323214
v -0.254384 -0.319132 0.319494
v -0.169021 -0.324911 0.369431
v -0.102694 -0.307006 0.406380
v -0.218099 -0.328174 0.339241
v -0.211453 -0.336653 0.336960
v -0.223155 -0.334709 0.330654
v -0.140144 -0.318357 0.386644
v -0.130516 -0.319947 0.389156
v -0.156347 -0.325786 0.374688
v -0.265552 -0.317379 0.311182
v -0.241429 -0.332111 0.319505
v -0.201722 -0.337264 0.342442
v -0.172737 -0.371281 0.332622
v -0.180236 -0.371657 0.328262
v -0.171316 -0.392430 0.317428
v -0.174488 -0.403060 0.307283
v -0.161133 -0.420514 0.301130
v -0.170685 -0.424622 0.292586
v -0.185684 -0.400129 0.302949
v -0.172127 -0.444232 0.276224
v -0.159057 -0.448510 0.280504
v -0.159483 -0.431519 0.293691
v -0.190108 -0.351597 0.338120
v -0.193855 -0.383884 0.310846
v -0.183125 -0.383233 0.317813
v -0.187307 -0.339072 0.349293
v -0.177917 -0.340167 0.353379
v -0.163125 -0.332982 0.366184
v -0.164902 -0.360391 0.344644
v -0.154746 -0.383769 0.332359
v -0.156298 -0.400657 0.318883
v -0.157499 -0.408528 0.312268
v -0.151231 -0.425279 0.302711
v -0.146006 -0.435523 0.297766
v -0.155656 -0.364623 0.345991
v -0.145850 -0.383639 0.336582
v -0.146310 -0.358820 0.354508
v -0.147131 -0.346628 0.363102
v -0.147709 -0.398889 0.324321
v -0.138053 -0.399528 0.328163
v -0.127061 -0.404450 0.329224
v -0.122149 -0.428781 0.313340
v -0.134854 -0.423064 0.312107
v -0.128145 -0.441048 0.301815
v -0.126411 -0.385843 0.343100
v -0.133423 -0.365869 0.354680
v -0.134785 -0.345074 0.369268
v -0.145355 -0.327293 0.378234
v -0.133693 -0.327728 0.382472
v -0.135534 -0.441753 0.297988
v -0.198180 -0.356448 0.329544
v -0.210771 -0.352596 0.324658
v -0.150651 -0.448676 0.284960
v -0.182028 -0.431569 0.280061
v -0.181898 -0.444263 0.269769
v -0.172511 -0.448844 0.272143
v -0.193241 -0.422215 0.280193
v -0.213344 -0.367732 0.310871
v -0.219833 -0.351984 0.319071
v -0.198051 -0.385949 0.306449
v -0.142093 -0.448732 0.289322
v -0.133370 -0.448690 0.293607
v -0.167578 -0.452759 0.271768
v -0.159379 -0.453054 0.276361
v -0.201709 -0.398764 0.293440
v -0.196737 -0.423343 0.276799
v -0.189988 -0.444703 0.263657
v -0.185406 -0.448795 0.263465
v -0.214667 -0.397462 0.284869
v -0.202980 -0.423153 0.272326
v -0.198230 -0.446527 0.255810
v -0.247681 -0.332692 0.313967
v -0.241564 -0.362458 0.293701
v -0.229749 -0.364673 0.301308
v -0.211133 -0.433505 0.256830
v -0.220083 -0.441363 0.241982
v -0.207134 -0.448917 0.246308
v -0.211766 -0.453489 0.237946
v -0.223578 -0.449150 0.231434
v -0.226241 -0.435641 0.241684
v -0.237687 -0.423357 0.242311
v -0.224355 -0.422963 0.254894
v -0.239570 -0.395549 0.265761
v -0.250463 -0.391342 0.259402
v -0.254747 -0.377810 0.268011
v -0.257283 -0.363081 0.279153
v -0.245900 -0.377594 0.276447
v -0.233397 -0.390453 0.275830
v -0.249093 -0.362418 0.287192
v -0.256287 -0.332671 0.306711
v -0.267155 -0.331900 0.297726
v -0.210623 -0.421078 0.268082
v -0.224297 -0.393816 0.280424
v -0.217019 -0.381577 0.296621
v -0.221058 -0.363545 0.308821
v -0.197990 -0.452816 0.250216
v -0.272087 -0.345504 0.281031
v -0.124401 -0.448519 0.297792
v -0.149906 -0.453518 0.281123
v -0.113378 -0.413274 0.328047
v -0.124443 -0.328814 0.385026
v -0.122815 -0.345232 0.373602
v -0.117091 -0.370302 0.357624
v -0.115865 -0.388158 0.345373
v -0.098877 -0.431784 0.319793
v -0.112033 -0.443907 0.306236
v -0.102438 -0.448411 0.306361
v -0.112202 -0.448919 0.302427
v -0.114887 -0.427385 0.317208
v -0.118114 -0.323017 0.391204
v -0.109415 -0.317580 0.397642
v -0.134664 -0.452987 0.289269
v -0.182362 -0.453248 0.261440
v -0.124914 -0.453119 0.293692
v -0.115736 -0.452875 0.297801
v -0.103435 -0.392491 0.346441
v -0.097879 -0.422038 0.327103
v -0.090511 -0.429364 0.324233
v -0.091551 -0.441722 0.314887
v -0.112134 -0.342851 0.378861
v -0.108165 -0.327756 0.390933
v -0.099132 -0.320999 0.398266
v -0.102228 -0.314337 0.401907
v -0.103403 -0.344760 0.380142
v -0.108883 -0.364999 0.364144
v -0.095087 -0.395714 0.346722
v -0.103238 -0.453097 0.302311
v -0.167516 -0.457091 0.267406
v -0.151004 -0.457527 0.276507
v -0.083209 -0.403036 0.344899
v -0.083817 -0.429450 0.326143
v -0.096040 -0.344316 0.382555
v -0.090576 -0.371768 0.364796
v -0.142472 -0.457573 0.280875
v -0.159177 -0.459456 0.269772
v -0.085051 -0.446682 0.313160
v -0.090156 -0.453067 0.306603
v -0.077401 -0.435394 0.323600
v -0.124981 -0.457474 0.289403
v -0.184165 -0.457345 0.255804
v -0.197851 -0.457082 0.245783
v -0.207079 -0.457499 0.237618
v -0.115842 -0.457284 0.293524
v -0.104514 -0.457286 0.297850
v -0.090781 -0.312215 0.406284
v -0.086193 -0.323250 0.399994
v -0.078309 -0.316020 0.406679
v -0.081326 -0.310018 0.409904
v -0.083760 -0.303608 0.413047
v -0.075399 -0.448064 0.314718
v -0.085516 -0.344265 0.385216
v -0.078220 -0.328774 0.397936
v -0.081471 -0.370430 0.367995
v -0.072371 -0.391356 0.355635
v -0.069104 -0.415307 0.339779
v -0.069934 -0.431770 0.328030
v -0.074247 -0.357152 0.378748
v -0.070656 -0.341787 0.390204
v -0.071082 -0.324576 0.402329
v -0.073307 -0.453204 0.311038
v -0.169730 -0.461468 0.260954
v -0.276417 -0.345523 0.276735
v -0.067244 -0.444330 0.319495
v -0.222608 -0.453047 0.228330
v -0.232086 -0.441761 0.230251
v -0.243126 -0.426490 0.233728
v -0.233623 -0.449509 0.221028
v -0.249307 -0.411156 0.242072
v -0.256572 -0.391527 0.253122
v -0.271416 -0.363135 0.265248
v -0.230720 -0.453051 0.220225
v -0.187457 -0.461703 0.248273
v -0.160491 -0.470924 0.255462
v -0.090385 -0.457467 0.302350
v -0.075875 -0.457311 0.306515
v -0.146327 -0.470239 0.264356
v -0.150300 -0.476844 0.254244
v -0.142546 -0.477293 0.258023
v -0.215997 -0.457709 0.229249
v -0.174530 -0.484157 0.228729
v -0.163741 -0.496275 0.220233
v -0.161705 -0.487705 0.233271
v -0.172841 -0.474942 0.242155
v -0.180314 -0.476518 0.234542
v -0.184076 -0.470407 0.239720
v -0.168455 -0.470583 0.250732
v -0.151581 -0.482357 0.246607
v -0.155899 -0.487503 0.237333
v -0.133775 -0.466553 0.275011
v -0.124983 -0.467875 0.277696
v -0.125464 -0.479757 0.263677
v -0.118575 -0.470953 0.277052
v -0.133279 -0.476814 0.263387
v -0.132706 -0.486819 0.251600
v -0.104316 -0.461472 0.293358
v -0.108752 -0.470788 0.281177
v -0.091314 -0.461487 0.297694
v -0.060288 -0.403474 0.349839
v -0.060292 -0.376011 0.368600
v -0.065741 -0.358543 0.379476
v -0.058131 -0.421313 0.337845
v -0.056686 -0.435557 0.328036
v -0.200657 -0.461848 0.237655
v -0.190586 -0.470935 0.233941
v -0.061367 -0.451134 0.315409
v -0.067572 -0.311852 0.411456
v -0.068746 -0.306333 0.414613
v -0.060288 -0.320669 0.406919
v -0.060605 -0.332269 0.398820
v -0.053812 -0.329915 0.401536
v -0.053812 -0.316059 0.411010
v -0.043018 -0.325690 0.405879
v -0.056954 -0.353703 0.384296
v -0.046423 -0.351337 0.387546
v -0.056423 -0.310203 0.414340
v -0.052762 -0.398901 0.354365
v -0.047614 -0.409041 0.348252
v -0.047631 -0.427948 0.335018
v -0.074186 -0.301622 0.416043
v -0.047624 -0.448928 0.319705
v -0.046661 -0.444009 0.323579
v -0.045196 -0.390385 0.361409
v -0.050040 -0.367703 0.375879
v -0.038700 -0.379105 0.369941
v -0.039780 -0.360881 0.381887
v -0.037640 -0.439785 0.327970
v -0.037274 -0.426863 0.337284
v -0.036541 -0.409511 0.349534
v -0.031144 -0.391863 0.362237
v -0.030065 -0.379049 0.370978
v -0.030126 -0.355197 0.386762
v -0.036635 -0.342352 0.394983
v -0.062986 -0.454942 0.311719
v -0.052044 -0.453264 0.315409
v -0.120299 -0.496205 0.246060
v -0.113683 -0.488151 0.258861
v -0.107772 -0.481126 0.269595
v -0.102730 -0.491816 0.258937
v -0.094978 -0.483199 0.271921
v -0.087709 -0.479464 0.278563
v -0.141279 -0.492081 0.240369
v -0.133889 -0.500766 0.233419
v -0.124599 -0.504820 0.233074
v -0.142111 -0.500587 0.228862
v -0.055489 -0.457416 0.310937
v -0.081876 -0.461761 0.300165
v -0.070036 -0.462199 0.302797
v -0.056683 -0.461563 0.306429
v -0.260330 -0.395284 0.245557
v -0.242805 -0.440064 0.220453
v -0.241917 -0.449183 0.212060
v -0.252160 -0.417522 0.232722
v -0.262115 -0.403692 0.235221
v -0.276642 -0.384642 0.238179
v -0.224676 -0.457747 0.220676
v -0.208866 -0.461570 0.230805
v -0.153337 -0.497349 0.225945
v -0.146402 -0.504887 0.220200
v -0.154903 -0.506974 0.211457
v -0.108350 -0.505244 0.240093
v -0.100129 -0.509631 0.238018
v -0.110665 -0.509564 0.233620
v -0.195469 -0.472462 0.227681
v -0.183398 -0.483051 0.223090
v -0.181386 -0.492170 0.211900
v -0.166317 -0.500811 0.211900
v -0.200176 -0.475729 0.218818
v -0.211976 -0.466529 0.220908
v -0.218733 -0.461664 0.221208
v -0.124581 -0.517755 0.215772
v -0.135353 -0.517732 0.209254
v -0.084343 -0.489767 0.267709
v -0.089268 -0.495959 0.258722
v -0.094342 -0.503824 0.247342
v -0.072083 -0.502522 0.255961
v -0.068159 -0.518268 0.238010
v -0.084646 -0.515960 0.235674
v -0.068340 -0.522137 0.233137
v -0.081504 -0.522171 0.228863
v -0.092307 -0.521894 0.225268
v -0.102034 -0.514347 0.231211
v -0.103410 -0.522250 0.220330
v -0.070291 -0.492129 0.269034
v -0.073786 -0.485847 0.275409
v -0.063639 -0.482661 0.281645
v -0.062392 -0.489631 0.274027
v -0.052782 -0.470430 0.297515
v -0.053812 -0.486962 0.278993
v -0.112213 -0.522308 0.216094
v -0.030065 -0.446863 0.323572
v -0.057016 -0.301881 0.418869
v -0.049297 -0.303976 0.418817
v -0.231043 -0.457669 0.214104
v -0.161715 -0.509298 0.203057
v -0.150748 -0.517846 0.198614
v -0.144405 -0.522235 0.196562
v -0.030065 -0.452517 0.319092
v -0.030065 -0.435259 0.332143
v -0.237654 -0.453508 0.212114
v -0.168722 -0.505278 0.203496
v -0.040859 -0.457491 0.313195
v -0.124764 -0.522149 0.209387
v -0.034383 -0.319930 0.410716
v -0.037621 -0.313144 0.414807
v -0.065112 -0.295986 0.420245
v -0.021449 -0.439188 0.330079
v -0.021430 -0.448142 0.323413
v -0.028044 -0.408654 0.351042
v -0.020320 -0.392625 0.362754
v -0.021390 -0.379648 0.371376
v -0.021430 -0.420360 0.343441
v -0.039371 -0.306115 0.418812
v -0.024668 -0.321562 0.410361
v -0.021360 -0.341943 0.396533
v -0.020890 -0.360420 0.383976
v -0.016965 -0.453176 0.319649
v -0.207753 -0.475219 0.212370
v -0.054641 -0.512798 0.248164
v -0.049958 -0.522351 0.237728
v -0.044097 -0.468823 0.300799
v -0.024841 -0.457348 0.315189
v -0.025747 -0.492022 0.277540
v -0.035195 -0.495058 0.272985
v -0.027314 -0.500055 0.268296
v -0.039137 -0.485632 0.283017
v -0.032224 -0.470639 0.300433
v -0.044097 -0.489389 0.278079
v -0.049494 -0.494156 0.271574
v -0.043018 -0.518166 0.244366
v -0.038700 -0.501650 0.264752
v -0.035828 -0.515839 0.248475
v -0.025747 -0.508457 0.258682
v -0.025747 -0.518436 0.246846
v -0.012432 -0.405517 0.354377
v -0.014954 -0.424567 0.340869
v -0.010636 -0.443012 0.327951
v -0.009557 -0.433679 0.334717
v -0.009557 -0.448599 0.323767
v -0.025415 -0.314996 0.414626
v -0.030760 -0.306767 0.419178
v -0.033303 -0.461213 0.310385
v -0.047335 -0.298311 0.421831
v -0.181395 -0.500811 0.198967
v -0.168594 -0.513842 0.190461
v -0.192740 -0.494004 0.198447
v -0.159246 -0.522092 0.185525
v -0.137831 -0.526516 0.194333
v -0.124672 -0.526450 0.202864
v -0.089668 -0.526374 0.220035
v -0.099036 -0.526555 0.215990
v -0.016033 -0.332035 0.403685
v -0.008477 -0.347435 0.393358
v -0.006318 -0.329646 0.405675
v -0.012795 -0.321161 0.411186
v -0.010096 -0.367574 0.379884
v -0.006318 -0.393166 0.363122
v -0.008477 -0.380202 0.371743
v -0.078340 -0.526289 0.224242
v -0.066764 -0.526065 0.228244
v -0.049494 -0.526170 0.232710
v -0.112124 -0.526592 0.209571
v -0.036570 -0.297752 0.423250
v -0.212038 -0.475206 0.208061
v -0.232545 -0.461490 0.206889
v -0.220458 -0.475071 0.199236
v -0.054061 -0.291854 0.423584
v -0.021496 -0.461755 0.310952
v -0.008477 -0.315522 0.414956
v -0.004160 -0.419871 0.344584
v 0.000158 -0.393234 0.363168
v 0.001237 -0.406754 0.353832
v -0.002001 -0.377611 0.373620
v 0.000158 -0.443239 0.328119
v 0.004475 -0.435154 0.333917
v 0.000158 -0.448777 0.323904
v -0.002001 -0.453529 0.319962
v -0.017112 -0.307955 0.419241
v -0.003080 -0.308842 0.419127
v -0.008477 -0.457859 0.315694
v -0.009557 -0.462086 0.311301
v -0.005592 -0.470507 0.302442
v -0.013334 -0.484882 0.286307
v -0.002001 -0.494307 0.276598
v -0.017112 -0.470245 0.302158
v 0.000158 -0.462220 0.311442
v 0.000158 -0.503265 0.266715
v -0.011193 -0.507287 0.261521
v -0.004160 -0.511474 0.257056
v -0.009557 -0.498979 0.271057
v -0.018192 -0.516488 0.250021
v -0.034383 -0.523223 0.239611
v -0.043446 -0.526648 0.233396
v 0.000698 -0.358950 0.385751
v 0.003126 -0.337933 0.400046
v 0.000158 -0.322712 0.410410
v -0.017112 -0.302731 0.422085
v -0.021430 -0.295595 0.425243
v -0.004160 -0.302925 0.422373
v -0.163791 -0.522204 0.181389
v -0.152789 -0.526440 0.183393
v -0.198049 -0.496100 0.189700
v -0.215048 -0.484776 0.189520
v -0.172073 -0.517667 0.181023
v -0.181123 -0.509279 0.185755
v -0.252682 -0.429779 0.219600
v -0.254350 -0.435653 0.211431
v -0.247987 -0.448737 0.205094
v -0.268094 -0.409065 0.222633
v -0.279719 -0.396753 0.221501
v -0.272371 -0.414252 0.211796
v -0.239300 -0.457358 0.205038
v 0.005555 -0.457972 0.315805
v -0.243755 -0.453153 0.205204
v 0.008793 -0.315571 0.414985
v 0.005015 -0.308831 0.419120
v 0.009872 -0.453465 0.319905
v 0.009872 -0.448693 0.323839
v 0.004475 -0.376240 0.374507
v 0.013111 -0.431089 0.336573
v 0.012031 -0.443632 0.327617
v 0.022187 -0.435966 0.332646
v 0.012950 -0.405416 0.354494
v 0.010952 -0.389866 0.365236
v 0.013111 -0.377405 0.373483
v 0.010952 -0.362993 0.382923
v 0.017428 -0.321943 0.410614
v 0.014149 -0.347248 0.393411
v -0.038700 -0.291277 0.425652
v -0.024012 -0.289719 0.427368
v -0.023589 -0.526254 0.237151
v -0.012795 -0.521155 0.244731
v -0.004160 -0.522170 0.243981
v -0.120000 -0.530693 0.198358
v -0.111537 -0.530756 0.202795
v -0.133363 -0.530797 0.189914
v -0.170349 -0.522246 0.174982
v 0.004475 -0.470553 0.302491
v 0.008793 -0.492230 0.278847
v 0.010412 -0.502411 0.267504
v -0.069810 -0.530724 0.220029
v -0.093850 -0.530687 0.211303
v -0.187017 -0.507801 0.181938
v -0.176728 -0.522185 0.168395
v -0.200352 -0.498350 0.183364
v -0.207218 -0.500769 0.170872
v -0.188440 -0.518603 0.161213
v -0.220105 -0.483457 0.185895
v -0.220372 -0.487967 0.177611
v -0.215642 -0.496307 0.168440
v -0.231931 -0.473710 0.187985
v -0.051816 -0.530926 0.224712
v 0.023904 -0.315185 0.414743
v 0.015269 -0.308638 0.419008
v 0.002317 -0.513537 0.254782
v 0.002317 -0.520283 0.246479
v 0.008793 -0.509495 0.259430
v 0.013111 -0.462099 0.311316
v 0.022969 -0.453062 0.319554
v 0.022825 -0.447960 0.323687
v 0.024989 -0.334012 0.402005
v 0.032540 -0.320230 0.410915
v 0.024984 -0.359989 0.384175
v 0.020979 -0.387847 0.366049
v 0.026063 -0.379503 0.371278
v 0.023904 -0.405284 0.353917
v -0.005239 -0.295595 0.425793
v 0.025861 -0.457487 0.315324
v 0.028222 -0.461648 0.310838
v 0.024975 -0.470352 0.301737
v 0.017428 -0.494348 0.276106
v -0.054891 -0.286960 0.425104
v 0.008793 -0.300451 0.423534
v -0.004160 -0.526793 0.237912
v 0.023904 -0.306492 0.419860
v 0.021746 -0.300014 0.423323
v -0.165131 -0.526654 0.171924
v -0.245918 -0.457473 0.196582
v -0.245865 -0.461758 0.190023
v -0.237538 -0.470632 0.186115
v -0.228735 -0.485616 0.170772
v 0.032540 -0.339154 0.397878
v 0.045354 -0.319275 0.410280
v 0.044477 -0.327057 0.405047
v 0.037344 -0.362890 0.381119
v 0.030955 -0.438238 0.330179
v 0.034698 -0.445841 0.324134
v 0.030575 -0.422489 0.341355
v 0.036820 -0.414945 0.345904
v 0.030521 -0.392305 0.362200
v 0.043918 -0.408278 0.349612
v 0.037009 -0.381201 0.368996
v 0.046748 -0.386100 0.364385
v 0.044067 -0.360107 0.382163
v 0.060926 -0.359893 0.379812
v 0.075163 -0.418451 0.336792
v 0.062542 -0.426231 0.334057
v 0.072889 -0.431388 0.328142
v 0.057762 -0.435743 0.328169
v 0.065050 -0.444945 0.319957
v 0.064912 -0.402710 0.349865
v 0.073268 -0.371912 0.369283
v 0.082189 -0.383051 0.359587
v 0.086473 -0.352101 0.380038
v 0.075667 -0.351641 0.382729
v 0.080033 -0.331945 0.395732
v 0.091056 -0.321804 0.400285
v 0.099462 -0.332754 0.390456
v 0.100221 -0.322065 0.397757
v 0.101934 -0.343314 0.382224
v 0.080032 -0.320081 0.403988
v 0.064921 -0.377034 0.367480
v 0.054959 -0.418324 0.341025
v 0.053663 -0.392632 0.358831
v 0.041452 -0.430464 0.334489
v 0.051015 -0.431391 0.332462
v 0.046064 -0.443034 0.324734
v 0.055248 -0.448330 0.319242
v 0.038817 -0.313204 0.414842
v 0.038653 -0.306330 0.418930
v 0.037937 -0.451042 0.319654
v 0.051803 -0.453500 0.315614
v 0.039016 -0.455636 0.315576
v -0.032224 -0.287125 0.427651
v 0.010412 -0.295595 0.425672
v 0.010952 -0.517372 0.249870
v 0.010952 -0.522961 0.242830
v 0.022000 -0.505127 0.263680
v 0.026063 -0.493009 0.276897
v 0.019493 -0.511667 0.256212
v 0.004475 -0.526824 0.237953
v 0.030381 -0.302392 0.421618
v 0.023904 -0.518787 0.247292
v 0.036857 -0.467967 0.303114
v 0.032540 -0.490349 0.279151
v 0.043334 -0.460486 0.310207
v 0.057123 -0.310443 0.414486
v 0.057366 -0.317055 0.410231
v 0.056815 -0.324570 0.405173
v 0.047710 -0.345883 0.391510
v 0.058423 -0.346042 0.389868
v 0.069239 -0.325112 0.402711
v 0.067651 -0.314144 0.410450
v 0.056645 -0.457572 0.311089
v 0.032396 -0.503724 0.264114
v 0.034698 -0.516308 0.249041
v -0.021430 -0.531259 0.229595
v -0.004160 -0.530421 0.232493
v 0.014471 -0.526681 0.237756
v 0.051229 -0.303972 0.418820
v 0.029301 -0.295595 0.424851
v 0.044100 -0.298482 0.422295
v 0.044191 -0.478549 0.290517
v 0.052339 -0.468416 0.300355
v 0.046572 -0.503511 0.262152
v 0.043209 -0.515743 0.248357
v 0.043334 -0.495512 0.271819
v 0.032614 -0.522275 0.241949
v 0.028222 -0.526276 0.237181
v 0.060604 -0.307846 0.415477
v 0.063842 -0.451111 0.315390
v 0.064921 -0.455608 0.311237
v 0.056286 -0.487925 0.277990
v 0.071953 -0.306164 0.414524
v 0.064921 -0.461016 0.305855
v 0.031162 -0.290696 0.426617
v 0.062003 -0.300373 0.419171
v -0.176797 -0.526549 0.159834
v 0.058373 -0.498682 0.265338
v 0.045362 -0.521844 0.240315
v 0.039016 -0.526434 0.235268
v 0.077401 -0.457380 0.306582
v 0.075587 -0.453141 0.310987
v 0.051053 -0.509952 0.253706
v 0.060436 -0.517914 0.241896
v 0.057619 -0.509634 0.252583
v 0.065725 -0.475447 0.289823
v 0.072055 -0.464074 0.300870
v 0.065871 -0.491855 0.271413
v 0.081388 -0.310355 0.410114
v 0.088905 -0.313972 0.406031
v 0.074761 -0.448166 0.315212
v 0.079855 -0.437852 0.321654
v 0.068389 -0.298179 0.419157
v 0.079758 -0.422862 0.332538
v 0.093047 -0.367698 0.367489
v 0.097303 -0.388311 0.351966
v 0.089229 -0.418872 0.332769
v 0.087106 -0.431911 0.323999
v -0.252546 -0.453306 0.193544
v -0.256468 -0.448558 0.194088
v -0.190148 -0.522482 0.151713
v 0.080033 -0.466946 0.295611
v 0.078095 -0.492101 0.267912
v 0.073501 -0.500666 0.259196
v 0.082142 -0.302049 0.414633
v 0.090767 -0.306363 0.410312
v 0.052421 -0.526256 0.232834
v 0.061374 -0.522241 0.235977
v 0.091087 -0.457584 0.302469
v 0.091056 -0.463832 0.295746
v 0.088668 -0.483506 0.274432
v 0.091902 -0.452978 0.306530
v 0.088253 -0.445911 0.313253
v -0.269251 -0.430303 0.197679
v -0.254320 -0.457263 0.185428
v 0.109532 -0.311406 0.402137
v 0.106849 -0.306331 0.405986
v 0.108128 -0.319356 0.397383
v 0.103954 -0.370430 0.362434
v 0.113096 -0.324607 0.392237
v 0.113569 -0.343471 0.378627
v 0.094280 -0.430053 0.323193
v 0.093552 -0.442426 0.314290
v 0.108015 -0.380903 0.353804
v 0.114790 -0.370001 0.359170
v 0.125808 -0.336051 0.379800
v 0.120913 -0.322141 0.391346
v 0.116597 -0.386041 0.347208
v 0.121687 -0.365273 0.360053
v 0.127599 -0.390166 0.340018
v 0.117012 -0.408615 0.330788
v 0.132980 -0.369664 0.352562
v 0.141513 -0.357042 0.358259
v 0.143275 -0.374386 0.344816
v 0.134063 -0.340892 0.373229
v 0.137288 -0.416770 0.316362
v 0.125059 -0.431426 0.310893
v 0.138438 -0.440306 0.298125
v 0.127929 -0.446626 0.298002
v 0.126182 -0.418361 0.320061
v 0.134741 -0.401810 0.328611
v 0.142125 -0.395796 0.329780
v 0.115713 -0.431069 0.314950
v 0.108235 -0.421338 0.324858
v 0.103827 -0.435440 0.316066
v 0.113525 -0.448789 0.302331
v 0.103051 -0.448550 0.306456
v 0.108310 -0.399361 0.340590
v 0.100251 -0.411205 0.334809
v 0.132707 -0.324449 0.385489
v 0.141894 -0.321227 0.384231
v 0.143889 -0.337328 0.371994
v 0.107906 -0.299656 0.409180
v 0.105419 -0.457311 0.297877
v 0.105231 -0.452878 0.302128
v 0.100487 -0.463858 0.292537
v 0.090455 -0.496253 0.259080
v 0.086645 -0.500718 0.254942
v 0.095164 -0.479975 0.276260
v 0.094092 -0.491722 0.263151
v 0.107679 -0.470744 0.282207
v 0.107804 -0.483311 0.267732
v 0.072569 -0.518148 0.237877
v 0.065669 -0.526305 0.229146
v 0.117769 -0.315157 0.397110
v 0.082303 -0.522298 0.229031
v 0.077998 -0.526615 0.224716
v 0.120822 -0.306253 0.401614
v 0.127329 -0.312896 0.395238
v 0.142107 -0.314710 0.388534
v 0.116206 -0.452944 0.297861
v 0.116368 -0.457361 0.293607
v 0.095224 -0.505022 0.246292
v 0.102869 -0.496065 0.254526
v 0.121023 -0.297734 0.406000
v 0.121479 -0.470626 0.276678
v 0.114926 -0.487856 0.259364
v 0.125520 -0.457567 0.289502
v 0.113064 -0.494097 0.252597
v 0.130269 -0.453155 0.291574
v 0.133811 -0.448759 0.293664
v 0.094478 -0.522049 0.224383
v 0.104396 -0.505208 0.242214
v 0.120005 -0.500287 0.241428
v 0.122572 -0.494035 0.248201
v 0.108834 -0.512463 0.230530
v 0.107790 -0.522159 0.218045
v 0.090348 -0.526446 0.220152
v 0.129353 -0.304381 0.399620
v 0.143040 -0.306662 0.393219
v 0.130780 -0.466600 0.277012
v 0.128378 -0.483719 0.257965
v 0.133785 -0.487635 0.250460
v -0.215703 -0.500667 0.159883
v -0.238550 -0.478137 0.170937
v -0.248203 -0.464062 0.182724
v 0.151308 -0.318584 0.382121
v 0.155610 -0.328051 0.373679
v 0.139464 -0.457533 0.282997
v 0.142757 -0.461875 0.276543
v 0.153460 -0.342533 0.363918
v 0.165882 -0.355878 0.347869
v 0.153200 -0.369398 0.343918
v 0.168041 -0.372211 0.334546
v 0.158689 -0.350552 0.355373
v 0.167070 -0.334009 0.363985
v 0.166159 -0.324599 0.371367
v 0.160155 -0.410598 0.309680
v 0.157371 -0.428100 0.297870
v 0.169700 -0.410755 0.304408
v 0.166704 -0.392964 0.319825
v 0.178436 -0.387856 0.317240
v 0.177196 -0.372048 0.329793
v 0.163872 -0.383864 0.328113
v 0.178447 -0.354420 0.342522
v 0.177120 -0.334468 0.358560
v 0.175703 -0.321217 0.369111
v 0.154456 -0.401437 0.319702
v 0.143925 -0.419645 0.311030
v 0.149072 -0.392928 0.328666
v 0.144652 -0.434019 0.299888
v 0.142276 -0.446488 0.291418
v 0.155518 -0.440183 0.289395
v 0.155575 -0.309750 0.386066
v 0.160427 -0.315376 0.380336
v 0.168969 -0.316735 0.375485
v 0.144227 -0.478026 0.256524
v 0.151165 -0.461770 0.272104
v 0.147031 -0.453361 0.283136
v 0.155194 -0.448601 0.282736
v 0.151470 -0.303852 0.391302
v 0.120898 -0.509123 0.229005
v 0.120623 -0.522104 0.211478
v 0.166183 -0.308397 0.382170
v 0.179718 -0.311664 0.373549
v 0.183614 -0.318234 0.367130
v 0.129428 -0.496256 0.241803
v 0.134009 -0.500682 0.233310
v 0.112194 -0.526510 0.209438
v 0.162118 -0.299962 0.388763
v 0.170865 -0.304367 0.382340
v 0.179549 -0.304419 0.378051
v 0.156056 -0.457398 0.274223
v 0.140657 -0.487806 0.246358
v 0.150928 -0.481303 0.248483
v 0.159046 -0.471124 0.256233
v 0.159441 -0.461589 0.267572
v 0.144805 -0.494206 0.235470
v 0.163095 -0.453144 0.274292
v 0.164707 -0.449209 0.276767
v 0.185911 -0.336109 0.352591
v 0.186208 -0.363774 0.331049
v 0.186069 -0.384307 0.315493
v 0.195764 -0.359096 0.329082
v 0.199925 -0.343149 0.339138
v 0.200357 -0.327424 0.350952
v 0.190116 -0.319330 0.362825
v 0.167209 -0.429250 0.291445
v 0.173403 -0.441251 0.278001
v 0.172799 -0.448823 0.272125
v 0.177549 -0.444842 0.272407
v 0.185327 -0.418263 0.289124
v 0.183169 -0.401038 0.304134
v 0.189475 -0.387904 0.310614
v 0.210926 -0.352212 0.325066
v 0.206249 -0.340437 0.337391
v 0.210022 -0.327828 0.344781
v 0.170906 -0.457229 0.265411
v 0.191632 -0.312313 0.366788
v 0.178761 -0.297184 0.382215
v 0.164915 -0.474576 0.248164
v 0.172720 -0.461745 0.259120
v 0.153884 -0.487952 0.237922
v 0.170577 -0.477370 0.240725
v 0.160688 -0.489733 0.230933
v 0.173736 -0.483884 0.229649
v 0.180386 -0.472537 0.240215
v 0.186821 -0.472571 0.235406
v 0.149043 -0.498484 0.226782
v 0.138944 -0.505121 0.224034
v 0.129833 -0.518016 0.211808
v 0.136428 -0.522393 0.201115
v 0.175718 -0.453516 0.266014
v 0.198403 -0.306035 0.366943
v 0.189722 -0.301659 0.374237
v 0.206583 -0.318637 0.353710
v 0.202039 -0.311310 0.361445
v 0.220932 -0.328473 0.337318
v 0.216604 -0.354289 0.319610
v 0.231276 -0.328095 0.330547
v 0.199181 -0.391159 0.301723
v 0.218408 -0.319521 0.345699
v 0.183404 -0.457343 0.256882
v 0.180604 -0.461307 0.254273
v 0.150808 -0.503116 0.218841
v 0.163297 -0.494279 0.222622
v 0.146855 -0.516817 0.201928
v 0.149103 -0.522265 0.192285
v 0.187369 -0.463409 0.246757
v 0.211882 -0.306547 0.358616
v 0.220741 -0.311074 0.350132
v 0.202662 -0.300576 0.367567
v 0.213503 -0.301170 0.360775
v 0.185847 -0.451050 0.261395
v 0.192198 -0.453095 0.254819
v 0.189248 -0.434701 0.272918
v 0.196409 -0.414159 0.284976
v 0.208948 -0.390502 0.295456
v 0.225388 -0.353431 0.314081
v 0.203081 -0.418643 0.276480
v 0.190355 -0.444745 0.263694
v 0.231363 -0.319533 0.337077
v 0.228709 -0.310430 0.345377
v 0.191476 -0.472772 0.231364
v 0.182044 -0.483118 0.224243
v 0.170235 -0.493954 0.217830
v 0.166092 -0.504975 0.204678
v 0.157705 -0.522236 0.185764
v 0.195181 -0.457251 0.248146
v 0.198568 -0.463846 0.237453
v 0.198850 -0.468352 0.231217
v 0.198268 -0.448442 0.254507
v 0.208010 -0.426248 0.266228
v 0.236316 -0.312092 0.338922
v 0.236826 -0.339045 0.317461
v 0.246150 -0.327871 0.319570
v 0.242505 -0.319904 0.328720
v 0.225816 -0.367882 0.301649
v 0.240690 -0.348329 0.306563
v 0.231742 -0.370922 0.294287
v 0.219454 -0.388051 0.289573
v 0.228096 -0.383195 0.286771
v 0.217139 -0.411391 0.271619
v 0.207546 -0.457608 0.237747
v 0.206866 -0.453182 0.243027
v 0.168459 -0.516700 0.185152
v 0.186674 -0.487608 0.213694
v 0.196071 -0.477269 0.220842
v 0.209458 -0.437981 0.254810
v 0.209358 -0.461685 0.230964
v -0.230105 -0.489747 0.160694
v 0.180371 -0.501727 0.197645
v 0.212170 -0.449284 0.242327
v 0.207412 -0.470463 0.220364
v -0.250130 -0.470349 0.168335
v 0.254947 -0.321552 0.317545
v 0.198576 -0.483303 0.209392
v 0.210496 -0.473416 0.212922
v 0.237899 -0.372633 0.287540
v 0.247626 -0.361216 0.289019
v 0.232474 -0.394334 0.273528
v 0.224589 -0.418565 0.259141
v 0.222213 -0.435613 0.245986
v 0.219571 -0.448111 0.236913
v 0.255623 -0.333018 0.307334
v 0.262764 -0.326135 0.306976
v 0.258769 -0.338330 0.299830
v 0.216461 -0.457822 0.229396
v 0.219610 -0.453455 0.231452
v 0.265472 -0.339630 0.292472
v 0.183230 -0.507879 0.185386
v 0.200918 -0.492038 0.193360
v 0.191165 -0.503452 0.184690
v 0.235310 -0.405536 0.261232
v 0.246165 -0.373744 0.279117
v 0.244839 -0.395092 0.261716
v 0.239654 -0.409472 0.253695
v 0.240763 -0.418822 0.243996
v 0.220290 -0.461777 0.220289
v 0.222943 -0.457838 0.222953
v 0.214421 -0.476748 0.203645
v 0.209724 -0.492153 0.183836
v 0.220843 -0.475116 0.199308
v 0.200979 -0.498555 0.182638
v 0.262925 -0.355159 0.280375
v 0.264143 -0.362161 0.272654
v 0.229595 -0.453745 0.221012
v -0.262943 -0.457251 0.172435
v -0.263091 -0.461718 0.164015
v -0.230607 -0.494036 0.150908
v -0.232837 -0.496246 0.142367
v -0.217526 -0.511140 0.134664
v -0.218287 -0.503786 0.149518
v -0.242380 -0.479683 0.162066
v -0.259154 -0.453436 0.184038
v -0.267283 -0.452917 0.172465
v 0.251565 -0.393180 0.256963
v 0.249467 -0.401342 0.251625
v 0.230807 -0.461557 0.209160
v 0.228599 -0.470168 0.198310
v 0.231353 -0.457674 0.214108
v -0.264895 -0.446138 0.185096
v -0.271705 -0.444374 0.176950
v -0.271432 -0.448365 0.172183
v 0.205149 -0.498459 0.178153
v -0.282162 -0.418117 0.193609
v -0.267604 -0.457571 0.164350
v 0.225956 -0.477933 0.188739
v 0.269947 -0.371187 0.258330
v 0.260467 -0.377668 0.261954
v -0.249629 -0.477291 0.154894
v -0.262943 -0.470229 0.146453
v -0.269581 -0.461730 0.152350
v -0.223020 -0.512778 0.120810
v -0.236127 -0.499522 0.128406
v -0.247024 -0.484491 0.143470
v 0.246174 -0.461751 0.190020
v 0.239513 -0.457256 0.204909
v -0.273973 -0.450981 0.164161
v -0.276083 -0.457417 0.148960
v -0.278302 -0.453146 0.152452
vt 0.499137 0.965321
vt 0.500863 0.968832
vt 0.500863 0.959175
vt 0.370642 0.161106
vt 0.369715 0.157594
vt 0.374029 0.157594
vt 0.577324 0.902985
vt 0.579109 0.910009
vt 0.586281 0.902985
vt 0.575927 0.909584
vt 0.508734 0.950395
vt 0.505177 0.944249
vt 0.512942 0.944249
vt 0.477533 0.230181
vt 0.475505 0.234597
vt 0.475688 0.228191
vt 0.473735 0.229585
vt 0.472568 0.233978
vt 0.472683 0.239088
vt 0.474411 0.240398
vt 0.470821 0.229966
vt 0.469769 0.238846
vt 0.468611 0.233825
vt 0.472052 0.224231
vt 0.474088 0.220027
vt 0.475908 0.221980
vt 0.472336 0.217157
vt 0.470354 0.219902
vt 0.469171 0.224589
vt 0.470868 0.244501
vt 0.466508 0.227343
vt 0.470586 0.214293
vt 0.472531 0.211588
vt 0.474359 0.211651
vt 0.476315 0.216198
vt 0.468614 0.216537
vt 0.470788 0.208753
vt 0.472701 0.206074
vt 0.474514 0.206136
vt 0.476974 0.207536
vt 0.468920 0.209131
vt 0.467148 0.239716
vt 0.466375 0.220195
vt 0.471884 0.202614
vt 0.469134 0.202725
vt 0.474649 0.200204
vt 0.472902 0.197874
vt 0.476438 0.200251
vt 0.478159 0.203942
vt 0.478677 0.221989
vt 0.478484 0.217599
vt 0.477962 0.213138
vt 0.469075 0.198250
vt 0.465993 0.214551
vt 0.466759 0.209953
vt 0.467055 0.204909
vt 0.468682 0.245406
vt 0.465341 0.237087
vt 0.464741 0.232115
vt 0.469389 0.192271
vt 0.472520 0.193284
vt 0.474605 0.192730
vt 0.476526 0.194798
vt 0.471263 0.188735
vt 0.473075 0.186995
vt 0.466476 0.198022
vt 0.464203 0.225793
vt 0.467109 0.191719
vt 0.465361 0.203441
vt 0.468588 0.185412
vt 0.463640 0.219114
vt 0.470757 0.184013
vt 0.464188 0.208663
vt 0.472434 0.181502
vt 0.475748 0.184801
vt 0.474888 0.181055
vt 0.476344 0.188795
vt 0.478249 0.198468
vt 0.478317 0.193464
vt 0.473256 0.177400
vt 0.467721 0.181746
vt 0.469051 0.177194
vt 0.470955 0.175125
vt 0.465817 0.185705
vt 0.464515 0.191750
vt 0.462900 0.214851
vt 0.463648 0.198120
vt 0.466900 0.178165
vt 0.463082 0.237508
vt 0.462470 0.203298
vt 0.461820 0.232832
vt 0.461200 0.225538
vt 0.463394 0.241749
vt 0.465185 0.245888
vt 0.460368 0.217988
vt 0.460204 0.210505
vt 0.460543 0.214247
vt 0.469561 0.170911
vt 0.464546 0.180390
vt 0.463797 0.184508
vt 0.461718 0.196333
vt 0.466721 0.170561
vt 0.472419 0.171447
vt 0.470926 0.167332
vt 0.465085 0.172593
vt 0.468206 0.167165
vt 0.460969 0.190003
vt 0.460953 0.239290
vt 0.459323 0.229856
vt 0.458386 0.203333
vt 0.459820 0.196005
vt 0.462699 0.175645
vt 0.462035 0.183125
vt 0.456996 0.224426
vt 0.458014 0.238223
vt 0.457156 0.233617
vt 0.455471 0.229454
vt 0.456855 0.215413
vt 0.462132 0.246413
vt 0.454810 0.210128
vt 0.466790 0.163372
vt 0.458292 0.190100
vt 0.458507 0.246609
vt 0.464412 0.165919
vt 0.455443 0.197198
vt 0.455210 0.202255
vt 0.462272 0.169529
vt 0.457349 0.185752
vt 0.468554 0.161614
vt 0.459241 0.179479
vt 0.459333 0.175148
vt 0.452999 0.192360
vt 0.450221 0.206028
vt 0.451334 0.201927
vt 0.453536 0.213774
vt 0.449783 0.210669
vt 0.453051 0.221460
vt 0.452838 0.227036
vt 0.456138 0.247283
vt 0.456308 0.241956
vt 0.451962 0.184395
vt 0.449326 0.194774
vt 0.448082 0.199945
vt 0.455475 0.180899
vt 0.456649 0.176143
vt 0.449457 0.214880
vt 0.454045 0.236030
vt 0.461126 0.164677
vt 0.463168 0.161398
vt 0.464849 0.159444
vt 0.459016 0.168750
vt 0.447948 0.191752
vt 0.447000 0.188019
vt 0.445644 0.197198
vt 0.443695 0.191383
vt 0.447110 0.207623
vt 0.445084 0.201814
vt 0.449515 0.223201
vt 0.449542 0.229108
vt 0.450202 0.236589
vt 0.446415 0.217954
vt 0.444801 0.213078
vt 0.445428 0.184109
vt 0.449173 0.179247
vt 0.450847 0.174516
vt 0.407807 0.206276
vt 0.419063 0.207592
vt 0.418651 0.211394
vt 0.408765 0.211720
vt 0.432544 0.209063
vt 0.429626 0.212102
vt 0.442833 0.207226
vt 0.439193 0.215651
vt 0.434248 0.204490
vt 0.434639 0.200745
vt 0.419637 0.201423
vt 0.412673 0.199656
vt 0.405400 0.201146
vt 0.406781 0.196962
vt 0.397214 0.197158
vt 0.421456 0.193991
vt 0.435148 0.196912
vt 0.433824 0.192348
vt 0.403530 0.192200
vt 0.417582 0.191569
vt 0.394350 0.193862
vt 0.392801 0.187825
vt 0.387151 0.189146
vt 0.409499 0.187183
vt 0.422426 0.188246
vt 0.435295 0.188530
vt 0.435016 0.182736
vt 0.418297 0.215212
vt 0.431448 0.217620
vt 0.421058 0.182940
vt 0.411396 0.181669
vt 0.396867 0.184438
vt 0.399012 0.181280
vt 0.393686 0.178583
vt 0.387335 0.180215
vt 0.386751 0.183336
vt 0.408631 0.218028
vt 0.444552 0.225357
vt 0.428828 0.223072
vt 0.416931 0.222322
vt 0.430737 0.179429
vt 0.442966 0.179634
vt 0.419952 0.179418
vt 0.410650 0.176261
vt 0.398302 0.175022
vt 0.444105 0.231414
vt 0.438304 0.231713
vt 0.429836 0.229517
vt 0.418985 0.228844
vt 0.444716 0.235208
vt 0.444899 0.238681
vt 0.428661 0.175225
vt 0.441503 0.173406
vt 0.430715 0.170252
vt 0.413046 0.172292
vt 0.439507 0.169285
vt 0.453088 0.165576
vt 0.449266 0.164936
vt 0.454402 0.169591
vt 0.402292 0.171756
vt 0.401712 0.167910
vt 0.414959 0.167516
vt 0.431962 0.165951
vt 0.396116 0.168580
vt 0.393765 0.174053
vt 0.385812 0.176548
vt 0.387199 0.172693
vt 0.391237 0.166991
vt 0.384544 0.180052
vt 0.457255 0.164422
vt 0.459423 0.160387
vt 0.427244 0.235029
vt 0.436829 0.237497
vt 0.450734 0.241024
vt 0.452785 0.244640
vt 0.447194 0.243601
vt 0.440281 0.241853
vt 0.384734 0.171025
vt 0.407734 0.163561
vt 0.397276 0.162506
vt 0.387176 0.165305
vt 0.402869 0.161864
vt 0.455656 0.158789
vt 0.450323 0.161066
vt 0.439599 0.157520
vt 0.442566 0.161790
vt 0.447963 0.153313
vt 0.452541 0.156317
vt 0.419995 0.151026
vt 0.411945 0.157446
vt 0.412763 0.151487
vt 0.402694 0.155854
vt 0.399373 0.158730
vt 0.426330 0.158428
vt 0.459096 0.155191
vt 0.456942 0.152841
vt 0.462988 0.155629
vt 0.460982 0.152539
vt 0.384806 0.163328
vt 0.382086 0.176521
vt 0.387863 0.159232
vt 0.384485 0.157883
vt 0.396036 0.155045
vt 0.400429 0.153612
vt 0.439390 0.150074
vt 0.412178 0.146166
vt 0.422271 0.146894
vt 0.382262 0.169630
vt 0.382202 0.162582
vt 0.450996 0.148663
vt 0.460738 0.147595
vt 0.455324 0.146996
vt 0.458866 0.144973
vt 0.452563 0.250077
vt 0.448955 0.249461
vt 0.444245 0.247151
vt 0.386370 0.151791
vt 0.384314 0.151936
vt 0.382026 0.156495
vt 0.381843 0.150585
vt 0.439239 0.145498
vt 0.426039 0.133531
vt 0.432736 0.136687
vt 0.425438 0.139797
vt 0.419371 0.137936
vt 0.415250 0.135960
vt 0.423704 0.129228
vt 0.418995 0.128754
vt 0.407997 0.132705
vt 0.402004 0.137335
vt 0.399516 0.131921
vt 0.410931 0.127614
vt 0.390704 0.133345
vt 0.413555 0.142315
vt 0.398216 0.142583
vt 0.390583 0.141723
vt 0.400497 0.146893
vt 0.387528 0.146447
vt 0.431181 0.142317
vt 0.386604 0.134853
vt 0.452516 0.143468
vt 0.445946 0.142142
vt 0.463795 0.151875
vt 0.457085 0.142283
vt 0.383908 0.144087
vt 0.385937 0.140955
vt 0.454627 0.138444
vt 0.449909 0.137764
vt 0.444423 0.136523
vt 0.444525 0.132023
vt 0.433517 0.130806
vt 0.431140 0.126841
vt 0.462088 0.145408
vt 0.462597 0.140374
vt 0.460505 0.138071
vt 0.457874 0.134249
vt 0.465357 0.147115
vt 0.381508 0.145432
vt 0.379517 0.169750
vt 0.464488 0.143365
vt 0.454469 0.129521
vt 0.450507 0.125609
vt 0.454613 0.125326
vt 0.452476 0.131911
vt 0.444379 0.126864
vt 0.438608 0.125576
vt 0.467156 0.150697
vt 0.467882 0.155854
vt 0.462305 0.136296
vt 0.379252 0.156762
vt 0.460432 0.132088
vt 0.458005 0.127714
vt 0.464422 0.138647
vt 0.379206 0.150084
vt 0.425267 0.123028
vt 0.429709 0.121924
vt 0.413484 0.123431
vt 0.397369 0.126318
vt 0.388680 0.130206
vt 0.441308 0.120336
vt 0.448953 0.121411
vt 0.460870 0.127099
vt 0.463007 0.131417
vt 0.455330 0.122730
vt 0.467596 0.144484
vt 0.466958 0.141009
vt 0.459749 0.121951
vt 0.457096 0.116970
vt 0.465361 0.133581
vt 0.463789 0.126571
vt 0.461747 0.124245
vt 0.469751 0.149104
vt 0.445485 0.253261
vt 0.453371 0.114684
vt 0.448960 0.115553
vt 0.432033 0.118770
vt 0.440220 0.114908
vt 0.470943 0.155069
vt 0.425014 0.118890
vt 0.415971 0.118489
vt 0.403053 0.120267
vt 0.471330 0.161440
vt 0.429754 0.114096
vt 0.457051 0.112966
vt 0.460024 0.116400
vt 0.460336 0.110895
vt 0.468650 0.135095
vt 0.448075 0.110614
vt 0.463734 0.122590
vt 0.462984 0.115925
vt 0.465301 0.125418
vt 0.469564 0.142914
vt 0.469791 0.139012
vt 0.471058 0.146981
vt 0.426236 0.114218
vt 0.416164 0.112009
vt 0.410911 0.116221
vt 0.403425 0.113040
vt 0.467357 0.130875
vt 0.452731 0.107968
vt 0.456466 0.106267
vt 0.460425 0.106903
vt 0.443085 0.105473
vt 0.449104 0.254735
vt 0.454803 0.253435
vt 0.447632 0.102084
vt 0.452517 0.100129
vt 0.471734 0.143015
vt 0.428145 0.108908
vt 0.443857 0.099805
vt 0.441336 0.097180
vt 0.427152 0.103814
vt 0.424649 0.100528
vt 0.418293 0.107708
vt 0.468852 0.126958
vt 0.463035 0.110526
vt 0.467111 0.120699
vt 0.465585 0.113982
vt 0.457285 0.100631
vt 0.454894 0.095706
vt 0.447981 0.097909
vt 0.470592 0.134631
vt 0.460667 0.101280
vt 0.463007 0.104677
vt 0.450884 0.093553
vt 0.465006 0.107316
vt 0.444377 0.093742
vt 0.458783 0.096222
vt 0.456710 0.091096
vt 0.467057 0.109747
vt 0.468054 0.114744
vt 0.445624 0.090018
vt 0.449562 0.086807
vt 0.452520 0.090797
vt 0.451897 0.086378
vt 0.462958 0.098039
vt 0.464791 0.100829
vt 0.466146 0.103381
vt 0.426030 0.095975
vt 0.435759 0.092777
vt 0.461702 0.095001
vt 0.460527 0.091990
vt 0.459532 0.088191
vt 0.445184 0.084154
vt 0.438946 0.086496
vt 0.424867 0.090603
vt 0.414256 0.092982
vt 0.468709 0.105520
vt 0.457852 0.083935
vt 0.454576 0.080993
vt 0.463095 0.090106
vt 0.450878 0.080947
vt 0.447515 0.078578
vt 0.431198 0.084497
vt 0.461581 0.085064
vt 0.437856 0.081040
vt 0.443368 0.078323
vt 0.460321 0.079490
vt 0.452532 0.076407
vt 0.458010 0.077214
vt 0.455536 0.076224
vt 0.448338 0.073627
vt 0.442674 0.071143
vt 0.452915 0.071346
vt 0.448922 0.069948
vt 0.459159 0.072382
vt 0.456897 0.070637
vt 0.453712 0.067186
vt 0.461907 0.074948
vt 0.449282 0.065440
vt 0.460115 0.070069
vt 0.457280 0.065995
vt 0.484349 0.154159
vt 0.484409 0.158398
vt 0.480827 0.154957
vt 0.482678 0.160856
vt 0.479160 0.160508
vt 0.478187 0.154172
vt 0.482472 0.149026
vt 0.479861 0.150395
vt 0.481629 0.146719
vt 0.486058 0.150750
vt 0.485079 0.146560
vt 0.487810 0.154009
vt 0.487796 0.159753
vt 0.484915 0.163793
vt 0.484005 0.142381
vt 0.489523 0.148222
vt 0.489273 0.144318
vt 0.486431 0.138666
vt 0.479637 0.141353
vt 0.478025 0.146823
vt 0.493265 0.151880
vt 0.498995 0.147770
vt 0.499247 0.141596
vt 0.487183 0.134612
vt 0.492717 0.137024
vt 0.483486 0.136453
vt 0.480338 0.136278
vt 0.493847 0.132372
vt 0.485870 0.130435
vt 0.482873 0.130885
vt 0.480128 0.131120
vt 0.491870 0.126729
vt 0.485334 0.125886
vt 0.481782 0.125185
vt 0.498443 0.121437
vt 0.487474 0.123331
vt 0.479094 0.125139
vt 0.503160 0.115591
vt 0.488699 0.120301
vt 0.482325 0.118595
vt 0.486009 0.117234
vt 0.477632 0.133446
vt 0.490486 0.113045
vt 0.484701 0.113379
vt 0.479349 0.115506
vt 0.477883 0.141349
vt 0.482170 0.111620
vt 0.477234 0.123204
vt 0.476932 0.116453
vt 0.479378 0.110332
vt 0.475541 0.125260
vt 0.475952 0.135793
vt 0.476653 0.110564
vt 0.475366 0.121330
vt 0.476135 0.141435
vt 0.474964 0.129825
vt 0.476365 0.150472
vt 0.474845 0.110663
vt 0.474323 0.134925
vt 0.473264 0.114720
vt 0.474357 0.140707
vt 0.473690 0.123720
vt 0.473581 0.146603
vt 0.474616 0.150572
vt 0.471336 0.119117
vt 0.472443 0.136410
vt 0.471246 0.128990
vt 0.471909 0.123937
vt 0.469692 0.111880
vt 0.471199 0.108189
vt 0.469379 0.123462
vt 0.476088 0.099719
vt 0.477228 0.103827
vt 0.474476 0.103971
vt 0.474200 0.099238
vt 0.472495 0.102760
vt 0.478176 0.099145
vt 0.473916 0.093356
vt 0.476485 0.093424
vt 0.472099 0.093747
vt 0.470298 0.096837
vt 0.475448 0.087938
vt 0.473426 0.086695
vt 0.471415 0.086482
vt 0.469802 0.089277
vt 0.477376 0.087336
vt 0.479457 0.091462
vt 0.479669 0.096533
vt 0.476288 0.080903
vt 0.473217 0.073339
vt 0.470059 0.075060
vt 0.468872 0.086233
vt 0.480184 0.081906
vt 0.479194 0.076206
vt 0.480318 0.086590
vt 0.476277 0.074796
vt 0.481127 0.104373
vt 0.482419 0.098190
vt 0.482682 0.101260
vt 0.484195 0.090506
vt 0.483930 0.083115
vt 0.485644 0.086204
vt 0.485159 0.074831
vt 0.486724 0.095893
vt 0.487815 0.092695
vt 0.489622 0.089975
vt 0.486733 0.102185
vt 0.490035 0.099498
vt 0.486647 0.106963
vt 0.486005 0.080695
vt 0.490124 0.081408
vt 0.489638 0.084472
vt 0.502606 0.099950
vt 0.503072 0.090359
vt 0.502356 0.087061
vt 0.500705 0.108465
vt 0.490689 0.073907
vt 0.494564 0.070820
vt 0.488173 0.069335
vt 0.484344 0.069302
vt 0.488123 0.063049
vt 0.467126 0.075617
vt 0.466710 0.082303
vt 0.469684 0.101485
vt 0.468278 0.097545
vt 0.467015 0.091548
vt 0.464771 0.080327
vt 0.463937 0.074462
vt 0.466315 0.069800
vt 0.464594 0.086577
vt 0.466237 0.096681
vt 0.462779 0.081053
vt 0.463264 0.070233
vt 0.491253 0.161541
vt 0.494680 0.167393
vt 0.487993 0.166463
vt 0.500525 0.163733
vt 0.484537 0.168669
vt 0.483680 0.173792
vt 0.490340 0.173812
vt 0.485477 0.177410
vt 0.490669 0.158497
vt 0.497164 0.157173
vt 0.481735 0.165639
vt 0.481992 0.172425
vt 0.498261 0.176374
vt 0.490892 0.179980
vt 0.498889 0.181568
vt 0.486636 0.184467
vt 0.493465 0.183531
vt 0.480108 0.166596
vt 0.480154 0.174796
vt 0.478399 0.173897
vt 0.478355 0.166539
vt 0.480334 0.178411
vt 0.478398 0.182564
vt 0.476480 0.178409
vt 0.480152 0.183930
vt 0.476545 0.161003
vt 0.476625 0.169102
vt 0.474946 0.163810
vt 0.479388 0.187946
vt 0.475605 0.156559
vt 0.480077 0.194843
vt 0.475773 0.174793
vt 0.474698 0.170495
vt 0.473169 0.158256
vt 0.473149 0.152784
vt 0.472832 0.166107
vt 0.482809 0.183212
vt 0.484585 0.187519
vt 0.482126 0.188907
vt 0.484635 0.192002
vt 0.488930 0.189892
vt 0.499304 0.186828
vt 0.495273 0.193815
vt 0.489560 0.196116
vt 0.485436 0.197577
vt 0.496354 0.198797
vt 0.491661 0.199837
vt 0.481846 0.196218
vt 0.500885 0.203845
vt 0.486541 0.202164
vt 0.490644 0.204533
vt 0.482698 0.200558
vt 0.497080 0.211057
vt 0.490677 0.207707
vt 0.489466 0.211422
vt 0.483522 0.207684
vt 0.481730 0.205826
vt 0.483449 0.213242
vt 0.479982 0.202139
vt 0.488519 0.215622
vt 0.493780 0.216083
vt 0.480557 0.212355
vt 0.484545 0.217932
vt 0.479443 0.208500
vt 0.480627 0.216939
vt 0.487674 0.221040
vt 0.492679 0.224519
vt 0.481455 0.222595
vt 0.486119 0.226234
vt 0.482334 0.226419
vt 0.489957 0.230384
vt 0.493534 0.231781
vt 0.484210 0.231499
vt 0.481338 0.232194
vt 0.483270 0.235622
vt 0.479469 0.228283
vt 0.488996 0.235352
vt 0.502171 0.239208
vt 0.490070 0.240019
vt 0.485895 0.240187
vt 0.494700 0.243618
vt 0.487751 0.243944
vt 0.487500 0.248936
vt 0.502112 0.248173
vt 0.480586 0.242093
vt 0.479410 0.236343
vt 0.484387 0.244954
vt 0.502115 0.254091
vt 0.477471 0.238076
vt 0.489962 0.251809
vt 0.211774 0.163463
vt 0.220370 0.160159
vt 0.211988 0.159620
vt 0.218513 0.163204
vt 0.217334 0.165199
vt 0.207403 0.159848
vt 0.222868 0.160622
vt 0.225973 0.163509
vt 0.222765 0.166050
vt 0.201930 0.162738
vt 0.203630 0.159324
vt 0.204248 0.165667
vt 0.208534 0.166232
vt 0.214259 0.166881
vt 0.220950 0.167501
vt 0.199239 0.159709
vt 0.196492 0.162022
vt 0.197096 0.164580
vt 0.192004 0.159499
vt 0.193921 0.156744
vt 0.201067 0.156901
vt 0.204788 0.155954
vt 0.211610 0.156870
vt 0.219633 0.155707
vt 0.191477 0.163037
vt 0.186488 0.157353
vt 0.184577 0.160111
vt 0.195624 0.153924
vt 0.229281 0.166030
vt 0.204464 0.167731
vt 0.230950 0.164007
vt 0.210208 0.168456
vt 0.234392 0.160710
vt 0.230563 0.158782
vt 0.222530 0.156982
vt 0.226808 0.157504
vt 0.213810 0.154550
vt 0.206300 0.153527
vt 0.199668 0.153008
vt 0.190976 0.153244
vt 0.186251 0.153234
vt 0.211951 0.150398
vt 0.202866 0.149212
vt 0.206240 0.146663
vt 0.218965 0.151425
vt 0.216530 0.148088
vt 0.225362 0.153601
vt 0.228731 0.154197
vt 0.193291 0.148720
vt 0.187794 0.148771
vt 0.197387 0.148581
vt 0.183758 0.149578
vt 0.200683 0.145401
vt 0.236039 0.156744
vt 0.211441 0.143277
vt 0.215177 0.143810
vt 0.207738 0.142487
vt 0.203907 0.140852
vt 0.221267 0.148233
vt 0.218852 0.144357
vt 0.192360 0.143460
vt 0.197097 0.140046
vt 0.188231 0.143632
vt 0.202839 0.136245
vt 0.231352 0.151403
vt 0.228707 0.146839
vt 0.236253 0.152903
vt 0.224700 0.143684
vt 0.222892 0.139270
vt 0.208670 0.128286
vt 0.212595 0.127312
vt 0.218421 0.134090
vt 0.209103 0.118028
vt 0.212547 0.117036
vt 0.222092 0.119901
vt 0.217922 0.119261
vt 0.219988 0.107311
vt 0.217763 0.095654
vt 0.215534 0.112405
vt 0.222136 0.094830
vt 0.219007 0.086877
vt 0.223788 0.086099
vt 0.226808 0.098499
vt 0.227196 0.088888
vt 0.221905 0.128609
vt 0.225591 0.129550
vt 0.225875 0.119893
vt 0.223291 0.110885
vt 0.226951 0.111646
vt 0.214243 0.095154
vt 0.210431 0.094646
vt 0.207414 0.108258
vt 0.213155 0.085210
vt 0.219638 0.082288
vt 0.215515 0.081703
vt 0.204678 0.121270
vt 0.200599 0.114403
vt 0.197505 0.125877
vt 0.201337 0.129770
vt 0.193875 0.135579
vt 0.202816 0.095207
vt 0.199603 0.104593
vt 0.196303 0.114511
vt 0.192016 0.125753
vt 0.196643 0.102047
vt 0.192542 0.114416
vt 0.199732 0.090732
vt 0.203403 0.083432
vt 0.208073 0.084698
vt 0.206735 0.094178
vt 0.186842 0.137889
vt 0.208500 0.081663
vt 0.211764 0.078423
vt 0.227794 0.084125
vt 0.221863 0.079847
vt 0.227788 0.080758
vt 0.218553 0.076642
vt 0.214430 0.076060
vt 0.231926 0.088205
vt 0.231400 0.106546
vt 0.231581 0.083803
vt 0.230507 0.120679
vt 0.234207 0.113155
vt 0.235494 0.105054
vt 0.235167 0.092761
vt 0.229072 0.131898
vt 0.228950 0.143245
vt 0.205237 0.078189
vt 0.207889 0.075170
vt 0.224958 0.077583
vt 0.233193 0.078866
vt 0.234327 0.145077
vt 0.234976 0.131785
vt 0.235512 0.148650
vt 0.238203 0.120373
vt 0.238007 0.113992
vt 0.240325 0.098720
vt 0.239051 0.090640
vt 0.241864 0.106105
vt 0.245534 0.093041
vt 0.242866 0.088526
vt 0.236613 0.085657
vt 0.238150 0.080305
vt 0.184571 0.145499
vt 0.200913 0.075513
vt 0.198282 0.080744
vt 0.186872 0.103446
vt 0.183045 0.106307
vt 0.179359 0.126416
vt 0.181699 0.095995
vt 0.176028 0.111855
vt 0.173537 0.128400
vt 0.175928 0.137087
vt 0.180402 0.133473
vt 0.185022 0.120210
vt 0.179495 0.138621
vt 0.186973 0.089324
vt 0.185114 0.086577
vt 0.190604 0.087901
vt 0.188897 0.080618
vt 0.192123 0.096432
vt 0.195769 0.086000
vt 0.194544 0.079678
vt 0.185666 0.127192
vt 0.183793 0.135527
vt 0.177360 0.142833
vt 0.177611 0.145845
vt 0.180453 0.149621
vt 0.193151 0.075378
vt 0.194758 0.072062
vt 0.231306 0.075852
vt 0.206326 0.072256
vt 0.200436 0.072124
vt 0.211579 0.072976
vt 0.187149 0.075810
vt 0.187213 0.072464
vt 0.184058 0.080990
vt 0.222581 0.074545
vt 0.226598 0.072623
vt 0.241459 0.081493
vt 0.171219 0.139211
vt 0.173450 0.141855
vt 0.179328 0.153621
vt 0.173565 0.145905
vt 0.242546 0.130690
vt 0.239722 0.144506
vt 0.244178 0.119135
vt 0.217266 0.072439
vt 0.241907 0.146399
vt 0.240258 0.154006
vt 0.243490 0.150080
vt 0.242775 0.078977
vt 0.236507 0.076986
vt 0.173515 0.150166
vt 0.246891 0.129276
vt 0.247161 0.109302
vt 0.248025 0.094991
vt 0.251553 0.124877
vt 0.252171 0.130802
vt 0.251616 0.105377
vt 0.253466 0.094934
vt 0.255750 0.098003
vt 0.254469 0.116495
vt 0.257938 0.120003
vt 0.256368 0.132202
vt 0.257958 0.138771
vt 0.250848 0.145205
vt 0.254831 0.148279
vt 0.260172 0.111274
vt 0.249872 0.090380
vt 0.248065 0.141001
vt 0.251037 0.151550
vt 0.244740 0.152547
vt 0.247618 0.083828
vt 0.246252 0.079591
vt 0.242962 0.155740
vt 0.241933 0.159192
vt 0.249797 0.081473
vt 0.221116 0.071651
vt 0.244724 0.076597
vt 0.234166 0.073594
vt 0.237635 0.074129
vt 0.241826 0.073782
vt 0.249310 0.155793
vt 0.254431 0.153500
vt 0.251234 0.078999
vt 0.254047 0.084906
vt 0.257041 0.089532
vt 0.211935 0.070337
vt 0.247329 0.160439
vt 0.238716 0.162320
vt 0.236383 0.164549
vt 0.257187 0.081364
vt 0.231705 0.069167
vt 0.226274 0.068358
vt 0.205007 0.069378
vt 0.259644 0.148796
vt 0.258072 0.151381
vt 0.261259 0.135764
vt 0.261341 0.141976
vt 0.260684 0.125076
vt 0.257895 0.078758
vt 0.254817 0.157812
vt 0.262265 0.089935
vt 0.265996 0.085640
vt 0.261035 0.083366
vt 0.264663 0.095280
vt 0.270416 0.089842
vt 0.268840 0.099104
vt 0.267593 0.108549
vt 0.270378 0.085010
vt 0.259525 0.095679
vt 0.263707 0.109074
vt 0.266012 0.117086
vt 0.265534 0.125386
vt 0.252420 0.076500
vt 0.260521 0.156792
vt 0.260783 0.153214
vt 0.253402 0.161221
vt 0.243101 0.162376
vt 0.264490 0.149388
vt 0.265977 0.152426
vt 0.264742 0.155430
vt 0.265600 0.143198
vt 0.268929 0.137156
vt 0.246979 0.074598
vt 0.236946 0.069383
vt 0.220478 0.066155
vt 0.212714 0.067071
vt 0.215870 0.065490
vt 0.247455 0.070801
vt 0.243045 0.069590
vt 0.239112 0.064540
vt 0.198953 0.069070
vt 0.193559 0.069212
vt 0.264292 0.078511
vt 0.259037 0.076254
vt 0.250787 0.072186
vt 0.269695 0.145886
vt 0.249808 0.162882
vt 0.259541 0.160851
vt 0.267713 0.081825
vt 0.270257 0.124520
vt 0.271737 0.116890
vt 0.279146 0.146081
vt 0.279462 0.139168
vt 0.273406 0.142225
vt 0.277367 0.135202
vt 0.275403 0.125525
vt 0.271750 0.102346
vt 0.271888 0.150442
vt 0.245658 0.066952
vt 0.234941 0.060841
vt 0.239335 0.056239
vt 0.235348 0.046440
vt 0.235236 0.040179
vt 0.239083 0.040382
vt 0.243182 0.039381
vt 0.242230 0.059929
vt 0.245986 0.039800
vt 0.244109 0.036537
vt 0.245483 0.060420
vt 0.230457 0.059432
vt 0.230233 0.044572
vt 0.230754 0.037764
vt 0.227480 0.040424
vt 0.236393 0.032717
vt 0.232580 0.032150
vt 0.226104 0.058118
vt 0.224079 0.044060
vt 0.221412 0.056145
vt 0.240288 0.033296
vt 0.254517 0.073642
vt 0.257485 0.069917
vt 0.259524 0.073464
vt 0.207008 0.063140
vt 0.217120 0.052887
vt 0.213715 0.056993
vt 0.209995 0.056466
vt 0.221491 0.041965
vt 0.217807 0.041099
vt 0.214064 0.040556
vt 0.251334 0.068217
vt 0.251753 0.060088
vt 0.269287 0.078016
vt 0.202193 0.065791
vt 0.185873 0.069592
vt 0.266941 0.075574
vt 0.263581 0.071782
vt 0.259048 0.061127
vt 0.255081 0.063260
vt 0.255792 0.053255
vt 0.261529 0.054001
vt 0.257750 0.046795
vt 0.260669 0.042715
vt 0.254686 0.039804
vt 0.259186 0.036363
vt 0.261954 0.064880
vt 0.272972 0.080019
vt 0.249686 0.049370
vt 0.251196 0.033623
vt 0.245582 0.033439
vt 0.250915 0.036427
vt 0.250916 0.039571
vt 0.257816 0.033308
vt 0.273950 0.087023
vt 0.224043 0.037490
vt 0.227609 0.032869
vt 0.224913 0.031326
vt 0.218864 0.036533
vt 0.220955 0.031838
vt 0.206125 0.057077
vt 0.210649 0.036616
vt 0.206677 0.037492
vt 0.208215 0.044698
vt 0.200771 0.062069
vt 0.202524 0.055489
vt 0.194551 0.066640
vt 0.186055 0.066908
vt 0.271613 0.156025
vt 0.273254 0.153417
vt 0.279918 0.150435
vt 0.265440 0.158074
vt 0.275636 0.077083
vt 0.276563 0.082026
vt 0.276142 0.074461
vt 0.275691 0.110627
vt 0.277366 0.102269
vt 0.280151 0.110740
vt 0.279161 0.127347
vt 0.280934 0.098061
vt 0.276559 0.090897
vt 0.283106 0.127734
vt 0.285106 0.111370
vt 0.284370 0.095747
vt 0.280846 0.084834
vt 0.293063 0.107042
vt 0.288727 0.093859
vt 0.289217 0.107613
vt 0.287268 0.121991
vt 0.292136 0.121770
vt 0.291229 0.131655
vt 0.297684 0.129433
vt 0.295316 0.136344
vt 0.299683 0.135787
vt 0.302492 0.131088
vt 0.298626 0.122107
vt 0.303465 0.117110
vt 0.298541 0.111534
vt 0.294837 0.102767
vt 0.290624 0.086931
vt 0.297324 0.098064
vt 0.304160 0.107078
vt 0.308938 0.114374
vt 0.307378 0.125997
vt 0.313105 0.126159
vt 0.307308 0.134836
vt 0.314471 0.141108
vt 0.316769 0.137408
vt 0.309773 0.140238
vt 0.300561 0.089144
vt 0.295890 0.088958
vt 0.298300 0.082546
vt 0.292425 0.081468
vt 0.287392 0.081226
vt 0.291204 0.076983
vt 0.297201 0.076881
vt 0.285275 0.086576
vt 0.284743 0.135953
vt 0.289217 0.136876
vt 0.284057 0.145658
vt 0.303349 0.142435
vt 0.306089 0.144423
vt 0.281307 0.078766
vt 0.281862 0.076143
vt 0.285382 0.076776
vt 0.289909 0.074877
vt 0.282617 0.148204
vt 0.269674 0.071297
vt 0.265455 0.160561
vt 0.281256 0.152938
vt 0.277316 0.155821
vt 0.256184 0.163240
vt 0.286849 0.147615
vt 0.296517 0.143933
vt 0.293083 0.148827
vt 0.299605 0.147364
vt 0.271275 0.160327
vt 0.275685 0.159654
vt 0.288144 0.152174
vt 0.291463 0.151331
vt 0.267451 0.061720
vt 0.264579 0.056246
vt 0.269124 0.053361
vt 0.273667 0.061076
vt 0.273240 0.068169
vt 0.278099 0.071423
vt 0.266538 0.044614
vt 0.264744 0.037319
vt 0.251321 0.165262
vt 0.243464 0.165361
vt 0.284355 0.073202
vt 0.282712 0.070874
vt 0.286955 0.155497
vt 0.284685 0.157955
vt 0.279532 0.063452
vt 0.263192 0.163852
vt 0.258832 0.165361
vt 0.254961 0.166870
vt 0.270578 0.041137
vt 0.275613 0.042029
vt 0.277505 0.057645
vt 0.282330 0.058831
vt 0.291181 0.154910
vt 0.286764 0.070230
vt 0.292028 0.071856
vt 0.290769 0.069577
vt 0.282004 0.160342
vt 0.263812 0.032897
vt 0.270090 0.036820
vt 0.248386 0.030319
vt 0.237807 0.166933
vt 0.239715 0.030317
vt 0.236137 0.029798
vt 0.288729 0.064504
vt 0.286220 0.057802
vt 0.289959 0.059861
vt 0.280205 0.042847
vt 0.284169 0.046016
vt 0.297816 0.152667
vt 0.296354 0.155286
vt 0.289936 0.158280
vt 0.274463 0.036195
vt 0.273226 0.162216
vt 0.278758 0.162291
vt 0.269965 0.165365
vt 0.256244 0.030178
vt 0.214839 0.034090
vt 0.216371 0.029745
vt 0.211589 0.029046
vt 0.270471 0.031953
vt 0.231095 0.029053
vt 0.227269 0.028482
vt 0.278125 0.034041
vt 0.276921 0.030999
vt 0.298128 0.072957
vt 0.253071 0.026771
vt 0.294148 0.157713
vt 0.305354 0.151381
vt 0.310801 0.146028
vt 0.317043 0.144846
vt 0.247629 0.166959
vt 0.298578 0.070314
vt 0.294068 0.063865
vt 0.266908 0.029162
vt 0.288844 0.052330
vt 0.292709 0.056243
vt 0.288002 0.045656
vt 0.296571 0.061075
vt 0.287614 0.160828
vt 0.262518 0.028974
vt 0.297596 0.067233
vt 0.282288 0.033367
vt 0.222801 0.027809
vt 0.260692 0.026560
vt 0.202313 0.041451
vt 0.198194 0.056428
vt 0.194074 0.062101
vt 0.281094 0.030322
vt 0.306313 0.098135
vt 0.307111 0.087625
vt 0.302423 0.082291
vt 0.303545 0.078387
vt 0.311362 0.107124
vt 0.317790 0.127966
vt 0.307626 0.084958
vt 0.304124 0.155042
vt 0.302995 0.071795
vt 0.305048 0.073526
vt 0.302755 0.069034
vt 0.273428 0.028188
vt 0.291876 0.046337
vt 0.295915 0.053356
vt 0.314645 0.150394
vt 0.308544 0.152404
vt 0.318882 0.148420
vt 0.302034 0.065153
vt 0.301696 0.060602
vt 0.301089 0.055667
vt 0.285913 0.034021
vt 0.319168 0.140344
vt 0.321690 0.134863
vt 0.325597 0.137081
vt 0.324664 0.140759
vt 0.302101 0.157537
vt 0.247297 0.027169
vt 0.239713 0.024552
vt 0.235575 0.025523
vt 0.244498 0.025550
vt 0.265342 0.025938
vt 0.305408 0.065750
vt 0.190259 0.066760
vt 0.215775 0.026760
vt 0.212903 0.026328
vt 0.227858 0.024402
vt 0.223680 0.024367
vt 0.217729 0.022846
vt 0.206356 0.031498
vt 0.311615 0.096250
vt 0.329606 0.135042
vt 0.325189 0.130923
vt 0.319748 0.124935
vt 0.316871 0.105688
vt 0.250981 0.168407
vt 0.242163 0.168449
vt 0.292470 0.041360
vt 0.289022 0.031717
vt 0.309196 0.067448
vt 0.323564 0.145140
vt 0.285299 0.163806
vt 0.276920 0.165996
vt 0.282142 0.165621
vt 0.313572 0.153433
vt 0.318502 0.151975
vt 0.309116 0.076991
vt 0.314317 0.075913
vt 0.315895 0.070369
vt 0.310302 0.071076
vt 0.315108 0.082560
vt 0.312444 0.087562
vt 0.318968 0.093198
vt 0.316297 0.097016
vt 0.320292 0.105306
vt 0.323785 0.094898
vt 0.327891 0.102571
vt 0.323013 0.111217
vt 0.329094 0.111041
vt 0.329936 0.119008
vt 0.333255 0.116677
vt 0.329774 0.128074
vt 0.333792 0.109624
vt 0.338579 0.115135
vt 0.339609 0.107203
vt 0.328801 0.097047
vt 0.333707 0.101990
vt 0.320829 0.084319
vt 0.320591 0.073611
vt 0.323217 0.119891
vt 0.295721 0.160273
vt 0.299859 0.160013
vt 0.307141 0.157592
vt 0.267472 0.167220
vt 0.262729 0.168134
vt 0.286511 0.029131
vt 0.300714 0.046598
vt 0.303100 0.051366
vt 0.298446 0.044697
vt 0.323495 0.149324
vt 0.294035 0.162373
vt 0.289586 0.163168
vt 0.318232 0.067024
vt 0.314497 0.155492
vt 0.257912 0.168217
vt 0.307277 0.057468
vt 0.310352 0.062858
vt 0.281845 0.026827
vt 0.286608 0.025590
vt 0.316172 0.065268
vt 0.331080 0.139590
vt 0.328742 0.144382
vt 0.321594 0.153206
vt 0.297608 0.030763
vt 0.298086 0.025841
vt 0.303700 0.024315
vt 0.301226 0.031096
vt 0.303565 0.042864
vt 0.304912 0.160087
vt 0.271884 0.024935
vt 0.229758 0.168353
vt 0.223375 0.169335
vt 0.335848 0.098385
vt 0.279903 0.023542
vt 0.327663 0.149007
vt 0.331711 0.146184
vt 0.324960 0.152947
vt 0.322764 0.067834
vt 0.324502 0.085079
vt 0.325120 0.074425
vt 0.330611 0.093055
vt 0.330193 0.085284
vt 0.334988 0.127729
vt 0.335970 0.134980
vt 0.316805 0.062124
vt 0.314935 0.058493
vt 0.307187 0.044888
vt 0.309615 0.049903
vt 0.315424 0.055222
vt 0.334042 0.143731
vt 0.292610 0.024100
vt 0.299924 0.022150
vt 0.284699 0.022324
vt 0.321165 0.063426
vt 0.323836 0.064947
vt 0.313118 0.157570
vt 0.337983 0.140992
vt 0.340833 0.136630
vt 0.339342 0.123674
vt 0.340995 0.127514
vt 0.343674 0.132281
vt 0.300172 0.161860
vt 0.320007 0.155970
vt 0.308961 0.041237
vt 0.310727 0.031332
vt 0.311012 0.160013
vt 0.322835 0.060221
vt 0.343173 0.122325
vt 0.343176 0.113928
vt 0.246992 0.169963
vt 0.322696 0.053998
vt 0.318450 0.051138
vt 0.313849 0.039674
vt 0.339885 0.143500
vt 0.326132 0.067403
vt 0.328072 0.070834
vt 0.332251 0.081373
vt 0.339005 0.095672
vt 0.312339 0.036106
vt 0.272573 0.168721
vt 0.288971 0.165612
vt 0.326147 0.061549
vt 0.238201 0.169862
vt 0.232335 0.170181
vt 0.253704 0.170038
vt 0.334504 0.149128
vt 0.342318 0.145486
vt 0.331583 0.152147
vt 0.307548 0.022867
vt 0.342992 0.139884
vt 0.296119 0.164189
vt 0.316146 0.158896
vt 0.274954 0.022665
vt 0.344931 0.135482
vt 0.266214 0.169470
vt 0.346501 0.123683
vt 0.348815 0.130487
vt 0.348778 0.134661
vt 0.330232 0.065034
vt 0.332052 0.068099
vt 0.290572 0.020566
vt 0.298863 0.018426
vt 0.317632 0.038212
vt 0.267844 0.023903
vt 0.306391 0.019786
vt 0.302861 0.017273
vt 0.333190 0.061400
vt 0.249661 0.024772
vt 0.235859 0.023755
vt 0.328328 0.057773
vt 0.331141 0.059635
vt 0.328186 0.051530
vt 0.317782 0.034753
vt 0.311373 0.021373
vt 0.313850 0.028044
vt 0.344509 0.105067
vt 0.347183 0.111194
vt 0.256278 0.024279
vt 0.261971 0.023746
vt 0.352666 0.122785
vt 0.354935 0.127437
vt 0.342048 0.149138
vt 0.338147 0.151443
vt 0.302177 0.163487
vt 0.341483 0.088482
vt 0.342935 0.094667
vt 0.336546 0.079562
vt 0.355977 0.119914
vt 0.351074 0.109838
vt 0.347083 0.099675
vt 0.326768 0.155039
vt 0.322764 0.157708
vt 0.347761 0.140176
vt 0.346467 0.143864
vt 0.285445 0.168126
vt 0.278909 0.169956
vt 0.291976 0.167306
vt 0.205926 0.027565
vt 0.200950 0.034929
vt 0.196709 0.047332
vt 0.355217 0.132432
vt 0.335072 0.054794
vt 0.334832 0.050355
vt 0.329628 0.044441
vt 0.334910 0.046134
vt 0.323508 0.038581
vt 0.322363 0.034442
vt 0.318056 0.026222
vt 0.281937 0.020811
vt 0.336337 0.067118
vt 0.338288 0.063134
vt 0.353952 0.136093
vt 0.352134 0.139253
vt 0.337024 0.056742
vt 0.338847 0.053297
vt 0.339298 0.048165
vt 0.313721 0.161719
vt 0.305678 0.164316
vt 0.344642 0.148207
vt 0.329586 0.155677
vt 0.337408 0.153508
vt 0.340394 0.073325
vt 0.345297 0.089185
vt 0.348382 0.093944
vt 0.352149 0.099361
vt 0.356416 0.104185
vt 0.358806 0.115270
vt 0.260884 0.170948
vt 0.255383 0.172172
vt 0.339332 0.058648
vt 0.311492 0.017760
vt 0.359852 0.127001
vt 0.361056 0.130427
vt 0.241804 0.170682
vt 0.320580 0.160287
vt 0.296454 0.166609
vt 0.348916 0.144724
vt 0.353464 0.142347
vt 0.358598 0.134891
vt 0.228903 0.171471
vt 0.184425 0.063658
vt 0.190759 0.059977
vt 0.191300 0.053505
vt 0.327442 0.033560
vt 0.333639 0.036721
vt 0.342170 0.054583
vt 0.288267 0.018842
vt 0.283660 0.170029
vt 0.241969 0.023113
vt 0.344586 0.067163
vt 0.353337 0.087517
vt 0.349021 0.084765
vt 0.352467 0.092258
vt 0.355154 0.079461
vt 0.350688 0.070737
vt 0.345016 0.061813
vt 0.350143 0.060939
vt 0.357007 0.073198
vt 0.354896 0.061566
vt 0.346322 0.058066
vt 0.365843 0.111589
vt 0.359654 0.103342
vt 0.362769 0.119829
vt 0.368883 0.121701
vt 0.363375 0.095694
vt 0.370104 0.109343
vt 0.373924 0.119292
vt 0.376820 0.116136
vt 0.373065 0.105284
vt 0.366447 0.090459
vt 0.357185 0.092046
vt 0.360085 0.070312
vt 0.363166 0.126062
vt 0.344413 0.056119
vt 0.370159 0.124767
vt 0.360147 0.137300
vt 0.357772 0.141287
vt 0.325670 0.030236
vt 0.318712 0.017648
vt 0.323097 0.025655
vt 0.316295 0.015120
vt 0.302545 0.016412
vt 0.326773 0.159522
vt 0.330220 0.157661
vt 0.323312 0.161439
vt 0.297061 0.016657
vt 0.307544 0.014542
vt 0.362348 0.135313
vt 0.365623 0.132209
vt 0.273774 0.171201
vt 0.312740 0.163747
vt 0.344875 0.050143
vt 0.341719 0.045382
vt 0.348213 0.051404
vt 0.348985 0.053682
vt 0.348637 0.147691
vt 0.353866 0.145932
vt 0.338239 0.034085
vt 0.332194 0.030880
vt 0.370231 0.128311
vt 0.345072 0.151208
vt 0.318763 0.163523
vt 0.265583 0.172782
vt 0.351092 0.055389
vt 0.303034 0.167438
vt 0.294145 0.015961
vt 0.248890 0.172399
vt 0.328810 0.019309
vt 0.324537 0.014605
vt 0.312163 0.012625
vt 0.316022 0.011725
vt 0.368279 0.135012
vt 0.217400 0.169206
vt 0.340016 0.154877
vt 0.321403 0.012870
vt 0.222320 0.021646
vt 0.216472 0.021027
vt 0.227837 0.021168
vt 0.372724 0.131205
vt 0.375736 0.128654
vt 0.372241 0.134440
vt 0.343377 0.039165
vt 0.347787 0.042108
vt 0.377812 0.124096
vt 0.378713 0.119298
vt 0.363990 0.139891
vt 0.370694 0.136602
vt 0.289859 0.170534
vt 0.350965 0.046874
vt 0.351443 0.149023
vt 0.310681 0.166029
vt 0.337789 0.028071
vt 0.335624 0.024107
vt 0.359415 0.144119
vt 0.364978 0.141642
vt 0.296110 0.168679
vt 0.328646 0.012588
vt 0.305832 0.012440
vt 0.204755 0.023833
vt 0.200741 0.026138
vt 0.212064 0.020730
vt 0.353359 0.051519
vt 0.354574 0.047834
vt 0.195447 0.033862
vt 0.189534 0.044426
vt 0.190220 0.037116
vt 0.185293 0.046754
vt 0.184305 0.041569
vt 0.186280 0.035279
vt 0.188909 0.031602
vt 0.196537 0.028747
vt 0.194617 0.023932
vt 0.180449 0.056039
vt 0.179969 0.061925
vt 0.183170 0.060118
vt 0.187394 0.054124
vt 0.169337 0.127236
vt 0.171550 0.112837
vt 0.165909 0.120977
vt 0.162613 0.133196
vt 0.166490 0.136663
vt 0.160288 0.128744
vt 0.167984 0.100520
vt 0.175093 0.094670
vt 0.175992 0.086209
vt 0.171153 0.085907
vt 0.165482 0.088790
vt 0.164095 0.102147
vt 0.163041 0.117590
vt 0.155870 0.122784
vt 0.155423 0.129668
vt 0.160307 0.116488
vt 0.161001 0.104828
vt 0.168988 0.081594
vt 0.180881 0.084000
vt 0.178970 0.095395
vt 0.160793 0.092779
vt 0.157040 0.106575
vt 0.154053 0.112575
vt 0.164780 0.082207
vt 0.183901 0.072363
vt 0.181491 0.075208
vt 0.168708 0.142175
vt 0.236102 0.172296
vt 0.179415 0.067446
vt 0.179016 0.064685
vt 0.179416 0.070186
vt 0.176070 0.079211
vt 0.167341 0.145532
vt 0.166270 0.147877
vt 0.221550 0.171547
vt 0.162433 0.141081
vt 0.159800 0.136254
vt 0.154088 0.134397
vt 0.181454 0.157982
vt 0.242987 0.172881
vt 0.237478 0.174308
vt 0.175008 0.154641
vt 0.169823 0.151191
vt 0.196456 0.021290
vt 0.273134 0.173245
vt 0.285179 0.172099
vt 0.230444 0.173783
vt 0.199620 0.019902
vt 0.194421 0.016741
vt 0.202086 0.018566
vt 0.258866 0.175095
vt 0.174771 0.062819
vt 0.174461 0.068219
vt 0.173886 0.065430
vt 0.175646 0.072309
vt 0.159826 0.145490
vt 0.158366 0.141533
vt 0.153138 0.138039
vt 0.215758 0.171056
vt 0.179528 0.040486
vt 0.181645 0.034888
vt 0.173768 0.040940
vt 0.171684 0.050175
vt 0.175701 0.048959
vt 0.174254 0.034486
vt 0.178734 0.029257
vt 0.182998 0.030862
vt 0.171549 0.057508
vt 0.188928 0.021780
vt 0.191182 0.019224
vt 0.199538 0.168019
vt 0.196324 0.166496
vt 0.322629 0.007648
vt 0.327508 0.009456
vt 0.328215 0.004596
vt 0.169139 0.063502
vt 0.169402 0.060816
vt 0.162169 0.148961
vt 0.166406 0.152308
vt 0.187811 0.163624
vt 0.253837 0.175261
vt 0.249867 0.174375
vt 0.332168 0.010298
vt 0.337310 0.019614
vt 0.340277 0.024845
vt 0.349271 0.037980
vt 0.315805 0.009471
vt 0.352448 0.042809
vt 0.170934 0.155814
vt 0.171032 0.078128
vt 0.173172 0.075383
vt 0.223326 0.173663
vt 0.216531 0.173129
vt 0.334113 0.158648
vt 0.167032 0.065313
vt 0.169745 0.069077
vt 0.164971 0.067154
vt 0.149716 0.124270
vt 0.149512 0.129150
vt 0.208004 0.171209
vt 0.189323 0.014704
vt 0.184080 0.019753
vt 0.183606 0.016105
vt 0.147513 0.132719
vt 0.153514 0.143489
vt 0.149555 0.138998
vt 0.144076 0.135718
vt 0.180073 0.160929
vt 0.296082 0.170703
vt 0.270624 0.175416
vt 0.165447 0.058997
vt 0.168351 0.050520
vt 0.164865 0.079448
vt 0.167247 0.044205
vt 0.164595 0.041784
vt 0.163006 0.045732
vt 0.170671 0.030688
vt 0.173674 0.026888
vt 0.162333 0.054874
vt 0.159126 0.047313
vt 0.179369 0.017736
vt 0.158278 0.148895
vt 0.150439 0.144900
vt 0.152285 0.148167
vt 0.164512 0.061608
vt 0.162072 0.083242
vt 0.143292 0.108319
vt 0.152174 0.090797
vt 0.146541 0.095474
vt 0.138241 0.108917
vt 0.140447 0.119108
vt 0.136608 0.122274
vt 0.133689 0.116500
vt 0.150061 0.100964
vt 0.148778 0.111097
vt 0.143400 0.126092
vt 0.150598 0.086542
vt 0.153624 0.082402
vt 0.158054 0.089822
vt 0.149999 0.106949
vt 0.162199 0.071516
vt 0.165106 0.073990
vt 0.160684 0.074893
vt 0.162263 0.077472
vt 0.155095 0.077777
vt 0.156588 0.071449
vt 0.137050 0.127983
vt 0.163145 0.153509
vt 0.161002 0.065304
vt 0.141023 0.131547
vt 0.173845 0.160529
vt 0.168409 0.157057
vt 0.241678 0.176077
vt 0.201897 0.170621
vt 0.194100 0.168153
vt 0.187370 0.166879
vt 0.159974 0.059729
vt 0.160291 0.057025
vt 0.157478 0.062153
vt 0.160819 0.080393
vt 0.181220 0.163793
vt 0.152440 0.072589
vt 0.155738 0.066782
vt 0.153329 0.061707
vt 0.183911 0.012524
vt 0.155686 0.151466
vt 0.146415 0.142415
vt 0.144399 0.139321
vt 0.235053 0.176097
vt 0.278148 0.174790
vt 0.172410 0.020580
vt 0.173487 0.014864
vt 0.169507 0.016487
vt 0.228562 0.175959
vt 0.309599 0.168444
vt 0.305737 0.169286
vt 0.303422 0.171550
vt 0.168421 0.027655
vt 0.156154 0.057930
vt 0.175676 0.012258
vt 0.155909 0.051743
vt 0.155267 0.054410
vt 0.140754 0.135364
vt 0.134564 0.132074
vt 0.221227 0.175507
vt 0.316602 0.167037
vt 0.137618 0.138095
vt 0.214122 0.174546
vt 0.164062 0.028532
vt 0.160776 0.038183
vt 0.158836 0.030692
vt 0.154802 0.043062
vt 0.161677 0.155736
vt 0.157824 0.155541
vt 0.264108 0.176821
vt 0.164934 0.024380
vt 0.246563 0.177352
vt 0.133098 0.126213
vt 0.176802 0.164567
vt 0.193787 0.170139
vt 0.198300 0.172328
vt 0.187983 0.169043
vt 0.345106 0.154277
vt 0.147272 0.146210
vt 0.332355 0.006534
vt 0.331649 0.002775
vt 0.324584 0.163208
vt 0.133135 0.110836
vt 0.147119 0.073088
vt 0.146988 0.066092
vt 0.143075 0.076560
vt 0.142449 0.089489
vt 0.136906 0.090014
vt 0.133908 0.100227
vt 0.140249 0.097946
vt 0.149579 0.059943
vt 0.142378 0.144289
vt 0.138737 0.141809
vt 0.150745 0.049093
vt 0.150337 0.051803
vt 0.150015 0.054499
vt 0.169877 0.009378
vt 0.167086 0.014820
vt 0.129463 0.121026
vt 0.128006 0.110376
vt 0.125943 0.119300
vt 0.130592 0.130291
vt 0.239832 0.178317
vt 0.149776 0.057210
vt 0.181799 0.167230
vt 0.205639 0.173944
vt 0.160605 0.025275
vt 0.287727 0.173816
vt 0.294314 0.172978
vt 0.129599 0.134466
vt 0.125647 0.132686
vt 0.127255 0.123605
vt 0.135156 0.139341
vt 0.152210 0.037166
vt 0.150640 0.042245
vt 0.155743 0.027495
vt 0.146979 0.040410
vt 0.146985 0.030366
vt 0.144726 0.038785
vt 0.151901 0.028443
vt 0.123498 0.126805
vt 0.330595 0.161673
vt 0.354497 0.044649
vt 0.341994 0.020305
vt 0.346667 0.025056
vt 0.352812 0.035689
vt 0.353961 0.038648
vt 0.335703 0.007958
vt 0.340995 0.010137
vt 0.357843 0.055760
vt 0.358363 0.052972
vt 0.164387 0.011602
vt 0.167490 0.007708
vt 0.381890 0.112844
vt 0.376488 0.101593
vt 0.370006 0.090576
vt 0.365885 0.077595
vt 0.363141 0.068642
vt 0.361556 0.057765
vt 0.380845 0.105571
vt 0.380948 0.122550
vt 0.359044 0.048295
vt 0.121603 0.116762
vt 0.122969 0.108537
vt 0.128453 0.100810
vt 0.133474 0.089375
vt 0.145517 0.049196
vt 0.142506 0.044047
vt 0.145184 0.051909
vt 0.143216 0.064028
vt 0.122579 0.101021
vt 0.131108 0.086013
vt 0.131790 0.077133
vt 0.126116 0.086585
vt 0.137822 0.074672
vt 0.140842 0.060364
vt 0.134393 0.061748
vt 0.126672 0.076133
vt 0.121338 0.084786
vt 0.115433 0.098169
vt 0.114763 0.091155
vt 0.106895 0.107435
vt 0.104835 0.103078
vt 0.100718 0.106928
vt 0.106819 0.112696
vt 0.100885 0.113673
vt 0.098090 0.111353
vt 0.096198 0.104140
vt 0.092752 0.106026
vt 0.111743 0.110343
vt 0.117973 0.106726
vt 0.115381 0.114826
vt 0.144809 0.055988
vt 0.142650 0.052987
vt 0.139325 0.055383
vt 0.134380 0.055897
vt 0.120362 0.125084
vt 0.117053 0.120008
vt 0.157521 0.017887
vt 0.152339 0.020056
vt 0.148166 0.020943
vt 0.214969 0.176989
vt 0.207376 0.176149
vt 0.228458 0.177943
vt 0.222063 0.177561
vt 0.120525 0.131592
vt 0.117494 0.128134
vt 0.235891 0.179216
vt 0.253744 0.179218
vt 0.258735 0.179060
vt 0.160580 0.007502
vt 0.158759 0.010872
vt 0.115292 0.124008
vt 0.200021 0.175161
vt 0.138150 0.047682
vt 0.137866 0.050409
vt 0.134265 0.050694
vt 0.137368 0.044142
vt 0.111563 0.119438
vt 0.106666 0.115520
vt 0.109432 0.122092
vt 0.155705 0.004068
vt 0.154047 0.006737
vt 0.150015 0.016911
vt 0.140918 0.034834
vt 0.144030 0.026825
vt 0.135522 0.039764
vt 0.129815 0.065414
vt 0.119235 0.077604
vt 0.218971 0.179336
vt 0.310007 0.170409
vt 0.147441 0.015169
vt 0.150712 0.004215
vt 0.143649 0.016113
vt 0.140733 0.019310
vt 0.146031 0.008119
vt 0.246916 0.180332
vt 0.150207 0.000439
vt 0.337265 0.003470
vt 0.281270 0.177486
vt 0.287966 0.175796
vt 0.240315 0.181325
vt 0.270840 0.178379
vt 0.276132 0.177969
vt 0.359657 0.041432
vt 0.357554 0.036283
vt 0.132120 0.040605
vt 0.361098 0.044045
vt 0.129075 0.061044
vt 0.117602 0.064956
vt 0.114249 0.077188
vt 0.125236 0.058750
vt 0.130487 0.054270
vt 0.131542 0.047813
vt 0.125520 0.045951
vt 0.118177 0.060005
vt 0.112914 0.064513
vt 0.109536 0.076756
vt 0.105898 0.086116
vt 0.110664 0.088844
vt 0.098685 0.100221
vt 0.106833 0.094116
vt 0.131513 0.043481
vt 0.133426 0.029720
vt 0.132210 0.037311
vt 0.147090 0.001578
vt 0.137955 0.013911
vt 0.126364 0.033732
vt 0.128130 0.026612
vt 0.123287 0.029179
vt 0.135419 0.017197
vt 0.123769 0.034888
vt 0.385736 0.119164
vt 0.350726 0.025290
vt 0.347796 0.012647
vt 0.345051 0.017756
vt 0.344596 0.007663
vt 0.353975 0.021077
vt 0.355951 0.033857
vt 0.362684 0.030164
vt 0.362523 0.034383
vt 0.358409 0.020195
vt 0.354242 0.012801
vt 0.360421 0.014295
vt 0.364414 0.024372
vt 0.348466 0.004818
vt 0.342865 0.003057
vt 0.346534 0.000439
vt 0.361971 0.050706
vt 0.364768 0.056109
vt 0.382240 0.100994
vt 0.375045 0.089595
vt 0.370863 0.075554
vt 0.365841 0.063396
vt 0.386738 0.112346
vt 0.365096 0.044587
vt 0.228334 0.180942
vt 0.222870 0.180624
vt 0.364513 0.047536
vt 0.366495 0.050669
vt 0.126573 0.041529
vt 0.122315 0.036842
vt 0.120886 0.038788
vt 0.120595 0.041579
vt 0.138264 0.006716
vt 0.133626 0.010463
vt 0.127088 0.020731
vt 0.131089 0.013766
vt 0.366624 0.040371
vt 0.389074 0.104545
vt 0.392027 0.112321
vt 0.394737 0.107617
vt 0.394098 0.100844
vt 0.383975 0.087814
vt 0.383747 0.094886
vt 0.375359 0.080681
vt 0.376855 0.071924
vt 0.265293 0.180742
vt 0.244581 0.182269
vt 0.234762 0.183191
vt 0.258617 0.182067
vt 0.254086 0.183213
vt 0.249911 0.183184
vt 0.368204 0.033828
vt 0.122121 0.023268
vt 0.120555 0.027943
vt 0.117125 0.052655
vt 0.113000 0.052490
vt 0.107912 0.063403
vt 0.118298 0.030653
vt 0.117930 0.033459
vt 0.117581 0.036245
vt 0.102885 0.083113
vt 0.103748 0.070705
vt 0.099428 0.080922
vt 0.092918 0.096113
vt 0.123087 0.016300
vt 0.369257 0.041518
vt 0.270559 0.182213
vt 0.275638 0.182024
vt 0.371259 0.036678
vt 0.117281 0.026247
vt 0.113939 0.027188
vt 0.369568 0.045637
vt 0.371991 0.042545
vt 0.373966 0.037716
vt 0.376651 0.038787
vt 0.117161 0.018407
vt 0.113875 0.023266
vt 0.122123 0.011815
vt 0.113563 0.030024
vt 0.375564 0.033414
vt 0.371860 0.029133
vt 0.377816 0.035069
vt 0.265654 0.183745
vt 0.113200 0.032817
vt 0.258787 0.185461
vt 0.110255 0.021699
vt 0.252364 0.188329
vt 0.257052 0.189201
vt 0.109991 0.026702
vt 0.109910 0.030218
vt 0.106660 0.020171
vt 0.106416 0.023321
vt 0.383104 0.030537
vt 0.380410 0.029466
vt 0.385903 0.024715
vt 0.103089 0.020607
vt 0.101912 0.015723
vt 0.099191 0.016436
vt 0.443854 0.812572
vt 0.437133 0.818343
vt 0.427891 0.824439
vt 0.423294 0.822246
vt 0.421010 0.827667
vt 0.424967 0.831857
vt 0.430331 0.830995
vt 0.431378 0.827752
vt 0.415449 0.821635
vt 0.435589 0.829847
vt 0.439594 0.830385
vt 0.429802 0.833874
vt 0.433979 0.834919
vt 0.439498 0.833147
vt 0.426306 0.835537
vt 0.421137 0.832515
vt 0.417213 0.829071
vt 0.430018 0.837566
vt 0.415753 0.831848
vt 0.434061 0.837739
vt 0.416498 0.836104
vt 0.421772 0.838127
vt 0.425931 0.839244
vt 0.438979 0.837018
vt 0.444889 0.836262
vt 0.413140 0.827975
vt 0.411899 0.822081
vt 0.410961 0.832964
vt 0.447699 0.834536
vt 0.446318 0.828597
vt 0.447537 0.820230
vt 0.410233 0.835760
vt 0.409442 0.826481
vt 0.410683 0.837619
vt 0.417524 0.839775
vt 0.405089 0.828257
vt 0.403225 0.833625
vt 0.401388 0.830723
vt 0.406277 0.821574
vt 0.430006 0.840361
vt 0.400922 0.835739
vt 0.404802 0.837212
vt 0.399073 0.827765
vt 0.398810 0.817746
vt 0.395997 0.810458
vt 0.397188 0.832467
vt 0.393953 0.828461
vt 0.392681 0.831301
vt 0.391085 0.812080
vt 0.389635 0.823603
vt 0.389487 0.829396
vt 0.409499 0.839398
vt 0.422065 0.840913
vt 0.438819 0.838869
vt 0.390559 0.834048
vt 0.397667 0.837066
vt 0.384168 0.819626
vt 0.383409 0.828110
vt 0.403170 0.840031
vt 0.398189 0.838909
vt 0.391285 0.837728
vt 0.387809 0.835738
vt 0.382407 0.831914
vt 0.410097 0.841255
vt 0.417427 0.841610
vt 0.379647 0.817891
vt 0.377215 0.828063
vt 0.377479 0.831634
vt 0.382083 0.835575
vt 0.379110 0.834455
vt 0.387649 0.838503
vt 0.435770 0.840620
vt 0.427610 0.842108
vt 0.374055 0.821859
vt 0.371143 0.828773
vt 0.372821 0.831607
vt 0.392970 0.840519
vt 0.405014 0.842729
vt 0.400377 0.843478
vt 0.396215 0.843365
vt 0.380876 0.838269
vt 0.444906 0.840047
vt 0.448315 0.838274
vt 0.433947 0.842410
vt 0.421487 0.843659
vt 0.387308 0.840543
vt 0.381177 0.840097
vt 0.450264 0.829049
vt 0.451464 0.820123
vt 0.451073 0.835502
vt 0.451536 0.838374
vt 0.438681 0.842622
vt 0.444800 0.842879
vt 0.427698 0.843976
vt 0.453346 0.829538
vt 0.455193 0.834983
vt 0.410422 0.843103
vt 0.415859 0.844796
vt 0.454922 0.822240
vt 0.450074 0.841082
vt 0.458032 0.829143
vt 0.457788 0.821757
vt 0.463659 0.825961
vt 0.461003 0.833806
vt 0.465036 0.832041
vt 0.458337 0.839510
vt 0.461061 0.836661
vt 0.435257 0.844348
vt 0.458313 0.841422
vt 0.451816 0.842795
vt 0.458260 0.843332
vt 0.463750 0.834950
vt 0.463800 0.838667
vt 0.442665 0.844766
vt 0.469123 0.823005
vt 0.467529 0.829770
vt 0.471678 0.828086
vt 0.464387 0.841559
vt 0.462794 0.844412
vt 0.432808 0.846113
vt 0.467099 0.837753
vt 0.412193 0.845032
vt 0.372238 0.834352
vt 0.373756 0.836226
vt 0.371114 0.814935
vt 0.369362 0.831784
vt 0.373340 0.838038
vt 0.388202 0.842248
vt 0.421846 0.845776
vt 0.427065 0.845814
vt 0.406317 0.844747
vt 0.410301 0.846719
vt 0.375684 0.839928
vt 0.366367 0.825272
vt 0.365202 0.829057
vt 0.365281 0.831645
vt 0.365279 0.815698
vt 0.367697 0.836061
vt 0.363596 0.835034
vt 0.361079 0.827575
vt 0.358241 0.817894
vt 0.365778 0.837840
vt 0.370385 0.839782
vt 0.379214 0.842353
vt 0.359195 0.831211
vt 0.359097 0.833996
vt 0.388093 0.843976
vt 0.439966 0.846468
vt 0.436310 0.847884
vt 0.383368 0.844061
vt 0.373389 0.841686
vt 0.355659 0.827198
vt 0.353994 0.821293
vt 0.351524 0.817507
vt 0.358998 0.837680
vt 0.357230 0.835797
vt 0.364384 0.839635
vt 0.400441 0.846364
vt 0.404717 0.846649
vt 0.353265 0.831516
vt 0.353194 0.833848
vt 0.394410 0.845835
vt 0.352079 0.826310
vt 0.350149 0.829081
vt 0.369012 0.842248
vt 0.365258 0.841486
vt 0.416626 0.847084
vt 0.450110 0.845950
vt 0.345012 0.818432
vt 0.346620 0.824829
vt 0.373828 0.843529
vt 0.348206 0.832789
vt 0.349962 0.835632
vt 0.344647 0.828918
vt 0.357152 0.839483
vt 0.358937 0.841361
vt 0.349921 0.837489
vt 0.378770 0.844969
vt 0.428168 0.847850
vt 0.349886 0.839346
vt 0.344519 0.833634
vt 0.388396 0.846752
vt 0.383442 0.846192
vt 0.342434 0.825993
vt 0.340426 0.817041
vt 0.344225 0.836438
vt 0.366114 0.844240
vt 0.423115 0.848435
vt 0.340965 0.828801
vt 0.339007 0.833012
vt 0.337213 0.830584
vt 0.335295 0.820622
vt 0.337315 0.826762
vt 0.344400 0.839248
vt 0.358922 0.843210
vt 0.338952 0.835376
vt 0.353033 0.842188
vt 0.413329 0.848657
vt 0.373417 0.845623
vt 0.333076 0.828527
vt 0.333447 0.832372
vt 0.328819 0.830290
vt 0.394858 0.847950
vt 0.391320 0.849303
vt 0.337058 0.837220
vt 0.338872 0.839149
vt 0.408517 0.849519
vt 0.346206 0.841153
vt 0.402911 0.849331
vt 0.332186 0.836145
vt 0.325591 0.814984
vt 0.330619 0.816490
vt 0.319852 0.814417
vt 0.320445 0.825546
vt 0.328112 0.826471
vt 0.323672 0.830603
vt 0.318423 0.829835
vt 0.339299 0.841049
vt 0.362670 0.846125
vt 0.327806 0.833138
vt 0.346182 0.843033
vt 0.381620 0.847959
vt 0.326108 0.834998
vt 0.357105 0.845049
vt 0.447168 0.848433
vt 0.334196 0.840006
vt 0.321691 0.832426
vt 0.325995 0.838841
vt 0.330892 0.840890
vt 0.323688 0.836838
vt 0.349827 0.844962
vt 0.338804 0.842947
vt 0.333171 0.843829
vt 0.319293 0.834421
vt 0.373311 0.848093
vt 0.366853 0.848027
vt 0.431360 0.849855
vt 0.386168 0.849478
vt 0.456210 0.845193
vt 0.313387 0.824258
vt 0.316740 0.823584
vt 0.314603 0.829643
vt 0.310985 0.827684
vt 0.315949 0.832636
vt 0.351650 0.846879
vt 0.395376 0.850746
vt 0.401167 0.851179
vt 0.344545 0.845875
vt 0.338774 0.844867
vt 0.314320 0.837422
vt 0.412350 0.851508
vt 0.323787 0.840709
vt 0.311659 0.831439
vt 0.312515 0.834415
vt 0.310496 0.836260
vt 0.422050 0.851522
vt 0.318029 0.839409
vt 0.380568 0.850146
vt 0.426412 0.850370
vt 0.356130 0.847757
vt 0.327523 0.842754
vt 0.310909 0.820855
vt 0.308045 0.823365
vt 0.304908 0.830038
vt 0.301236 0.823377
vt 0.304414 0.811915
vt 0.299850 0.817085
vt 0.295305 0.824390
vt 0.296635 0.828459
vt 0.294830 0.814169
vt 0.289474 0.821937
vt 0.305571 0.832046
vt 0.306933 0.834489
vt 0.361209 0.848894
vt 0.339213 0.846812
vt 0.311257 0.840217
vt 0.308534 0.838227
vt 0.321676 0.843627
vt 0.389496 0.851075
vt 0.370090 0.850382
vt 0.375379 0.851622
vt 0.327932 0.844726
vt 0.312595 0.842258
vt 0.333414 0.847060
vt 0.297585 0.831600
vt 0.386114 0.852239
vt 0.346152 0.849206
vt 0.340592 0.849189
vt 0.296752 0.833405
vt 0.301696 0.835716
vt 0.301563 0.837674
vt 0.405914 0.852349
vt 0.410595 0.853419
vt 0.317336 0.844436
vt 0.305740 0.839925
vt 0.291871 0.829979
vt 0.364523 0.851863
vt 0.434640 0.851167
vt 0.438812 0.850409
vt 0.444774 0.850361
vt 0.353501 0.850451
vt 0.467715 0.839688
vt 0.399320 0.852944
vt 0.471609 0.834886
vt 0.477416 0.832957
vt 0.453747 0.848583
vt 0.460844 0.847114
vt 0.418870 0.853178
vt 0.413920 0.854898
vt 0.394049 0.853065
vt 0.360789 0.850824
vt 0.336604 0.848963
vt 0.474661 0.824178
vt 0.467675 0.843538
vt 0.470409 0.841639
vt 0.473194 0.837730
vt 0.327769 0.847693
vt 0.321111 0.846580
vt 0.449502 0.850635
vt 0.379007 0.853107
vt 0.460108 0.849204
vt 0.431240 0.852751
vt 0.480472 0.836636
vt 0.403111 0.855010
vt 0.408735 0.855228
vt 0.291710 0.835009
vt 0.293174 0.837075
vt 0.307339 0.842597
vt 0.465564 0.847381
vt 0.479644 0.840724
vt 0.478202 0.827195
vt 0.481570 0.829868
vt 0.486363 0.826009
vt 0.424418 0.854231
vt 0.479132 0.843631
vt 0.441205 0.853393
vt 0.445668 0.852558
vt 0.463465 0.849339
vt 0.456312 0.850796
vt 0.486924 0.830881
vt 0.483801 0.835255
vt 0.485176 0.838764
vt 0.390184 0.854523
vt 0.372203 0.853348
vt 0.471701 0.845524
vt 0.473213 0.847495
vt 0.484518 0.841678
vt 0.436954 0.854119
vt 0.480475 0.845578
vt 0.489986 0.834787
vt 0.494489 0.832803
vt 0.493071 0.827937
vt 0.491642 0.821053
vt 0.461317 0.851227
vt 0.489864 0.838716
vt 0.494531 0.836703
vt 0.484879 0.844589
vt 0.384136 0.854981
vt 0.397114 0.855362
vt 0.393519 0.856819
vt 0.310751 0.845286
vt 0.471626 0.849470
vt 0.453544 0.853962
vt 0.458896 0.852853
vt 0.447946 0.854704
vt 0.489070 0.842608
vt 0.494427 0.840591
vt 0.496911 0.838601
vt 0.479824 0.849483
vt 0.376366 0.855024
vt 0.380178 0.856231
vt 0.427778 0.855855
vt 0.433980 0.856159
vt 0.298137 0.839832
vt 0.357532 0.853672
vt 0.422644 0.856187
vt 0.419165 0.857376
vt 0.485569 0.847520
vt 0.345472 0.851780
vt 0.349864 0.852778
vt 0.340586 0.850792
vt 0.496171 0.821813
vt 0.467268 0.852077
vt 0.473010 0.851444
vt 0.462166 0.853781
vt 0.485737 0.850632
vt 0.497809 0.831756
vt 0.500552 0.822896
vt 0.495649 0.843485
vt 0.498541 0.834798
vt 0.492133 0.845493
vt 0.439397 0.856311
vt 0.445455 0.856459
vt 0.482160 0.851684
vt 0.498626 0.841477
vt 0.500980 0.839477
vt 0.369372 0.854991
vt 0.489976 0.848469
vt 0.450456 0.856774
vt 0.503847 0.837358
vt 0.333016 0.850812
vt 0.497369 0.845399
vt 0.505181 0.828887
vt 0.504469 0.820917
vt 0.504719 0.832549
vt 0.473033 0.853665
vt 0.481265 0.853540
vt 0.491036 0.851430
vt 0.494782 0.850483
vt 0.458503 0.856634
vt 0.399357 0.857773
vt 0.504111 0.843710
vt 0.465995 0.855716
vt 0.472109 0.855595
vt 0.507015 0.840985
vt 0.510034 0.826634
vt 0.510329 0.834201
vt 0.512606 0.830326
vt 0.509318 0.838259
vt 0.387256 0.856961
vt 0.430033 0.857767
vt 0.443681 0.858268
vt 0.464848 0.857912
vt 0.313561 0.847425
vt 0.437464 0.859124
vt 0.410106 0.858468
vt 0.414112 0.859247
vt 0.498811 0.849290
vt 0.487293 0.853513
vt 0.478194 0.855352
vt 0.321261 0.848641
vt 0.513229 0.826304
vt 0.403474 0.859110
vt 0.363172 0.854830
vt 0.504372 0.847044
vt 0.508241 0.844133
vt 0.512465 0.840092
vt 0.512307 0.843993
vt 0.448643 0.859761
vt 0.514916 0.834458
vt 0.521006 0.813600
vt 0.515515 0.814073
vt 0.519997 0.824896
vt 0.515975 0.828273
vt 0.517629 0.839885
vt 0.517858 0.835980
vt 0.493968 0.853423
vt 0.453822 0.859550
vt 0.518736 0.831725
vt 0.462510 0.859224
vt 0.484015 0.855613
vt 0.510392 0.847011
vt 0.423080 0.860342
vt 0.418578 0.859991
vt 0.431454 0.860981
vt 0.472351 0.857618
vt 0.373780 0.857096
vt 0.366040 0.856490
vt 0.506354 0.849121
vt 0.499797 0.851281
vt 0.517799 0.843773
vt 0.522780 0.827762
vt 0.338697 0.852857
vt 0.325490 0.851052
vt 0.394233 0.860736
vt 0.400417 0.861041
vt 0.524414 0.837626
vt 0.524966 0.834668
vt 0.527043 0.830312
vt 0.379956 0.859393
vt 0.386871 0.860487
vt 0.375872 0.859887
vt 0.438518 0.861919
vt 0.443589 0.860928
vt 0.448330 0.862263
vt 0.516469 0.846773
vt 0.524485 0.840547
vt 0.524585 0.842492
vt 0.340589 0.854869
vt 0.348056 0.854756
vt 0.353604 0.855935
vt 0.532228 0.829357
vt 0.535446 0.833096
vt 0.539011 0.827582
vt 0.543747 0.829626
vt 0.535591 0.824825
vt 0.528490 0.822511
vt 0.530001 0.833415
vt 0.460644 0.861936
vt 0.456774 0.862848
vt 0.529885 0.835761
vt 0.531372 0.838232
vt 0.531427 0.840180
vt 0.524729 0.844444
vt 0.522113 0.847510
vt 0.432448 0.863729
vt 0.412135 0.862894
vt 0.416723 0.863315
vt 0.531542 0.842125
vt 0.535427 0.836577
vt 0.428224 0.865862
vt 0.423702 0.863770
vt 0.439965 0.865116
vt 0.443286 0.866255
vt 0.403543 0.863154
vt 0.357347 0.857909
vt 0.531708 0.844078
vt 0.542723 0.820770
vt 0.546941 0.825805
vt 0.541310 0.834822
vt 0.452773 0.865927
vt 0.449213 0.865762
vt 0.542622 0.838504
vt 0.545920 0.835358
vt 0.538034 0.841721
vt 0.333211 0.854085
vt 0.325883 0.854157
vt 0.319329 0.850564
vt 0.420003 0.866748
vt 0.424821 0.868507
vt 0.434267 0.868646
vt 0.429364 0.870997
vt 0.548670 0.830783
vt 0.367298 0.859424
vt 0.372110 0.862209
vt 0.314475 0.850505
vt 0.398484 0.864008
vt 0.393510 0.864637
vt 0.388937 0.864953
vt 0.546803 0.838224
vt 0.546979 0.841137
vt 0.553507 0.823757
vt 0.557724 0.825183
vt 0.556855 0.813548
vt 0.553117 0.827343
vt 0.416479 0.867498
vt 0.411646 0.868546
vt 0.407256 0.867962
vt 0.551007 0.835974
vt 0.438796 0.871570
vt 0.379780 0.863127
vt 0.383761 0.865315
vt 0.555026 0.831863
vt 0.336785 0.854797
vt 0.347639 0.857320
vt 0.342523 0.858476
vt 0.423012 0.871767
vt 0.553272 0.838736
vt 0.402145 0.866927
vt 0.555338 0.835652
vt 0.352988 0.858472
vt 0.405123 0.889947
vt 0.398550 0.894255
vt 0.407815 0.895971
vt 0.402402 0.887876
vt 0.407319 0.874860
vt 0.402267 0.872672
vt 0.393672 0.868263
vt 0.396173 0.878072
vt 0.397172 0.887319
vt 0.411083 0.877923
vt 0.410995 0.889177
vt 0.416013 0.878421
vt 0.418557 0.872325
vt 0.403409 0.901967
vt 0.406941 0.903507
vt 0.412105 0.900498
vt 0.414759 0.893325
vt 0.416733 0.886376
vt 0.415911 0.904866
vt 0.420342 0.896783
vt 0.412007 0.919308
vt 0.415958 0.916106
vt 0.412561 0.909195
vt 0.416549 0.929356
vt 0.413011 0.930084
vt 0.419179 0.913093
vt 0.421428 0.929884
vt 0.421939 0.910057
vt 0.426057 0.893287
vt 0.420888 0.886233
vt 0.425917 0.876853
vt 0.409108 0.909455
vt 0.408118 0.931388
vt 0.408951 0.920917
vt 0.397639 0.902270
vt 0.405011 0.927993
vt 0.405380 0.917175
vt 0.402291 0.907784
vt 0.400093 0.927855
vt 0.398031 0.919021
vt 0.395802 0.910847
vt 0.394656 0.906482
vt 0.391569 0.891845
vt 0.560429 0.829377
vt 0.560056 0.834040
vt 0.390292 0.906756
vt 0.387364 0.901524
vt 0.387846 0.891408
vt 0.392217 0.877328
vt 0.367234 0.863357
vt 0.383137 0.900764
vt 0.382214 0.906462
vt 0.387422 0.909928
vt 0.383398 0.913253
vt 0.389014 0.923621
vt 0.383650 0.921872
vt 0.387463 0.930929
vt 0.385961 0.877891
vt 0.382895 0.890767
vt 0.392660 0.921606
vt 0.390551 0.932258
vt 0.395061 0.931253
vt 0.397183 0.933747
vt 0.401839 0.934504
vt 0.407633 0.934989
vt 0.411384 0.934401
vt 0.387532 0.868888
vt 0.384061 0.871756
vt 0.381131 0.880176
vt 0.559830 0.837252
vt 0.416755 0.932815
vt 0.416255 0.936414
vt 0.379091 0.902497
vt 0.376221 0.890616
vt 0.375227 0.879014
vt 0.376462 0.904990
vt 0.370783 0.904999
vt 0.369854 0.893515
vt 0.371301 0.881770
vt 0.372129 0.911827
vt 0.376068 0.914151
vt 0.374863 0.920415
vt 0.377967 0.930731
vt 0.383175 0.932527
vt 0.371642 0.932832
vt 0.374249 0.935357
vt 0.371263 0.922938
vt 0.371590 0.915399
vt 0.379140 0.935462
vt 0.359818 0.864287
vt 0.357473 0.861401
vt 0.375801 0.868017
vt 0.370717 0.867643
vt 0.368926 0.873405
vt 0.375020 0.871465
vt 0.380163 0.869858
vt 0.346295 0.859606
vt 0.563442 0.821479
vt 0.565282 0.832898
vt 0.565932 0.829232
vt 0.567831 0.823074
vt 0.564829 0.836844
vt 0.352787 0.861980
vt 0.318579 0.853612
vt 0.571367 0.820053
vt 0.574743 0.815148
vt 0.362053 0.871458
vt 0.365117 0.873987
vt 0.366090 0.868443
vt 0.569535 0.828604
vt 0.571041 0.825043
vt 0.570208 0.832654
vt 0.366086 0.881135
vt 0.364086 0.911156
vt 0.366897 0.916612
vt 0.366972 0.905505
vt 0.363131 0.917067
vt 0.333898 0.858571
vt 0.330873 0.858399
vt 0.328008 0.857028
vt 0.574870 0.831062
vt 0.575462 0.827076
vt 0.574341 0.823259
vt 0.578232 0.823784
vt 0.577316 0.818995
vt 0.355352 0.865729
vt 0.358000 0.871991
vt 0.580678 0.816239
vt 0.575348 0.833955
vt 0.391805 0.935939
vt 0.362397 0.882119
vt 0.355813 0.874460
vt 0.358487 0.882014
vt 0.358229 0.889755
vt 0.363791 0.896565
vt 0.361103 0.906309
vt 0.398559 0.936357
vt 0.347509 0.864759
vt 0.343553 0.862312
vt 0.385447 0.935353
vt 0.339027 0.861718
vt 0.581370 0.829092
vt 0.581754 0.832356
vt 0.582794 0.825364
vt 0.584668 0.821001
vt 0.352275 0.869565
vt 0.350596 0.873425
vt 0.359855 0.915980
vt 0.350144 0.890811
vt 0.351946 0.901233
vt 0.354654 0.912123
vt 0.354460 0.882867
vt 0.366319 0.927300
vt 0.365514 0.934210
vt 0.361038 0.932283
vt 0.368559 0.936054
vt 0.345275 0.870407
vt 0.347845 0.903632
vt 0.346622 0.912826
vt 0.352357 0.919352
vt 0.348099 0.919721
vt 0.350146 0.933526
vt 0.347300 0.933765
vt 0.345708 0.886444
vt 0.344362 0.894775
vt 0.356611 0.918947
vt 0.355361 0.933028
vt 0.340864 0.866773
vt 0.333580 0.862862
vt 0.347194 0.883695
vt 0.347794 0.875032
vt 0.343412 0.873840
vt 0.340090 0.895052
vt 0.339357 0.883888
vt 0.332628 0.868894
vt 0.338643 0.870686
vt 0.341880 0.913151
vt 0.344307 0.920007
vt 0.341126 0.934208
vt 0.340506 0.920263
vt 0.337127 0.913429
vt 0.337549 0.899595
vt 0.335414 0.902386
vt 0.334120 0.884167
vt 0.334502 0.874236
vt 0.358656 0.935569
vt 0.385936 0.938104
vt 0.378336 0.937636
vt 0.351321 0.936264
vt 0.364522 0.937767
vt 0.345623 0.936736
vt 0.339654 0.937175
vt 0.180123 0.890508
vt 0.182336 0.894252
vt 0.184022 0.890171
vt 0.177393 0.897384
vt 0.172631 0.895756
vt 0.171728 0.891859
vt 0.178083 0.881896
vt 0.167154 0.884716
vt 0.167346 0.893097
vt 0.171546 0.898687
vt 0.182006 0.899030
vt 0.167758 0.896980
vt 0.175520 0.902219
vt 0.180920 0.902025
vt 0.168529 0.900869
vt 0.187464 0.895851
vt 0.190653 0.892800
vt 0.189088 0.888147
vt 0.163958 0.896701
vt 0.165008 0.900937
vt 0.160772 0.899258
vt 0.163307 0.889949
vt 0.159070 0.891702
vt 0.157648 0.899390
vt 0.156725 0.894688
vt 0.169253 0.903541
vt 0.158478 0.902340
vt 0.163865 0.903847
vt 0.191020 0.898400
vt 0.186068 0.901533
vt 0.192094 0.895116
vt 0.153234 0.878189
vt 0.153774 0.896667
vt 0.152322 0.892191
vt 0.151379 0.899642
vt 0.173053 0.905191
vt 0.165347 0.905662
vt 0.146549 0.880659
vt 0.145676 0.894696
vt 0.146734 0.899798
vt 0.142442 0.897039
vt 0.141589 0.882262
vt 0.141353 0.892774
vt 0.147737 0.902531
vt 0.155793 0.904251
vt 0.155910 0.906152
vt 0.160420 0.906879
vt 0.146860 0.904609
vt 0.146976 0.906522
vt 0.140574 0.902886
vt 0.177531 0.906446
vt 0.183696 0.904494
vt 0.136102 0.898805
vt 0.136462 0.893789
vt 0.135348 0.887096
vt 0.136588 0.904926
vt 0.130280 0.892801
vt 0.133459 0.902104
vt 0.140835 0.906729
vt 0.129154 0.896860
vt 0.126054 0.901274
vt 0.150536 0.908331
vt 0.191598 0.901155
vt 0.125018 0.883681
vt 0.123110 0.892255
vt 0.128338 0.904136
vt 0.122416 0.898294
vt 0.133275 0.906933
vt 0.169968 0.908234
vt 0.123240 0.904213
vt 0.192672 0.883154
vt 0.196549 0.892905
vt 0.195530 0.887717
vt 0.118597 0.889893
vt 0.114805 0.889698
vt 0.115912 0.894446
vt 0.117651 0.899431
vt 0.117975 0.901857
vt 0.140878 0.908655
vt 0.144980 0.910449
vt 0.165475 0.908503
vt 0.126285 0.907063
vt 0.155994 0.909013
vt 0.158841 0.909799
vt 0.132496 0.908883
vt 0.119336 0.907153
vt 0.113599 0.905258
vt 0.113125 0.899008
vt 0.107705 0.896527
vt 0.108188 0.901392
vt 0.111440 0.892630
vt 0.110940 0.884792
vt 0.136680 0.910712
vt 0.182525 0.906444
vt 0.121996 0.909060
vt 0.105733 0.888148
vt 0.106231 0.906375
vt 0.130269 0.910869
vt 0.103229 0.894605
vt 0.110579 0.907201
vt 0.114288 0.909123
vt 0.102840 0.898696
vt 0.102607 0.902338
vt 0.099611 0.882368
vt 0.097497 0.892108
vt 0.151720 0.911148
vt 0.190106 0.904042
vt 0.197100 0.900778
vt 0.199925 0.897259
vt 0.122851 0.910990
vt 0.195853 0.903633
vt 0.168282 0.911082
vt 0.174347 0.909847
vt 0.101442 0.906205
vt 0.096657 0.896561
vt 0.097099 0.900340
vt 0.115981 0.910948
vt 0.107839 0.909113
vt 0.096979 0.903256
vt 0.139950 0.912570
vt 0.096512 0.906160
vt 0.103555 0.909125
vt 0.147609 0.913235
vt 0.143989 0.914047
vt 0.090665 0.891943
vt 0.089100 0.895658
vt 0.086382 0.891270
vt 0.088273 0.900200
vt 0.089125 0.903137
vt 0.089497 0.905085
vt 0.127142 0.912884
vt 0.158554 0.912748
vt 0.161565 0.912603
vt 0.117910 0.913004
vt 0.132056 0.913835
vt 0.135788 0.915421
vt 0.096044 0.909067
vt 0.181474 0.908578
vt 0.178817 0.910479
vt 0.107970 0.911088
vt 0.083469 0.898389
vt 0.089473 0.907025
vt 0.082308 0.902989
vt 0.112853 0.913329
vt 0.153251 0.914025
vt 0.186769 0.907073
vt 0.201677 0.893047
vt 0.201413 0.889350
vt 0.200558 0.902382
vt 0.206500 0.894607
vt 0.192219 0.906672
vt 0.207243 0.890529
vt 0.205810 0.897922
vt 0.207798 0.900968
vt 0.205569 0.881310
vt 0.209562 0.885341
vt 0.166367 0.913264
vt 0.199801 0.905189
vt 0.171296 0.913084
vt 0.207271 0.902830
vt 0.206164 0.904735
vt 0.184227 0.910368
vt 0.211812 0.898875
vt 0.211944 0.895652
vt 0.212427 0.891430
vt 0.191938 0.909489
vt 0.214741 0.900512
vt 0.198412 0.908060
vt 0.214552 0.902341
vt 0.217426 0.888268
vt 0.217103 0.896949
vt 0.217954 0.893436
vt 0.150686 0.915999
vt 0.213111 0.904252
vt 0.164152 0.915184
vt 0.186772 0.911936
vt 0.192093 0.911539
vt 0.157617 0.915893
vt 0.205968 0.906571
vt 0.204251 0.908764
vt 0.212271 0.906132
vt 0.181131 0.913185
vt 0.185946 0.913756
vt 0.175060 0.914600
vt 0.106864 0.913352
vt 0.220824 0.900131
vt 0.221685 0.898264
vt 0.144519 0.916337
vt 0.138986 0.917257
vt 0.169115 0.915046
vt 0.220258 0.901978
vt 0.224032 0.893321
vt 0.228542 0.895121
vt 0.199427 0.910801
vt 0.223594 0.876587
vt 0.231219 0.882388
vt 0.223837 0.886211
vt 0.229109 0.891853
vt 0.231826 0.891246
vt 0.217589 0.904863
vt 0.221944 0.903682
vt 0.210182 0.908111
vt 0.227690 0.899128
vt 0.226027 0.901633
vt 0.126488 0.915842
vt 0.119398 0.914971
vt 0.215556 0.907730
vt 0.230975 0.898636
vt 0.191426 0.913303
vt 0.230801 0.901359
vt 0.233112 0.895354
vt 0.222090 0.905484
vt 0.197490 0.912809
vt 0.167150 0.917065
vt 0.205914 0.910277
vt 0.219658 0.907313
vt 0.230000 0.903209
vt 0.229988 0.904919
vt 0.234482 0.898825
vt 0.146156 0.917820
vt 0.235632 0.891349
vt 0.234266 0.882652
vt 0.202609 0.912402
vt 0.241014 0.879159
vt 0.240421 0.889907
vt 0.214515 0.910158
vt 0.160614 0.917881
vt 0.183558 0.916036
vt 0.238457 0.894757
vt 0.242237 0.892653
vt 0.209624 0.912390
vt 0.174543 0.916641
vt 0.169889 0.917983
vt 0.180395 0.916819
vt 0.241089 0.899006
vt 0.153452 0.918032
vt 0.149262 0.919344
vt 0.130584 0.917621
vt 0.189159 0.915706
vt 0.194783 0.914943
vt 0.243877 0.895214
vt 0.244974 0.897906
vt 0.241140 0.900815
vt 0.234999 0.903797
vt 0.109097 0.915016
vt 0.113699 0.916604
vt 0.228392 0.906927
vt 0.245872 0.880112
vt 0.246984 0.887970
vt 0.245839 0.892326
vt 0.220394 0.909235
vt 0.226126 0.908695
vt 0.241758 0.902595
vt 0.251139 0.879059
vt 0.251487 0.888165
vt 0.254166 0.892848
vt 0.201401 0.914673
vt 0.248563 0.895904
vt 0.252593 0.895715
vt 0.206862 0.913723
vt 0.246982 0.900537
vt 0.248921 0.898632
vt 0.247082 0.902347
vt 0.253652 0.881088
vt 0.256880 0.889659
vt 0.216761 0.911415
vt 0.236913 0.906382
vt 0.098839 0.913138
vt 0.095325 0.910947
vt 0.133516 0.919482
vt 0.243598 0.904321
vt 0.242441 0.906687
vt 0.120686 0.917023
vt 0.233729 0.909043
vt 0.230160 0.910470
vt 0.214480 0.913381
vt 0.210735 0.914701
vt 0.193479 0.916887
vt 0.189770 0.917248
vt 0.185292 0.917836
vt 0.164816 0.919366
vt 0.255241 0.898353
vt 0.257098 0.896440
vt 0.198932 0.916337
vt 0.222252 0.911167
vt 0.255012 0.900193
vt 0.260538 0.893392
vt 0.157820 0.919723
vt 0.257025 0.881927
vt 0.255352 0.902005
vt 0.263847 0.889730
vt 0.262173 0.880087
vt 0.248933 0.905000
vt 0.255522 0.903828
vt 0.266710 0.878726
vt 0.269002 0.886792
vt 0.261261 0.898114
vt 0.263494 0.895442
vt 0.206701 0.915321
vt 0.241012 0.908157
vt 0.262594 0.899860
vt 0.261367 0.901784
vt 0.266759 0.894191
vt 0.174125 0.919492
vt 0.246777 0.907838
vt 0.267954 0.896008
vt 0.218433 0.914201
vt 0.268633 0.899094
vt 0.254228 0.905710
vt 0.225533 0.912884
vt 0.224305 0.914953
vt 0.240443 0.910138
vt 0.244435 0.910871
vt 0.143499 0.920511
vt 0.136280 0.921743
vt 0.272131 0.874343
vt 0.124543 0.918909
vt 0.177922 0.920209
vt 0.271063 0.888605
vt 0.271016 0.893078
vt 0.261542 0.903618
vt 0.167428 0.920788
vt 0.213831 0.915672
vt 0.266824 0.901279
vt 0.201961 0.917766
vt 0.210706 0.917240
vt 0.206643 0.917983
vt 0.254750 0.907530
vt 0.234211 0.912051
vt 0.231740 0.913429
vt 0.272250 0.897714
vt 0.278480 0.875969
vt 0.275268 0.891072
vt 0.276084 0.885190
vt 0.260861 0.905577
vt 0.276380 0.894820
vt 0.279495 0.890643
vt 0.281197 0.886908
vt 0.188191 0.920063
vt 0.151996 0.921260
vt 0.147695 0.922481
vt 0.184510 0.921386
vt 0.161730 0.922709
vt 0.272362 0.901431
vt 0.275802 0.899463
vt 0.268019 0.904346
vt 0.272799 0.904657
vt 0.249603 0.909587
vt 0.278190 0.897511
vt 0.103017 0.915011
vt 0.106197 0.916549
vt 0.240116 0.912939
vt 0.194937 0.920565
vt 0.201943 0.919839
vt 0.258575 0.908823
vt 0.263604 0.907264
vt 0.268465 0.907142
vt 0.282349 0.894584
vt 0.287853 0.875321
vt 0.286064 0.887133
vt 0.169661 0.922674
vt 0.165888 0.924070
vt 0.082503 0.882152
vt 0.079894 0.893155
vt 0.078671 0.898010
vt 0.078480 0.901911
vt 0.081754 0.904919
vt 0.083148 0.907867
vt 0.089718 0.909930
vt 0.079478 0.884266
vt 0.128325 0.921152
vt 0.133270 0.922917
vt 0.112793 0.918345
vt 0.120107 0.919724
vt 0.219147 0.916791
vt 0.216355 0.918327
vt 0.139596 0.923007
vt 0.142498 0.924762
vt 0.176930 0.923123
vt 0.091302 0.913218
vt 0.096002 0.914968
vt 0.099020 0.916708
vt 0.078880 0.906788
vt 0.074815 0.893711
vt 0.073632 0.885061
vt 0.071290 0.892350
vt 0.076501 0.904134
vt 0.084857 0.911597
vt 0.104729 0.918477
vt 0.248625 0.911823
vt 0.252613 0.911693
vt 0.256649 0.911480
vt 0.227064 0.916484
vt 0.072910 0.898167
vt 0.073003 0.901888
vt 0.150523 0.923638
vt 0.155383 0.924812
vt 0.078241 0.910686
vt 0.076303 0.908632
vt 0.121494 0.923148
vt 0.117168 0.922201
vt 0.111896 0.922155
vt 0.106518 0.922012
vt 0.187615 0.923087
vt 0.191744 0.923331
vt 0.183531 0.924184
vt 0.086321 0.914526
vt 0.237955 0.915183
vt 0.072299 0.905604
vt 0.067925 0.894634
vt 0.067152 0.897594
vt 0.067923 0.884799
vt 0.063805 0.892034
vt 0.066996 0.900526
vt 0.095261 0.917602
vt 0.088463 0.918070
vt 0.067092 0.903459
vt 0.125778 0.924030
vt 0.078726 0.912680
vt 0.102250 0.919972
vt 0.212003 0.919953
vt 0.207578 0.920934
vt 0.244750 0.913081
vt 0.067686 0.906407
vt 0.068584 0.908398
vt 0.073374 0.911039
vt 0.082426 0.915969
vt 0.062852 0.897403
vt 0.060729 0.901223
vt 0.061336 0.904342
vt 0.062604 0.885307
vt 0.137310 0.926110
vt 0.132907 0.926212
vt 0.161754 0.925228
vt 0.146873 0.926426
vt 0.067076 0.910301
vt 0.059710 0.893808
vt 0.057606 0.897147
vt 0.196945 0.922859
vt 0.202091 0.922270
vt 0.061335 0.906443
vt 0.169731 0.925560
vt 0.173901 0.926316
vt 0.179379 0.926894
vt 0.058298 0.885338
vt 0.055985 0.892134
vt 0.062310 0.908121
vt 0.224445 0.918391
vt 0.061290 0.910046
vt 0.233537 0.916832
vt 0.228667 0.919272
vt 0.054843 0.903856
vt 0.053272 0.900688
vt 0.053740 0.897922
vt 0.054739 0.905806
vt 0.052668 0.891702
vt 0.050046 0.895740
vt 0.157067 0.927638
vt 0.150876 0.928987
vt 0.056663 0.908407
vt 0.051254 0.883214
vt 0.163957 0.927612
vt 0.049591 0.903553
vt 0.187910 0.926913
vt 0.183298 0.928467
vt 0.279715 0.901227
vt 0.281048 0.898361
vt 0.277905 0.903655
vt 0.193188 0.926422
vt 0.046182 0.896484
vt 0.046231 0.900251
vt 0.047838 0.892645
vt 0.260862 0.910627
vt 0.265387 0.908946
vt 0.243762 0.915677
vt 0.220059 0.920508
vt 0.216077 0.921658
vt 0.047566 0.905380
vt 0.049367 0.907442
vt 0.169056 0.930065
vt 0.172797 0.930341
vt 0.180423 0.931369
vt 0.043860 0.882984
vt 0.042632 0.891811
vt 0.039389 0.881686
vt 0.040468 0.896100
vt 0.041438 0.902953
vt 0.199197 0.925679
vt 0.156631 0.931149
vt 0.163031 0.931822
vt 0.039756 0.899980
vt 0.206460 0.924240
vt 0.211258 0.923216
vt 0.040138 0.904894
vt 0.250245 0.914184
vt 0.247888 0.916279
vt 0.037291 0.893164
vt 0.254259 0.914043
vt 0.186790 0.929404
vt 0.036415 0.899741
vt 0.034268 0.895650
vt 0.036225 0.902664
vt 0.033992 0.882697
vt 0.030711 0.893136
vt 0.288250 0.896213
vt 0.289353 0.890868
vt 0.289801 0.893532
vt 0.236433 0.918163
vt 0.240220 0.918298
vt 0.188608 0.934025
vt 0.183874 0.934511
vt 0.194198 0.929854
vt 0.199417 0.929248
vt 0.205246 0.928496
vt 0.028879 0.881785
vt 0.031516 0.897401
vt 0.032457 0.901398
vt 0.225537 0.921239
vt 0.178962 0.935153
vt 0.027176 0.900967
vt 0.026402 0.897932
vt 0.023720 0.894781
vt 0.025696 0.890014
vt 0.023276 0.879917
vt 0.179601 0.939851
vt 0.187459 0.955778
vt 0.183260 0.955536
vt 0.186592 0.965150
vt 0.186483 0.939089
vt 0.021511 0.890068
vt 0.018951 0.881784
vt 0.021052 0.898477
vt 0.212229 0.925742
vt 0.193463 0.936702
vt 0.266278 0.911830
vt 0.234780 0.920820
vt 0.270203 0.909989
vt 0.217844 0.925194
vt 0.224313 0.924105
vt 0.016727 0.895735
vt 0.016418 0.890902
vt 0.192828 0.941034
vt 0.198228 0.936015
vt 0.196284 0.941769
vt 0.191737 0.954617
vt 0.286912 0.899125
vt 0.276149 0.906849
vt 0.015580 0.899925
vt 0.262688 0.913396
vt 0.259797 0.915120
vt 0.195479 0.964958
vt 0.194988 0.952648
vt 0.230085 0.923300
vt 0.282735 0.902849
vt 0.287829 0.901007
vt 0.290609 0.885150
vt 0.202850 0.964223
vt 0.202205 0.953378
vt 0.207091 0.991080
vt 0.203341 0.997309
vt 0.205043 0.999422
vt 0.209015 0.998757
vt 0.201211 0.984336
vt 0.201514 0.974263
vt 0.197414 0.973071
vt 0.206950 0.931750
vt 0.202948 0.940314
vt 0.212158 0.928893
vt 0.216355 0.928672
vt 0.013260 0.886387
vt 0.244337 0.918965
vt 0.011408 0.891502
vt 0.012215 0.895670
vt 0.011550 0.898627
vt 0.207325 0.979848
vt 0.207497 0.939535
vt 0.208030 0.954319
vt 0.209147 0.967512
vt 0.210350 0.981739
vt 0.222166 0.927941
vt 0.239487 0.921864
vt 0.212424 0.933276
vt 0.213655 0.954586
vt 0.214537 0.963331
vt 0.212901 0.973833
vt 0.217070 0.993792
vt 0.220221 0.992046
vt 0.218011 0.971219
vt 0.210963 0.992930
vt 0.218314 0.997191
vt 0.214318 0.997866
vt 0.217781 0.934017
vt 0.217025 0.946414
vt 0.219080 0.956693
vt 0.221756 0.932039
vt 0.255922 0.916022
vt 0.253571 0.918122
vt 0.247883 0.920539
vt 0.227827 0.926640
vt 0.008500 0.881611
vt 0.006517 0.897168
vt 0.004815 0.891957
vt 0.003154 0.886613
vt 0.220926 0.965228
vt 0.233487 0.925271
vt 0.282595 0.904952
vt 0.277536 0.908893
vt 0.002508 0.896638
vt 0.293428 0.896061
vt 0.267975 0.913819
vt 0.223692 0.962478
vt 0.228597 0.953069
vt 0.222625 0.986919
vt 0.223268 0.996129
vt 0.227103 0.993894
vt 0.228378 0.981783
vt 0.224683 0.977691
vt 0.228303 0.970897
vt 0.223545 0.947649
vt 0.231595 0.940624
vt 0.227611 0.931850
vt 0.231181 0.960448
vt 0.271879 0.911988
vt 0.232486 0.930138
vt 0.296463 0.888519
vt 0.297161 0.874229
vt 0.284228 0.906618
vt 0.240663 0.925067
vt 0.236452 0.926685
vt 0.294704 0.899853
vt 0.297321 0.892945
vt 0.298829 0.894845
vt 0.265444 0.916105
vt 0.000431 0.890492
vt 0.291592 0.903101
vt 0.290326 0.904798
vt 0.257647 0.917956
vt 0.234854 0.941745
vt 0.235487 0.952958
vt 0.236606 0.962968
vt 0.233412 0.972172
vt 0.235877 0.931727
vt 0.235506 0.981359
vt 0.235084 0.994643
vt 0.238202 0.994287
vt 0.240241 0.990280
vt 0.237813 0.972366
vt 0.232101 0.978873
vt 0.230513 0.995871
vt 0.240966 0.980147
vt 0.277664 0.911956
vt 0.281848 0.909828
vt 0.285204 0.908245
vt 0.251824 0.920965
vt 0.299511 0.896860
vt 0.300724 0.886333
vt 0.301299 0.891960
vt 0.303834 0.888595
vt 0.238695 0.928890
vt 0.263940 0.919210
vt 0.249610 0.922465
vt 0.246610 0.926136
vt 0.256533 0.921139
vt 0.261156 0.920915
vt 0.269786 0.915727
vt 0.290250 0.907734
vt 0.299106 0.902665
vt 0.303476 0.898610
vt 0.301676 0.900462
vt 0.274597 0.914841
vt 0.220744 0.999561
vt 0.225474 0.999140
vt 0.229558 0.998455
vt 0.237968 0.941553
vt 0.240311 0.942831
vt 0.240780 0.954017
vt 0.243202 0.930610
vt 0.250910 0.969733
vt 0.249280 0.960501
vt 0.245648 0.966648
vt 0.247804 0.931691
vt 0.245407 0.942262
vt 0.242370 0.969814
vt 0.249163 0.983648
vt 0.245817 0.988278
vt 0.241508 0.995491
vt 0.246667 0.992941
vt 0.251001 0.927770
vt 0.305771 0.894574
vt 0.305370 0.896571
vt 0.294640 0.905299
vt 0.287694 0.910219
vt 0.283702 0.911748
vt 0.308063 0.891480
vt 0.256084 0.924533
vt 0.260226 0.924376
vt 0.268241 0.918922
vt 0.302021 0.904643
vt 0.299580 0.906619
vt 0.235030 0.998268
vt 0.280546 0.914763
vt 0.286319 0.913855
vt 0.305768 0.902508
vt 0.298436 0.909201
vt 0.291940 0.911278
vt 0.311158 0.895225
vt 0.309043 0.899410
vt 0.273959 0.919025
vt 0.278675 0.917359
vt 0.256958 0.928994
vt 0.266257 0.923335
vt 0.250474 0.945028
vt 0.254481 0.953849
vt 0.255134 0.969724
vt 0.253571 0.980296
vt 0.254208 0.988313
vt 0.255178 0.944362
vt 0.259967 0.941414
vt 0.259064 0.950231
vt 0.258746 0.960873
vt 0.258545 0.933254
vt 0.251136 0.933598
vt 0.251010 0.993592
vt 0.262110 0.933347
vt 0.242450 0.998015
vt 0.262206 0.927776
vt 0.265419 0.928674
vt 0.308995 0.904437
vt 0.315302 0.898230
vt 0.313127 0.901050
vt 0.314343 0.902838
vt 0.257094 0.980434
vt 0.293519 0.913664
vt 0.305207 0.907747
vt 0.307987 0.906496
vt 0.272496 0.922196
vt 0.299538 0.911594
vt 0.284984 0.917991
vt 0.290185 0.916786
vt 0.250023 0.997753
vt 0.260770 0.969734
vt 0.261097 0.994267
vt 0.262963 0.988309
vt 0.260299 0.985978
vt 0.263549 0.960806
vt 0.263604 0.950493
vt 0.264898 0.942925
vt 0.265094 0.970163
vt 0.264197 0.978813
vt 0.265402 0.935755
vt 0.256098 0.997651
vt 0.260454 0.997666
vt 0.278396 0.922264
vt 0.284585 0.922256
vt 0.270260 0.926520
vt 0.275894 0.924515
vt 0.275085 0.928152
vt 0.307158 0.909856
vt 0.318809 0.900116
vt 0.267583 0.961163
vt 0.269617 0.970125
vt 0.271569 0.931295
vt 0.271583 0.938019
vt 0.270306 0.947077
vt 0.269102 0.952986
vt 0.314465 0.905855
vt 0.301129 0.914876
vt 0.306250 0.912753
vt 0.268870 0.985834
vt 0.267283 0.995565
vt 0.266177 0.998136
vt 0.298013 0.916386
vt 0.273287 0.966805
vt 0.275692 0.970619
vt 0.278567 0.968592
vt 0.276901 0.953621
vt 0.281307 0.954893
vt 0.275476 0.933666
vt 0.276179 0.946063
vt 0.272556 0.975511
vt 0.274037 0.986144
vt 0.271551 0.994919
vt 0.313417 0.908530
vt 0.283679 0.925706
vt 0.290327 0.921674
vt 0.310997 0.912132
vt 0.280000 0.929370
vt 0.285284 0.930207
vt 0.287536 0.927758
vt 0.291144 0.925895
vt 0.284546 0.936161
vt 0.283055 0.945414
vt 0.286051 0.953043
vt 0.298225 0.919038
vt 0.305518 0.916405
vt 0.281703 0.970947
vt 0.295858 0.924482
vt 0.301041 0.921930
vt 0.645159 0.619079
vt 0.641867 0.622884
vt 0.645227 0.626965
vt 0.631244 0.621772
vt 0.637947 0.625455
vt 0.641775 0.628894
vt 0.644623 0.630847
vt 0.640026 0.632258
vt 0.649220 0.626491
vt 0.649627 0.631814
vt 0.651021 0.614878
vt 0.634025 0.628363
vt 0.631397 0.630382
vt 0.646006 0.634072
vt 0.641747 0.635068
vt 0.655016 0.628093
vt 0.654144 0.622560
vt 0.653749 0.630380
vt 0.625119 0.614889
vt 0.635411 0.635118
vt 0.624589 0.625684
vt 0.623204 0.620681
vt 0.625428 0.632271
vt 0.626099 0.636103
vt 0.621542 0.628673
vt 0.618687 0.631265
vt 0.617902 0.626493
vt 0.618641 0.614011
vt 0.621178 0.635326
vt 0.615329 0.607525
vt 0.613802 0.624185
vt 0.606912 0.624568
vt 0.617066 0.634133
vt 0.638132 0.637303
vt 0.613956 0.630182
vt 0.604112 0.627140
vt 0.608516 0.632087
vt 0.612495 0.634075
vt 0.634066 0.638957
vt 0.604427 0.618102
vt 0.598697 0.623573
vt 0.600079 0.628012
vt 0.612540 0.636964
vt 0.622493 0.638011
vt 0.616499 0.639890
vt 0.601067 0.631916
vt 0.605489 0.633951
vt 0.596314 0.629850
vt 0.597241 0.632788
vt 0.594543 0.623337
vt 0.591567 0.625429
vt 0.591849 0.629709
vt 0.589420 0.619199
vt 0.597270 0.635691
vt 0.603462 0.636808
vt 0.626102 0.639930
vt 0.643451 0.637879
vt 0.593338 0.635618
vt 0.589077 0.633778
vt 0.587265 0.628126
vt 0.584404 0.621348
vt 0.584148 0.625952
vt 0.584347 0.632346
vt 0.612478 0.639852
vt 0.603412 0.638741
vt 0.648010 0.637803
vt 0.584396 0.634295
vt 0.579960 0.631437
vt 0.581295 0.626353
vt 0.621153 0.640696
vt 0.595194 0.638669
vt 0.575657 0.620252
vt 0.584374 0.636240
vt 0.588698 0.638117
vt 0.574932 0.627022
vt 0.574158 0.631875
vt 0.573021 0.623373
vt 0.574337 0.634759
vt 0.652525 0.634910
vt 0.631273 0.640867
vt 0.568382 0.626638
vt 0.568162 0.631811
vt 0.569449 0.634554
vt 0.637513 0.640799
vt 0.657030 0.632959
vt 0.603600 0.640686
vt 0.596973 0.641509
vt 0.658279 0.619516
vt 0.661508 0.627257
vt 0.658930 0.630032
vt 0.653053 0.637709
vt 0.643481 0.640715
vt 0.584269 0.638184
vt 0.618678 0.642813
vt 0.659645 0.634778
vt 0.657769 0.637609
vt 0.573943 0.637359
vt 0.610399 0.642782
vt 0.624634 0.642825
vt 0.628807 0.642711
vt 0.663733 0.620243
vt 0.666492 0.624326
vt 0.664107 0.630499
vt 0.663525 0.634703
vt 0.667775 0.618885
vt 0.671854 0.624078
vt 0.661586 0.636598
vt 0.650676 0.640573
vt 0.669729 0.628073
vt 0.640837 0.642542
vt 0.671238 0.631814
vt 0.671904 0.635464
vt 0.655089 0.641408
vt 0.659761 0.640358
vt 0.677043 0.620881
vt 0.674102 0.628009
vt 0.677673 0.624077
vt 0.648760 0.642507
vt 0.678222 0.631641
vt 0.680915 0.628855
vt 0.677089 0.634451
vt 0.638336 0.644641
vt 0.631473 0.644748
vt 0.663918 0.638402
vt 0.673252 0.638198
vt 0.604105 0.642634
vt 0.615335 0.644899
vt 0.643580 0.644352
vt 0.681759 0.613276
vt 0.683517 0.624376
vt 0.683652 0.616229
vt 0.676095 0.636304
vt 0.590881 0.641343
vt 0.621980 0.644753
vt 0.683462 0.633436
vt 0.684091 0.629742
vt 0.659153 0.642241
vt 0.626746 0.644772
vt 0.666421 0.640359
vt 0.665478 0.642406
vt 0.686098 0.621318
vt 0.683463 0.636180
vt 0.584074 0.640135
vt 0.653364 0.644290
vt 0.647767 0.644781
vt 0.690259 0.615109
vt 0.688558 0.632549
vt 0.688964 0.624565
vt 0.688935 0.630000
vt 0.679191 0.638996
vt 0.684813 0.637982
vt 0.686646 0.635223
vt 0.672699 0.640976
vt 0.606234 0.644578
vt 0.693915 0.627483
vt 0.693182 0.631489
vt 0.695329 0.622221
vt 0.693851 0.615083
vt 0.692562 0.636070
vt 0.691230 0.637903
vt 0.662143 0.644355
vt 0.678681 0.641808
vt 0.685149 0.639801
vt 0.690157 0.640737
vt 0.611371 0.646343
vt 0.600146 0.645021
vt 0.696481 0.631462
vt 0.696367 0.635103
vt 0.697866 0.626007
vt 0.657976 0.645839
vt 0.634157 0.646601
vt 0.641834 0.646523
vt 0.698112 0.618430
vt 0.671488 0.643797
vt 0.678539 0.643606
vt 0.700589 0.630830
vt 0.652789 0.646032
vt 0.624893 0.646981
vt 0.704652 0.621715
vt 0.709132 0.613097
vt 0.710085 0.622223
vt 0.708705 0.627522
vt 0.704420 0.628809
vt 0.685242 0.641632
vt 0.683018 0.643518
vt 0.701393 0.634197
vt 0.707074 0.632346
vt 0.668499 0.645763
vt 0.661707 0.646901
vt 0.696063 0.638713
vt 0.701391 0.637845
vt 0.705017 0.635100
vt 0.647841 0.647350
vt 0.617717 0.647656
vt 0.713241 0.630500
vt 0.593291 0.644913
vt 0.573901 0.639671
vt 0.711016 0.633273
vt 0.708946 0.636022
vt 0.674936 0.645508
vt 0.586539 0.643322
vt 0.687515 0.643392
vt 0.644132 0.648390
vt 0.716678 0.627074
vt 0.714185 0.622181
vt 0.720194 0.625817
vt 0.716852 0.619615
vt 0.707025 0.638763
vt 0.701609 0.639950
vt 0.715066 0.633292
vt 0.639520 0.648555
vt 0.655108 0.648104
vt 0.700454 0.642008
vt 0.693724 0.643101
vt 0.718619 0.630524
vt 0.719217 0.633323
vt 0.714975 0.636977
vt 0.680557 0.645443
vt 0.633447 0.648688
vt 0.627575 0.648859
vt 0.723464 0.621075
vt 0.715070 0.639738
vt 0.719096 0.637021
vt 0.722619 0.636144
vt 0.723430 0.634298
vt 0.685483 0.645169
vt 0.723437 0.631499
vt 0.707942 0.641523
vt 0.649723 0.649916
vt 0.725350 0.626773
vt 0.668911 0.647840
vt 0.602912 0.646903
vt 0.659109 0.650026
vt 0.620674 0.649136
vt 0.623102 0.650884
vt 0.719189 0.639795
vt 0.729278 0.630605
vt 0.691481 0.645344
vt 0.728902 0.619885
vt 0.730241 0.626784
vt 0.732440 0.623950
vt 0.677517 0.647363
vt 0.702386 0.643175
vt 0.708390 0.643407
vt 0.715210 0.641587
vt 0.712401 0.643499
vt 0.723362 0.638016
vt 0.730843 0.634513
vt 0.663343 0.649697
vt 0.698462 0.644927
vt 0.682816 0.646993
vt 0.733452 0.632637
vt 0.732086 0.636328
vt 0.735318 0.616878
vt 0.734214 0.629830
vt 0.728495 0.639199
vt 0.733361 0.638250
vt 0.738887 0.627824
vt 0.737166 0.623508
vt 0.739944 0.616947
vt 0.737783 0.634564
vt 0.740745 0.631678
vt 0.742530 0.627632
vt 0.723115 0.641725
vt 0.744430 0.623805
vt 0.743614 0.615899
vt 0.720553 0.643397
vt 0.705219 0.645223
vt 0.738229 0.637454
vt 0.689021 0.647249
vt 0.748938 0.615447
vt 0.729032 0.641893
vt 0.743783 0.634715
vt 0.743203 0.637631
vt 0.733453 0.640145
vt 0.743767 0.631758
vt 0.680422 0.648753
vt 0.711145 0.645271
vt 0.717210 0.645356
vt 0.655362 0.650695
vt 0.693945 0.647488
vt 0.747566 0.631718
vt 0.750582 0.625779
vt 0.752266 0.629785
vt 0.725358 0.643669
vt 0.700735 0.647084
vt 0.742522 0.640521
vt 0.671442 0.650703
vt 0.676322 0.649438
vt 0.643555 0.650216
vt 0.747671 0.636828
vt 0.735053 0.642197
vt 0.741914 0.642332
vt 0.752725 0.634930
vt 0.753488 0.633061
vt 0.631685 0.650478
vt 0.636956 0.651899
vt 0.706309 0.647175
vt 0.731986 0.643760
vt 0.685484 0.649871
vt 0.749200 0.638934
vt 0.748276 0.640820
vt 0.722416 0.646165
vt 0.648586 0.651683
vt 0.611909 0.648445
vt 0.668453 0.652485
vt 0.662976 0.652101
vt 0.697022 0.649778
vt 0.713817 0.647559
vt 0.718150 0.647577
vt 0.597140 0.647401
vt 0.703656 0.649086
vt 0.701068 0.650908
vt 0.651653 0.653592
vt 0.603272 0.648505
vt 0.607747 0.649998
vt 0.731889 0.646836
vt 0.726876 0.647758
vt 0.678991 0.651597
vt 0.675160 0.653876
vt 0.627155 0.652883
vt 0.632307 0.654281
vt 0.642703 0.652725
vt 0.736496 0.645548
vt 0.694617 0.651845
vt 0.698278 0.652693
vt 0.688122 0.651953
vt 0.616357 0.651078
vt 0.613475 0.652403
vt 0.743726 0.644461
vt 0.742442 0.645881
vt 0.748965 0.643228
vt 0.660098 0.653597
vt 0.655987 0.653955
vt 0.708013 0.650353
vt 0.705138 0.651780
vt 0.692407 0.653184
vt 0.757733 0.639742
vt 0.754212 0.641834
vt 0.618767 0.652885
vt 0.715622 0.650007
vt 0.665677 0.654230
vt 0.592901 0.649080
vt 0.589051 0.646816
vt 0.756213 0.643653
vt 0.724036 0.649460
vt 0.713124 0.652028
vt 0.683122 0.654100
vt 0.679845 0.655737
vt 0.749953 0.645495
vt 0.756622 0.645786
vt 0.737651 0.647237
vt 0.622779 0.654527
vt 0.670343 0.655336
vt 0.645486 0.655490
vt 0.641548 0.654734
vt 0.636739 0.655837
vt 0.602073 0.651360
vt 0.596200 0.651639
vt 0.761863 0.642364
vt 0.721323 0.652083
vt 0.608108 0.652937
vt 0.729432 0.650535
vt 0.726760 0.652667
vt 0.734282 0.649966
vt 0.739265 0.649328
vt 0.763260 0.645148
vt 0.658478 0.657153
vt 0.662441 0.658202
vt 0.653129 0.657450
vt 0.649153 0.657620
vt 0.627014 0.656202
vt 0.630841 0.657532
vt 0.748985 0.648436
vt 0.745295 0.649654
vt 0.717182 0.652088
vt 0.753682 0.647388
vt 0.709893 0.652960
vt 0.706681 0.653866
vt 0.666791 0.657903
vt 0.688886 0.655437
vt 0.694927 0.654876
vt 0.640375 0.657278
vt 0.674149 0.657904
vt 0.601130 0.653504
vt 0.617112 0.655988
vt 0.760276 0.648812
vt 0.766393 0.648135
vt 0.699057 0.656782
vt 0.692622 0.658285
vt 0.696859 0.659941
vt 0.640833 0.659993
vt 0.740985 0.651370
vt 0.755295 0.649608
vt 0.751455 0.650800
vt 0.685242 0.659413
vt 0.679063 0.659556
vt 0.689551 0.660835
vt 0.636389 0.659146
vt 0.657288 0.659646
vt 0.718813 0.654112
vt 0.736877 0.652999
vt 0.731890 0.653202
vt 0.710286 0.655964
vt 0.716371 0.656084
vt 0.666724 0.661221
vt 0.674042 0.661623
vt 0.632460 0.661033
vt 0.651941 0.661373
vt 0.647800 0.662491
vt 0.746430 0.652214
vt 0.707255 0.657722
vt 0.702782 0.660228
vt 0.760945 0.651353
vt 0.765012 0.650918
vt 0.682658 0.662579
vt 0.658848 0.662676
vt 0.638032 0.662420
vt 0.641549 0.663716
vt 0.754797 0.652593
vt 0.742819 0.653391
vt 0.669757 0.663743
vt 0.726480 0.655041
vt 0.768928 0.650580
vt 0.673698 0.665168
vt 0.694107 0.662453
vt 0.690753 0.664631
vt 0.684198 0.664698
vt 0.713392 0.659285
vt 0.730331 0.656645
vt 0.749329 0.654663
vt 0.663666 0.667963
vt 0.669720 0.668321
vt 0.706428 0.662338
vt 0.723200 0.658534
vt 0.728126 0.658808
vt 0.700544 0.662894
vt 0.736050 0.657113
vt 0.655778 0.666821
vt 0.649560 0.666563
vt 0.721075 0.660653
vt 0.717796 0.661610
vt 0.709912 0.663686
vt 0.713988 0.663779
vt 0.694860 0.665597
vt 0.764283 0.653984
vt 0.769418 0.653724
vt 0.679366 0.675824
vt 0.684471 0.677802
vt 0.681292 0.685267
vt 0.677966 0.685313
vt 0.741942 0.657555
vt 0.703999 0.667814
vt 0.700407 0.671843
vt 0.689199 0.668625
vt 0.685148 0.694129
vt 0.687590 0.681678
vt 0.689831 0.693842
vt 0.692132 0.710195
vt 0.686261 0.702752
vt 0.689498 0.715518
vt 0.693729 0.718830
vt 0.695954 0.712973
vt 0.694627 0.702128
vt 0.693111 0.687905
vt 0.696669 0.694016
vt 0.699841 0.707260
vt 0.701975 0.697915
vt 0.699013 0.688429
vt 0.696510 0.675653
vt 0.701869 0.684193
vt 0.758152 0.655179
vt 0.754919 0.656448
vt 0.657183 0.674360
vt 0.661614 0.674516
vt 0.666302 0.674926
vt 0.672538 0.681902
vt 0.675200 0.692261
vt 0.670378 0.692178
vt 0.667740 0.704461
vt 0.671179 0.704966
vt 0.666931 0.684689
vt 0.676745 0.699425
vt 0.682124 0.704165
vt 0.680126 0.716112
vt 0.677107 0.718523
vt 0.671108 0.717915
vt 0.676845 0.730777
vt 0.672228 0.731887
vt 0.684571 0.712792
vt 0.686970 0.724900
vt 0.686986 0.733480
vt 0.690655 0.732739
vt 0.682579 0.733151
vt 0.691979 0.727738
vt 0.695716 0.730381
vt 0.749853 0.658675
vt 0.667441 0.713142
vt 0.667546 0.732171
vt 0.727241 0.662696
vt 0.703919 0.675908
vt 0.706278 0.692579
vt 0.707551 0.674759
vt 0.710874 0.683818
vt 0.709032 0.699179
vt 0.712990 0.695780
vt 0.714872 0.686913
vt 0.717468 0.668224
vt 0.721730 0.665160
vt 0.719949 0.683549
vt 0.718657 0.696274
vt 0.723457 0.688636
vt 0.726318 0.675592
vt 0.726672 0.665814
vt 0.716195 0.702955
vt 0.767273 0.655750
vt 0.745256 0.660079
vt 0.736679 0.659833
vt 0.732931 0.663218
vt 0.742554 0.662145
vt 0.707015 0.724903
vt 0.710895 0.730416
vt 0.711683 0.725568
vt 0.707568 0.715396
vt 0.709818 0.709379
vt 0.704244 0.707177
vt 0.713442 0.713122
vt 0.717543 0.730692
vt 0.718746 0.726030
vt 0.717147 0.715074
vt 0.699923 0.723263
vt 0.703425 0.729006
vt 0.762866 0.657793
vt 0.675894 0.734116
vt 0.696073 0.732702
vt 0.731478 0.665963
vt 0.732512 0.676843
vt 0.727545 0.682221
vt 0.727267 0.689979
vt 0.724103 0.698447
vt 0.774138 0.654496
vt 0.772897 0.657304
vt 0.758936 0.660621
vt 0.752852 0.661002
vt 0.720730 0.706640
vt 0.722972 0.727594
vt 0.721205 0.718666
vt 0.728067 0.722152
vt 0.724436 0.713313
vt 0.727591 0.705718
vt 0.730572 0.720150
vt 0.737524 0.666561
vt 0.743865 0.666915
vt 0.735483 0.680612
vt 0.739921 0.684400
vt 0.735049 0.695660
vt 0.739355 0.697092
vt 0.733721 0.708512
vt 0.740508 0.717762
vt 0.736524 0.720771
vt 0.733524 0.728432
vt 0.767953 0.658926
vt 0.773752 0.659837
vt 0.703593 0.732718
vt 0.709513 0.732788
vt 0.747184 0.665299
vt 0.751705 0.664908
vt 0.744931 0.687364
vt 0.744570 0.698847
vt 0.748182 0.670493
vt 0.751913 0.668673
vt 0.744569 0.677117
vt 0.779803 0.659188
vt 0.722814 0.733333
vt 0.764111 0.663359
vt 0.768555 0.661968
vt 0.729763 0.731453
vt 0.727958 0.733723
vt 0.715446 0.732809
vt 0.760314 0.664707
vt 0.756260 0.667151
vt 0.781234 0.662367
vt 0.688327 0.735471
vt 0.739337 0.724652
vt 0.738304 0.731561
vt 0.749129 0.682499
vt 0.752595 0.676023
vt 0.745441 0.706885
vt 0.744063 0.719294
vt 0.742280 0.728548
vt 0.746825 0.719886
vt 0.749451 0.701930
vt 0.750153 0.693594
vt 0.757718 0.672255
vt 0.758428 0.682789
vt 0.774603 0.663714
vt 0.700565 0.735175
vt 0.696479 0.735048
vt 0.754266 0.693297
vt 0.751361 0.718107
vt 0.747450 0.731703
vt 0.752355 0.725468
vt 0.755436 0.703507
vt 0.757660 0.695039
vt 0.760520 0.699475
vt 0.764001 0.684610
vt 0.757251 0.707883
vt 0.762425 0.706420
vt 0.764610 0.697694
vt 0.767069 0.686096
vt 0.768241 0.691069
vt 0.767527 0.702390
vt 0.771637 0.694314
vt 0.773888 0.688144
vt 0.764897 0.712785
vt 0.760352 0.719828
vt 0.763746 0.723387
vt 0.767075 0.722062
vt 0.770654 0.705590
vt 0.756293 0.729093
vt 0.761386 0.732120
vt 0.754419 0.735377
vt 0.743453 0.733256
vt 0.783650 0.664289
vt 0.762980 0.670473
vt 0.768696 0.668073
vt 0.766776 0.676885
vt 0.773140 0.674362
vt 0.772913 0.667794
vt 0.772045 0.678613
vt 0.762872 0.674656
vt 0.734544 0.734601
vt 0.779912 0.667504
vt 0.777192 0.671824
vt 0.777250 0.677613
vt 0.782363 0.674481
vt 0.785000 0.669098
vt 0.777150 0.681447
vt 0.786454 0.665158
vt 0.707620 0.734979
vt 0.741469 0.735502
vt 0.714041 0.735205
vt 0.746590 0.735024
vt 0.750300 0.736936
vt 0.726340 0.736049
vt 0.721398 0.737165
vt 0.782522 0.680062
vt 0.732904 0.736911
vt 0.774333 0.706743
vt 0.772244 0.717634
vt 0.768594 0.725869
vt 0.773097 0.725169
vt 0.768914 0.738333
vt 0.763938 0.736761
vt 0.779035 0.689268
vt 0.762256 0.739216
vt 0.766529 0.740562
vt 0.757126 0.739832
vt 0.950554 0.735993
vt 0.950201 0.730026
vt 0.953478 0.737188
vt 0.952852 0.742718
vt 0.950009 0.742890
vt 0.946127 0.741743
vt 0.947622 0.734793
vt 0.952161 0.747383
vt 0.947352 0.746551
vt 0.950495 0.751756
vt 0.952514 0.754019
vt 0.954057 0.747278
vt 0.954438 0.754452
vt 0.945805 0.752713
vt 0.943378 0.748164
vt 0.943006 0.741939
vt 0.948563 0.757352
vt 0.950941 0.760662
vt 0.952773 0.759166
vt 0.946054 0.758227
vt 0.942501 0.754314
vt 0.939774 0.748407
vt 0.935132 0.753242
vt 0.939232 0.742194
vt 0.946084 0.762904
vt 0.947313 0.769149
vt 0.950285 0.767220
vt 0.949998 0.770652
vt 0.941971 0.759573
vt 0.942708 0.769045
vt 0.953266 0.770161
vt 0.954858 0.763254
vt 0.943532 0.773503
vt 0.948917 0.775740
vt 0.945343 0.778206
vt 0.933269 0.757847
vt 0.931364 0.767154
vt 0.933132 0.771442
vt 0.929872 0.775780
vt 0.941061 0.775748
vt 0.936578 0.778811
vt 0.949830 0.780150
vt 0.940631 0.784811
vt 0.945043 0.783435
vt 0.948890 0.784326
vt 0.952552 0.776221
vt 0.926472 0.787359
vt 0.945327 0.788785
vt 0.953629 0.779934
vt 0.939896 0.792612
vt 0.943503 0.793236
vt 0.950137 0.791391
vt 0.947389 0.796356
vt 0.940730 0.798784
vt 0.944777 0.798872
vt 0.928820 0.797999
vt 0.952036 0.791270
vt 0.953828 0.787029
vt 0.951412 0.797203
vt 0.949508 0.800143
vt 0.941749 0.802088
vt 0.926864 0.802410
vt 0.948690 0.804219
vt 0.944681 0.806463
vt 0.926448 0.806301
vt 0.940691 0.806327
vt 0.954031 0.795373
vt 0.952288 0.804581
vt 0.954130 0.800652
vt 0.950527 0.806642
vt 0.937571 0.811961
vt 0.942824 0.812191
vt 0.945741 0.813062
vt 0.949509 0.811910
vt 0.932729 0.816136
vt 0.940862 0.820230
vt 0.944286 0.819112
vt 0.947863 0.817589
vt 0.950494 0.816942
vt 0.952471 0.811295
vt 0.952398 0.816895
vt 0.954236 0.808448
vt 0.947637 0.822704
vt 0.950687 0.823404
vt 0.943102 0.825402
vt 0.933229 0.825890
vt 0.939942 0.829791
vt 0.954301 0.817266
vt 0.947479 0.828094
vt 0.943914 0.831133
vt 0.952390 0.827894
vt 0.949495 0.832372
vt 0.954293 0.827829
vt 0.940096 0.832957
vt 0.937598 0.836513
vt 0.945652 0.834199
vt 0.949434 0.835395
vt 0.941745 0.837472
vt 0.952348 0.832777
vt 0.944107 0.841135
vt 0.947951 0.841360
vt 0.955199 0.833041
vt 0.933353 0.843180
vt 0.938765 0.844794
vt 0.953214 0.838555
vt 0.950269 0.843308
vt 0.944697 0.845443
vt 0.937948 0.848183
vt 0.953139 0.842505
vt 0.949198 0.848284
vt 0.956071 0.838603
vt 0.945447 0.850763
vt 0.939787 0.851768
vt 0.953019 0.847536
vt 0.929508 0.850384
vt 0.949087 0.853561
vt 0.947051 0.856617
vt 0.952882 0.852316
vt 0.950811 0.857791
vt 0.955930 0.845526
vt 0.955689 0.853548
vt 0.957782 0.847642
vt 0.923076 0.936817
vt 0.934251 0.935555
vt 0.936420 0.940343
vt 0.933059 0.944193
vt 0.939579 0.931771
vt 0.943236 0.935357
vt 0.941114 0.941010
vt 0.930417 0.929204
vt 0.937181 0.928083
vt 0.944802 0.940437
vt 0.939373 0.945797
vt 0.935495 0.949925
vt 0.932059 0.952061
vt 0.942471 0.927382
vt 0.945080 0.936079
vt 0.937240 0.924166
vt 0.944424 0.946352
vt 0.946549 0.929845
vt 0.941069 0.920839
vt 0.945208 0.923307
vt 0.936277 0.919813
vt 0.945538 0.918730
vt 0.941423 0.916557
vt 0.938308 0.913484
vt 0.927750 0.917408
vt 0.948891 0.924261
vt 0.948250 0.920366
vt 0.943995 0.912894
vt 0.946935 0.936609
vt 0.940477 0.907266
vt 0.944391 0.908488
vt 0.929594 0.910047
vt 0.931666 0.905157
vt 0.940961 0.903001
vt 0.944625 0.905127
vt 0.948681 0.914636
vt 0.948077 0.909917
vt 0.947553 0.903855
vt 0.930312 0.900707
vt 0.936702 0.897985
vt 0.945826 0.901349
vt 0.942872 0.899263
vt 0.949432 0.903973
vt 0.950292 0.930378
vt 0.948869 0.936172
vt 0.951140 0.919606
vt 0.951816 0.923092
vt 0.951114 0.906980
vt 0.946910 0.895349
vt 0.941921 0.895374
vt 0.944895 0.891709
vt 0.951574 0.913794
vt 0.949609 0.897503
vt 0.933851 0.893007
vt 0.938635 0.890395
vt 0.943485 0.887077
vt 0.931507 0.887352
vt 0.937734 0.885068
vt 0.949240 0.891961
vt 0.948518 0.888085
vt 0.952352 0.902573
vt 0.952738 0.896496
vt 0.952058 0.892129
vt 0.948305 0.942913
vt 0.946912 0.948035
vt 0.952925 0.908081
vt 0.947563 0.882385
vt 0.941717 0.881939
vt 0.945140 0.880221
vt 0.938762 0.878883
vt 0.935709 0.875866
vt 0.951378 0.887531
vt 0.949666 0.884316
vt 0.940174 0.873074
vt 0.945820 0.875936
vt 0.954409 0.899975
vt 0.950167 0.876755
vt 0.947396 0.872659
vt 0.941914 0.870559
vt 0.952662 0.881121
vt 0.929001 0.868885
vt 0.935611 0.868066
vt 0.954572 0.911613
vt 0.954052 0.890328
vt 0.954395 0.884098
vt 0.954882 0.917364
vt 0.954755 0.921897
vt 0.950311 0.870888
vt 0.944301 0.867683
vt 0.939321 0.865893
vt 0.931854 0.859583
vt 0.942399 0.860125
vt 0.945621 0.863797
vt 0.955922 0.905898
vt 0.948599 0.866440
vt 0.953958 0.873837
vt 0.954770 0.878287
vt 0.956585 0.896430
vt 0.954143 0.869618
vt 0.956040 0.888763
vt 0.953309 0.928211
vt 0.955635 0.925928
vt 0.951833 0.934728
vt 0.952396 0.866145
vt 0.951626 0.861543
vt 0.947142 0.860005
vt 0.942658 0.855736
vt 0.927142 0.854742
vt 0.957401 0.880910
vt 0.958361 0.885755
vt 0.953599 0.859364
vt 0.955326 0.863830
vt 0.956837 0.873113
vt 0.958659 0.875119
vt 0.957882 0.890804
vt 0.957225 0.900668
vt 0.950355 0.941140
vt 0.956868 0.913328
vt 0.957149 0.865837
vt 0.952620 0.940950
vt 0.958655 0.908084
vt 0.956502 0.857749
vt 0.949766 0.948303
vt 0.952085 0.945588
vt 0.955032 0.932460
vt 0.954394 0.938427
vt 0.957874 0.918784
vt 0.959271 0.898886
vt 0.959699 0.891887
vt 0.946468 0.953002
vt 0.949052 0.952931
vt 0.959215 0.867143
vt 0.959088 0.859486
vt 0.961179 0.861021
vt 0.960203 0.882944
vt 0.958866 0.924311
vt 0.959741 0.912505
vt 0.959916 0.917537
vt 0.960813 0.920874
vt 0.957265 0.930185
vt 0.960588 0.875185
vt 0.961402 0.868066
vt 0.956454 0.938137
vt 0.961937 0.886924
vt 0.951313 0.953168
vt 0.953865 0.945002
vt 0.956127 0.943886
vt 0.961512 0.894192
vt 0.959951 0.853612
vt 0.961125 0.900496
vt 0.962337 0.879632
vt 0.961644 0.907412
vt 0.959584 0.929025
vt 0.953195 0.953863
vt 0.955510 0.948704
vt 0.958635 0.936860
vt 0.963278 0.872018
vt 0.963035 0.903600
vt 0.962666 0.853608
vt 0.963060 0.863000
vt 0.964143 0.868758
vt 0.962174 0.913851
vt 0.962833 0.918382
vt 0.950639 0.963498
vt 0.963804 0.889224
vt 0.963791 0.857965
vt 0.964216 0.881674
vt 0.965919 0.885179
vt 0.958995 0.944265
vt 0.964544 0.897238
vt 0.965610 0.891550
vt 0.962057 0.928311
vt 0.953508 0.966280
vt 0.954534 0.962270
vt 0.955796 0.956136
vt 0.957142 0.953136
vt 0.961408 0.936288
vt 0.961121 0.942627
vt 0.958762 0.950743
vt 0.964758 0.910364
vt 0.963448 0.923485
vt 0.956771 0.964066
vt 0.965477 0.915408
vt 0.956621 0.969084
vt 0.958442 0.959430
vt 0.963423 0.934357
vt 0.954485 0.973222
vt 0.959440 0.954471
vt 0.964596 0.926487
vt 0.965919 0.930968
vt 0.963179 0.940846
vt 0.959079 0.964979
vt 0.962721 0.946995
vt 0.960675 0.958150
vt 0.963420 0.952428
vt 0.964261 0.955904
vt 0.960409 0.968442
vt 0.958573 0.973107
vt 0.962438 0.962568
vt 0.803710 0.973222
vt 0.808025 0.972344
vt 0.812338 0.973222
vt 0.129971 0.209501
vt 0.136845 0.213374
vt 0.129072 0.206876
vt 0.123131 0.210260
vt 0.171071 0.290017
vt 0.170870 0.287044
vt 0.167231 0.286588
vt 0.166751 0.289836
vt 0.168845 0.292281
vt 0.168603 0.283204
vt 0.162599 0.285801
vt 0.162185 0.289527
vt 0.159700 0.288022
vt 0.163295 0.282478
vt 0.157856 0.284583
vt 0.159936 0.280445
vt 0.166358 0.279772
vt 0.163241 0.276913
vt 0.155521 0.279717
vt 0.156173 0.287625
vt 0.156848 0.275581
vt 0.150209 0.273790
vt 0.149850 0.281173
vt 0.142103 0.277206
vt 0.141660 0.272962
vt 0.146921 0.283689
vt 0.150791 0.287390
vt 0.138056 0.279830
vt 0.137098 0.273323
vt 0.127022 0.271605
vt 0.127315 0.275226
vt 0.129918 0.279971
vt 0.134549 0.284106
vt 0.143152 0.285671
vt 0.150296 0.290261
vt 0.134970 0.289777
vt 0.141203 0.292577
vt 0.157490 0.291549
vt 0.129889 0.265251
vt 0.118905 0.268494
vt 0.118144 0.262498
vt 0.123404 0.260579
vt 0.143973 0.269647
vt 0.131551 0.261799
vt 0.116746 0.257450
vt 0.123298 0.257634
vt 0.139921 0.262319
vt 0.149434 0.266481
vt 0.137023 0.254403
vt 0.144620 0.259510
vt 0.130236 0.255810
vt 0.123530 0.249992
vt 0.126743 0.247143
vt 0.129871 0.247095
vt 0.153821 0.268498
vt 0.158139 0.268628
vt 0.115634 0.249194
vt 0.112067 0.252716
vt 0.111337 0.258670
vt 0.110981 0.264085
vt 0.109108 0.272457
vt 0.105812 0.269031
vt 0.103449 0.273248
vt 0.119740 0.274771
vt 0.120503 0.279551
vt 0.125985 0.282573
vt 0.106837 0.279186
vt 0.104751 0.264907
vt 0.120056 0.282569
vt 0.106526 0.284968
vt 0.102621 0.282816
vt 0.100748 0.271957
vt 0.099366 0.280312
vt 0.100598 0.267609
vt 0.126418 0.289274
vt 0.119385 0.287084
vt 0.105344 0.261234
vt 0.108453 0.253176
vt 0.149329 0.293198
vt 0.115518 0.244688
vt 0.124003 0.242193
vt 0.110734 0.248688
vt 0.113940 0.243533
vt 0.109380 0.288649
vt 0.104424 0.290397
vt 0.100389 0.286148
vt 0.134216 0.293706
vt 0.118982 0.298318
vt 0.119160 0.293929
vt 0.111399 0.298549
vt 0.126213 0.295080
vt 0.105601 0.300913
vt 0.150964 0.294809
vt 0.156964 0.294626
vt 0.097124 0.274672
vt 0.097900 0.269961
vt 0.099688 0.291766
vt 0.141780 0.296243
vt 0.117763 0.301930
vt 0.134496 0.298393
vt 0.110334 0.302879
vt 0.108418 0.310048
vt 0.105115 0.303942
vt 0.148616 0.298073
vt 0.096895 0.289347
vt 0.095591 0.284058
vt 0.112191 0.308565
vt 0.109380 0.314912
vt 0.117854 0.310648
vt 0.137306 0.304049
vt 0.142294 0.300492
vt 0.099201 0.296940
vt 0.101234 0.304270
vt 0.161100 0.293336
vt 0.166204 0.292632
vt 0.106291 0.314373
vt 0.104031 0.312929
vt 0.100380 0.261776
vt 0.152503 0.299202
vt 0.094677 0.290531
vt 0.097350 0.300049
vt 0.118108 0.315514
vt 0.129638 0.310188
vt 0.112163 0.319369
vt 0.145403 0.303130
vt 0.140669 0.309095
vt 0.146934 0.305673
vt 0.126453 0.316531
vt 0.134311 0.314470
vt 0.152483 0.302469
vt 0.090847 0.284532
vt 0.090204 0.288149
vt 0.091191 0.278236
vt 0.096128 0.265519
vt 0.107848 0.319647
vt 0.105148 0.318487
vt 0.161790 0.296897
vt 0.158046 0.300088
vt 0.098948 0.307944
vt 0.100387 0.314223
vt 0.101952 0.316862
vt 0.095463 0.301563
vt 0.106168 0.248716
vt 0.107906 0.244454
vt 0.110602 0.241068
vt 0.100435 0.249391
vt 0.097458 0.256120
vt 0.094698 0.262987
vt 0.092294 0.271061
vt 0.093921 0.267845
vt 0.090933 0.293042
vt 0.130711 0.243075
vt 0.127402 0.238107
vt 0.138244 0.247672
vt 0.146837 0.257845
vt 0.152018 0.264250
vt 0.135867 0.240651
vt 0.131058 0.235551
vt 0.118685 0.238168
vt 0.124157 0.235792
vt 0.112330 0.237416
vt 0.103387 0.244276
vt 0.105303 0.240353
vt 0.146764 0.250810
vt 0.151818 0.252663
vt 0.149598 0.239433
vt 0.145905 0.241206
vt 0.156343 0.262028
vt 0.143435 0.232511
vt 0.148959 0.231012
vt 0.145004 0.227582
vt 0.138612 0.230438
vt 0.135150 0.229689
vt 0.139827 0.238726
vt 0.130028 0.230882
vt 0.123538 0.233317
vt 0.128904 0.228422
vt 0.163362 0.270894
vt 0.108398 0.234486
vt 0.111804 0.232529
vt 0.121586 0.230795
vt 0.125350 0.226015
vt 0.166019 0.275509
vt 0.093859 0.245615
vt 0.099864 0.241326
vt 0.091161 0.248671
vt 0.093818 0.241986
vt 0.088533 0.243692
vt 0.087885 0.252416
vt 0.090392 0.255797
vt 0.084567 0.250863
vt 0.082701 0.254987
vt 0.086569 0.257752
vt 0.081474 0.259509
vt 0.080314 0.264013
vt 0.083323 0.270559
vt 0.080144 0.272111
vt 0.079176 0.268524
vt 0.077848 0.272006
vt 0.081862 0.278274
vt 0.078755 0.276031
vt 0.086044 0.244663
vt 0.091936 0.236095
vt 0.093597 0.236376
vt 0.095349 0.231232
vt 0.097223 0.235774
vt 0.080396 0.282802
vt 0.077669 0.280475
vt 0.082767 0.293755
vt 0.081103 0.295657
vt 0.101240 0.230741
vt 0.099791 0.229428
vt 0.097068 0.228818
vt 0.100275 0.225647
vt 0.105848 0.224756
vt 0.082207 0.283247
vt 0.083870 0.299595
vt 0.086829 0.263844
vt 0.085669 0.268303
vt 0.087644 0.272269
vt 0.085991 0.276240
vt 0.105198 0.220060
vt 0.111624 0.219284
vt 0.077671 0.289515
vt 0.077968 0.299681
vt 0.083969 0.302606
vt 0.080202 0.309501
vt 0.082598 0.289696
vt 0.086034 0.306645
vt 0.095015 0.229151
vt 0.098044 0.224917
vt 0.103133 0.220365
vt 0.082727 0.249593
vt 0.076774 0.276483
vt 0.080862 0.256433
vt 0.079672 0.260954
vt 0.106627 0.215558
vt 0.083963 0.279649
vt 0.086333 0.284960
vt 0.086619 0.290901
vt 0.111609 0.213753
vt 0.097835 0.238511
vt 0.102359 0.236823
vt 0.106065 0.233655
vt 0.115421 0.211083
vt 0.114245 0.210176
vt 0.119241 0.208423
vt 0.118065 0.207510
vt 0.117409 0.214170
vt 0.109554 0.214051
vt 0.133103 0.225801
vt 0.153959 0.227394
vt 0.150524 0.224461
vt 0.155989 0.221585
vt 0.160873 0.255509
vt 0.158023 0.228129
vt 0.154092 0.238032
vt 0.164823 0.252295
vt 0.166000 0.262188
vt 0.162336 0.262999
vt 0.166140 0.270133
vt 0.161215 0.221513
vt 0.155982 0.248978
vt 0.122041 0.205910
vt 0.104474 0.228784
vt 0.109189 0.225908
vt 0.111449 0.227889
vt 0.141176 0.223751
vt 0.137141 0.222124
vt 0.145749 0.223105
vt 0.149295 0.220255
vt 0.113751 0.220129
vt 0.118405 0.216285
vt 0.123047 0.212436
vt 0.118642 0.225615
vt 0.117891 0.221491
vt 0.128787 0.222034
vt 0.132734 0.220477
vt 0.089884 0.236454
vt 0.092444 0.232790
vt 0.155255 0.217617
vt 0.169878 0.278873
vt 0.144854 0.219122
vt 0.141360 0.218308
vt 0.123191 0.219222
vt 0.170228 0.274197
vt 0.168781 0.269756
vt 0.169885 0.263294
vt 0.165818 0.227219
vt 0.167596 0.251477
vt 0.127546 0.213696
vt 0.076174 0.282902
vt 0.131066 0.216090
vt 0.140217 0.215237
vt 0.172148 0.282763
vt 0.110288 0.211812
vt 0.088081 0.318390
vt 0.088667 0.316446
vt 0.090069 0.322093
vt 0.083546 0.306719
vt 0.087643 0.325168
vt 0.082567 0.319907
vt 0.089121 0.331693
vt 0.085804 0.325596
vt 0.090335 0.328463
vt 0.091784 0.327635
vt 0.086964 0.302930
vt 0.088203 0.308888
vt 0.093845 0.335464
vt 0.091471 0.333585
vt 0.092314 0.337289
vt 0.091460 0.299686
vt 0.087317 0.294801
vt 0.094763 0.339642
vt 0.098035 0.338970
vt 0.095311 0.306538
vt 0.121765 0.203816
vt 0.164393 0.297895
vt 0.168408 0.295969
vt 0.094676 0.331550
vt 0.096300 0.335529
vt 0.103228 0.320985
vt 0.160033 0.301314
vt 0.122720 0.321398
vt 0.134721 0.318150
vt 0.141866 0.313189
vt 0.145961 0.312729
vt 0.150193 0.307926
vt 0.128790 0.327314
vt 0.137495 0.323228
vt 0.133439 0.330216
vt 0.128389 0.330770
vt 0.114838 0.323608
vt 0.121127 0.331110
vt 0.124923 0.335287
vt 0.154369 0.306321
vt 0.076034 0.291186
vt 0.111144 0.323269
vt 0.108065 0.323632
vt 0.097777 0.317511
vt 0.094584 0.309655
vt 0.126904 0.203126
vt 0.126182 0.205410
vt 0.128971 0.202879
vt 0.129718 0.200631
vt 0.133827 0.200116
vt 0.131515 0.198285
vt 0.137149 0.202427
vt 0.135879 0.205475
vt 0.143673 0.203507
vt 0.136131 0.197693
vt 0.141778 0.197011
vt 0.143087 0.200660
vt 0.137938 0.195352
vt 0.093825 0.228273
vt 0.152548 0.216114
vt 0.093353 0.341912
vt 0.154521 0.196449
vt 0.150238 0.193855
vt 0.143577 0.194656
vt 0.078001 0.308513
vt 0.080285 0.318464
vt 0.090072 0.335867
vt 0.104994 0.322875
vt 0.098485 0.320516
vt 0.079048 0.257880
vt 0.159595 0.216088
vt 0.146397 0.214783
vt 0.080249 0.253319
vt 0.173505 0.278886
vt 0.172346 0.268597
vt 0.172857 0.273167
vt 0.089212 0.302676
vt 0.074913 0.286305
vt 0.077874 0.262412
vt 0.089532 0.234360
vt 0.173556 0.287162
vt 0.124580 0.201308
vt 0.167001 0.219791
vt 0.170423 0.251139
vt 0.171184 0.226613
vt 0.173599 0.235574
vt 0.179982 0.234736
vt 0.177591 0.225654
vt 0.177826 0.241467
vt 0.174179 0.250438
vt 0.173482 0.261893
vt 0.181741 0.228542
vt 0.173158 0.221572
vt 0.163553 0.215629
vt 0.155885 0.193198
vt 0.161164 0.196278
vt 0.153596 0.191345
vt 0.164892 0.190036
vt 0.164095 0.192251
vt 0.172319 0.191329
vt 0.170463 0.193773
vt 0.156568 0.211841
vt 0.160631 0.211997
vt 0.164118 0.211604
vt 0.149914 0.212310
vt 0.141163 0.212113
vt 0.147432 0.192073
vt 0.145780 0.209917
vt 0.175416 0.274699
vt 0.152327 0.198223
vt 0.153908 0.200532
vt 0.160733 0.199363
vt 0.175187 0.269210
vt 0.177263 0.262165
vt 0.179438 0.248196
vt 0.185077 0.236196
vt 0.186960 0.226093
vt 0.190059 0.228709
vt 0.190401 0.235690
vt 0.182584 0.255681
vt 0.188481 0.244828
vt 0.168764 0.215115
vt 0.174013 0.217362
vt 0.181778 0.192452
vt 0.178484 0.190674
vt 0.183628 0.190151
vt 0.170869 0.294281
vt 0.175941 0.280437
vt 0.176346 0.284069
vt 0.175702 0.188839
vt 0.167154 0.300241
vt 0.163037 0.303131
vt 0.076734 0.266947
vt 0.149927 0.203815
vt 0.151994 0.208546
vt 0.075264 0.278946
vt 0.184864 0.192140
vt 0.188161 0.193940
vt 0.190028 0.191627
vt 0.192294 0.193534
vt 0.191448 0.195764
vt 0.196441 0.193154
vt 0.194554 0.195451
vt 0.171032 0.195786
vt 0.198874 0.197186
vt 0.199734 0.194983
vt 0.182482 0.222931
vt 0.178631 0.216026
vt 0.201982 0.196915
vt 0.204216 0.198859
vt 0.206211 0.197641
vt 0.209615 0.201620
vt 0.178069 0.270292
vt 0.182376 0.196416
vt 0.178512 0.276547
vt 0.180133 0.272409
vt 0.184586 0.260308
vt 0.189269 0.252548
vt 0.194802 0.244861
vt 0.194679 0.237213
vt 0.182795 0.266331
vt 0.211133 0.200979
vt 0.216006 0.204351
vt 0.216917 0.202185
vt 0.174390 0.213598
vt 0.170120 0.210885
vt 0.173132 0.290786
vt 0.083749 0.325088
vt 0.084499 0.328365
vt 0.081723 0.324825
vt 0.143329 0.192560
vt 0.087188 0.331655
vt 0.086683 0.333742
vt 0.208291 0.197474
vt 0.214722 0.200205
vt 0.201213 0.193772
vt 0.084000 0.245044
vt 0.168367 0.198480
vt 0.195477 0.199377
vt 0.076236 0.300851
vt 0.075001 0.295532
vt 0.175528 0.288727
vt 0.185443 0.218215
vt 0.159928 0.208061
vt 0.166582 0.206109
vt 0.204007 0.201944
vt 0.214200 0.207539
vt 0.209588 0.204837
vt 0.189032 0.197717
vt 0.191422 0.222188
vt 0.101135 0.219333
vt 0.218068 0.204224
vt 0.219262 0.207304
vt 0.223561 0.211246
vt 0.225508 0.209048
vt 0.226681 0.212115
vt 0.228631 0.209945
vt 0.232936 0.215980
vt 0.233909 0.214916
vt 0.241392 0.222072
vt 0.230378 0.215576
vt 0.236105 0.220977
vt 0.241695 0.224349
vt 0.240729 0.225390
vt 0.247018 0.228980
vt 0.195427 0.229242
vt 0.196069 0.223842
vt 0.095781 0.344252
vt 0.097382 0.342921
vt 0.097987 0.345673
vt 0.100195 0.347087
vt 0.098805 0.349325
vt 0.102298 0.352360
vt 0.102961 0.348851
vt 0.104638 0.352308
vt 0.106669 0.355192
vt 0.096588 0.347930
vt 0.108272 0.353868
vt 0.113551 0.361222
vt 0.114064 0.359210
vt 0.107066 0.357005
vt 0.109630 0.360220
vt 0.120353 0.367208
vt 0.121038 0.366133
vt 0.127740 0.372117
vt 0.127374 0.370341
vt 0.129121 0.369976
vt 0.101595 0.353487
vt 0.246314 0.230758
vt 0.246369 0.232758
vt 0.251339 0.235614
vt 0.105270 0.357426
vt 0.120145 0.363973
vt 0.125969 0.367848
vt 0.173653 0.295288
vt 0.249379 0.235661
vt 0.249431 0.237650
vt 0.130524 0.372448
vt 0.132778 0.374731
vt 0.135365 0.374194
vt 0.135707 0.375948
vt 0.138453 0.376291
vt 0.137087 0.373845
vt 0.140170 0.375951
vt 0.142144 0.379229
vt 0.140869 0.374897
vt 0.143934 0.377026
vt 0.144263 0.378778
vt 0.147841 0.378975
vt 0.147521 0.377238
vt 0.151255 0.378329
vt 0.151727 0.380938
vt 0.155124 0.380291
vt 0.154667 0.377689
vt 0.145487 0.375817
vt 0.158960 0.382272
vt 0.160358 0.380244
vt 0.156671 0.379123
vt 0.162337 0.381671
vt 0.163746 0.379666
vt 0.167415 0.380824
vt 0.163044 0.383344
vt 0.170226 0.382146
vt 0.174194 0.379753
vt 0.180362 0.380574
vt 0.183719 0.378338
vt 0.187541 0.379572
vt 0.184818 0.381702
vt 0.182293 0.382054
vt 0.191130 0.377355
vt 0.193246 0.378838
vt 0.196219 0.376722
vt 0.201740 0.376073
vt 0.198570 0.374689
vt 0.203251 0.374148
vt 0.206417 0.375566
vt 0.208356 0.373588
vt 0.207749 0.371899
vt 0.211163 0.371537
vt 0.160068 0.378517
vt 0.167568 0.379016
vt 0.170546 0.298864
vt 0.174038 0.298415
vt 0.204340 0.372268
vt 0.113075 0.209279
vt 0.117782 0.205413
vt 0.220022 0.201980
vt 0.212848 0.373754
vt 0.133305 0.195911
vt 0.075856 0.272457
vt 0.195590 0.375034
vt 0.176621 0.290403
vt 0.177160 0.294867
vt 0.234898 0.213837
vt 0.128424 0.198663
vt 0.251383 0.237601
vt 0.252433 0.240543
vt 0.253381 0.239527
vt 0.255411 0.242435
vt 0.253489 0.243481
vt 0.255480 0.245394
vt 0.255569 0.248339
vt 0.257499 0.248282
vt 0.257582 0.251221
vt 0.259594 0.254097
vt 0.257754 0.256839
vt 0.259733 0.258965
vt 0.261638 0.258909
vt 0.260025 0.267650
vt 0.261952 0.268548
vt 0.263703 0.263671
vt 0.263946 0.271847
vt 0.262075 0.272388
vt 0.264164 0.278566
vt 0.262480 0.284868
vt 0.266068 0.278508
vt 0.264343 0.283841
vt 0.266528 0.290983
vt 0.255699 0.254227
vt 0.264637 0.292430
vt 0.262838 0.294393
vt 0.264795 0.297157
vt 0.263052 0.300049
vt 0.263217 0.304741
vt 0.261255 0.301530
vt 0.261480 0.307616
vt 0.263377 0.308958
vt 0.261641 0.312289
vt 0.259741 0.310488
vt 0.259900 0.315151
vt 0.260070 0.319803
vt 0.258207 0.318939
vt 0.258340 0.322641
vt 0.256490 0.321786
vt 0.256561 0.323633
vt 0.256668 0.326396
vt 0.253954 0.326506
vt 0.254034 0.328346
vt 0.254112 0.330181
vt 0.251451 0.331211
vt 0.251530 0.333036
vt 0.249738 0.333119
vt 0.251607 0.334862
vt 0.258060 0.315217
vt 0.249818 0.334943
vt 0.244829 0.342407
vt 0.245753 0.343261
vt 0.249136 0.339504
vt 0.245584 0.339668
vt 0.243070 0.342502
vt 0.243160 0.344293
vt 0.243247 0.346088
vt 0.240564 0.345326
vt 0.086979 0.238035
vt 0.083597 0.242947
vt 0.209275 0.369963
vt 0.213475 0.368665
vt 0.214416 0.369457
vt 0.217687 0.367388
vt 0.217843 0.369132
vt 0.221974 0.367001
vt 0.220109 0.365401
vt 0.223549 0.365111
vt 0.222943 0.362962
vt 0.214585 0.371203
vt 0.225924 0.362290
vt 0.226053 0.364038
vt 0.230441 0.358878
vt 0.231527 0.355711
vt 0.227387 0.358648
vt 0.233377 0.357354
vt 0.229367 0.362045
vt 0.233264 0.355591
vt 0.235811 0.354537
vt 0.238994 0.348997
vt 0.241581 0.347962
vt 0.237230 0.349090
vt 0.178531 0.287453
vt 0.256482 0.261503
vt 0.247175 0.335960
vt 0.177649 0.298890
vt 0.172624 0.301328
vt 0.181267 0.291675
vt 0.184465 0.288584
vt 0.180877 0.296028
vt 0.150947 0.376576
vt 0.251478 0.241567
vt 0.176174 0.301340
vt 0.105435 0.214656
vt 0.169186 0.302243
vt 0.181493 0.301595
vt 0.184503 0.299345
vt 0.179128 0.303813
vt 0.181014 0.285330
vt 0.237559 0.354440
vt 0.241493 0.346176
vt 0.081492 0.248749
vt 0.171013 0.305195
vt 0.074215 0.283361
vt 0.099388 0.352088
vt 0.186086 0.294647
vt 0.189579 0.297149
vt 0.192761 0.288606
vt 0.191499 0.285065
vt 0.184927 0.284424
vt 0.181960 0.279532
vt 0.183154 0.282041
vt 0.189247 0.280688
vt 0.187863 0.290949
vt 0.191876 0.293269
vt 0.166772 0.304998
vt 0.174057 0.305726
vt 0.176808 0.306444
vt 0.180335 0.188328
vt 0.163445 0.308134
vt 0.158936 0.307870
vt 0.155026 0.310245
vt 0.149115 0.313507
vt 0.119125 0.367953
vt 0.266472 0.296158
vt 0.257235 0.311977
vt 0.258597 0.302823
vt 0.254782 0.315985
vt 0.259483 0.291713
vt 0.260684 0.284456
vt 0.253031 0.320990
vt 0.149808 0.375095
vt 0.094333 0.224947
vt 0.168336 0.309720
vt 0.164889 0.310690
vt 0.089283 0.340461
vt 0.242747 0.352420
vt 0.246493 0.348008
vt 0.110007 0.362039
vt 0.195232 0.295426
vt 0.196027 0.299699
vt 0.191154 0.301478
vt 0.197578 0.303691
vt 0.204150 0.370721
vt 0.186196 0.302964
vt 0.190870 0.304330
vt 0.196817 0.290949
vt 0.260160 0.279675
vt 0.262267 0.317690
vt 0.183833 0.274788
vt 0.139216 0.193032
vt 0.261313 0.252149
vt 0.189922 0.276637
vt 0.194415 0.381321
vt 0.198840 0.378856
vt 0.172631 0.310282
vt 0.258351 0.246282
vt 0.183099 0.306948
vt 0.187541 0.308184
vt 0.191500 0.309753
vt 0.218443 0.362642
vt 0.180743 0.309503
vt 0.253846 0.253751
vt 0.077683 0.315854
vt 0.196145 0.270223
vt 0.189349 0.270740
vt 0.162092 0.188187
vt 0.263412 0.258847
vt 0.199204 0.280559
vt 0.196817 0.277016
vt 0.197285 0.273624
vt 0.177300 0.310372
vt 0.199697 0.260684
vt 0.195186 0.260927
vt 0.201195 0.267163
vt 0.206837 0.257899
vt 0.186384 0.267379
vt 0.203753 0.269769
vt 0.250585 0.326097
vt 0.121472 0.201684
vt 0.201590 0.284038
vt 0.200910 0.286876
vt 0.202086 0.289533
vt 0.159992 0.314468
vt 0.158747 0.319606
vt 0.156947 0.315143
vt 0.152463 0.324104
vt 0.152555 0.334270
vt 0.147999 0.334597
vt 0.144660 0.346278
vt 0.141893 0.343669
vt 0.139379 0.347084
vt 0.137793 0.342978
vt 0.141903 0.348675
vt 0.139101 0.334329
vt 0.143568 0.333166
vt 0.146311 0.327046
vt 0.148431 0.321042
vt 0.151873 0.317589
vt 0.161436 0.319297
vt 0.142722 0.321388
vt 0.139715 0.327880
vt 0.136780 0.333226
vt 0.131543 0.337475
vt 0.129126 0.339359
vt 0.135117 0.344810
vt 0.250498 0.342714
vt 0.253630 0.337760
vt 0.256727 0.331667
vt 0.199972 0.296157
vt 0.208885 0.292627
vt 0.207605 0.298715
vt 0.215846 0.297615
vt 0.216604 0.301198
vt 0.226788 0.298542
vt 0.226922 0.302654
vt 0.236297 0.302786
vt 0.236358 0.299545
vt 0.233191 0.304747
vt 0.193082 0.257023
vt 0.198681 0.249199
vt 0.200295 0.240849
vt 0.200482 0.231864
vt 0.206002 0.232365
vt 0.202488 0.242515
vt 0.210678 0.235958
vt 0.211670 0.231442
vt 0.207474 0.227904
vt 0.207007 0.246672
vt 0.202872 0.252664
vt 0.213279 0.247316
vt 0.216723 0.239766
vt 0.214528 0.253592
vt 0.217247 0.235217
vt 0.073730 0.290192
vt 0.224796 0.367351
vt 0.226008 0.215034
vt 0.232173 0.221053
vt 0.236715 0.224249
vt 0.229104 0.218580
vt 0.205368 0.272456
vt 0.153042 0.384106
vt 0.169434 0.319439
vt 0.171999 0.317589
vt 0.103120 0.344121
vt 0.212782 0.195214
vt 0.206603 0.192575
vt 0.206660 0.277037
vt 0.227732 0.275252
vt 0.236129 0.277141
vt 0.235940 0.272894
vt 0.222196 0.279523
vt 0.236348 0.281364
vt 0.223287 0.283201
vt 0.209089 0.284279
vt 0.209199 0.279652
vt 0.211103 0.274139
vt 0.223966 0.271562
vt 0.215191 0.270183
vt 0.230069 0.266265
vt 0.223057 0.264236
vt 0.216836 0.265710
vt 0.217349 0.259618
vt 0.217118 0.255706
vt 0.209316 0.287035
vt 0.230296 0.290994
vt 0.215924 0.293000
vt 0.237086 0.293472
vt 0.236583 0.285560
vt 0.218193 0.289142
vt 0.265360 0.266986
vt 0.266895 0.273183
vt 0.265442 0.307342
vt 0.174843 0.319017
vt 0.178333 0.318565
vt 0.182586 0.317128
vt 0.204615 0.303077
vt 0.213709 0.304669
vt 0.223793 0.305531
vt 0.219142 0.308646
vt 0.225397 0.311696
vt 0.233387 0.309040
vt 0.232099 0.314540
vt 0.225848 0.316200
vt 0.218172 0.313063
vt 0.209033 0.307946
vt 0.200766 0.308182
vt 0.206665 0.313517
vt 0.216530 0.315004
vt 0.214848 0.319097
vt 0.232553 0.319627
vt 0.227640 0.321656
vt 0.222013 0.368822
vt 0.219617 0.370542
vt 0.234791 0.209661
vt 0.227667 0.204050
vt 0.222984 0.200807
vt 0.217566 0.197255
vt 0.184990 0.315014
vt 0.188508 0.314639
vt 0.220340 0.211473
vt 0.125984 0.372516
vt 0.163307 0.184965
vt 0.161820 0.328345
vt 0.166174 0.334155
vt 0.165400 0.323325
vt 0.163681 0.341960
vt 0.167416 0.343278
vt 0.165504 0.352239
vt 0.169414 0.351356
vt 0.158968 0.384921
vt 0.256255 0.310454
vt 0.169794 0.338060
vt 0.172391 0.350258
vt 0.172707 0.356200
vt 0.178031 0.353676
vt 0.174314 0.342196
vt 0.171689 0.327219
vt 0.178401 0.333019
vt 0.182825 0.350203
vt 0.186176 0.338819
vt 0.182611 0.334954
vt 0.187856 0.351379
vt 0.181129 0.354071
vt 0.192525 0.348132
vt 0.190050 0.338143
vt 0.178627 0.341598
vt 0.146894 0.382546
vt 0.234545 0.360811
vt 0.239626 0.355705
vt 0.075218 0.305381
vt 0.239956 0.214740
vt 0.244659 0.220150
vt 0.247952 0.224187
vt 0.258803 0.327031
vt 0.261003 0.322999
vt 0.199633 0.189964
vt 0.193306 0.188221
vt 0.158524 0.327024
vt 0.158964 0.333446
vt 0.160844 0.340564
vt 0.155136 0.339585
vt 0.149763 0.347401
vt 0.145249 0.349883
vt 0.156415 0.346890
vt 0.161014 0.350159
vt 0.151085 0.352981
vt 0.159356 0.353335
vt 0.201258 0.224400
vt 0.251616 0.247052
vt 0.166230 0.385264
vt 0.173462 0.385012
vt 0.187257 0.375400
vt 0.216197 0.332188
vt 0.214866 0.324407
vt 0.210738 0.329770
vt 0.214798 0.335536
vt 0.209522 0.334692
vt 0.213611 0.339840
vt 0.199661 0.333717
vt 0.203319 0.329812
vt 0.196823 0.324279
vt 0.203412 0.336882
vt 0.209416 0.341978
vt 0.194946 0.326368
vt 0.192889 0.314787
vt 0.197533 0.319152
vt 0.203488 0.322081
vt 0.208021 0.320446
vt 0.200050 0.313550
vt 0.194638 0.336043
vt 0.188212 0.323123
vt 0.200588 0.342059
vt 0.206229 0.344983
vt 0.196106 0.345040
vt 0.222581 0.323447
vt 0.222148 0.327653
vt 0.220976 0.333003
vt 0.217794 0.338530
vt 0.132754 0.367689
vt 0.140165 0.370830
vt 0.143535 0.371893
vt 0.115576 0.357411
vt 0.195147 0.373185
vt 0.173561 0.377951
vt 0.181492 0.376258
vt 0.212059 0.366396
vt 0.165393 0.376960
vt 0.148903 0.186787
vt 0.157637 0.185550
vt 0.201867 0.379198
vt 0.091431 0.346194
vt 0.093547 0.349408
vt 0.154993 0.374962
vt 0.160975 0.375734
vt 0.149051 0.373407
vt 0.253025 0.232176
vt 0.257116 0.240026
vt 0.258402 0.272049
vt 0.256395 0.264724
vt 0.086521 0.230332
vt 0.083384 0.235115
vt 0.091358 0.223678
vt 0.208901 0.376578
vt 0.226996 0.257300
vt 0.223227 0.252957
vt 0.125761 0.364336
vt 0.121475 0.361437
vt 0.229682 0.364564
vt 0.168489 0.184614
vt 0.077737 0.320329
vt 0.267321 0.281822
vt 0.267977 0.290372
vt 0.219360 0.246474
vt 0.222021 0.240743
vt 0.243789 0.339323
vt 0.111487 0.204159
vt 0.127941 0.375929
vt 0.248564 0.329013
vt 0.085655 0.337352
vt 0.082042 0.330406
vt 0.264590 0.259776
vt 0.102087 0.212009
vt 0.105844 0.208531
vt 0.214625 0.373842
vt 0.224527 0.357834
vt 0.230502 0.352997
vt 0.234342 0.349272
vt 0.238142 0.345678
vt 0.240829 0.341495
vt 0.166040 0.355429
vt 0.110534 0.352796
vt 0.107068 0.348882
vt 0.238305 0.282189
vt 0.178111 0.357530
vt 0.258601 0.285014
vt 0.192164 0.351847
vt 0.186822 0.356092
vt 0.190872 0.355648
vt 0.181676 0.358247
vt 0.200523 0.347794
vt 0.196703 0.353218
vt 0.201622 0.350890
vt 0.244333 0.336616
vt 0.242275 0.232647
vt 0.239770 0.287728
vt 0.263116 0.318318
vt 0.234217 0.266031
vt 0.238457 0.268647
vt 0.230387 0.256846
vt 0.240440 0.278774
vt 0.115491 0.330077
vt 0.110867 0.328563
vt 0.206769 0.368510
vt 0.186802 0.383693
vt 0.110221 0.365326
vt 0.113995 0.367727
vt 0.119478 0.198863
vt 0.126672 0.194882
vt 0.113397 0.202325
vt 0.161170 0.357488
vt 0.165896 0.358821
vt 0.156597 0.356964
vt 0.182614 0.384359
vt 0.240092 0.300539
vt 0.241418 0.291384
vt 0.105269 0.361079
vt 0.101234 0.357230
vt 0.097934 0.354926
vt 0.095783 0.218066
vt 0.227793 0.327269
vt 0.223060 0.333875
vt 0.225794 0.244935
vt 0.227216 0.250417
vt 0.234786 0.313632
vt 0.239378 0.304439
vt 0.173052 0.359296
vt 0.145726 0.353606
vt 0.121902 0.336867
vt 0.209757 0.346443
vt 0.213882 0.343405
vt 0.137766 0.349732
vt 0.134209 0.347716
vt 0.139846 0.380591
vt 0.073127 0.298020
vt 0.247583 0.240844
vt 0.142150 0.352295
vt 0.166638 0.375532
vt 0.174651 0.184925
vt 0.077063 0.248648
vt 0.075447 0.254207
vt 0.252928 0.340751
vt 0.079918 0.241775
vt 0.072631 0.266703
vt 0.071732 0.277696
vt 0.240451 0.274519
vt 0.137324 0.190866
vt 0.142762 0.187907
vt 0.230801 0.323086
vt 0.260103 0.246458
vt 0.262799 0.252541
vt 0.258374 0.279269
vt 0.180087 0.185496
vt 0.074153 0.259472
vt 0.267315 0.299447
vt 0.215572 0.230235
vt 0.211951 0.227479
vt 0.249528 0.247165
vt 0.257369 0.302106
vt 0.256750 0.288895
vt 0.123118 0.373531
vt 0.127460 0.342680
vt 0.219723 0.233945
vt 0.236961 0.259378
vt 0.187542 0.186828
vt 0.242104 0.285266
vt 0.249959 0.321968
vt 0.192274 0.216879
vt 0.188047 0.215126
vt 0.196637 0.217396
vt 0.202659 0.222126
vt 0.072613 0.285741
vt 0.149526 0.357534
vt 0.155559 0.359185
vt 0.241950 0.302522
vt 0.180463 0.213950
vt 0.183985 0.212210
vt 0.133384 0.378313
vt 0.162832 0.360649
vt 0.171201 0.361087
vt 0.207317 0.224805
vt 0.188247 0.358726
vt 0.234321 0.253712
vt 0.231185 0.248276
vt 0.073597 0.308074
vt 0.243202 0.299687
vt 0.225967 0.240983
vt 0.240812 0.306284
vt 0.238879 0.311470
vt 0.110634 0.332654
vt 0.108086 0.329455
vt 0.120198 0.338257
vt 0.105793 0.326487
vt 0.197893 0.355870
vt 0.192844 0.357299
vt 0.223236 0.369197
vt 0.252442 0.316309
vt 0.175848 0.376122
vt 0.265954 0.262619
vt 0.175158 0.361399
vt 0.178560 0.360891
vt 0.182391 0.360370
vt 0.251679 0.252472
vt 0.252897 0.261202
vt 0.215054 0.225388
vt 0.212597 0.221251
vt 0.239604 0.265491
vt 0.219365 0.229058
vt 0.225251 0.335075
vt 0.265540 0.313147
vt 0.220816 0.340329
vt 0.217203 0.344198
vt 0.229019 0.353056
vt 0.225286 0.235719
vt 0.224248 0.232240
vt 0.207138 0.354068
vt 0.133302 0.191406
vt 0.133453 0.350274
vt 0.127031 0.345304
vt 0.071565 0.292247
vt 0.252408 0.229034
vt 0.075398 0.315667
vt 0.256328 0.336602
vt 0.238096 0.253928
vt 0.240268 0.258751
vt 0.268673 0.296096
vt 0.118384 0.347939
vt 0.115191 0.345306
vt 0.110918 0.340397
vt 0.234543 0.321349
vt 0.234829 0.326600
vt 0.144330 0.355751
vt 0.241777 0.272061
vt 0.210527 0.352005
vt 0.213484 0.346723
vt 0.152725 0.361457
vt 0.145252 0.359126
vt 0.136182 0.353272
vt 0.139314 0.356633
vt 0.232555 0.329744
vt 0.244184 0.282336
vt 0.201036 0.217068
vt 0.200686 0.211527
vt 0.196615 0.213124
vt 0.212564 0.217191
vt 0.205808 0.212051
vt 0.213769 0.349899
vt 0.217218 0.347068
vt 0.236185 0.227817
vt 0.244474 0.287965
vt 0.229707 0.240597
vt 0.234838 0.207464
vt 0.226665 0.337970
vt 0.195210 0.359292
vt 0.259746 0.330541
vt 0.240230 0.247399
vt 0.234124 0.243802
vt 0.220969 0.343691
vt 0.224574 0.341559
vt 0.125773 0.354086
vt 0.127861 0.355566
vt 0.132165 0.358297
vt 0.244588 0.304469
vt 0.245367 0.300539
vt 0.245661 0.293168
vt 0.240801 0.234347
vt 0.245412 0.241898
vt 0.247457 0.244792
vt 0.243953 0.277154
vt 0.238420 0.359418
vt 0.201051 0.358217
vt 0.239126 0.317443
vt 0.236582 0.323126
vt 0.242726 0.265970
vt 0.268331 0.281789
vt 0.190952 0.209526
vt 0.196465 0.209831
vt 0.175578 0.210014
vt 0.179608 0.209752
vt 0.155863 0.363624
vt 0.163217 0.363426
vt 0.168663 0.364449
vt 0.242452 0.309503
vt 0.192849 0.361731
vt 0.155051 0.385038
vt 0.240069 0.212501
vt 0.087100 0.227977
vt 0.089747 0.224326
vt 0.084540 0.231734
vt 0.146464 0.370913
vt 0.140818 0.369245
vt 0.136425 0.367358
vt 0.130958 0.364780
vt 0.214629 0.363111
vt 0.209616 0.365327
vt 0.218682 0.360048
vt 0.222358 0.357090
vt 0.205393 0.366595
vt 0.227400 0.201398
vt 0.211726 0.192764
vt 0.203554 0.189072
vt 0.256168 0.271680
vt 0.256159 0.280440
vt 0.256312 0.284200
vt 0.247907 0.348672
vt 0.216187 0.219757
vt 0.219500 0.222473
vt 0.116430 0.356141
vt 0.112745 0.350314
vt 0.108535 0.347472
vt 0.168655 0.386060
vt 0.242805 0.354172
vt 0.250318 0.224512
vt 0.248338 0.220459
vt 0.233484 0.363691
vt 0.247443 0.326675
vt 0.245838 0.330425
vt 0.187489 0.362745
vt 0.231971 0.235302
vt 0.228731 0.231173
vt 0.225737 0.228179
vt 0.267193 0.307476
vt 0.188686 0.371801
vt 0.071957 0.260908
vt 0.211764 0.376930
vt 0.107596 0.336955
vt 0.105019 0.333691
vt 0.235566 0.334057
vt 0.237295 0.331385
vt 0.194765 0.382325
vt 0.126001 0.362529
vt 0.244152 0.254708
vt 0.206139 0.359810
vt 0.244414 0.249942
vt 0.235751 0.240449
vt 0.247147 0.261430
vt 0.244542 0.270896
vt 0.249614 0.272073
vt 0.253474 0.267595
vt 0.172960 0.197939
vt 0.267451 0.311765
vt 0.182396 0.363665
vt 0.179043 0.364498
vt 0.175579 0.364532
vt 0.172294 0.365519
vt 0.196486 0.186455
vt 0.160910 0.365822
vt 0.165633 0.366887
vt 0.196715 0.370225
vt 0.203049 0.368714
vt 0.216588 0.194543
vt 0.121720 0.374550
vt 0.074164 0.251117
vt 0.072112 0.257015
vt 0.210589 0.357512
vt 0.070448 0.294567
vt 0.191556 0.200756
vt 0.200272 0.202618
vt 0.203514 0.206152
vt 0.210905 0.208679
vt 0.184411 0.198823
vt 0.179207 0.198332
vt 0.122595 0.194855
vt 0.114936 0.347269
vt 0.228050 0.351766
vt 0.231705 0.348028
vt 0.234276 0.346426
vt 0.187152 0.206045
vt 0.181281 0.205131
vt 0.147917 0.384569
vt 0.142299 0.383026
vt 0.198765 0.362686
vt 0.195006 0.363846
vt 0.256451 0.233862
vt 0.229176 0.341876
vt 0.100275 0.337290
vt 0.104139 0.342229
vt 0.253030 0.343099
vt 0.077240 0.244578
vt 0.216224 0.210846
vt 0.219420 0.213803
vt 0.223640 0.217716
vt 0.239747 0.327151
vt 0.243411 0.319649
vt 0.247753 0.310953
vt 0.241145 0.333873
vt 0.231867 0.223758
vt 0.218909 0.349841
vt 0.216464 0.359030
vt 0.218484 0.357314
vt 0.137920 0.360984
vt 0.143892 0.363418
vt 0.151304 0.365737
vt 0.070584 0.283137
vt 0.069447 0.290673
vt 0.206885 0.379257
vt 0.201554 0.381588
vt 0.155951 0.367083
vt 0.158779 0.369520
vt 0.163278 0.370307
vt 0.236367 0.342375
vt 0.238801 0.336950
vt 0.225792 0.345576
vt 0.223259 0.349539
vt 0.220439 0.354054
vt 0.112139 0.368289
vt 0.129756 0.378334
vt 0.124173 0.377112
vt 0.174056 0.205614
vt 0.194686 0.205814
vt 0.207020 0.209326
vt 0.070251 0.267788
vt 0.069680 0.274348
vt 0.251283 0.287198
vt 0.251074 0.281521
vt 0.250776 0.277730
vt 0.251023 0.292926
vt 0.253903 0.292298
vt 0.250115 0.300774
vt 0.070281 0.302775
vt 0.267817 0.267371
vt 0.220912 0.196378
vt 0.128020 0.191996
vt 0.117101 0.352632
vt 0.122488 0.358259
vt 0.125498 0.359197
vt 0.262311 0.325386
vt 0.263978 0.320688
vt 0.152084 0.372567
vt 0.101991 0.328963
vt 0.100590 0.323604
vt 0.136052 0.380669
vt 0.134446 0.188974
vt 0.108941 0.343312
vt 0.173978 0.387097
vt 0.182797 0.385686
vt 0.085914 0.339886
vt 0.192057 0.384500
vt 0.260522 0.242947
vt 0.263589 0.249993
vt 0.229809 0.366594
vt 0.099720 0.212162
vt 0.101936 0.360252
vt 0.222028 0.371603
vt 0.216716 0.374720
vt 0.082532 0.334063
vt 0.104683 0.206971
vt 0.249466 0.303213
vt 0.211970 0.361451
vt 0.184204 0.367460
vt 0.189926 0.366500
vt 0.174623 0.373573
vt 0.166532 0.373016
vt 0.178439 0.372901
vt 0.182885 0.372146
vt 0.097624 0.334024
vt 0.253341 0.308724
vt 0.255682 0.305452
vt 0.077028 0.322263
vt 0.190043 0.184905
vt 0.169257 0.369189
vt 0.175745 0.369005
vt 0.179531 0.368138
vt 0.234474 0.230608
vt 0.249042 0.306927
vt 0.251346 0.311187
vt 0.213151 0.212274
vt 0.130727 0.362237
vt 0.136752 0.365161
vt 0.140341 0.366432
vt 0.269048 0.303678
vt 0.092695 0.219052
vt 0.071823 0.309011
vt 0.106690 0.364876
vt 0.178915 0.183961
vt 0.158802 0.372557
vt 0.270524 0.290345
vt 0.270217 0.280770
vt 0.268985 0.273116
vt 0.231891 0.227683
vt 0.253429 0.227403
vt 0.080106 0.236865
vt 0.155273 0.370698
vt 0.223623 0.223118
vt 0.220110 0.217151
vt 0.087879 0.344289
vt 0.106730 0.341537
vt 0.100449 0.331236
vt 0.254781 0.299752
vt 0.215186 0.377644
vt 0.144574 0.185694
vt 0.148714 0.185251
vt 0.151622 0.385662
vt 0.116813 0.197226
vt 0.068443 0.282040
vt 0.067119 0.286094
vt 0.094733 0.353823
vt 0.266366 0.318814
vt 0.114975 0.373372
vt 0.118365 0.375131
vt 0.120849 0.377178
vt 0.238625 0.208212
vt 0.163605 0.387044
vt 0.240573 0.359502
vt 0.195730 0.385099
vt 0.200539 0.383619
vt 0.163163 0.183587
vt 0.266690 0.252061
vt 0.087787 0.222413
vt 0.169365 0.182822
vt 0.174052 0.182177
vt 0.072629 0.249478
vt 0.267768 0.262531
vt 0.268842 0.259623
vt 0.090631 0.347474
vt 0.185019 0.182579
vt 0.073369 0.315675
vt 0.074678 0.320864
vt 0.095143 0.325107
vt 0.094407 0.322661
vt 0.097210 0.328763
vt 0.093489 0.319268
vt 0.091408 0.310877
vt 0.270614 0.296059
vt 0.271718 0.294004
vt 0.118378 0.194119
vt 0.132112 0.381715
vt 0.255812 0.342167
vt 0.258787 0.337150
vt 0.261704 0.331769
vt 0.263421 0.328029
vt 0.110476 0.201746
vt 0.264615 0.246235
vt 0.262714 0.241963
vt 0.258449 0.232555
vt 0.156998 0.386418
vt 0.159848 0.387724
vt 0.103467 0.363870
vt 0.244849 0.355426
vt 0.248207 0.352354
vt 0.239737 0.361532
vt 0.199182 0.184843
vt 0.077766 0.330963
vt 0.079272 0.333693
vt 0.068347 0.265910
vt 0.067448 0.269619
vt 0.233583 0.202187
vt 0.227334 0.198282
vt 0.138182 0.383965
vt 0.177613 0.388491
vt 0.183158 0.388265
vt 0.067095 0.277355
vt 0.251720 0.347681
vt 0.245048 0.213057
vt 0.241218 0.209189
vt 0.265216 0.323182
vt 0.067513 0.295251
vt 0.068464 0.300152
vt 0.082091 0.338332
vt 0.085658 0.343803
vt 0.097783 0.359375
vt 0.270850 0.269173
vt 0.270188 0.264594
vt 0.213114 0.190483
vt 0.205261 0.186644
vt 0.084313 0.227143
vt 0.075367 0.243002
vt 0.271496 0.274862
vt 0.193448 0.183316
vt 0.069816 0.306454
vt 0.168447 0.388488
vt 0.172198 0.388609
vt 0.164132 0.388588
vt 0.236971 0.205121
vt 0.110920 0.370828
vt 0.107796 0.368274
vt 0.127375 0.379888
vt 0.269497 0.308506
vt 0.270291 0.304165
vt 0.271626 0.297948
vt 0.070983 0.253471
vt 0.069226 0.259012
vt 0.250523 0.220277
vt 0.219633 0.193108
vt 0.081352 0.231749
vt 0.268393 0.314806
vt 0.090874 0.351245
vt 0.088800 0.347972
vt 0.143733 0.385589
vt 0.254574 0.226271
vt 0.070822 0.310772
vt 0.072025 0.315514
vt 0.094186 0.355744
vt 0.154157 0.387439
vt 0.274538 0.288334
vt 0.275552 0.281569
vt 0.148812 0.386586
vt 0.274977 0.274817
vt 0.065432 0.288494
vt 0.264032 0.235980
vt 0.273466 0.265473
vt 0.063706 0.283908
vt 0.063859 0.292064
vt 0.267074 0.242879
vt 0.079928 0.342321
vt 0.271248 0.255403
vt 0.269255 0.249322
vt 0.112194 0.375441
vt 0.108980 0.373315
vt 0.063654 0.274937
vt 0.269337 0.321743
vt 0.271019 0.316799
vt 0.273111 0.261576
vt 0.117646 0.378781
vt 0.073052 0.329393
vt 0.101917 0.367521
vt 0.105775 0.371075
vt 0.082858 0.346663
vt 0.076311 0.335648
vt 0.223367 0.191080
vt 0.064115 0.268304
vt 0.064877 0.261884
vt 0.253809 0.350639
vt 0.257363 0.345328
vt 0.265900 0.330286
vt 0.074643 0.332490
vt 0.064803 0.299993
vt 0.066860 0.311768
vt 0.065708 0.306951
vt 0.214257 0.186362
vt 0.220718 0.189272
vt 0.068860 0.319380
vt 0.274490 0.296013
vt 0.275406 0.290243
vt 0.246772 0.209752
vt 0.243732 0.206561
vt 0.250678 0.214134
vt 0.263256 0.335771
vt 0.274271 0.303114
vt 0.272254 0.310387
vt 0.260991 0.230043
vt 0.257094 0.223792
vt 0.253961 0.218928
vt 0.088455 0.354082
vt 0.091144 0.357282
vt 0.121028 0.380673
vt 0.259738 0.342157
vt 0.130494 0.384416
vt 0.126901 0.383185
vt 0.065917 0.257082
vt 0.067713 0.250908
vt 0.238354 0.201416
vt 0.094919 0.361241
vt 0.233194 0.197670
vt 0.230910 0.191429
vt 0.236150 0.195368
vt 0.060308 0.287053
vt 0.060114 0.280113
vt 0.241953 0.199770
vt 0.074349 0.338506
vt 0.065045 0.316075
vt 0.060960 0.293966
vt 0.061183 0.299819
vt 0.062512 0.305783
vt 0.060383 0.273292
vt 0.276653 0.266938
vt 0.070656 0.331144
vt 0.071531 0.333919
vt 0.247236 0.205106
vt 0.245519 0.198935
vt 0.082030 0.350443
vt 0.083890 0.353405
vt 0.269717 0.241270
vt 0.267547 0.235726
vt 0.060819 0.266675
vt 0.061728 0.261729
vt 0.278425 0.287338
vt 0.094197 0.364750
vt 0.100189 0.370154
vt 0.091458 0.361757
vt 0.275339 0.311621
vt 0.276917 0.305189
vt 0.063641 0.310541
vt 0.113865 0.380091
vt 0.110581 0.378058
vt 0.108420 0.376664
vt 0.275393 0.259253
vt 0.066391 0.321069
vt 0.273798 0.253094
vt 0.273027 0.245640
vt 0.263128 0.341785
vt 0.104813 0.373887
vt 0.270037 0.328379
vt 0.262602 0.226538
vt 0.259576 0.221498
vt 0.257366 0.217744
vt 0.249493 0.208032
vt 0.252632 0.212095
vt 0.266935 0.231315
vt 0.278038 0.274656
vt 0.278321 0.281974
vt 0.277481 0.296489
vt 0.278441 0.292132
vt 0.077397 0.343446
vt 0.086594 0.356709
vt 0.089028 0.359282
vt 0.279784 0.262805
vt 0.278448 0.258791
vt 0.267639 0.332740
vt 0.265705 0.337264
vt 0.271849 0.323425
vt 0.273663 0.317524
vt 0.057138 0.271851
vt 0.260432 0.346285
vt 0.056681 0.289090
vt 0.055331 0.278275
vt 0.101708 0.375133
vt 0.053835 0.285759
vt 0.054046 0.281399
vt 0.279772 0.267750
vt 0.280118 0.299883
vt 0.279616 0.305273
vt 0.279189 0.307846
vt 0.092156 0.372263
vt 0.085070 0.374363
vt 0.085688 0.379053
vt 0.089898 0.381636
vt 0.086352 0.383697
vt 0.093094 0.385127
vt 0.081774 0.373567
vt 0.058092 0.297421
vt 0.079985 0.369136
vt 0.079330 0.374960
vt 0.078954 0.363310
vt 0.078122 0.359223
vt 0.076803 0.353813
vt 0.073557 0.348886
vt 0.070307 0.343624
vt 0.069719 0.338613
vt 0.260857 0.212346
vt 0.271591 0.233903
vt 0.276197 0.236715
vt 0.276922 0.242841
vt 0.263822 0.216567
vt 0.270262 0.206671
vt 0.266717 0.220919
vt 0.270727 0.213577
vt 0.277538 0.215148
vt 0.277768 0.206923
vt 0.282967 0.206794
vt 0.285913 0.211720
vt 0.288103 0.206352
vt 0.055932 0.265011
vt 0.053902 0.270524
vt 0.255757 0.194851
vt 0.066745 0.327642
vt 0.277394 0.324911
vt 0.277435 0.320465
vt 0.278172 0.327173
vt 0.280476 0.315417
vt 0.281378 0.311632
vt 0.278949 0.248952
vt 0.281041 0.256786
vt 0.283149 0.284287
vt 0.283768 0.281338
vt 0.294761 0.281065
vt 0.294848 0.286065
vt 0.282342 0.288211
vt 0.293482 0.290081
vt 0.294352 0.294069
vt 0.286025 0.296122
vt 0.297119 0.298106
vt 0.294810 0.301880
vt 0.258903 0.204070
vt 0.267594 0.200087
vt 0.268243 0.195460
vt 0.262259 0.195370
vt 0.261328 0.191652
vt 0.273129 0.197060
vt 0.271490 0.223421
vt 0.274941 0.227068
vt 0.279612 0.219184
vt 0.280286 0.223975
vt 0.290740 0.214497
vt 0.281034 0.229531
vt 0.296195 0.222626
vt 0.296938 0.216772
vt 0.276931 0.231158
vt 0.283558 0.275446
vt 0.295333 0.272012
vt 0.284753 0.271450
vt 0.297440 0.276972
vt 0.050565 0.276701
vt 0.058845 0.302386
vt 0.052964 0.294298
vt 0.046189 0.298156
vt 0.043441 0.294520
vt 0.037799 0.299150
vt 0.033743 0.295827
vt 0.029048 0.299697
vt 0.032809 0.303629
vt 0.041023 0.291550
vt 0.048080 0.301935
vt 0.025988 0.295543
vt 0.026274 0.289283
vt 0.035827 0.286635
vt 0.042990 0.287397
vt 0.050119 0.290844
vt 0.037854 0.306643
vt 0.023030 0.299002
vt 0.024791 0.302396
vt 0.042999 0.282871
vt 0.037711 0.279634
vt 0.036626 0.282430
vt 0.068605 0.333795
vt 0.079768 0.379407
vt 0.081467 0.383113
vt 0.067920 0.355959
vt 0.067911 0.361529
vt 0.060218 0.360999
vt 0.071952 0.364291
vt 0.076695 0.374819
vt 0.075032 0.370100
vt 0.088382 0.388527
vt 0.053391 0.314770
vt 0.059564 0.319871
vt 0.049104 0.320152
vt 0.046766 0.312895
vt 0.040928 0.319992
vt 0.041039 0.324613
vt 0.047221 0.308500
vt 0.039351 0.312692
vt 0.026091 0.307719
vt 0.032781 0.313363
vt 0.025775 0.312513
vt 0.033950 0.319266
vt 0.049538 0.325846
vt 0.042726 0.330504
vt 0.037846 0.329246
vt 0.035034 0.324648
vt 0.058303 0.327998
vt 0.049148 0.333404
vt 0.041767 0.336722
vt 0.037690 0.333852
vt 0.060764 0.335952
vt 0.062817 0.341789
vt 0.053301 0.336056
vt 0.054641 0.340242
vt 0.043915 0.344273
vt 0.049828 0.343330
vt 0.044885 0.339012
vt 0.055455 0.347457
vt 0.047392 0.348528
vt 0.060300 0.348298
vt 0.064347 0.351306
vt 0.054469 0.357600
vt 0.054278 0.352215
vt 0.046756 0.352878
vt 0.050748 0.359937
vt 0.045426 0.264005
vt 0.039825 0.268042
vt 0.039445 0.272627
vt 0.035935 0.275720
vt 0.297459 0.305907
vt 0.280631 0.333369
vt 0.286220 0.266908
vt 0.301472 0.271772
vt 0.301348 0.268722
vt 0.303105 0.277765
vt 0.300406 0.282445
vt 0.299662 0.262670
vt 0.294157 0.264995
vt 0.283760 0.260574
vt 0.293906 0.261016
vt 0.294847 0.256805
vt 0.281411 0.321532
vt 0.291909 0.318660
vt 0.284297 0.324915
vt 0.289049 0.309843
vt 0.295695 0.314294
vt 0.299689 0.311901
vt 0.303018 0.308451
vt 0.297757 0.322727
vt 0.302239 0.322710
vt 0.302643 0.316397
vt 0.298699 0.329868
vt 0.303239 0.328382
vt 0.058830 0.369241
vt 0.061763 0.372797
vt 0.055710 0.367155
vt 0.053246 0.363644
vt 0.064703 0.376244
vt 0.066521 0.381461
vt 0.074558 0.378646
vt 0.058330 0.375708
vt 0.060175 0.380162
vt 0.084122 0.392236
vt 0.076025 0.397695
vt 0.081003 0.390599
vt 0.074011 0.393679
vt 0.079453 0.398279
vt 0.072732 0.390906
vt 0.071633 0.385973
vt 0.067087 0.387191
vt 0.030218 0.271115
vt 0.029128 0.276123
vt 0.019929 0.274357
vt 0.022558 0.277649
vt 0.019922 0.267267
vt 0.025366 0.258837
vt 0.018588 0.260972
vt 0.028868 0.264328
vt 0.027803 0.282037
vt 0.021450 0.281274
vt 0.020929 0.285777
vt 0.037075 0.344516
vt 0.041939 0.347492
vt 0.036864 0.339900
vt 0.300494 0.289403
vt 0.300490 0.293057
vt 0.301879 0.296120
vt 0.297920 0.336203
vt 0.287220 0.331753
vt 0.291789 0.336674
vt 0.285349 0.335909
vt 0.287718 0.251346
vt 0.294770 0.252701
vt 0.297361 0.249443
vt 0.314434 0.245775
vt 0.317247 0.244092
vt 0.315289 0.237207
vt 0.303427 0.242913
vt 0.299114 0.254480
vt 0.312214 0.235633
vt 0.300542 0.236619
vt 0.295113 0.240119
vt 0.289211 0.244907
vt 0.283631 0.239675
vt 0.294682 0.235456
vt 0.283488 0.195898
vt 0.288285 0.197744
vt 0.292271 0.204333
vt 0.294366 0.208436
vt 0.289080 0.232552
vt 0.300343 0.231161
vt 0.296855 0.228376
vt 0.313311 0.230697
vt 0.310651 0.230265
vt 0.273806 0.192450
vt 0.297177 0.341310
vt 0.285952 0.340996
vt 0.296466 0.345862
vt 0.300592 0.344524
vt 0.301844 0.338801
vt 0.303204 0.303287
vt 0.302861 0.300214
vt 0.264633 0.188609
vt 0.273639 0.187488
vt 0.279395 0.193558
vt 0.311601 0.309791
vt 0.309527 0.303943
vt 0.310328 0.313928
vt 0.054968 0.372376
vt 0.303959 0.335044
vt 0.311324 0.333729
vt 0.302129 0.259500
vt 0.307853 0.256213
vt 0.316344 0.253275
vt 0.051476 0.369642
vt 0.030970 0.326364
vt 0.032173 0.333196
vt 0.027614 0.330635
vt 0.043100 0.372708
vt 0.041982 0.365469
vt 0.039224 0.366483
vt 0.046524 0.371382
vt 0.047708 0.364486
vt 0.043628 0.357049
vt 0.038285 0.359428
vt 0.035331 0.359865
vt 0.028315 0.319738
vt 0.041484 0.352185
vt 0.034351 0.353528
vt 0.035672 0.349066
vt 0.064137 0.392826
vt 0.033422 0.339891
vt 0.027878 0.336790
vt 0.058636 0.387491
vt 0.053536 0.379209
vt 0.056001 0.388778
vt 0.051387 0.383507
vt 0.047557 0.376063
vt 0.017862 0.293935
vt 0.018169 0.298546
vt 0.310537 0.322966
vt 0.313636 0.325971
vt 0.315502 0.319773
vt 0.309735 0.292540
vt 0.310420 0.287900
vt 0.311870 0.298258
vt 0.313279 0.301410
vt 0.314666 0.283694
vt 0.308894 0.281759
vt 0.300705 0.225136
vt 0.300457 0.221245
vt 0.311149 0.223731
vt 0.310526 0.264184
vt 0.315323 0.259516
vt 0.319315 0.254377
vt 0.319103 0.250078
vt 0.311230 0.275533
vt 0.318871 0.278386
vt 0.318538 0.268832
vt 0.321602 0.273307
vt 0.321853 0.281445
vt 0.319025 0.263268
vt 0.280463 0.186569
vt 0.285629 0.190612
vt 0.287665 0.193817
vt 0.308842 0.340751
vt 0.306656 0.345086
vt 0.302145 0.210859
vt 0.316463 0.306226
vt 0.317365 0.312119
vt 0.069650 0.397788
vt 0.303024 0.349115
vt 0.016527 0.279583
vt 0.013844 0.274287
vt 0.013896 0.267495
vt 0.030995 0.352753
vt 0.029688 0.342758
vt 0.025049 0.326967
vt 0.022513 0.320514
vt 0.020850 0.311067
vt 0.019052 0.303835
vt 0.014055 0.282180
vt 0.014429 0.290666
vt 0.061546 0.394141
vt 0.064645 0.397363
vt 0.309064 0.218426
vt 0.307031 0.213984
vt 0.319124 0.290935
vt 0.321964 0.286692
vt 0.322106 0.297264
vt 0.322078 0.293629
vt 0.320035 0.303108
vt 0.294945 0.197094
vt 0.292002 0.192553
vt 0.321364 0.266821
vt 0.288449 0.184653
vt 0.284994 0.182177
vt 0.291879 0.187095
vt 0.299971 0.205890
vt 0.299939 0.200304
vt 0.316423 0.328120
vt 0.023519 0.332416
vt 0.024767 0.336719
vt 0.021922 0.326760
vt 0.319919 0.313200
vt 0.318409 0.320634
vt 0.323475 0.305886
vt 0.323384 0.309918
vt 0.324330 0.299417
vt 0.309370 0.346389
vt 0.321886 0.262601
vt 0.017822 0.311175
vt 0.016498 0.305968
vt 0.020120 0.320063
vt 0.015884 0.300197
vt 0.303953 0.207536
vt 0.025883 0.342888
vt 0.027675 0.351012
vt 0.295819 0.192882
vt 0.324767 0.281360
vt 0.324578 0.275104
vt 0.324433 0.270351
vt 0.322313 0.256060
vt 0.325041 0.292986
vt 0.036150 0.366636
vt 0.032223 0.359919
vt 0.028419 0.355634
vt 0.012511 0.295500
vt 0.316264 0.230184
vt 0.314218 0.224252
vt 0.018903 0.327066
vt 0.017242 0.320841
vt 0.015148 0.312848
vt 0.312060 0.218135
vt 0.020726 0.333575
vt 0.014040 0.301735
vt 0.310015 0.213673
vt 0.306971 0.207555
vt 0.302914 0.200076
vt 0.298829 0.192824
vt 0.318513 0.235540
vt 0.320513 0.243068
vt 0.322811 0.251418
vt 0.325518 0.263453
vt 0.022118 0.338460
vt 0.327827 0.283389
vt 0.328013 0.289753
vt 0.327623 0.276528
vt 0.328127 0.271758
vt 0.328468 0.266577
vt 0.328067 0.300358
vt 0.326553 0.306754
vt 0.328041 0.294574
vt 0.325339 0.256626
vt 0.317314 0.224288
vt 0.323297 0.245279
vt 0.319818 0.228518
vt 0.322746 0.238964
vt 0.332111 0.281129
vt 0.328490 0.260387
vt 0.326472 0.249770
vt 0.333547 0.277352
vt 0.333437 0.273100
vt 0.331759 0.268552
vt 0.331659 0.263071
vt 0.332400 0.289127
vt 0.331052 0.295070
vt 0.326440 0.232009
vt 0.329852 0.227692
vt 0.339862 0.231230
vt 0.346608 0.223586
vt 0.348453 0.230194
vt 0.349772 0.225943
vt 0.348265 0.234414
vt 0.343975 0.237124
vt 0.334186 0.234781
vt 0.334846 0.242931
vt 0.344336 0.243263
vt 0.348854 0.240294
vt 0.340353 0.253860
vt 0.352323 0.247899
vt 0.338861 0.246731
vt 0.338329 0.257340
vt 0.347967 0.255202
vt 0.359612 0.251213
vt 0.351511 0.256929
vt 0.365410 0.253205
vt 0.356653 0.244460
vt 0.369165 0.240148
vt 0.335229 0.281016
vt 0.335543 0.288524
vt 0.329640 0.253583
vt 0.341249 0.263464
vt 0.336856 0.296081
vt 0.340488 0.292713
vt 0.359369 0.260054
vt 0.367334 0.258649
vt 0.376956 0.251896
vt 0.348434 0.268637
vt 0.341655 0.267880
vt 0.364708 0.265952
vt 0.342398 0.274806
vt 0.355091 0.270355
vt 0.354806 0.277473
vt 0.347194 0.280533
vt 0.367746 0.235422
vt 0.379733 0.236651
vt 0.378270 0.232312
vt 0.390421 0.232517
vt 0.390777 0.226614
vt 0.368870 0.228698
vt 0.394344 0.228649
vt 0.392857 0.235308
vt 0.389865 0.240241
vt 0.377728 0.241452
vt 0.377493 0.247226
vt 0.391900 0.244753
vt 0.387951 0.249484
vt 0.396312 0.238839
vt 0.399647 0.242777
vt 0.386300 0.221329
vt 0.392820 0.220213
vt 0.389506 0.256034
vt 0.397069 0.248294
vt 0.353286 0.283539
vt 0.350110 0.289088
vt 0.396041 0.221936
vt 0.398967 0.225391
vt 0.397622 0.231971
vt 0.401639 0.230227
vt 0.401636 0.236138
vt 0.345648 0.463931
vt 0.356134 0.455841
vt 0.345577 0.461464
vt 0.340831 0.465105
vt 0.339321 0.462466
vt 0.343917 0.458936
vt 0.341771 0.468155
vt 0.337404 0.470224
vt 0.336096 0.468709
vt 0.335163 0.466901
vt 0.331063 0.472484
vt 0.331497 0.474648
vt 0.328197 0.470981
vt 0.327061 0.475399
vt 0.326514 0.473968
vt 0.324188 0.479929
vt 0.328802 0.479055
vt 0.317396 0.482407
vt 0.316744 0.485150
vt 0.319582 0.485619
vt 0.317169 0.478519
vt 0.313214 0.485125
vt 0.319609 0.475359
vt 0.314713 0.481698
vt 0.332042 0.464654
vt 0.311379 0.488753
vt 0.309012 0.487902
vt 0.314992 0.489964
vt 0.311211 0.491265
vt 0.309182 0.485345
vt 0.305856 0.492278
vt 0.304983 0.495192
vt 0.305144 0.489528
vt 0.311574 0.480990
vt 0.300233 0.494539
vt 0.297574 0.499605
vt 0.299752 0.490997
vt 0.291607 0.500729
vt 0.295157 0.495454
vt 0.291669 0.498240
vt 0.300873 0.487186
vt 0.305222 0.485094
vt 0.325779 0.468882
vt 0.311297 0.478956
vt 0.318776 0.473823
vt 0.292849 0.502345
vt 0.295511 0.491111
vt 0.289785 0.495967
vt 0.306281 0.481217
vt 0.337475 0.459998
vt 0.314923 0.473825
vt 0.322863 0.468692
vt 0.316933 0.470393
vt 0.286347 0.500053
vt 0.284320 0.504699
vt 0.283930 0.502641
vt 0.285739 0.506212
vt 0.293477 0.490577
vt 0.287439 0.493735
vt 0.298206 0.485966
vt 0.301598 0.481927
vt 0.284882 0.496615
vt 0.280909 0.501891
vt 0.327864 0.464817
vt 0.278840 0.500551
vt 0.306879 0.477834
vt 0.308656 0.475035
vt 0.311207 0.471945
vt 0.292163 0.488068
vt 0.276681 0.508545
vt 0.275683 0.506788
vt 0.277590 0.510350
vt 0.273243 0.505846
vt 0.272790 0.504293
vt 0.278948 0.498418
vt 0.285438 0.492675
vt 0.280629 0.495657
vt 0.274299 0.500028
vt 0.293168 0.484690
vt 0.268937 0.510074
vt 0.267424 0.512889
vt 0.267693 0.514991
vt 0.263880 0.510095
vt 0.266809 0.506682
vt 0.261732 0.513208
vt 0.269744 0.502019
vt 0.264272 0.505780
vt 0.276659 0.496353
vt 0.281821 0.492818
vt 0.287534 0.487725
vt 0.282089 0.490270
vt 0.261026 0.511314
vt 0.262365 0.516235
vt 0.259569 0.509417
vt 0.258579 0.507458
vt 0.270723 0.497880
vt 0.267255 0.500720
vt 0.276897 0.492122
vt 0.272894 0.494580
vt 0.303618 0.477574
vt 0.332355 0.461354
vt 0.294503 0.482150
vt 0.297811 0.480159
vt 0.319327 0.467843
vt 0.261354 0.503830
vt 0.326618 0.463615
vt 0.340836 0.457463
vt 0.335114 0.458017
vt 0.283159 0.487664
vt 0.254721 0.511512
vt 0.288160 0.484327
vt 0.254113 0.515242
vt 0.252834 0.509717
vt 0.256685 0.517490
vt 0.250290 0.514353
vt 0.264756 0.499575
vt 0.255714 0.506238
vt 0.300769 0.476360
vt 0.330310 0.459105
vt 0.318421 0.466586
vt 0.259239 0.501892
vt 0.322771 0.461769
vt 0.325726 0.458931
vt 0.307254 0.470904
vt 0.293338 0.479550
vt 0.339706 0.455671
vt 0.313559 0.466633
vt 0.267666 0.494637
vt 0.272989 0.490851
vt 0.250284 0.508002
vt 0.302687 0.472278
vt 0.317329 0.463535
vt 0.298889 0.473655
vt 0.274277 0.487755
vt 0.281883 0.485319
vt 0.333109 0.455379
vt 0.244643 0.515571
vt 0.245275 0.511972
vt 0.260182 0.498066
vt 0.288051 0.479031
vt 0.283060 0.480574
vt 0.250883 0.503377
vt 0.256632 0.500892
vt 0.246696 0.516997
vt 0.247338 0.518936
vt 0.250027 0.520086
vt 0.242662 0.510886
vt 0.246597 0.507020
vt 0.269395 0.489666
vt 0.270986 0.486863
vt 0.292699 0.474640
vt 0.239962 0.515847
vt 0.240776 0.518614
vt 0.263359 0.493229
vt 0.279306 0.482633
vt 0.274706 0.483169
vt 0.257566 0.497664
vt 0.310097 0.463251
vt 0.305960 0.467486
vt 0.312214 0.461438
vt 0.302173 0.468846
vt 0.328407 0.455790
vt 0.321693 0.459384
vt 0.251962 0.500092
vt 0.235366 0.515931
vt 0.288815 0.474789
vt 0.243471 0.506101
vt 0.237825 0.510813
vt 0.233437 0.513388
vt 0.297096 0.466893
vt 0.265347 0.488580
vt 0.261644 0.491314
vt 0.283921 0.474750
vt 0.317386 0.458786
vt 0.279155 0.479173
vt 0.280625 0.475332
vt 0.305021 0.461267
vt 0.245526 0.502403
vt 0.255678 0.492543
vt 0.290907 0.467935
vt 0.287099 0.468553
vt 0.271794 0.482155
vt 0.323934 0.454121
vt 0.250872 0.496034
vt 0.302079 0.457533
vt 0.266888 0.484070
vt 0.308942 0.456565
vt 0.312898 0.455704
vt 0.274195 0.476784
vt 0.247751 0.499367
vt 0.295249 0.462252
vt 0.291234 0.459476
vt 0.296678 0.457099
vt 0.262538 0.486545
vt 0.258212 0.487596
vt 0.268616 0.479175
vt 0.318403 0.452610
vt 0.326500 0.450489
vt 0.330438 0.452032
vt 0.305246 0.452800
vt 0.286888 0.461826
vt 0.270129 0.450760
vt 0.273287 0.448675
vt 0.266885 0.439816
vt 0.266885 0.433285
vt 0.259115 0.427413
vt 0.262537 0.422813
vt 0.271977 0.431851
vt 0.260558 0.412045
vt 0.254686 0.413271
vt 0.257035 0.422095
vt 0.280045 0.457037
vt 0.277567 0.438413
vt 0.273055 0.441691
vt 0.280379 0.464606
vt 0.276188 0.466319
vt 0.270679 0.473734
vt 0.268141 0.458446
vt 0.260985 0.448378
vt 0.259567 0.439056
vt 0.259105 0.434624
vt 0.254455 0.427328
vt 0.251039 0.423283
vt 0.263689 0.458320
vt 0.257270 0.450426
vt 0.260413 0.463477
vt 0.262207 0.469839
vt 0.256218 0.441943
vt 0.252142 0.443695
vt 0.247026 0.443412
vt 0.242193 0.431827
vt 0.248038 0.432138
vt 0.243167 0.424336
vt 0.248889 0.453274
vt 0.254145 0.462388
vt 0.257128 0.473207
vt 0.263716 0.480693
vt 0.258667 0.482806
vt 0.246049 0.422397
vt 0.282939 0.452201
vt 0.288927 0.450775
vt 0.251281 0.415280
vt 0.266331 0.415973
vt 0.264568 0.409205
vt 0.260109 0.409478
vt 0.272280 0.417695
vt 0.288125 0.441620
vt 0.293004 0.448433
vt 0.279114 0.436083
vt 0.247839 0.417281
vt 0.244353 0.419281
vt 0.257601 0.408706
vt 0.254253 0.410722
vt 0.279029 0.427915
vt 0.273601 0.415993
vt 0.267858 0.406465
vt 0.265402 0.405683
vt 0.284848 0.424442
vt 0.276285 0.414087
vt 0.271046 0.402743
vt 0.308051 0.450313
vt 0.301437 0.435272
vt 0.295808 0.438083
vt 0.278346 0.405492
vt 0.281085 0.397701
vt 0.274467 0.398246
vt 0.275781 0.393891
vt 0.281447 0.391816
vt 0.284585 0.398590
vt 0.291436 0.401117
vt 0.285579 0.406616
vt 0.296215 0.416574
vt 0.301782 0.414697
vt 0.305548 0.421152
vt 0.308635 0.428968
vt 0.301471 0.424789
vt 0.294098 0.421895
vt 0.304909 0.432513
vt 0.312058 0.447240
vt 0.317272 0.443612
vt 0.279859 0.412653
vt 0.289583 0.423221
vt 0.287961 0.432669
vt 0.292068 0.441567
vt 0.270082 0.399281
vt 0.317890 0.433570
vt 0.322443 0.445538
vt 0.240799 0.421285
vt 0.250395 0.412830
vt 0.240411 0.441490
vt 0.254582 0.483992
vt 0.252021 0.475438
vt 0.246768 0.463205
vt 0.244239 0.454069
vt 0.232466 0.434626
vt 0.236396 0.426078
vt 0.232074 0.425545
vt 0.235895 0.423496
vt 0.239415 0.433963
vt 0.252537 0.488251
vt 0.249428 0.492682
vt 0.244369 0.416671
vt 0.263569 0.404098
vt 0.240474 0.418729
vt 0.236857 0.420732
vt 0.238617 0.454022
vt 0.233132 0.439769
vt 0.229365 0.437273
vt 0.228467 0.430813
vt 0.247750 0.478635
vt 0.247743 0.487453
vt 0.244626 0.492595
vt 0.246706 0.495625
vt 0.243824 0.479099
vt 0.243920 0.467483
vt 0.234817 0.453746
vt 0.231884 0.422956
vt 0.257054 0.406180
vt 0.250370 0.410229
vt 0.229158 0.451856
vt 0.226665 0.438299
vt 0.240743 0.480558
vt 0.235502 0.466974
vt 0.246960 0.412237
vt 0.253425 0.406959
vt 0.225361 0.429338
vt 0.226718 0.425203
vt 0.223470 0.436257
vt 0.240020 0.416228
vt 0.263803 0.401056
vt 0.269474 0.396730
vt 0.273278 0.393148
vt 0.236421 0.418218
vt 0.231946 0.420365
vt 0.242010 0.498590
vt 0.238825 0.493428
vt 0.236210 0.498466
vt 0.238168 0.501194
vt 0.239944 0.504114
vt 0.221392 0.430089
vt 0.236280 0.482212
vt 0.234809 0.491641
vt 0.231827 0.469037
vt 0.225887 0.459462
vt 0.222144 0.447632
vt 0.220830 0.439165
vt 0.230150 0.477008
vt 0.230213 0.485678
vt 0.232179 0.494907
vt 0.220051 0.427685
vt 0.257444 0.402796
vt 0.327415 0.440431
vt 0.324751 0.434794
vt 0.319973 0.431759
vt 0.328374 0.447299
vt 0.218523 0.433152
vt 0.280476 0.389843
vt 0.286251 0.392592
vt 0.293446 0.396862
vt 0.285764 0.387281
vt 0.298487 0.403366
vt 0.304623 0.411987
vt 0.315362 0.423101
vt 0.283987 0.386360
vt 0.264630 0.397208
vt 0.252642 0.399304
vt 0.226358 0.422693
vt 0.220657 0.425011
vt 0.247077 0.403411
vt 0.247902 0.398180
vt 0.244784 0.399864
vt 0.277029 0.389530
vt 0.256723 0.386131
vt 0.250939 0.381222
vt 0.251168 0.387774
vt 0.257136 0.392987
vt 0.259973 0.389490
vt 0.262227 0.392437
vt 0.255875 0.397237
vt 0.247778 0.394232
vt 0.248888 0.389603
vt 0.242519 0.408678
vt 0.238900 0.409823
vt 0.237786 0.402298
vt 0.236042 0.409283
vt 0.241184 0.402385
vt 0.239835 0.396137
vt 0.231431 0.417875
vt 0.232199 0.411322
vt 0.226315 0.420121
vt 0.219698 0.454859
vt 0.222388 0.469029
vt 0.226412 0.477430
vt 0.217098 0.446025
vt 0.215148 0.438977
vt 0.270064 0.392580
vt 0.264829 0.389853
vt 0.215532 0.430396
vt 0.232003 0.502170
vt 0.233104 0.504896
vt 0.227924 0.498438
vt 0.226877 0.492146
vt 0.224187 0.494262
vt 0.225582 0.501721
vt 0.219936 0.497798
vt 0.223172 0.481095
vt 0.218918 0.483621
vt 0.227318 0.504498
vt 0.217038 0.458149
vt 0.213968 0.453573
vt 0.212220 0.443925
vt 0.235993 0.506508
vt 0.210280 0.433234
vt 0.210348 0.435868
vt 0.214705 0.463432
vt 0.218885 0.474590
vt 0.213041 0.469984
vt 0.215185 0.479324
vt 0.207120 0.439006
vt 0.208127 0.445629
vt 0.209381 0.454569
vt 0.208727 0.464192
vt 0.209418 0.470915
vt 0.211596 0.483323
vt 0.215584 0.489511
vt 0.215806 0.428116
vt 0.211635 0.430429
vt 0.233943 0.392937
vt 0.232259 0.399493
vt 0.230714 0.405088
vt 0.227603 0.399371
vt 0.225505 0.406180
vt 0.223057 0.409720
vt 0.242593 0.390576
vt 0.238701 0.386753
vt 0.234633 0.386345
vt 0.241920 0.384694
vt 0.212606 0.427705
vt 0.222574 0.421458
vt 0.217874 0.422954
vt 0.212679 0.425133
vt 0.305912 0.408001
vt 0.312732 0.410461
vt 0.319999 0.418982
vt 0.321468 0.427896
vt 0.328955 0.431177
vt 0.291303 0.388704
vt 0.289517 0.383504
vt 0.298915 0.398135
vt 0.305603 0.401903
vt 0.315216 0.407007
vt 0.280749 0.385854
vt 0.273538 0.389669
vt 0.246709 0.383665
vt 0.243091 0.380500
vt 0.246157 0.376457
vt 0.228310 0.389664
vt 0.224659 0.388510
vt 0.228719 0.386379
vt 0.266663 0.386969
vt 0.260443 0.383807
vt 0.258508 0.377998
vt 0.251404 0.377158
vt 0.268225 0.382767
vt 0.274271 0.384792
vt 0.277730 0.385554
vt 0.233116 0.377658
vt 0.237264 0.374725
vt 0.220679 0.403914
vt 0.221939 0.399193
vt 0.223063 0.393298
vt 0.214616 0.397850
vt 0.211472 0.388584
vt 0.218035 0.387300
vt 0.211136 0.386099
vt 0.216160 0.383856
vt 0.220312 0.382037
vt 0.224868 0.385065
vt 0.224505 0.379598
vt 0.214981 0.404673
vt 0.216977 0.408032
vt 0.213341 0.411468
vt 0.212162 0.407386
vt 0.210286 0.420290
vt 0.209087 0.410176
vt 0.227855 0.377591
vt 0.203468 0.436138
vt 0.228446 0.508689
vt 0.224835 0.508566
vt 0.283522 0.383046
vt 0.248537 0.372572
vt 0.243192 0.369990
vt 0.240194 0.368802
vt 0.202976 0.433187
vt 0.204472 0.442074
vt 0.286979 0.382815
vt 0.251799 0.373088
vt 0.206813 0.429328
vt 0.232669 0.374539
vt 0.216730 0.501837
vt 0.218801 0.505116
vt 0.232649 0.510546
vt 0.200663 0.440869
vt 0.199905 0.436278
vt 0.205964 0.455861
vt 0.204146 0.464841
vt 0.205713 0.471443
vt 0.202243 0.450472
vt 0.220255 0.508602
vt 0.212333 0.501920
vt 0.209026 0.491236
vt 0.207182 0.481455
vt 0.197693 0.434005
vt 0.271447 0.380045
vt 0.206847 0.394001
vt 0.204085 0.388689
vt 0.207024 0.422286
vt 0.200469 0.431005
vt 0.197643 0.410202
vt 0.201053 0.407424
vt 0.197511 0.405187
vt 0.203485 0.412712
vt 0.202171 0.422452
vt 0.205065 0.409892
vt 0.206707 0.406310
vt 0.201841 0.392227
vt 0.201787 0.402977
vt 0.199306 0.394536
vt 0.196113 0.400178
vt 0.195172 0.394008
vt 0.199780 0.458876
vt 0.199243 0.448864
vt 0.195987 0.439807
vt 0.196305 0.444656
vt 0.195102 0.437006
vt 0.213271 0.505369
vt 0.216394 0.509159
vt 0.203475 0.427952
vt 0.224544 0.511645
vt 0.257430 0.371540
vt 0.250652 0.366715
vt 0.262906 0.372001
vt 0.245932 0.363945
vt 0.237145 0.367593
vt 0.232126 0.371414
vt 0.218809 0.379481
vt 0.222353 0.377493
vt 0.207605 0.497052
vt 0.202976 0.489398
vt 0.203575 0.499148
vt 0.207162 0.503191
vt 0.201958 0.478660
vt 0.198243 0.465723
vt 0.200216 0.472260
vt 0.214505 0.381615
vt 0.210118 0.383710
vt 0.203515 0.386217
vt 0.227328 0.374480
vt 0.219826 0.513134
vt 0.273257 0.378186
vt 0.283724 0.379431
vt 0.276859 0.374412
vt 0.228203 0.513988
vt 0.198741 0.428728
vt 0.205756 0.506566
vt 0.195192 0.452101
vt 0.195516 0.466152
vt 0.193992 0.459232
vt 0.197683 0.474090
vt 0.191606 0.440463
vt 0.190470 0.444855
vt 0.191177 0.437601
vt 0.191668 0.434936
vt 0.210247 0.509822
vt 0.203936 0.510524
vt 0.193898 0.432046
vt 0.193956 0.429491
vt 0.191625 0.424762
vt 0.193409 0.415530
vt 0.188103 0.410756
vt 0.196230 0.424034
vt 0.190061 0.430097
vt 0.186474 0.405528
vt 0.190560 0.402228
vt 0.187440 0.400205
vt 0.190663 0.407392
vt 0.192435 0.395936
vt 0.198031 0.390047
vt 0.201157 0.386702
vt 0.198046 0.483979
vt 0.198738 0.495369
vt 0.201322 0.503376
vt 0.210713 0.512518
vt 0.213279 0.515715
vt 0.204915 0.513510
vt 0.247677 0.362140
vt 0.242886 0.362771
vt 0.264815 0.368006
vt 0.273351 0.369113
vt 0.251522 0.362328
vt 0.256230 0.365080
vt 0.324432 0.414977
vt 0.297389 0.390220
vt 0.297301 0.385648
vt 0.292349 0.380599
vt 0.307735 0.395458
vt 0.315121 0.397424
vt 0.309091 0.389786
vt 0.325877 0.410285
vt 0.287220 0.379211
vt 0.188261 0.432913
vt 0.289777 0.379922
vt 0.198100 0.507804
vt 0.200330 0.511114
vt 0.186886 0.435668
vt 0.187253 0.438209
vt 0.195036 0.475240
vt 0.187228 0.447415
vt 0.186753 0.440943
vt 0.183137 0.445336
vt 0.189199 0.460607
vt 0.191220 0.468555
vt 0.191255 0.475150
vt 0.193292 0.482514
vt 0.193754 0.504919
vt 0.193156 0.491058
vt 0.221407 0.516080
vt 0.214972 0.518346
vt 0.193587 0.389203
vt 0.189912 0.393459
vt 0.186470 0.393484
vt 0.229848 0.369292
vt 0.226625 0.371336
vt 0.234918 0.365487
vt 0.250225 0.359379
vt 0.187602 0.425379
vt 0.184003 0.412628
vt 0.182495 0.406588
vt 0.210767 0.379776
vt 0.219912 0.375358
vt 0.258803 0.363584
vt 0.252730 0.356556
vt 0.265477 0.365056
vt 0.268012 0.359439
vt 0.257895 0.353763
vt 0.275667 0.367676
vt 0.275216 0.363605
vt 0.272124 0.358784
vt 0.282012 0.369712
vt 0.203889 0.382388
vt 0.191405 0.508921
vt 0.195762 0.511876
vt 0.184724 0.399358
vt 0.184120 0.395100
vt 0.182529 0.402190
vt 0.184859 0.430875
vt 0.181602 0.436473
vt 0.182030 0.439169
vt 0.189446 0.498791
vt 0.187166 0.506634
vt 0.187436 0.484829
vt 0.187105 0.470103
vt 0.185541 0.474685
vt 0.184598 0.461186
vt 0.206006 0.517128
vt 0.180085 0.434130
vt 0.178779 0.431764
vt 0.179361 0.426430
vt 0.180377 0.411732
vt 0.229104 0.516233
vt 0.224559 0.518200
vt 0.199295 0.515694
vt 0.186038 0.390462
vt 0.192051 0.513495
vt 0.193492 0.516701
vt 0.247616 0.357792
vt 0.290203 0.375567
vt 0.289656 0.372138
vt 0.284859 0.369285
vt 0.279147 0.360883
vt 0.185710 0.496358
vt 0.181496 0.507642
vt 0.181316 0.503370
vt 0.181828 0.483790
vt 0.179359 0.444468
vt 0.177298 0.440642
vt 0.180581 0.452552
vt 0.178459 0.456619
vt 0.182708 0.468179
vt 0.175887 0.460256
vt 0.180693 0.474178
vt 0.176143 0.471867
vt 0.179068 0.485472
vt 0.171649 0.485941
vt 0.161844 0.455136
vt 0.166836 0.451161
vt 0.162118 0.448420
vt 0.168309 0.446225
vt 0.164696 0.441434
vt 0.167211 0.463407
vt 0.165393 0.479640
vt 0.160774 0.473702
vt 0.160706 0.490222
vt 0.165603 0.490504
vt 0.164941 0.501283
vt 0.160557 0.506797
vt 0.156002 0.500679
vt 0.156307 0.506541
vt 0.154201 0.494802
vt 0.165725 0.507783
vt 0.168772 0.476907
vt 0.170548 0.455239
vt 0.172711 0.468568
vt 0.175497 0.448732
vt 0.171420 0.448423
vt 0.172764 0.442328
vt 0.168606 0.439658
vt 0.184870 0.510661
vt 0.185427 0.514282
vt 0.175610 0.437982
vt 0.169706 0.436871
vt 0.174838 0.435508
vt 0.218905 0.518772
vt 0.221467 0.519764
vt 0.207848 0.519125
vt 0.198928 0.518241
vt 0.180992 0.397368
vt 0.180496 0.393792
vt 0.177656 0.405369
vt 0.177026 0.412823
vt 0.178105 0.401249
vt 0.182678 0.390960
vt 0.189427 0.515932
vt 0.175753 0.396931
vt 0.174726 0.428191
vt 0.174633 0.414586
vt 0.172682 0.432783
vt 0.201460 0.520134
vt 0.176801 0.512741
vt 0.176244 0.509193
vt 0.175959 0.505074
vt 0.178491 0.493233
vt 0.173712 0.493392
vt 0.170307 0.504972
vt 0.171773 0.510942
vt 0.211624 0.520430
vt 0.230559 0.517994
vt 0.167410 0.434628
vt 0.173603 0.406445
vt 0.171654 0.398683
vt 0.192230 0.385741
vt 0.185672 0.387882
vt 0.178778 0.391490
vt 0.179884 0.515938
vt 0.190368 0.519313
vt 0.183459 0.518496
vt 0.195778 0.521685
vt 0.170849 0.421891
vt 0.168326 0.428118
vt 0.167881 0.406665
vt 0.168273 0.399065
vt 0.169834 0.411568
vt 0.171992 0.394869
vt 0.173387 0.392158
vt 0.203994 0.521810
vt 0.175383 0.514180
vt 0.164839 0.438183
vt 0.164090 0.435703
vt 0.213969 0.522083
vt 0.165126 0.416193
vt 0.170302 0.515236
vt 0.163689 0.432550
vt 0.189829 0.521819
vt 0.175178 0.518060
vt 0.252177 0.352598
vt 0.163421 0.409547
vt 0.166906 0.395134
vt 0.169058 0.392086
vt 0.158705 0.434497
vt 0.159760 0.436938
vt 0.165543 0.402616
vt 0.161091 0.397383
vt 0.162878 0.402693
vt 0.162194 0.423729
vt 0.160446 0.430584
vt 0.160848 0.413628
vt 0.165721 0.513065
vt 0.162032 0.511080
vt 0.182544 0.521858
vt 0.160399 0.439616
vt 0.158775 0.444925
vt 0.177459 0.521033
vt 0.172362 0.519275
vt 0.159618 0.452745
vt 0.156800 0.481710
vt 0.153737 0.470645
vt 0.155696 0.454637
vt 0.155949 0.447852
vt 0.189407 0.523575
vt 0.293830 0.374891
vt 0.296381 0.375901
vt 0.258018 0.349375
vt 0.156843 0.428619
vt 0.155714 0.413121
vt 0.156987 0.407903
vt 0.165826 0.517416
vt 0.161608 0.515144
vt 0.163664 0.392050
vt 0.160347 0.394486
vt 0.152851 0.433947
vt 0.152382 0.430130
vt 0.151884 0.418013
vt 0.152796 0.436546
vt 0.154740 0.440459
vt 0.324454 0.400523
vt 0.329883 0.408999
vt 0.314451 0.387475
vt 0.324989 0.395590
vt 0.305272 0.380721
vt 0.294145 0.370784
vt 0.152587 0.512145
vt 0.154102 0.514909
vt 0.152802 0.507870
vt 0.151697 0.479985
vt 0.150174 0.504845
vt 0.148823 0.494407
vt 0.152914 0.448597
vt 0.152625 0.442113
vt 0.149284 0.474223
vt 0.146748 0.479819
vt 0.143534 0.498022
vt 0.146639 0.505921
vt 0.145095 0.471089
vt 0.143800 0.482075
vt 0.139817 0.468244
vt 0.143792 0.458924
vt 0.138298 0.479055
vt 0.134932 0.485485
vt 0.133226 0.475782
vt 0.139363 0.494931
vt 0.134115 0.453128
vt 0.139132 0.446202
vt 0.132660 0.440308
vt 0.137199 0.437792
vt 0.139167 0.453120
vt 0.135960 0.461456
vt 0.132783 0.464175
vt 0.143361 0.447016
vt 0.147158 0.452613
vt 0.148451 0.445346
vt 0.143560 0.437685
vt 0.148190 0.438437
vt 0.148189 0.464317
vt 0.151204 0.458327
vt 0.140917 0.504120
vt 0.136708 0.505425
vt 0.134897 0.496369
vt 0.174379 0.523705
vt 0.169282 0.522775
vt 0.166352 0.521358
vt 0.161971 0.519569
vt 0.153888 0.518340
vt 0.146656 0.433404
vt 0.147015 0.435967
vt 0.148305 0.429651
vt 0.150164 0.409891
vt 0.151441 0.407218
vt 0.149366 0.419883
vt 0.148952 0.412552
vt 0.144643 0.424919
vt 0.143641 0.416952
vt 0.156029 0.396663
vt 0.158228 0.391528
vt 0.148508 0.509862
vt 0.151618 0.393280
vt 0.153082 0.390633
vt 0.147504 0.514533
vt 0.144086 0.510704
vt 0.136931 0.508993
vt 0.142173 0.435239
vt 0.141832 0.432667
vt 0.147436 0.403788
vt 0.144831 0.409118
vt 0.158318 0.521796
vt 0.151805 0.521244
vt 0.147734 0.518942
vt 0.138563 0.423948
vt 0.140176 0.413435
vt 0.137738 0.431833
vt 0.140523 0.409526
vt 0.135858 0.434003
vt 0.134451 0.436131
vt 0.146450 0.392420
vt 0.143453 0.402880
vt 0.136976 0.404649
vt 0.136312 0.408596
vt 0.140940 0.397471
vt 0.140681 0.390931
vt 0.147881 0.389782
vt 0.143501 0.515159
vt 0.136834 0.513289
vt 0.134692 0.425659
vt 0.134481 0.414772
vt 0.131745 0.411571
vt 0.271574 0.354676
vt 0.284431 0.361785
vt 0.290490 0.368672
vt 0.132295 0.506290
vt 0.129743 0.500757
vt 0.131428 0.430551
vt 0.129597 0.427458
vt 0.130006 0.492772
vt 0.123264 0.484203
vt 0.128727 0.477750
vt 0.121429 0.474858
vt 0.127035 0.487822
vt 0.123850 0.496507
vt 0.124783 0.501889
vt 0.123587 0.454342
vt 0.124265 0.445027
vt 0.118990 0.453205
vt 0.121191 0.463483
vt 0.115675 0.465027
vt 0.116950 0.474002
vt 0.122949 0.468820
vt 0.117175 0.483823
vt 0.118871 0.495320
vt 0.120240 0.502953
vt 0.126705 0.460007
vt 0.130900 0.450982
vt 0.129632 0.465165
vt 0.130020 0.443118
vt 0.130669 0.436566
vt 0.124704 0.438570
vt 0.130613 0.510830
vt 0.128013 0.507429
vt 0.123764 0.506017
vt 0.137001 0.517669
vt 0.140306 0.519154
vt 0.127676 0.416653
vt 0.125704 0.426524
vt 0.128176 0.432203
vt 0.124552 0.433921
vt 0.145601 0.520791
vt 0.132826 0.514252
vt 0.135866 0.398380
vt 0.135029 0.389346
vt 0.125463 0.510785
vt 0.118644 0.507859
vt 0.116436 0.503866
vt 0.133058 0.406269
vt 0.130618 0.402556
vt 0.138395 0.387232
vt 0.127707 0.515551
vt 0.123274 0.512556
vt 0.118949 0.511777
vt 0.130048 0.518242
vt 0.123730 0.428701
vt 0.128572 0.410529
vt 0.124291 0.413476
vt 0.121260 0.419203
vt 0.121831 0.425563
vt 0.126142 0.405461
vt 0.120629 0.430327
vt 0.120011 0.432362
vt 0.114405 0.493490
vt 0.112860 0.477664
vt 0.112038 0.466094
vt 0.108290 0.479194
vt 0.106994 0.487862
vt 0.107547 0.496822
vt 0.113121 0.502580
vt 0.119511 0.443212
vt 0.116085 0.435624
vt 0.116131 0.431430
vt 0.113944 0.432968
vt 0.111021 0.446940
vt 0.112776 0.456993
vt 0.110176 0.463612
vt 0.100899 0.481163
vt 0.103901 0.488622
vt 0.102578 0.495389
vt 0.134082 0.520927
vt 0.116655 0.426706
vt 0.112630 0.506314
vt 0.119468 0.515616
vt 0.118173 0.415896
vt 0.115454 0.423472
vt 0.122358 0.408353
vt 0.115199 0.412938
vt 0.118964 0.405868
vt 0.113103 0.407604
vt 0.110790 0.414578
vt 0.107568 0.413256
vt 0.123805 0.401658
vt 0.127980 0.398587
vt 0.131195 0.390867
vt 0.127837 0.386474
vt 0.114515 0.428231
vt 0.109377 0.508990
vt 0.113878 0.512241
vt 0.123796 0.519068
vt 0.104758 0.501056
vt 0.107356 0.505681
vt 0.096895 0.493547
vt 0.097848 0.479133
vt 0.091471 0.492230
vt 0.105105 0.460374
vt 0.098610 0.499025
vt 0.110513 0.424552
vt 0.111616 0.422412
vt 0.122580 0.397886
vt 0.117317 0.401991
vt 0.123404 0.388553
vt 0.121943 0.384016
vt 0.108060 0.419677
vt 0.115863 0.516776
vt 0.111238 0.514017
vt 0.102426 0.507091
vt 0.097700 0.503449
vt 0.107284 0.511398
vt 0.101678 0.509769
vt 0.109604 0.427996
vt 0.106311 0.425576
vt 0.118777 0.519903
vt 0.108456 0.436891
vt 0.105567 0.447566
vt 0.100078 0.459221
vt 0.093261 0.478253
vt 0.101956 0.443830
vt 0.107558 0.430880
vt 0.091816 0.497167
vt 0.093548 0.502697
vt 0.105166 0.412054
vt 0.109013 0.406348
vt 0.113961 0.400768
vt 0.115075 0.393256
vt 0.117862 0.382100
vt 0.096093 0.508175
vt 0.104541 0.422311
vt 0.104167 0.513172
vt 0.098738 0.512506
vt 0.093675 0.510751
vt 0.102283 0.416995
vt 0.101732 0.413602
vt 0.103369 0.427188
vt 0.099069 0.438433
vt 0.089444 0.500611
vt 0.087901 0.484842
vt 0.083452 0.489853
vt 0.085826 0.495161
vt 0.092259 0.469621
vt 0.085271 0.478604
vt 0.088859 0.466693
vt 0.094622 0.458820
vt 0.090190 0.460068
vt 0.094790 0.445442
vt 0.098047 0.419355
vt 0.098649 0.422418
vt 0.113035 0.383628
vt 0.106245 0.401721
vt 0.086607 0.505176
vt 0.090208 0.508011
vt 0.102339 0.407400
vt 0.097834 0.431127
vt 0.096719 0.415941
vt 0.279220 0.356063
vt 0.108243 0.392270
vt 0.082977 0.498882
vt 0.083369 0.502717
vt 0.095957 0.423645
vt 0.096934 0.409638
vt 0.290668 0.361572
vt 0.078903 0.491935
vt 0.078240 0.495654
vt 0.100442 0.401850
vt 0.094961 0.406308
vt 0.085336 0.464419
vt 0.080540 0.469303
vt 0.087219 0.452521
vt 0.090411 0.439582
vt 0.090973 0.429711
vt 0.091936 0.422572
vt 0.077886 0.484932
vt 0.069206 0.491895
vt 0.074244 0.487611
vt 0.069413 0.487641
vt 0.075442 0.493155
vt 0.075754 0.481027
vt 0.093141 0.416889
vt 0.091662 0.419079
vt 0.071808 0.478744
vt 0.106264 0.386451
vt 0.098396 0.393960
vt 0.102524 0.387587
vt 0.085052 0.445125
vt 0.080590 0.461948
vt 0.080190 0.449311
vt 0.082375 0.441697
vt 0.081204 0.435586
vt 0.086851 0.420130
vt 0.090624 0.412700
vt 0.089458 0.414937
vt 0.092439 0.402239
vt 0.093623 0.390797
vt 0.088978 0.401356
vt 0.097773 0.388410
vt 0.072154 0.469619
vt 0.070941 0.464945
vt 0.066133 0.477060
vt 0.063899 0.484579
vt 0.085842 0.415806
vt 0.298276 0.365095
vt 0.297847 0.360754
vt 0.278882 0.351362
vt 0.279567 0.347401
vt 0.270868 0.342839
vt 0.272244 0.349907
vt 0.285980 0.357723
vt 0.296947 0.370756
vt 0.300970 0.365763
vt 0.076390 0.448868
vt 0.077140 0.444337
vt 0.084529 0.409194
vt 0.084995 0.402650
vt 0.084533 0.412174
vt 0.064982 0.491273
vt 0.300795 0.372416
vt 0.304448 0.369165
vt 0.303702 0.366370
vt 0.095528 0.386944
vt 0.322819 0.388735
vt 0.313501 0.381210
vt 0.317952 0.380826
vt 0.062190 0.474767
vt 0.062385 0.462861
vt 0.300531 0.361472
vt 0.085788 0.396888
vt 0.066843 0.457833
vt 0.072054 0.456186
vt 0.063040 0.454305
vt 0.071724 0.444677
vt 0.076559 0.437063
vt 0.289618 0.354819
vt 0.296802 0.351841
vt 0.301072 0.355537
vt 0.272922 0.336650
vt 0.280557 0.340951
vt 0.287525 0.348999
vt 0.082538 0.417323
vt 0.080815 0.412918
vt 0.075234 0.402487
vt 0.079600 0.409171
vt 0.304619 0.362384
vt 0.304872 0.354572
vt 0.306599 0.356777
vt 0.071472 0.403075
vt 0.315710 0.372603
vt 0.328927 0.383630
vt 0.309611 0.364572
vt 0.074600 0.409031
vt 0.071208 0.405652
vt 0.309803 0.359067
vt 0.320506 0.368558
vt 0.313056 0.362535
vt 0.311147 0.348744
vt 0.311839 0.352754
vt 0.316779 0.354098
vt 0.314846 0.341091
usemtl Material
f 1/1 2/2 3/3
f 4/4 5/5 6/6
f 7/7 10/10 8/8
f 11/11 7/12 12/13
f 7/7 8/8 9/9
f 647/655 48/51 1/52
f 644/652 647/655 1/52
f 38/41 34/36 50/54
f 38/41 50/54 51/55
f 38/41 51/55 52/56
f 42/45 38/41 52/56
f 27/28 28/29 34/36
f 31/32 27/28 34/36
f 44/47 41/44 49/53
f 41/44 42/45 49/53
f 17/18 22/23 20/21
f 23/24 20/21 28/29
f 23/24 28/29 27/28
f 26/27 23/24 27/28
f 26/27 27/28 31/32
f 32/33 26/27 31/32
f 16/17 17/18 20/21
f 16/17 20/21 23/24
f 24/25 16/17 23/24
f 24/25 23/24 26/27
f 33/34 24/25 26/27
f 33/34 26/27 32/33
f 14/15 19/20 18/19
f 14/15 18/19 17/18
f 15/16 14/15 16/17
f 14/15 17/18 16/17
f 15/16 16/17 24/25
f 25/26 15/16 24/25
f 3/40 33/34 37/39
f 13/14 671/679 14/15
f 13/14 14/15 15/16
f 47/50 13/14 25/26
f 13/14 15/16 25/26
f 611/619 75/79 73/77
f 668/676 667/675 671/679
f 644/652 1/52 646/654
f 641/649 646/654 46/49
f 641/649 46/49 74/78
f 613/621 641/649 74/78
f 613/621 74/78 75/79
f 611/619 613/621 75/79
f 647/655 650/658 47/50
f 640/648 647/655 644/652
f 639/647 646/654 641/649
f 634/642 639/647 641/649
f 630/638 634/642 613/621
f 634/642 641/649 613/621
f 621/629 630/638 613/621
f 621/629 613/621 611/619
f 645/653 647/655 640/648
f 638/646 640/648 644/652
f 638/646 644/652 639/647
f 634/642 638/646 639/647
f 627/635 634/642 630/638
f 622/630 627/635 630/638
f 622/630 630/638 621/629
f 655/663 662/670 657/665
f 632/640 638/646 634/642
f 627/635 632/640 634/642
f 642/650 645/653 640/648
f 637/645 642/650 640/648
f 637/645 640/648 638/646
f 636/644 637/645 638/646
f 633/641 636/644 638/646
f 633/641 638/646 632/640
f 629/637 632/640 627/635
f 649/657 653/661 651/659
f 643/651 648/656 642/650
f 643/651 642/650 637/645
f 69/73 82/86 92/96
f 82/86 93/97 92/96
f 69/73 92/96 86/90
f 63/67 88/92 67/71
f 50/54 67/71 82/86
f 65/69 86/90 83/87
f 62/66 65/69 83/87
f 30/31 55/59 63/67
f 51/55 50/54 69/73
f 52/56 51/55 69/73
f 52/56 69/73 65/69
f 62/66 52/56 65/69
f 62/66 42/45 52/56
f 64/68 62/66 81/85
f 22/23 39/42 54/58
f 56/60 49/53 64/68
f 49/53 62/66 64/68
f 56/60 64/68 66/70
f 21/22 53/57 39/42
f 57/61 44/47 56/60
f 60/64 57/61 56/60
f 60/64 66/70 68/72
f 61/65 57/61 60/64
f 61/65 58/62 57/61
f 71/75 58/62 61/65
f 71/75 73/77 58/62
f 72/76 70/74 76/80
f 602/610 605/613 606/614
f 607/615 611/619 605/613
f 604/612 607/615 605/613
f 619/627 621/629 607/615
f 621/629 611/619 607/615
f 619/627 607/615 604/612
f 620/628 622/630 621/629
f 620/628 621/629 619/627
f 598/606 620/628 619/627
f 623/631 622/630 620/628
f 598/606 623/631 620/628
f 626/634 622/630 623/631
f 654/662 659/667 653/661
f 633/641 632/640 629/637
f 625/633 626/634 623/631
f 663/671 664/672 661/669
f 654/662 653/661 649/657
f 624/632 625/633 623/631
f 663/671 661/669 660/668
f 625/633 628/636 626/634
f 631/639 636/644 633/641
f 93/97 114/118 92/96
f 88/92 105/109 110/114
f 86/90 92/96 106/110
f 97/101 86/90 107/111
f 86/90 106/110 107/111
f 87/91 104/108 111/115
f 83/87 86/90 97/101
f 81/85 83/87 97/101
f 81/85 97/101 103/107
f 81/85 103/107 96/100
f 89/93 115/119 104/108
f 64/68 81/85 80/84
f 66/70 64/68 80/84
f 77/81 66/70 80/84
f 77/81 80/84 84/88
f 77/81 68/72 66/70
f 70/74 68/72 77/81
f 76/80 79/83 99/103
f 614/622 72/76 76/80
f 615/623 614/622 99/103
f 614/622 76/80 99/103
f 606/614 72/76 614/622
f 609/617 614/622 615/623
f 602/610 606/614 614/622
f 603/611 602/610 609/617
f 602/610 614/622 609/617
f 594/602 604/612 601/609
f 590/598 619/627 604/612
f 588/596 590/598 604/612
f 588/596 604/612 594/602
f 599/607 598/606 596/604
f 589/597 596/604 590/598
f 624/632 623/631 598/606
f 670/678 672/680 665/673
f 110/114 113/117 134/138
f 114/118 110/114 133/137
f 114/118 131/135 116/120
f 106/110 116/120 122/126
f 106/110 122/126 121/125
f 111/115 136/140 143/147
f 113/117 105/109 112/116
f 107/111 106/110 121/125
f 107/111 121/125 118/122
f 103/107 107/111 118/122
f 103/107 118/122 124/128
f 111/115 104/108 135/139
f 109/113 96/100 103/107
f 95/99 96/100 109/113
f 95/99 109/113 108/112
f 84/88 80/84 95/99
f 84/88 95/99 101/105
f 78/82 77/81 84/88
f 98/102 78/82 84/88
f 94/98 78/82 98/102
f 94/98 79/83 78/82
f 94/98 98/102 102/106
f 99/103 79/83 94/98
f 608/616 609/617 610/618
f 603/611 609/617 608/616
f 587/595 594/602 593/601
f 585/593 588/596 587/595
f 589/597 588/596 585/593
f 584/592 589/597 585/593
f 134/138 155/159 154/158
f 133/137 134/138 154/158
f 142/146 131/135 133/137
f 116/120 131/135 132/136
f 131/135 142/146 132/136
f 116/120 132/136 129/133
f 155/159 113/117 143/147
f 134/138 113/117 155/159
f 122/126 129/133 130/134
f 118/122 121/125 128/132
f 124/128 118/122 128/132
f 143/147 136/140 233/239
f 126/130 124/128 140/144
f 109/113 103/107 124/128
f 108/112 126/130 127/131
f 101/105 95/99 108/112
f 101/105 108/112 123/127
f 98/102 84/88 101/105
f 98/102 101/105 120/124
f 102/106 98/102 117/121
f 125/129 100/104 102/106
f 100/104 94/98 102/106
f 358/367 100/104 125/129
f 358/367 618/626 100/104
f 616/624 618/626 358/367
f 610/618 618/626 616/624
f 612/620 610/618 616/624
f 608/616 610/618 612/620
f 453/462 603/611 608/616
f 454/463 453/462 612/620
f 453/462 608/616 612/620
f 452/461 593/601 600/608
f 461/470 585/593 462/471
f 583/591 584/592 585/593
f 142/146 157/161 158/162
f 156/160 211/216 210/215
f 154/158 198/203 157/161
f 142/146 154/158 157/161
f 121/125 130/134 139/143
f 121/125 139/143 138/142
f 137/141 128/132 148/152
f 155/159 156/160 210/215
f 124/128 128/132 137/141
f 234/240 272/279 273/280
f 123/127 147/151 144/148
f 120/124 144/148 145/149
f 117/121 98/102 120/124
f 117/121 145/149 146/150
f 125/129 102/106 117/121
f 326/333 125/129 146/150
f 354/363 125/129 326/333
f 354/363 358/367 125/129
f 617/625 616/624 354/363
f 512/521 612/620 617/625
f 505/514 612/620 512/521
f 454/463 612/620 505/514
f 449/458 450/459 451/460
f 460/469 461/470 450/459
f 206/211 207/212 198/203
f 152/156 158/162 168/172
f 152/156 168/172 153/157
f 139/143 153/157 150/154
f 206/211 155/159 210/215
f 198/203 155/159 206/211
f 140/144 137/141 160/164
f 140/144 160/164 161/165
f 141/145 140/144 161/165
f 144/148 147/151 229/235
f 145/149 144/148 230/236
f 256/262 145/149 230/236
f 146/150 145/149 256/262
f 325/332 146/150 301/308
f 348/357 354/363 326/333
f 348/357 326/333 325/332
f 617/625 354/363 348/357
f 511/520 617/625 370/379
f 617/625 348/357 370/379
f 512/521 617/625 511/520
f 505/514 512/521 511/520
f 468/477 454/463 505/514
f 449/458 451/460 455/464
f 458/467 460/469 449/458
f 592/600 591/599 460/469
f 210/215 232/238 207/212
f 206/211 210/215 207/212
f 198/203 199/204 190/194
f 150/154 178/182 179/183
f 150/154 179/183 151/155
f 149/153 148/152 151/155
f 159/163 137/141 149/153
f 229/235 219/224 217/222
f 229/235 147/151 219/224
f 230/236 229/235 242/248
f 256/262 230/236 254/260
f 256/262 254/260 257/263
f 301/308 256/262 257/263
f 301/308 146/150 256/262
f 341/350 325/332 315/322
f 348/357 325/332 341/350
f 370/379 348/357 368/377
f 511/520 370/379 384/393
f 509/518 511/520 384/393
f 503/512 511/520 509/518
f 468/477 505/514 503/512
f 494/503 468/477 503/512
f 457/466 456/465 467/476
f 464/473 458/467 459/468
f 465/474 464/473 459/468
f 158/162 167/171 168/172
f 168/172 170/174 171/175
f 153/157 171/175 150/154
f 198/203 207/212 199/204
f 159/163 187/191 188/192
f 161/165 160/164 213/218
f 160/164 202/207 213/218
f 161/165 213/218 217/222
f 242/248 217/222 243/249
f 254/260 230/236 242/248
f 254/260 242/248 255/261
f 257/263 254/260 255/261
f 301/308 257/263 269/276
f 315/322 301/308 269/276
f 315/322 269/276 311/318
f 341/350 315/322 342/351
f 368/377 348/357 341/350
f 369/378 368/377 342/351
f 368/377 341/350 342/351
f 384/393 370/379 368/377
f 514/523 384/393 369/378
f 509/518 384/393 514/523
f 490/499 494/503 500/509
f 494/503 503/512 500/509
f 466/475 459/468 463/472
f 465/474 459/468 466/475
f 471/480 465/474 466/475
f 470/479 464/473 465/474
f 199/204 207/212 208/213
f 151/155 179/183 187/191
f 202/207 159/163 188/192
f 217/222 213/218 216/221
f 217/222 216/221 218/223
f 243/249 218/223 245/251
f 242/248 247/253 255/261
f 269/276 255/261 270/277
f 311/318 269/276 271/278
f 312/319 311/318 271/278
f 312/319 318/325 311/318
f 318/325 315/322 311/318
f 330/338 318/325 312/319
f 330/338 342/351 318/325
f 342/351 315/322 318/325
f 369/378 342/351 363/372
f 398/407 369/378 363/372
f 507/516 509/518 514/523
f 472/481 473/482 466/475
f 473/482 471/480 466/475
f 167/171 169/173 190/194
f 247/253 243/249 246/252
f 255/261 247/253 246/252
f 268/275 255/261 246/252
f 271/278 270/277 302/309
f 313/320 271/278 302/309
f 312/319 271/278 313/320
f 312/319 313/320 327/334
f 345/354 330/338 327/334
f 330/338 312/319 327/334
f 345/354 363/372 330/338
f 363/372 342/351 330/338
f 363/372 345/354 375/384
f 515/524 398/407 391/400
f 398/407 363/372 391/400
f 515/524 514/523 398/407
f 504/513 507/516 515/524
f 507/516 514/523 515/524
f 490/499 500/509 504/513
f 478/487 474/483 479/488
f 474/483 475/484 479/488
f 472/481 474/483 477/486
f 190/194 189/193 167/171
f 166/170 164/168 163/167
f 189/193 190/194 199/204
f 202/207 201/206 212/217
f 202/207 212/217 213/218
f 218/223 216/221 223/228
f 218/223 223/228 245/251
f 246/252 243/249 244/250
f 270/277 268/275 299/306
f 302/309 270/277 305/312
f 270/277 299/306 305/312
f 314/321 302/309 305/312
f 313/320 302/309 314/321
f 327/334 313/320 328/336
f 313/320 314/321 328/336
f 339/348 327/334 328/336
f 345/354 327/334 339/348
f 346/355 345/354 339/348
f 375/384 345/354 346/355
f 391/400 363/372 375/384
f 510/519 504/513 515/524
f 496/505 490/499 499/508
f 490/499 504/513 499/508
f 485/494 479/488 496/505
f 479/488 490/499 496/505
f 480/489 476/485 477/486
f 179/183 178/182 177/181
f 179/183 186/190 187/191
f 213/218 214/219 216/221
f 268/275 246/252 264/270
f 299/306 268/275 300/307
f 346/355 339/348 338/347
f 339/348 328/336 338/347
f 367/376 375/384 346/355
f 519/528 391/400 393/402
f 391/400 367/376 393/402
f 516/525 515/524 519/528
f 502/511 499/508 510/519
f 496/505 499/508 502/511
f 480/489 477/486 481/490
f 166/170 163/167 170/174
f 179/183 177/181 186/190
f 187/191 186/190 191/195
f 187/191 191/195 188/192
f 201/206 203/208 212/217
f 223/228 216/221 214/219
f 264/270 246/252 244/250
f 279/286 268/275 264/270
f 300/307 268/275 279/286
f 299/306 300/307 306/313
f 314/321 305/312 322/329
f 319/326 314/321 322/329
f 329/337 314/321 319/326
f 329/337 328/336 314/321
f 328/336 329/337 338/347
f 346/355 338/347 347/356
f 367/376 346/355 347/356
f 367/376 347/356 365/374
f 393/402 367/376 365/374
f 516/525 519/528 513/522
f 508/517 510/519 513/522
f 493/502 485/494 496/505
f 493/502 496/505 497/506
f 484/493 481/490 488/497
f 484/493 488/497 489/498
f 483/492 480/489 484/493
f 177/181 181/185 186/190
f 245/251 223/228 253/259
f 244/250 245/251 253/259
f 306/313 300/307 307/314
f 322/329 306/313 308/315
f 329/337 319/326 321/328
f 338/347 329/337 343/352
f 347/356 338/347 343/352
f 365/374 347/356 366/375
f 393/402 365/374 394/403
f 407/416 393/402 394/403
f 517/526 513/522 407/416
f 506/515 502/511 508/517
f 163/167 162/166 174/178
f 172/176 163/167 173/177
f 163/167 174/178 173/177
f 185/189 186/190 181/185
f 203/208 201/206 191/195
f 214/219 212/217 215/220
f 214/219 222/227 223/228
f 308/315 306/313 307/314
f 322/329 308/315 323/330
f 320/327 319/326 322/329
f 319/326 320/327 321/328
f 329/337 321/328 340/349
f 343/352 329/337 340/349
f 361/370 347/356 343/352
f 366/375 347/356 361/370
f 394/403 365/374 366/375
f 508/517 513/522 517/526
f 501/510 497/506 506/515
f 498/507 493/502 501/510
f 493/502 497/506 501/510
f 495/504 493/502 498/507
f 212/217 203/208 215/220
f 214/219 215/220 222/227
f 244/250 253/259 248/254
f 244/250 248/254 264/270
f 281/288 279/286 297/304
f 300/307 279/286 281/288
f 320/327 322/329 323/330
f 321/328 320/327 337/346
f 343/352 340/349 344/353
f 361/370 343/352 344/353
f 394/403 366/375 392/401
f 406/415 407/416 394/403
f 517/526 407/416 406/415
f 524/533 508/517 518/527
f 521/530 498/507 501/510
f 491/500 492/501 557/566
f 486/495 489/498 491/500
f 173/177 174/178 175/179
f 181/185 180/184 185/189
f 203/208 191/195 192/196
f 264/270 248/254 266/272
f 279/286 264/270 266/272
f 297/304 279/286 266/272
f 340/349 321/328 337/346
f 340/349 337/346 350/359
f 360/369 361/370 344/353
f 362/371 361/370 360/369
f 392/401 366/375 362/371
f 366/375 361/370 362/371
f 402/411 394/403 392/401
f 406/415 394/403 402/411
f 424/433 517/526 406/415
f 518/527 517/526 424/433
f 521/530 501/510 522/531
f 545/554 498/507 521/530
f 185/189 193/197 192/196
f 215/220 204/209 220/225
f 223/228 222/227 249/255
f 253/259 223/228 249/255
f 253/259 249/255 248/254
f 308/315 307/314 309/316
f 308/315 309/316 323/330
f 323/330 324/331 336/345
f 336/345 320/327 323/330
f 337/346 320/327 336/345
f 351/360 350/359 337/346
f 360/369 344/353 350/359
f 362/371 360/369 377/386
f 378/387 362/371 377/386
f 392/401 362/371 378/387
f 400/409 392/401 378/387
f 402/411 392/401 400/409
f 414/423 402/411 400/409
f 406/415 402/411 414/423
f 424/433 406/415 414/423
f 573/581 424/433 414/423
f 518/527 424/433 573/581
f 524/533 518/527 573/581
f 523/532 522/531 524/533
f 525/534 521/530 520/529
f 547/556 557/566 545/554
f 557/566 495/504 545/554
f 555/564 557/566 547/556
f 175/179 174/178 176/180
f 192/196 193/197 194/198
f 192/196 194/198 205/210
f 249/255 222/227 238/244
f 297/304 266/272 282/289
f 297/304 282/289 281/288
f 309/316 307/314 281/288
f 324/331 323/330 309/316
f 350/359 351/360 364/373
f 360/369 350/359 376/385
f 400/409 378/387 399/408
f 413/422 414/423 400/409
f 529/538 573/581 574/582
f 547/556 545/554 525/534
f 546/555 525/534 536/545
f 556/565 564/573 555/564
f 183/187 185/189 180/184
f 215/220 220/225 221/226
f 215/220 221/226 222/227
f 248/254 250/256 266/272
f 280/287 309/316 281/288
f 310/317 324/331 309/316
f 336/345 324/331 332/341
f 353/362 337/346 336/345
f 351/360 353/362 364/373
f 377/386 360/369 376/385
f 378/387 377/386 395/404
f 399/408 378/387 395/404
f 580/588 413/422 412/421
f 528/537 524/533 529/538
f 523/532 524/533 528/537
f 526/535 523/532 528/537
f 527/536 520/529 526/535
f 520/529 523/532 526/535
f 555/564 547/556 546/555
f 180/184 176/180 182/186
f 205/210 194/198 195/199
f 204/209 205/210 220/225
f 249/255 238/244 241/247
f 266/272 265/271 292/299
f 292/299 282/289 266/272
f 309/316 285/292 310/317
f 324/331 310/317 332/341
f 352/361 336/345 332/341
f 336/345 352/361 353/362
f 377/386 376/385 383/392
f 404/413 399/408 395/404
f 417/426 399/408 404/413
f 412/421 399/408 417/426
f 574/582 580/588 575/583
f 533/542 529/538 575/583
f 529/538 574/582 575/583
f 528/537 529/538 533/542
f 530/539 527/536 526/535
f 561/570 556/565 552/561
f 183/187 180/184 182/186
f 238/244 222/227 221/226
f 310/317 285/292 331/340
f 310/317 331/340 332/341
f 382/391 376/385 364/373
f 383/392 376/385 382/391
f 395/404 383/392 396/405
f 404/413 395/404 396/405
f 418/427 417/426 404/413
f 427/436 412/421 417/426
f 575/583 580/588 427/436
f 580/588 412/421 427/436
f 532/541 528/537 533/542
f 531/540 526/535 528/537
f 534/543 535/544 527/536
f 534/543 527/536 530/539
f 554/563 553/562 548/557
f 194/198 193/197 195/199
f 225/230 220/225 205/210
f 220/225 225/230 224/229
f 221/226 224/229 239/245
f 238/244 221/226 239/245
f 241/247 238/244 239/245
f 249/255 252/258 251/257
f 250/256 249/255 251/257
f 283/290 292/299 284/291
f 280/287 283/290 284/291
f 285/292 280/287 284/291
f 285/292 286/293 331/340
f 353/362 352/361 359/368
f 382/391 364/373 379/388
f 383/392 382/391 397/406
f 396/405 383/392 401/410
f 404/413 396/405 405/414
f 418/427 404/413 405/414
f 427/436 417/426 418/427
f 575/583 427/436 579/587
f 540/549 575/583 579/587
f 533/542 575/583 540/549
f 532/541 533/542 540/549
f 548/557 535/544 543/552
f 196/200 195/199 4/201
f 195/199 193/197 4/201
f 239/245 224/229 228/233
f 252/258 241/247 239/245
f 265/271 295/302 292/299
f 284/291 292/299 288/295
f 355/364 332/341 331/340
f 359/368 352/361 332/341
f 379/388 353/362 359/368
f 397/406 382/391 386/395
f 401/410 383/392 397/406
f 396/405 401/410 410/419
f 419/428 418/427 405/414
f 431/440 427/436 419/428
f 579/587 427/436 431/440
f 572/580 540/549 579/587
f 537/546 530/539 531/540
f 549/558 550/559 543/552
f 563/572 550/559 560/569
f 196/200 6/234 226/231
f 225/230 196/200 226/231
f 225/230 226/231 227/232
f 225/230 227/232 224/229
f 239/245 228/233 240/246
f 263/269 252/258 262/268
f 263/269 251/257 252/258
f 265/271 263/269 295/302
f 293/300 292/299 295/302
f 292/299 293/300 288/295
f 284/291 288/295 287/294
f 286/293 287/294 290/297
f 331/340 290/297 333/342
f 331/340 286/293 290/297
f 331/340 333/342 355/364
f 359/368 355/364 371/380
f 359/368 332/341 355/364
f 379/388 359/368 385/394
f 397/406 386/395 387/396
f 397/406 387/396 403/412
f 401/410 397/406 403/412
f 405/414 396/405 410/419
f 405/414 410/419 411/420
f 419/428 405/414 425/434
f 431/440 419/428 425/434
f 581/589 579/587 431/440
f 576/584 579/587 581/589
f 572/580 579/587 576/584
f 539/548 532/541 540/549
f 531/540 532/541 539/548
f 537/546 531/540 538/547
f 226/231 6/234 237/243
f 227/232 226/231 237/243
f 228/233 227/232 237/243
f 228/233 224/229 227/232
f 228/233 237/243 240/246
f 260/266 239/245 240/246
f 252/258 239/245 260/266
f 262/268 252/258 260/266
f 295/302 263/269 262/268
f 356/365 355/364 333/342
f 355/364 356/365 371/380
f 408/417 401/410 403/412
f 409/418 401/410 408/417
f 409/418 410/419 401/410
f 411/420 410/419 409/418
f 425/434 405/414 411/420
f 434/443 431/440 425/434
f 571/579 540/549 572/580
f 539/548 540/549 571/579
f 267/273 237/243 259/265
f 237/243 267/273 258/264
f 258/264 240/246 237/243
f 240/246 258/264 260/266
f 262/268 275/282 296/303
f 295/302 296/303 294/301
f 295/302 294/301 293/300
f 385/394 371/380 372/381
f 388/397 386/395 385/394
f 403/412 387/396 415/424
f 411/420 409/418 428/437
f 426/435 411/420 428/437
f 426/435 425/434 411/420
f 425/434 426/435 436/445
f 434/443 425/434 436/445
f 445/454 581/589 434/443
f 576/584 581/589 445/454
f 571/579 576/584 577/585
f 558/567 549/558 551/560
f 258/264 267/273 10/274
f 260/266 258/264 261/267
f 260/266 261/267 275/282
f 262/268 260/266 275/282
f 287/294 288/295 289/296
f 290/297 287/294 289/296
f 356/365 333/342 357/366
f 385/394 372/381 390/399
f 385/394 390/399 388/397
f 415/424 387/396 389/398
f 420/429 408/417 421/430
f 409/418 408/417 420/429
f 437/446 436/445 426/435
f 445/454 434/443 442/451
f 10/274 267/273 317/324
f 261/267 10/274 277/284
f 261/267 277/284 276/283
f 276/283 275/282 261/267
f 288/295 293/300 294/301
f 290/297 289/296 334/343
f 429/438 428/437 420/429
f 428/437 409/418 420/429
f 426/435 428/437 435/444
f 435/444 437/446 426/435
f 442/451 434/443 436/445
f 277/284 10/274 7/335
f 278/285 276/283 277/284
f 303/310 275/282 276/283
f 304/311 296/303 303/310
f 288/295 294/301 298/305
f 288/295 298/305 291/298
f 356/365 357/366 373/382
f 438/447 428/437 429/438
f 447/456 442/451 443/452
f 567/576 551/560 568/577
f 566/575 551/560 567/576
f 11/339 278/285 7/335
f 278/285 277/284 7/335
f 316/323 276/283 278/285
f 335/344 289/296 291/298
f 372/381 373/382 374/383
f 421/430 422/431 430/439
f 429/438 420/429 433/442
f 440/449 435/444 438/447
f 444/453 443/452 440/449
f 443/452 437/446 440/449
f 566/575 567/576 569/578
f 316/323 278/285 11/339
f 439/448 429/438 433/442
f 422/431 415/424 423/432
f 444/453 440/449 446/455
f 48/51 47/50 2/35
f 1/52 48/51 2/35
f 646/654 1/52 3/40
f 28/29 30/31 40/43
f 34/36 28/29 40/43
f 34/36 40/43 50/54
f 28/29 20/21 22/23
f 31/32 34/36 38/41
f 35/37 31/32 38/41
f 41/44 35/37 38/41
f 41/44 38/41 42/45
f 17/18 21/22 22/23
f 32/33 31/32 35/37
f 36/38 32/33 35/37
f 36/38 35/37 41/44
f 37/39 33/34 32/33
f 37/39 32/33 36/38
f 43/46 37/39 36/38
f 43/46 36/38 41/44
f 43/46 41/44 44/47
f 58/62 43/46 44/47
f 58/62 44/47 57/61
f 2/35 25/26 24/25
f 2/35 24/25 33/34
f 33/34 3/40 2/35
f 45/48 3/40 37/39
f 45/48 37/39 43/46
f 59/63 45/48 43/46
f 59/63 43/46 58/62
f 73/77 59/63 58/62
f 47/50 25/26 2/35
f 46/49 3/40 45/48
f 74/78 46/49 45/48
f 75/79 74/78 45/48
f 75/79 45/48 59/63
f 75/79 59/63 73/77
f 668/676 671/679 13/14
f 658/666 668/676 13/14
f 47/50 658/666 13/14
f 647/655 47/50 48/51
f 646/654 3/40 46/49
f 656/664 667/675 668/676
f 656/664 668/676 658/666
f 652/660 656/664 658/666
f 650/658 652/660 658/666
f 650/658 658/666 47/50
f 639/647 644/652 646/654
f 657/665 667/675 656/664
f 655/663 657/665 656/664
f 652/660 655/663 656/664
f 645/653 650/658 647/655
f 651/659 655/663 652/660
f 651/659 652/660 650/658
f 648/656 651/659 650/658
f 648/656 650/658 645/653
f 653/661 659/667 655/663
f 653/661 655/663 651/659
f 622/630 626/634 627/635
f 648/656 649/657 651/659
f 642/650 648/656 645/653
f 626/634 629/637 627/635
f 635/643 643/651 637/645
f 67/71 88/92 91/95
f 82/86 67/71 91/95
f 82/86 91/95 93/97
f 63/67 55/59 87/91
f 63/67 87/91 88/92
f 50/54 82/86 69/73
f 65/69 69/73 86/90
f 54/58 85/89 55/59
f 40/43 30/31 63/67
f 40/43 63/67 67/71
f 50/54 40/43 67/71
f 39/42 90/94 54/58
f 22/23 54/58 55/59
f 30/31 22/23 55/59
f 30/31 28/29 22/23
f 49/53 42/45 62/66
f 21/22 39/42 22/23
f 56/60 44/47 49/53
f 60/64 56/60 66/70
f 21/22 18/19 29/30
f 21/22 17/18 18/19
f 61/65 60/64 68/72
f 70/74 61/65 68/72
f 72/76 71/75 61/65
f 72/76 61/65 70/74
f 606/614 71/75 72/76
f 605/613 611/619 73/77
f 605/613 73/77 71/75
f 605/613 71/75 606/614
f 604/612 605/613 602/610
f 662/670 667/675 657/665
f 662/670 669/677 667/675
f 590/598 598/606 619/627
f 664/672 665/673 669/677
f 662/670 664/672 669/677
f 659/667 662/670 655/663
f 596/604 598/606 590/598
f 661/669 664/672 662/670
f 659/667 661/669 662/670
f 628/636 629/637 626/634
f 660/668 661/669 659/667
f 654/662 660/668 659/667
f 636/644 635/643 637/645
f 629/637 631/639 633/641
f 91/95 110/114 114/118
f 93/97 91/95 114/118
f 105/109 111/115 112/116
f 91/95 88/92 110/114
f 115/119 119/123 104/108
f 87/91 111/115 105/109
f 88/92 87/91 105/109
f 85/89 89/93 104/108
f 85/89 104/108 87/91
f 85/89 87/91 55/59
f 81/85 62/66 83/87
f 80/84 81/85 96/100
f 89/93 54/58 90/94
f 89/93 85/89 54/58
f 70/74 77/81 78/82
f 79/83 70/74 78/82
f 76/80 70/74 79/83
f 601/609 604/612 602/610
f 600/608 601/609 602/610
f 600/608 602/610 603/611
f 594/602 601/609 600/608
f 588/596 589/597 590/598
f 663/671 665/673 664/672
f 599/607 624/632 598/606
f 663/671 666/674 665/673
f 597/605 599/607 596/604
f 110/114 134/138 133/137
f 114/118 133/137 131/135
f 116/120 92/96 114/118
f 106/110 92/96 116/120
f 112/116 111/115 143/147
f 112/116 143/147 113/117
f 113/117 110/114 105/109
f 135/139 104/108 119/123
f 111/115 135/139 136/140
f 103/107 97/101 107/111
f 95/99 80/84 96/100
f 100/104 99/103 94/98
f 618/626 99/103 100/104
f 615/623 99/103 618/626
f 610/618 615/623 618/626
f 609/617 615/623 610/618
f 593/601 594/602 600/608
f 587/595 588/596 594/602
f 462/471 587/595 593/601
f 585/593 587/595 462/471
f 595/603 596/604 589/597
f 133/137 154/158 142/146
f 121/125 122/126 130/134
f 143/147 156/160 155/159
f 122/126 116/120 129/133
f 233/239 136/140 234/240
f 143/147 233/239 156/160
f 135/139 381/390 272/279
f 135/139 272/279 234/240
f 234/240 136/140 135/139
f 126/130 109/113 124/128
f 381/390 135/139 119/123
f 108/112 109/113 126/130
f 600/608 603/611 453/462
f 451/460 453/462 454/463
f 452/461 600/608 453/462
f 451/460 452/461 453/462
f 452/461 462/471 593/601
f 450/459 452/461 451/460
f 450/459 462/471 452/461
f 461/470 462/471 450/459
f 583/591 585/593 461/470
f 132/136 142/146 158/162
f 132/136 158/162 152/156
f 129/133 132/136 152/156
f 139/143 129/133 152/156
f 154/158 155/159 198/203
f 130/134 129/133 139/143
f 128/132 138/142 148/152
f 233/239 235/241 211/216
f 156/160 233/239 211/216
f 128/132 121/125 138/142
f 234/240 273/280 235/241
f 234/240 235/241 233/239
f 140/144 124/128 137/141
f 141/145 126/130 140/144
f 127/131 126/130 141/145
f 123/127 108/112 127/131
f 123/127 127/131 147/151
f 120/124 101/105 123/127
f 120/124 123/127 144/148
f 117/121 120/124 145/149
f 125/129 117/121 146/150
f 616/624 358/367 354/363
f 612/620 616/624 617/625
f 456/465 451/460 454/463
f 460/469 450/459 449/458
f 591/599 583/591 461/470
f 591/599 461/470 460/469
f 591/599 586/594 583/591
f 157/161 198/203 190/194
f 157/161 190/194 169/173
f 158/162 157/161 169/173
f 153/157 139/143 152/156
f 148/152 138/142 150/154
f 138/142 139/143 150/154
f 137/141 148/152 149/153
f 273/280 349/358 274/281
f 273/280 274/281 235/241
f 380/389 273/280 272/279
f 147/151 127/131 141/145
f 147/151 141/145 219/224
f 326/333 146/150 325/332
f 456/465 454/463 468/477
f 455/464 451/460 456/465
f 457/466 455/464 456/465
f 458/467 449/458 455/464
f 459/468 458/467 455/464
f 464/473 460/469 458/467
f 464/473 469/478 460/469
f 469/478 592/600 460/469
f 210/215 211/216 232/238
f 151/155 148/152 150/154
f 211/216 235/241 236/242
f 160/164 137/141 159/163
f 219/224 141/145 161/165
f 230/236 144/148 229/235
f 325/332 301/308 315/322
f 503/512 505/514 511/520
f 467/476 456/465 468/477
f 467/476 468/477 494/503
f 463/472 455/464 457/466
f 463/472 457/466 467/476
f 459/468 455/464 463/472
f 470/479 469/478 464/473
f 158/162 169/173 167/171
f 171/175 153/157 168/172
f 159/163 149/153 151/155
f 159/163 151/155 187/191
f 160/164 159/163 202/207
f 217/222 219/224 161/165
f 243/249 217/222 218/223
f 242/248 229/235 217/222
f 384/393 368/377 369/378
f 475/484 467/476 494/503
f 475/484 494/503 490/499
f 474/483 463/472 467/476
f 474/483 467/476 475/484
f 466/475 463/472 474/483
f 166/170 168/172 167/171
f 168/172 166/170 170/174
f 150/154 171/175 178/182
f 207/212 231/237 208/213
f 247/253 242/248 243/249
f 269/276 257/263 255/261
f 514/523 369/378 398/407
f 500/509 503/512 509/518
f 500/509 509/518 507/516
f 472/481 466/475 474/483
f 166/170 167/171 164/168
f 270/277 255/261 268/275
f 271/278 269/276 270/277
f 504/513 500/509 507/516
f 479/488 475/484 490/499
f 477/486 474/483 478/487
f 476/485 473/482 472/481
f 476/485 472/481 477/486
f 208/213 209/214 199/204
f 202/207 188/192 201/206
f 244/250 243/249 245/251
f 510/519 515/524 516/525
f 499/508 504/513 510/519
f 482/491 479/488 485/494
f 478/487 479/488 482/491
f 481/490 477/486 478/487
f 481/490 478/487 482/491
f 199/204 200/205 189/193
f 208/213 231/237 209/214
f 391/400 375/384 367/376
f 519/528 515/524 391/400
f 488/497 482/491 485/494
f 488/497 481/490 482/491
f 484/493 480/489 481/490
f 199/204 209/214 200/205
f 167/171 189/193 164/168
f 171/175 170/174 172/176
f 177/181 171/175 172/176
f 178/182 171/175 177/181
f 305/312 299/306 306/313
f 513/522 519/528 393/402
f 510/519 516/525 513/522
f 502/511 510/519 508/517
f 497/506 496/505 502/511
f 488/497 485/494 493/502
f 487/496 484/493 489/498
f 483/492 484/493 487/496
f 189/193 200/205 197/202
f 172/176 170/174 163/167
f 201/206 188/192 191/195
f 214/219 213/218 212/217
f 322/329 305/312 306/313
f 513/522 393/402 407/416
f 497/506 502/511 506/515
f 492/501 489/498 488/497
f 486/495 487/496 489/498
f 164/168 189/193 197/202
f 164/168 197/202 165/169
f 164/168 165/169 162/166
f 162/166 163/167 164/168
f 177/181 172/176 173/177
f 191/195 186/190 185/189
f 495/504 488/497 493/502
f 492/501 488/497 495/504
f 491/500 489/498 492/501
f 215/220 203/208 204/209
f 307/314 300/307 281/288
f 508/517 517/526 518/527
f 522/531 506/515 508/517
f 522/531 508/517 524/533
f 501/510 506/515 522/531
f 557/566 492/501 495/504
f 177/181 175/179 180/184
f 177/181 173/177 175/179
f 181/185 177/181 180/184
f 191/195 185/189 192/196
f 344/353 340/349 350/359
f 545/554 495/504 498/507
f 564/573 491/500 557/566
f 204/209 203/208 192/196
f 520/529 521/530 522/531
f 520/529 522/531 523/532
f 525/534 545/554 521/530
f 555/564 564/573 557/566
f 175/179 176/180 180/184
f 204/209 192/196 205/210
f 524/533 573/581 529/538
f 546/555 547/556 525/534
f 185/189 183/187 193/197
f 248/254 249/255 250/256
f 351/360 337/346 353/362
f 376/385 350/359 364/373
f 412/421 400/409 399/408
f 413/422 400/409 412/421
f 580/588 414/423 413/422
f 574/582 573/581 414/423
f 574/582 414/423 580/588
f 525/534 520/529 527/536
f 552/561 555/564 546/555
f 552/561 556/565 555/564
f 265/271 266/272 250/256
f 280/287 281/288 282/289
f 280/287 282/289 283/290
f 395/404 377/386 383/392
f 536/545 525/534 527/536
f 535/544 536/545 527/536
f 535/544 546/555 536/545
f 548/557 546/555 535/544
f 548/557 552/561 546/555
f 553/562 552/561 548/557
f 553/562 561/570 552/561
f 265/271 250/256 263/269
f 283/290 282/289 292/299
f 285/292 309/316 280/287
f 531/540 528/537 532/541
f 530/539 526/535 531/540
f 562/571 553/562 554/563
f 183/187 182/186 184/188
f 4/201 193/197 183/187
f 205/210 195/199 225/230
f 224/229 221/226 220/225
f 249/255 241/247 252/258
f 379/388 364/373 353/362
f 543/552 535/544 534/543
f 550/559 548/557 543/552
f 550/559 554/563 548/557
f 563/572 554/563 550/559
f 4/201 183/187 184/188
f 263/269 250/256 251/257
f 285/292 284/291 286/293
f 382/391 379/388 386/395
f 427/436 418/427 419/428
f 537/546 534/543 530/539
f 541/550 543/552 534/543
f 541/550 534/543 537/546
f 549/558 543/552 541/550
f 558/567 550/559 549/558
f 560/569 550/559 558/567
f 196/200 4/201 6/234
f 225/230 195/199 196/200
f 286/293 284/291 287/294
f 559/568 560/569 558/567
f 385/394 359/368 371/380
f 386/395 379/388 385/394
f 581/589 431/440 434/443
f 542/551 541/550 537/546
f 542/551 537/546 544/553
f 549/558 541/550 542/551
f 259/265 237/243 6/234
f 296/303 295/302 262/268
f 571/579 572/580 576/584
f 551/560 549/558 542/551
f 559/568 558/567 551/560
f 565/574 559/568 551/560
f 373/382 371/380 356/365
f 372/381 371/380 373/382
f 387/396 386/395 388/397
f 387/396 388/397 389/398
f 403/412 415/424 416/425
f 408/417 403/412 416/425
f 577/585 576/584 445/454
f 568/577 551/560 542/551
f 566/575 565/574 551/560
f 261/267 258/264 10/274
f 333/342 290/297 334/343
f 421/430 408/417 416/425
f 578/586 571/579 577/585
f 296/303 275/282 303/310
f 294/301 296/303 304/311
f 289/296 288/295 291/298
f 421/430 416/425 422/431
f 435/444 428/437 438/447
f 443/452 436/445 437/446
f 442/451 436/445 443/452
f 447/456 445/454 442/451
f 582/590 577/585 445/454
f 422/431 416/425 415/424
f 432/441 420/429 421/430
f 433/442 420/429 432/441
f 440/449 437/446 435/444
f 438/447 429/438 439/448
f 440/449 438/447 441/450
f 448/457 443/452 444/453
f 671/3511 19/3512 14/3541
f 667/3488 3367/3489 671/3511
f 53/3517 90/3540 39/3565
f 29/3510 3360/3480 53/3517
f 29/3510 53/3517 21/3548
f 3364/3485 3360/3480 29/3510
f 3367/3489 3335/3451 3364/3485
f 3334/3450 3335/3451 3367/3489
f 3323/3437 3299/3412 3334/3450
f 667/3488 3353/3472 3367/3489
f 3352/3471 3301/3414 3353/3472
f 3301/3414 3323/3437 3353/3472
f 3352/3471 3353/3472 667/3488
f 3324/3439 3301/3414 3352/3471
f 3390/3516 3365/3486 3392/3519
f 3390/3516 3392/3519 90/3540
f 3361/3481 3365/3486 3390/3516
f 3360/3480 3354/3473 3361/3481
f 3333/3449 3303/3417 3354/3473
f 3333/3449 3354/3473 3360/3480
f 3299/3412 3303/3417 3333/3449
f 3279/3391 3231/3328 3299/3412
f 3300/3413 3202/3289 3279/3391
f 665/3440 672/3438 3324/3439
f 3365/3486 3332/3448 3366/3487
f 3238/3337 3237/3336 3303/3417
f 3200/3287 3171/3249 3231/3328
f 3084/3140 3171/3249 3200/3287
f 3202/3289 3084/3140 3200/3287
f 3201/3288 3063/3119 3202/3289
f 3063/3119 3084/3140 3202/3289
f 3201/3288 3202/3289 3300/3413
f 3295/3407 3201/3288 3300/3413
f 3239/3338 3201/3288 3295/3407
f 3295/3407 672/3438 670/3408
f 3170/3248 3238/3337 3231/3328
f 3075/3131 3071/3127 3171/3249
f 3084/3140 3062/3118 3075/3131
f 3086/3142 3064/3120 3063/3119
f 3063/3119 3201/3288 3086/3142
f 3085/3141 3086/3142 3239/3338
f 3085/3141 3064/3120 3086/3142
f 3320/3434 3319/3433 3356/3475
f 3057/3113 3034/3090 3071/3127
f 3075/3131 3057/3113 3071/3127
f 3062/3118 3057/3113 3075/3131
f 3059/3115 3046/3102 3062/3118
f 3063/3119 3059/3115 3062/3118
f 3062/3118 3084/3140 3063/3119
f 3060/3116 3063/3119 3064/3120
f 3319/3433 3336/3452 3362/3483
f 3232/3329 3083/3139 3223/3319
f 3032/3088 3034/3090 3057/3113
f 3032/3088 3057/3113 3062/3118
f 3046/3102 3029/3085 3032/3088
f 3046/3102 3032/3088 3062/3118
f 3045/3101 3046/3102 3059/3115
f 3042/3098 3045/3101 3060/3116
f 274/6676 6364/6671 236/6674
f 3223/3319 3178/3256 3221/3317
f 3023/3079 3027/3083 3034/3090
f 3032/3088 3024/3080 3034/3090
f 3024/3080 3023/3079 3034/3090
f 3029/3085 3024/3080 3032/3088
f 3013/3069 3024/3080 3029/3085
f 3017/3073 3013/3069 3029/3085
f 3017/3073 3029/3085 3045/3101
f 3029/3085 3046/3102 3045/3101
f 3021/3077 3017/3073 3022/3078
f 3022/3078 3045/3101 3042/3098
f 236/6674 6366/6673 232/6675
f 3280/3392 3302/3415 3331/3447
f 3221/3317 3233/3331 3280/3392
f 3178/3256 3177/3255 3221/3317
f 3023/3079 3008/3064 3027/3083
f 3008/3064 3012/3068 3027/3083
f 3009/3065 3008/3064 3023/3079
f 3013/3069 3009/3065 3024/3080
f 3017/3073 2991/3047 3013/3069
f 3018/3074 2991/3047 3017/3073
f 3021/3077 3018/3074 3017/3073
f 232/6675 6366/6673 231/6655
f 207/6680 232/6675 231/6655
f 6364/6671 6363/6670 6358/6664
f 3035/3091 3061/3117 3020/3076
f 3009/3065 2985/3041 3008/3064
f 3013/3069 2985/3041 3009/3065
f 2988/3044 2987/3043 3012/3068
f 3008/3064 2988/3044 3012/3068
f 2985/3041 2984/3040 2988/3044
f 2985/3041 2988/3044 3008/3064
f 2991/3047 2981/3037 2982/3038
f 2990/3046 2981/3037 2991/3047
f 3440/3573 3429/3560 3441/3574
f 2988/3044 2968/3024 2987/3043
f 2984/3040 2968/3024 2988/3044
f 2976/3032 2984/3040 2982/3038
f 2984/3040 2985/3041 2982/3038
f 2981/3037 2976/3032 2982/3038
f 2981/3037 2975/3031 2976/3032
f 2980/3036 2975/3031 2981/3037
f 2990/3046 2980/3036 2981/3037
f 2998/3054 3019/3075 2997/3053
f 2968/3024 2961/3017 2987/3043
f 2961/3017 2969/3025 2987/3043
f 2967/3023 2961/3017 2968/3024
f 2956/3012 2967/3023 2976/3032
f 2967/3023 2984/3040 2976/3032
f 2975/3031 2956/3012 2976/3032
f 231/6655 6345/6644 209/6654
f 6358/6664 6359/6665 6357/6663
f 2997/3053 2993/3049 2998/3054
f 2979/3035 2970/3026 2997/3053
f 2955/3011 2967/3023 2956/3012
f 2951/3007 2947/3003 2956/3012
f 2993/3049 3000/3056 3026/3082
f 2970/3026 2979/3035 2969/3025
f 2955/3011 2937/2993 2961/3017
f 2937/2993 2945/3001 2961/3017
f 2947/3003 2937/2993 2955/3011
f 2948/3004 2947/3003 2951/3007
f 2948/3004 2951/3007 2950/3006
f 6345/6644 6343/6642 6344/6643
f 2944/3000 2973/3029 2993/3049
f 2970/3026 2944/3000 2993/3049
f 2970/3026 2943/2999 2944/3000
f 2934/2990 2936/2992 2945/3001
f 2947/3003 2925/2981 2937/2993
f 2948/3004 2925/2981 2947/3003
f 165/6661 6356/6662 162/6682
f 2936/2992 2930/2986 2943/2999
f 2934/2990 2929/2985 2936/2992
f 2929/2985 2930/2986 2936/2992
f 2937/2993 2919/2975 2934/2990
f 2925/2981 2924/2980 2937/2993
f 2924/2980 2919/2975 2937/2993
f 200/6658 6352/6653 6353/6656
f 197/6660 200/6658 6353/6656
f 2944/3000 2938/2994 2973/3029
f 2929/2985 2912/2968 2930/2986
f 2918/2974 2913/2969 2919/2975
f 2924/2980 2925/2981 2922/2978
f 197/6660 6353/6656 6355/6659
f 165/6661 197/6660 6355/6659
f 6344/6643 6342/6641 6351/6650
f 6353/6656 6352/6653 6354/6657
f 6344/6643 6343/6642 6342/6641
f 2912/2968 2917/2973 2930/2986
f 2918/2974 2919/2975 2924/2980
f 2923/2979 2918/2974 2924/2980
f 2921/2977 2923/2979 2924/2980
f 162/6682 6356/6662 6349/6648
f 174/6683 162/6682 176/6652
f 162/6682 6349/6648 176/6652
f 6342/6641 6338/6637 6341/6640
f 2977/3033 2978/3034 2942/2998
f 2927/2983 2926/2982 2938/2994
f 2917/2973 2926/2982 2927/2983
f 2918/2974 2898/2954 2913/2969
f 6355/6659 6324/6619 6348/6647
f 6355/6659 6354/6657 6325/6620
f 6356/6662 6355/6659 6348/6647
f 6340/6639 6339/6638 6336/6635
f 2912/2968 2893/2949 2917/2973
f 2893/2949 2895/2951 2917/2973
f 2897/2953 2893/2949 2912/2968
f 2923/2979 2896/2952 2918/2974
f 2896/2952 2898/2954 2918/2974
f 6351/6650 6327/6622 6326/6621
f 6349/6648 6356/6662 6348/6647
f 6354/6657 6351/6650 6326/6621
f 2897/2953 2889/2945 2893/2949
f 2890/2946 2889/2945 2897/2953
f 2891/2947 2890/2946 2897/2953
f 2898/2954 2891/2947 2897/2953
f 2896/2952 2891/2947 2898/2954
f 6348/6647 6324/6619 6321/6616
f 6340/6639 6350/6649 6341/6640
f 2893/2949 2880/2936 2895/2951
f 2880/2936 2886/2942 2895/2951
f 2889/2945 2880/2936 2893/2949
f 2882/2938 2891/2947 2896/2952
f 6326/6621 6327/6622 6316/6607
f 6328/6623 6321/6616 6312/6603
f 6328/6623 6312/6603 6313/6604
f 6328/6623 6313/6604 6317/6610
f 6341/6640 6350/6649 6322/6617
f 6335/6634 6323/6618 6350/6649
f 2886/2942 2887/2943 2900/2956
f 2890/2946 2876/2932 2879/2935
f 2891/2947 2878/2934 2890/2946
f 2878/2934 2876/2932 2890/2946
f 2882/2938 2878/2934 2891/2947
f 6313/6604 6312/6603 6306/6581
f 6312/6603 6302/6577 6306/6581
f 6312/6603 6314/6605 6302/6577
f 6317/6610 6313/6604 6306/6581
f 6350/6649 6323/6618 6318/6611
f 2881/2937 2878/2934 2882/2938
f 6306/6581 6302/6577 6284/6546
f 6306/6581 6284/6546 6286/6548
f 6303/6578 6314/6605 6304/6579
f 6296/6566 6306/6581 6285/6547
f 6323/6618 6319/6613 6310/6600
f 538/6689 531/6690 539/6691
f 2880/2936 2875/2931 2886/2942
f 2879/2935 2875/2931 2880/2936
f 2878/2934 2873/2929 2876/2932
f 2874/2930 2873/2929 2878/2934
f 2881/2937 2874/2930 2878/2934
f 6263/6517 6262/6516 6261/6515
f 6264/6518 6263/6517 6261/6515
f 6264/6518 6261/6515 6251/6505
f 6264/6518 6251/6505 6284/6546
f 6286/6548 6284/6546 6283/6545
f 6297/6568 6305/6580 6258/6512
f 5/6564 6287/6549 259/6562
f 6/6565 5/6564 259/6562
f 544/4239 537/4240 538/4241
f 2879/2935 2834/2890 2875/2931
f 2835/2891 2834/2890 2879/2935
f 2835/2891 2879/2935 2876/2932
f 6262/6516 6260/6514 6261/6515
f 6265/6519 6258/6512 6257/6511
f 6262/6516 6290/6552 6265/6519
f 259/6562 6270/6526 6271/6527
f 6258/6512 6305/6580 6259/6513
f 2834/2890 2837/2893 2875/2931
f 2798/2854 2835/2891 2873/2929
f 6286/6548 6283/6545 6249/6503
f 6265/6519 6256/6510 6262/6516
f 6285/6547 6286/6548 6249/6503
f 6367/6692 539/6691 578/6693
f 539/6691 571/6694 578/6693
f 538/6689 539/6691 6367/6692
f 2835/2891 2755/2811 2834/2890
f 2755/2811 2789/2845 2834/2890
f 2757/2813 2755/2811 2835/2891
f 2798/2854 2874/2930 2799/2855
f 6251/6505 6261/6515 6252/6506
f 6251/6505 6252/6506 6248/6502
f 6247/6501 6283/6545 6248/6502
f 6249/6503 6283/6545 6247/6501
f 6271/6527 6270/6526 6218/6463
f 317/6500 6271/6527 6220/6465
f 8/6499 10/6558 317/6500
f 333/7847 334/7846 357/7822
f 389/7297 388/7504 390/7503
f 2966/3022 2983/3039 2939/2995
f 578/6693 577/6795 582/6738
f 4071/6695 538/6689 6367/6692
f 2837/2893 2833/2889 2877/2933
f 2877/2933 2884/2940 2837/2893
f 2757/2813 2835/2891 2798/2854
f 2743/2799 2757/2813 2798/2854
f 2799/2855 2797/2853 2798/2854
f 2797/2853 2743/2799 2798/2854
f 6260/6514 6135/6372 6252/6506
f 6133/6370 6256/6510 6134/6371
f 6219/6464 6250/6504 6249/6503
f 6270/6526 6250/6504 6219/6464
f 6218/6463 6270/6526 6219/6464
f 6220/6465 6271/6527 6218/6463
f 8/6499 317/6500 6246/6498
f 6307/6586 3422/6587 6255/6509
f 334/7846 289/7852 335/7848
f 2935/2991 2965/3021 2966/3022
f 2935/2991 2966/3022 2939/2995
f 6369/6698 578/6693 582/6738
f 4075/4247 4073/4244 4072/4243
f 4081/4253 568/4254 4073/4244
f 567/4262 568/4254 4081/4253
f 6247/6501 6248/6502 6180/6422
f 6219/6464 6249/6503 6216/6459
f 6148/6385 6218/6463 6219/6464
f 6246/6498 317/6500 6151/6388
f 374/7505 373/7820 7405/7821
f 390/7503 6928/7295 389/7297
f 415/7290 389/7297 6773/7139
f 432/7041 421/7134 430/7133
f 448/6807 447/6796 443/6824
f 6380/6713 582/6738 6446/6789
f 4072/4243 4071/4242 4074/4246
f 2756/2812 2789/2845 2755/2811
f 4081/4253 4073/4244 4075/4247
f 2742/2798 2755/2811 2757/2813
f 2742/2798 2757/2813 2743/2799
f 569/4260 567/4262 4081/4253
f 6248/6502 6252/6506 6136/6373
f 6181/6423 6247/6501 6180/6422
f 6182/6424 6247/6501 6181/6423
f 6148/6385 6219/6464 6215/6458
f 6220/6465 6218/6463 6148/6385
f 6246/6498 6150/6387 8/6499
f 7/6468 9/6390 12/6467
f 6268/6524 316/6567 11/6523
f 303/7854 316/6567 7420/7844
f 304/7855 303/7854 7420/7844
f 304/7855 7420/7844 298/7851
f 298/7851 294/7856 304/7855
f 357/7822 334/7846 7402/7817
f 357/7822 7402/7817 7405/7821
f 6773/7139 389/7297 6928/7295
f 432/7041 430/7133 6681/7042
f 6446/6789 448/6807 6451/6794
f 2778/2834 2833/2889 2756/2812
f 4076/4248 4072/4243 4074/4246
f 4075/4247 4072/4243 4076/4248
f 2737/2793 2756/2812 2755/2811
f 2737/2793 2755/2811 2742/2798
f 2729/2785 2742/2798 2743/2799
f 2729/2785 2743/2799 2744/2800
f 6130/6367 6148/6385 6215/6458
f 6147/6384 6220/6465 6148/6385
f 6151/6388 6220/6465 6147/6384
f 6150/6387 6246/6498 6151/6388
f 9/6390 8/6499 6150/6387
f 6214/6457 11/6523 12/6467
f 6255/6509 6254/6508 6253/6507
f 11/6523 6214/6457 6268/6524
f 6273/6529 316/6567 6268/6524
f 7419/7843 7420/7844 316/6567
f 298/7851 7420/7844 7418/7842
f 335/7848 7418/7842 7403/7818
f 334/7846 335/7848 7403/7818
f 334/7846 7403/7818 7402/7817
f 374/7505 7405/7821 7123/7507
f 6929/7296 374/7505 7123/7507
f 6928/7295 390/7503 6929/7296
f 390/7503 374/7505 6929/7296
f 6773/7139 6928/7295 6927/7294
f 432/7041 6681/7042 6616/6974
f 6371/6701 6369/6698 6380/6713
f 2740/2796 2778/2834 2756/2812
f 4076/4248 4074/4246 4077/4249
f 2740/2796 2756/2812 2737/2793
f 4080/4252 4075/4247 4076/4248
f 4081/4253 4075/4247 4080/4252
f 2728/2784 2737/2793 2742/2798
f 2728/2784 2742/2798 2729/2785
f 570/4261 569/4260 4086/4259
f 6137/6374 6138/6375 6134/6371
f 6041/6275 6182/6424 6181/6423
f 6216/6459 6182/6424 6041/6275
f 6042/6276 6216/6459 6041/6275
f 6215/6458 6216/6459 6042/6276
f 6130/6367 6215/6458 6042/6276
f 6147/6384 6148/6385 6130/6367
f 6151/6388 6147/6384 6146/6383
f 12/6467 9/6390 6152/6389
f 6213/6456 6268/6524 6214/6457
f 7419/7843 6273/6529 7412/7834
f 7419/7843 316/6567 6273/6529
f 7420/7844 7419/7843 7406/7825
f 7401/7816 7405/7821 7402/7817
f 7123/7507 7405/7821 7401/7816
f 6927/7294 6928/7295 6929/7296
f 422/7132 423/7131 6689/7051
f 430/7133 422/7132 6689/7051
f 439/6975 432/7041 6616/6974
f 441/6886 438/7043 439/6975
f 6497/6851 444/6850 446/6871
f 2778/2834 2777/2833 2820/2876
f 4083/4256 4076/4248 4077/4249
f 4082/4255 4076/4248 4083/4256
f 4080/4252 4076/4248 4082/4255
f 4086/4259 4081/4253 4080/4252
f 2727/2783 2728/2784 2729/2785
f 6038/6272 6180/6422 6036/6270
f 6039/6273 6181/6423 6038/6272
f 6181/6423 6180/6422 6038/6272
f 6041/6275 6181/6423 6039/6273
f 6149/6386 6150/6387 6146/6383
f 6150/6387 6151/6388 6146/6383
f 6152/6389 9/6390 6149/6386
f 6183/6425 12/6467 6152/6389
f 6214/6457 12/6467 6183/6425
f 6213/6456 6214/6457 6210/6453
f 6273/6529 6268/6524 6213/6456
f 7406/7825 7419/7843 7412/7834
f 7418/7842 7420/7844 7406/7825
f 7418/7842 7406/7825 7395/7809
f 7395/7809 7403/7818 7418/7842
f 6773/7139 6927/7294 6772/7138
f 6529/6885 439/6975 6610/6968
f 6497/6851 446/6871 6507/6862
f 6401/6740 6412/6752 6451/6794
f 4083/4256 4077/4249 4084/4257
f 4080/4252 4082/4255 4085/4258
f 2730/2786 2737/2793 2728/2784
f 4086/4259 4080/4252 4085/4258
f 2727/2783 2730/2786 2728/2784
f 6040/6274 6041/6275 6039/6273
f 6042/6276 6041/6275 6040/6274
f 6188/6430 6187/6429 6141/6378
f 6145/6382 6147/6384 6130/6367
f 6146/6383 6147/6384 6145/6382
f 6152/6389 6149/6386 6144/6381
f 6210/6453 6214/6457 6183/6425
f 6213/6456 6210/6453 6212/6455
f 7411/7833 7412/7834 6212/6455
f 7412/7834 6273/6529 6212/6455
f 7388/7802 7406/7825 7412/7834
f 7387/7801 7395/7809 7406/7825
f 7395/7809 7387/7801 7394/7808
f 423/7131 6773/7139 6768/7130
f 6507/6862 446/6871 6529/6885
f 6396/6733 6394/6731 6401/6740
f 4084/6705 4079/6700 4094/6704
f 2739/2795 2762/2818 2777/2833
f 2739/2795 2777/2833 2740/2796
f 2730/2786 2739/2795 2737/2793
f 4091/4267 4086/4259 4085/4258
f 2731/2787 2730/2786 2727/2783
f 6060/6295 6058/6293 6057/6292
f 6058/6293 6059/6294 6057/6292
f 6037/6271 6038/6272 6036/6270
f 6210/6453 6183/6425 6185/6427
f 7387/7801 7406/7825 7388/7802
f 7394/7808 7387/7801 7124/7508
f 7394/7808 7401/7816 7395/7809
f 7123/7507 7401/7816 7109/7489
f 6927/7294 6929/7296 6925/7292
f 6689/7051 6688/7050 6604/6962
f 6616/6974 6604/6962 6605/6963
f 6608/6966 6616/6974 6605/6963
f 6529/6885 6610/6968 6609/6967
f 2736/2792 2739/2795 2730/2786
f 4087/4263 4085/4258 4082/4255
f 2731/2787 2736/2792 2730/2786
f 4092/4268 4091/4267 4087/4263
f 4091/4267 4085/4258 4087/4263
f 2732/2788 2731/2787 2727/2783
f 2732/2788 2727/2783 2733/2789
f 6036/6270 6035/6269 6033/6267
f 6037/6271 6036/6270 6033/6267
f 6145/6382 6130/6367 5993/6225
f 6143/6380 6146/6383 6030/6264
f 6144/6381 6149/6386 6143/6380
f 6185/6427 6183/6425 6184/6426
f 6183/6425 6152/6389 6184/6426
f 6211/6454 6210/6453 6185/6427
f 6212/6455 6210/6453 6211/6454
f 7411/7833 6212/6455 7415/7837
f 7411/7833 7415/7837 7410/7832
f 7411/7833 7410/7832 7388/7802
f 7108/7488 7401/7816 7394/7808
f 7109/7489 7401/7816 7108/7488
f 6929/7296 7123/7507 7109/7489
f 6772/7138 6771/7137 6768/7130
f 6768/7130 6687/7049 6688/7050
f 6507/6862 6529/6885 6520/6876
f 2752/2808 2762/2818 2739/2795
f 4083/4256 4084/4257 4093/4269
f 2741/2797 2752/2808 2739/2795
f 4089/4265 4082/4255 4083/4256
f 2741/2797 2739/2795 2736/2792
f 4087/4263 4082/4255 4089/4265
f 4099/4275 4091/4267 4092/4268
f 4098/4274 4091/4267 4099/4275
f 6138/6375 6139/6376 5978/6210
f 5992/6224 6042/6276 6040/6274
f 5993/6225 6130/6367 5992/6224
f 6030/6264 6146/6383 6145/6382
f 6029/6263 6143/6380 6030/6264
f 6184/6426 6152/6389 6144/6381
f 6185/6427 6186/6428 6211/6454
f 7415/7837 6212/6455 6211/6454
f 7205/7595 7387/7801 7354/7761
f 7205/7595 7124/7508 7387/7801
f 7108/7488 7394/7808 7124/7508
f 6996/7365 7108/7488 7124/7508
f 7109/7489 7108/7488 6926/7293
f 6687/7049 6768/7130 6771/7137
f 6603/6961 6688/7050 6687/7049
f 6605/6963 6604/6962 6602/6960
f 6608/6966 6605/6963 6606/6964
f 6609/6967 6608/6966 6592/6950
f 2762/2818 2763/2819 2795/2851
f 4089/4265 4083/4256 4093/4269
f 4088/4264 4087/4263 4089/4265
f 2738/2794 2741/2797 2736/2792
f 2731/2787 2738/2794 2736/2792
f 2735/2791 2731/2787 2732/2788
f 2734/2790 2735/2791 2732/2788
f 6033/6267 6034/6268 5972/6204
f 6142/6379 6144/6381 6143/6380
f 7354/7761 7388/7802 7410/7832
f 6997/7366 7124/7508 7205/7595
f 6996/7365 7124/7508 6997/7366
f 6932/7300 6926/7293 7108/7488
f 6925/7292 6926/7293 6770/7136
f 6924/7291 6925/7292 6770/7136
f 6685/7047 6771/7137 6769/7135
f 6602/6960 6604/6962 6603/6961
f 6495/6848 6520/6876 6519/6875
f 6375/6707 4094/6704 6374/6706
f 2807/2863 2795/2851 2763/2819
f 4088/4264 4089/4265 4090/4266
f 2738/2794 2745/2801 2741/2797
f 2745/2801 2746/2802 2741/2797
f 4092/4268 4087/4263 4088/4264
f 4099/4275 4092/4268 4100/4276
f 6057/6292 6059/6294 5971/6203
f 6037/6271 6033/6267 5948/6180
f 6143/6380 6029/6263 6142/6379
f 6186/6428 6184/6426 6131/6368
f 7410/7832 7415/7837 7390/7804
f 7354/7761 7410/7832 7393/7807
f 7354/7761 7393/7807 7204/7594
f 7205/7595 7354/7761 7204/7594
f 6998/7367 6997/7366 7205/7595
f 6930/7298 6932/7300 6996/7365
f 6932/7300 7108/7488 6996/7365
f 6924/7291 6770/7136 6769/7135
f 6771/7137 6924/7291 6769/7135
f 6603/6961 6687/7049 6600/6958
f 6608/6966 6606/6964 6592/6950
f 6591/6949 6609/6967 6592/6950
f 6493/6846 6519/6875 6510/6865
f 6493/6846 6495/6848 6519/6875
f 6465/6812 6467/6815 6493/6846
f 4090/4266 4089/4265 4093/4269
f 4095/4271 4092/4268 4088/4264
f 2748/2804 2745/2801 2735/2791
f 2748/2804 2735/2791 2734/2790
f 5978/6210 5958/6190 5940/6169
f 5973/6205 6040/6274 5974/6206
f 5992/6224 6040/6274 5973/6205
f 5953/6185 5992/6224 5973/6205
f 5993/6225 5992/6224 5953/6185
f 5994/6226 5993/6225 5953/6185
f 6032/6266 6031/6265 5979/6211
f 6145/6382 5993/6225 5994/6226
f 6029/6263 6030/6264 5994/6226
f 6027/6261 6142/6379 6029/6263
f 6199/6441 6013/6245 6014/6246
f 6184/6426 6144/6381 6028/6262
f 6053/6288 6056/6291 6013/6245
f 6131/6368 6184/6426 6028/6262
f 6211/6454 6131/6368 7414/7836
f 6211/6454 6186/6428 6131/6368
f 7410/7832 7390/7804 7389/7803
f 6998/7367 7205/7595 7204/7594
f 6930/7298 6996/7365 6997/7366
f 6818/7184 6932/7300 6930/7298
f 6770/7136 6932/7300 6818/7184
f 6591/6949 6592/6950 6593/6951
f 6510/6865 6519/6875 6530/6888
f 6375/6707 6374/6706 6377/6710
f 4108/6716 4093/6708 6375/6707
f 2773/2829 2763/2819 2754/2810
f 2753/2809 2754/2810 2746/2802
f 4096/4272 4090/4266 4108/4284
f 2747/2803 2753/2809 2746/2802
f 4088/4264 4090/4266 4096/4272
f 2747/2803 2746/2802 2745/2801
f 4095/4271 4088/4264 4096/4272
f 4101/4277 4100/4276 4095/4271
f 4100/4276 4092/4268 4095/4271
f 5940/6169 5958/6190 5895/6116
f 5878/6099 5972/6204 5880/6101
f 5972/6204 5971/6203 5880/6101
f 5974/6206 5948/6180 5913/6137
f 5912/6136 5973/6205 5913/6137
f 5973/6205 5974/6206 5913/6137
f 5918/6142 5953/6185 5912/6136
f 5953/6185 5973/6205 5912/6136
f 5952/6184 5994/6226 5953/6185
f 6029/6263 5994/6226 5952/6184
f 6026/6260 6144/6381 6027/6261
f 6144/6381 6142/6379 6027/6261
f 6028/6262 6144/6381 6026/6260
f 7415/7837 6211/6454 7414/7836
f 7390/7804 7415/7837 7414/7836
f 7393/7807 7410/7832 7389/7803
f 7350/7755 7393/7807 7389/7803
f 7204/7594 7393/7807 7350/7755
f 6998/7367 7204/7594 6999/7368
f 6998/7367 6999/7368 6969/7337
f 6997/7366 6969/7337 6883/7249
f 6930/7298 6883/7249 6812/7178
f 6818/7184 6930/7298 6812/7178
f 6686/7048 6770/7136 6818/7184
f 6685/7047 6769/7135 6686/7048
f 6685/7047 6686/7048 6684/7046
f 6602/6960 6601/6959 6607/6965
f 6606/6964 6602/6960 6607/6965
f 6612/6970 6592/6950 6607/6965
f 6592/6950 6606/6964 6607/6965
f 6494/6847 6493/6846 6510/6865
f 2753/2809 2771/2827 2754/2810
f 2749/2805 2750/2806 2747/2803
f 2749/2805 2747/2803 2745/2801
f 4101/4277 4095/4271 4102/4278
f 5880/6101 5883/6104 5850/6065
f 5853/6071 5880/6101 5850/6065
f 5778/5980 5877/6098 5779/5981
f 5877/6098 5878/6099 5779/5981
f 5816/6028 5913/6137 5877/6098
f 5919/6143 5953/6185 5918/6142
f 5952/6184 5953/6185 5919/6143
f 5983/6215 6029/6263 5952/6184
f 6027/6261 6029/6263 5983/6215
f 5964/6196 6131/6368 6028/6262
f 7414/7836 6131/6368 7413/7835
f 7390/7804 7414/7836 7391/7805
f 6999/7368 7204/7594 7350/7755
f 6690/7052 6818/7184 6812/7178
f 6600/6958 6684/7046 6599/6957
f 6600/6958 6599/6957 6601/6959
f 6593/6951 6592/6950 6612/6970
f 6496/6849 6510/6865 6517/6873
f 6471/6819 6465/6812 6496/6849
f 6383/6718 6386/6722 6393/6730
f 6381/6714 6377/6710 6382/6715
f 2772/2828 2809/2865 2773/2829
f 4111/6717 4108/6716 6381/6714
f 2750/2806 2753/2809 2747/2803
f 4104/4280 4097/4273 4096/4272
f 2751/2807 2750/2806 2749/2805
f 4103/4279 4102/4278 4097/4273
f 4102/4278 4095/4271 4097/4273
f 4103/4279 4101/4277 4102/4278
f 5779/5981 5853/6071 5780/5982
f 5895/6116 5888/6109 5806/6017
f 5883/6104 5895/6116 5851/6066
f 5850/6065 5851/6066 5727/5924
f 5850/6065 5883/6104 5851/6066
f 5853/6071 5850/6065 5780/5982
f 5850/6065 5727/5924 5780/5982
f 5816/6028 5778/5980 5815/6027
f 5863/6082 5918/6142 5864/6083
f 5862/6081 5919/6143 5863/6082
f 5919/6143 5918/6142 5863/6082
f 5894/6115 5952/6184 5919/6143
f 5983/6215 5952/6184 5894/6115
f 5982/6214 6026/6260 5983/6215
f 6026/6260 6027/6261 5983/6215
f 6026/6260 5982/6214 5964/6196
f 5964/6196 6028/6262 6026/6260
f 7413/7835 6131/6368 5964/6196
f 7391/7805 7414/7836 7413/7835
f 7350/7755 7389/7803 7392/7806
f 6969/7337 6999/7368 6967/7335
f 6884/7250 6883/7249 6969/7337
f 6686/7048 6690/7052 6683/7045
f 6684/7046 6686/7048 6598/6956
f 6588/6946 6593/6951 6612/6970
f 6593/6951 6588/6946 6613/6971
f 6517/6873 6614/6972 6578/6936
f 6525/6881 6517/6873 6578/6936
f 6409/6749 6399/6737 6414/6754
f 4106/4282 4097/4273 4104/4280
f 2758/2814 2751/2807 2749/2805
f 5583/5778 5780/5982 5233/5425
f 5583/5778 5233/5425 5372/5565
f 5373/5566 5779/5981 5583/5778
f 5778/5980 5779/5981 5373/5566
f 5815/6027 5778/5980 5534/5729
f 5773/5974 5815/6027 5534/5729
f 5863/6082 5815/6027 5773/5974
f 5862/6081 5863/6082 5773/5974
f 5804/6011 5888/6109 5889/6110
f 5806/6017 5888/6109 5804/6011
f 5893/6114 5983/6215 5894/6115
f 5982/6214 5983/6215 5893/6114
f 7389/7803 7390/7804 7391/7805
f 7203/7593 7350/7755 7392/7806
f 6999/7368 7350/7755 7203/7593
f 6966/7334 6969/7337 6967/7335
f 6921/7287 6969/7337 6966/7334
f 6884/7250 6969/7337 6921/7287
f 6788/7154 6883/7249 6882/7248
f 6812/7178 6883/7249 6788/7154
f 6774/7140 6812/7178 6788/7154
f 6683/7045 6774/7140 6698/7060
f 6599/6957 6598/6956 6595/6953
f 6601/6959 6599/6957 6595/6953
f 6612/6970 6607/6965 6611/6969
f 6614/6972 6593/6951 6613/6971
f 6473/6821 6496/6849 6503/6858
f 6471/6819 6496/6849 6473/6821
f 6392/6729 6399/6737 6409/6749
f 6393/6730 6399/6737 6392/6729
f 2832/2888 2858/2914 2809/2865
f 6385/6721 6382/6715 6383/6718
f 2759/2815 2761/2817 2750/2806
f 4105/4281 4103/4279 4106/4282
f 4103/4279 4097/4273 4106/4282
f 2760/2816 2759/2815 2751/2807
f 4984/5176 5373/5566 4982/5174
f 5373/5566 5372/5565 4982/5174
f 5233/5425 5507/5702 5232/5424
f 5463/5658 5534/5729 5373/5566
f 5773/5974 5534/5729 5463/5658
f 5463/5658 5086/5278 5234/5426
f 5648/5844 5862/6081 5629/5825
f 5822/6036 5889/6110 5886/6107
f 5804/6011 5889/6110 5822/6036
f 5906/6128 5964/6196 5893/6114
f 5964/6196 5982/6214 5893/6114
f 7392/7806 7389/7803 7391/7805
f 6968/7336 6999/7368 7203/7593
f 6967/7335 6999/7368 6968/7336
f 6882/7248 6883/7249 6884/7250
f 6698/7060 6774/7140 6788/7154
f 6683/7045 6698/7060 6597/6955
f 6597/6955 6598/6956 6683/7045
f 6607/6965 6601/6959 6594/6952
f 6525/6881 6578/6936 6524/6880
f 6523/6879 6525/6881 6524/6880
f 6385/6721 6383/6718 6392/6729
f 6383/6718 6393/6730 6392/6729
f 4120/6720 4111/6717 6384/6719
f 2774/2830 2775/2831 2771/2827
f 2775/2831 2772/2828 2771/2827
f 2770/2826 2774/2830 2771/2827
f 2770/2826 2771/2827 2753/2809
f 4107/4283 4111/4287 4119/4295
f 2759/2815 2765/2821 2761/2817
f 4982/5174 5232/5424 4978/5170
f 4980/5172 4982/5174 4978/5170
f 4984/5176 4982/5174 4983/5175
f 4986/5178 4984/5176 4983/5175
f 4988/5180 5086/5278 4986/5178
f 5086/5278 4984/5176 4986/5178
f 5234/5426 5086/5278 4988/5180
f 5459/5654 5804/6011 5744/5943
f 5382/5575 5804/6011 5459/5654
f 5382/5575 5459/5654 5129/5321
f 5629/5825 5463/5658 5234/5426
f 5518/5713 5648/5844 5234/5426
f 5648/5844 5629/5825 5234/5426
f 5795/6001 5648/5844 5518/5713
f 5822/6036 5886/6107 5823/6037
f 5893/6114 5868/6089 5795/6001
f 5906/6128 5893/6114 5844/6059
f 5980/6212 5964/6196 5906/6128
f 7413/7835 5964/6196 5980/6212
f 5981/6213 7413/7835 5980/6212
f 7391/7805 7413/7835 5981/6213
f 6964/7332 6967/7335 6968/7336
f 6967/7335 6964/7332 6966/7334
f 6882/7248 6884/7250 6921/7287
f 6775/7141 6698/7060 6788/7154
f 6597/6955 6698/7060 6661/7020
f 6594/6952 6595/6953 6596/6954
f 6578/6936 6614/6972 6577/6935
f 2849/2905 2871/2927 2832/2888
f 2788/2844 2806/2862 2832/2888
f 4114/4290 4107/4283 4119/4295
f 2766/2822 2770/2826 2761/2817
f 2765/2821 2759/2815 2760/2816
f 4977/5169 5129/5321 4974/5166
f 4976/5168 4977/5169 4974/5166
f 4978/5170 4977/5169 4976/5168
f 4979/5171 4978/5170 4976/5168
f 4980/5172 4978/5170 4979/5171
f 4981/5173 4980/5172 4979/5171
f 4983/5175 4980/5172 4981/5173
f 4993/5185 5234/5426 4990/5182
f 5459/5654 5744/5943 5743/5942
f 5744/5943 5822/6036 5743/5942
f 5407/5600 4993/5185 5110/5302
f 5844/6059 5795/6001 5733/5931
f 5821/6034 5844/6059 5733/5931
f 5821/6034 5906/6128 5844/6059
f 5981/6213 5980/6212 5917/6141
f 7203/7593 7392/7806 5962/6194
f 6882/7248 6921/7287 6920/7286
f 6787/7153 6882/7248 6836/7202
f 6775/7141 6788/7154 6787/7153
f 6661/7020 6698/7060 6775/7141
f 6577/6935 6613/6971 6584/6942
f 6426/6767 6409/6749 6447/6790
f 6409/6749 6448/6791 6447/6790
f 6406/6746 6392/6729 6408/6748
f 6397/6735 6392/6729 6406/6746
f 6397/6735 6388/6725 6392/6729
f 4110/4286 4107/4283 4114/4290
f 4112/4288 4105/4281 4110/4286
f 2764/2820 2765/2821 2760/2816
f 4973/5165 4974/5166 4971/5163
f 4974/5166 5113/5305 4971/5163
f 4979/5171 4976/5168 4975/5167
f 5091/5283 4981/5173 5109/5301
f 5090/5282 4981/5173 5091/5283
f 4987/5179 4981/5173 5090/5282
f 5110/5302 4993/5185 4994/5186
f 5109/5301 4975/5167 5359/5552
f 5820/6033 5906/6128 5821/6034
f 5962/6194 7391/7805 5981/6213
f 6963/7331 6966/7334 6964/7332
f 6920/7286 6921/7287 6963/7331
f 6921/7287 6966/7334 6963/7331
f 6787/7153 6836/7202 6786/7152
f 6722/7084 6661/7020 6775/7141
f 6611/6969 6594/6952 6590/6948
f 6613/6971 6588/6946 6584/6942
f 6577/6935 6584/6942 6579/6937
f 6531/6889 6524/6880 6570/6928
f 6513/6868 6524/6880 6531/6889
f 6499/6854 6488/6839 6513/6868
f 6488/6839 6503/6858 6513/6868
f 6417/6757 6408/6748 6426/6767
f 2806/2862 2846/2902 2849/2905
f 2767/2823 2776/2832 2766/2822
f 4115/4291 4110/4286 4114/4290
f 4112/4288 4110/4286 4113/4289
f 4972/5164 4971/5163 4970/5162
f 4971/5163 4969/5161 4970/5162
f 4973/5165 4971/5163 4972/5164
f 5045/5237 4973/5165 4972/5164
f 4975/5167 4973/5165 5045/5237
f 5359/5552 4975/5167 5045/5237
f 4991/5183 5090/5282 5088/5280
f 5358/5551 5743/5942 5680/5877
f 5743/5942 5824/6038 5680/5877
f 5091/5283 5109/5301 5396/5589
f 5090/5282 5091/5283 5396/5589
f 5732/5930 5407/5600 5297/5489
f 5821/6034 5732/5930 5563/5758
f 5820/6033 5821/6034 5563/5758
f 5819/6032 5917/6141 5820/6033
f 5926/6150 5962/6194 5917/6141
f 5962/6194 5981/6213 5917/6141
f 7203/7593 5962/6194 5985/6217
f 7110/7490 7203/7593 5985/6217
f 6968/7336 7203/7593 7110/7490
f 6836/7202 6882/7248 6864/7230
f 6775/7141 6787/7153 6782/7148
f 6722/7084 6775/7141 6782/7148
f 6597/6955 6661/7020 6660/7019
f 6597/6955 6660/7019 6615/6973
f 6615/6973 6596/6954 6597/6955
f 6594/6952 6596/6954 6590/6948
f 6589/6947 6611/6969 6590/6948
f 6585/6943 6588/6946 6589/6947
f 6584/6942 6588/6946 6585/6943
f 6454/6799 6447/6790 6466/6813
f 6387/6723 6388/6725 6390/6727
f 2782/2838 2785/2841 2774/2830
f 2785/2841 2775/2831 2774/2830
f 2776/2832 2782/2838 2770/2826
f 2782/2838 2774/2830 2770/2826
f 4121/4297 4114/4290 4119/4295
f 2769/2825 2767/2823 2765/2821
f 2768/2824 2769/2825 2765/2821
f 4967/5159 5118/5310 4965/5157
f 4968/5160 4969/5161 4967/5159
f 4969/5161 5118/5310 4967/5159
f 4985/5177 4970/5162 4968/5160
f 4970/5162 4969/5161 4968/5160
f 4972/5164 4970/5162 4985/5177
f 5297/5489 4997/5189 4999/5191
f 5296/5488 5297/5489 4999/5191
f 5045/5237 4985/5177 5124/5316
f 5610/5806 5359/5552 5609/5805
f 5460/5655 5359/5552 5610/5806
f 5611/5807 5396/5589 5610/5806
f 5467/5662 5088/5280 5468/5663
f 5088/5280 5090/5282 5468/5663
f 5273/5465 5088/5280 5467/5662
f 5563/5758 5297/5489 5296/5488
f 5819/6032 5820/6033 5563/5758
f 5926/6150 5917/6141 5819/6032
f 6965/7333 6968/7336 7110/7490
f 6964/7332 6968/7336 6965/7333
f 6920/7286 6963/7331 6961/7329
f 6723/7085 6722/7084 6782/7148
f 6660/7019 6722/7084 6691/7053
f 6590/6948 6615/6973 6587/6945
f 6585/6943 6589/6947 6586/6944
f 6589/6947 6590/6948 6586/6944
f 6579/6937 6584/6942 6576/6934
f 6570/6928 6571/6929 6543/6901
f 6531/6889 6570/6928 6542/6900
f 6499/6854 6514/6869 6506/6861
f 4121/4297 4119/4295 4129/4305
f 2767/2823 2779/2835 2776/2832
f 4117/4293 4113/4289 4115/4291
f 4963/5155 4965/5157 4964/5156
f 4966/5158 4965/5157 4963/5155
f 4967/5159 4965/5157 4966/5158
f 4968/5160 4967/5159 4966/5158
f 5087/5279 5088/5280 5273/5465
f 5089/5281 5010/5202 5087/5279
f 5170/5362 5296/5488 5002/5194
f 5357/5550 5680/5877 5529/5724
f 5680/5877 5782/5984 5529/5724
f 5609/5805 5360/5553 5646/5842
f 5789/5992 5468/5663 5724/5921
f 5467/5662 5468/5663 5789/5992
f 5760/5961 5467/5662 5789/5992
f 5273/5465 5467/5662 5760/5961
f 5089/5281 5087/5279 5273/5465
f 5563/5758 5296/5488 5170/5362
f 5721/5918 5610/5806 5722/5919
f 5611/5807 5610/5806 5721/5918
f 5818/6031 5926/6150 5819/6032
f 5905/6127 5985/6217 5926/6150
f 5985/6217 5905/6127 7110/7490
f 6691/7053 6722/7084 6723/7085
f 6659/7018 6660/7019 6691/7053
f 6615/6973 6660/7019 6659/7018
f 6586/6944 6590/6948 6587/6945
f 6579/6937 6576/6934 6543/6901
f 6570/6928 6543/6901 6542/6900
f 6454/6799 6479/6828 6480/6829
f 6407/6747 6406/6746 6423/6764
f 6406/6746 6417/6757 6423/6764
f 6389/6726 6390/6727 6391/6728
f 4121/4297 4129/4305 4131/4307
f 4123/4299 4116/4292 4117/4293
f 4116/4292 4113/4289 4117/4293
f 2780/2836 2767/2823 2769/2825
f 2780/2836 2769/2825 2768/2824
f 4118/4294 4112/4288 4116/4292
f 4962/5154 4964/5156 4897/5089
f 4963/5155 4964/5156 4962/5154
f 5311/5503 4966/5158 5053/5245
f 4966/5158 4963/5155 5053/5245
f 5092/5284 5000/5192 5089/5281
f 5170/5362 5002/5194 5005/5197
f 5529/5724 5782/5984 5620/5816
f 5782/5984 5872/6093 5620/5816
f 5124/5316 4966/5158 5311/5503
f 5505/5700 5273/5465 5759/5960
f 5089/5281 5273/5465 5505/5700
f 5818/6031 5819/6032 5531/5726
f 5468/5663 5611/5807 5720/5917
f 5723/5920 5468/5663 5720/5917
f 5724/5921 5468/5663 5723/5920
f 5905/6127 5926/6150 5818/6031
f 6864/7230 6923/7289 6862/7228
f 6786/7152 6836/7202 6864/7230
f 6723/7085 6703/7065 6704/7066
f 6691/7053 6723/7085 6704/7066
f 6632/6991 6615/6973 6659/7018
f 6538/6896 6576/6934 6573/6931
f 6423/6764 6417/6757 6436/6778
f 2819/2875 2861/2917 2846/2902
f 2785/2841 2794/2850 2811/2867
f 4130/4306 4121/4297 4131/4307
f 2784/2840 2782/2838 2776/2832
f 4122/4298 4121/4297 4130/4306
f 2784/2840 2776/2832 2779/2835
f 4117/4293 4115/4291 4122/4298
f 4897/5089 5357/5550 4871/5063
f 5053/5245 4963/5155 4903/5095
f 4963/5155 4962/5154 4903/5095
f 5140/5332 5000/5192 5092/5284
f 5169/5361 5170/5362 5005/5197
f 5511/5706 5311/5503 5466/5661
f 5505/5700 5759/5960 5768/5969
f 5092/5284 5089/5281 5505/5700
f 5531/5726 5170/5362 5169/5361
f 5684/5881 5818/6031 5451/5645
f 5725/5922 5789/5992 5723/5920
f 5789/5992 5724/5921 5723/5920
f 5760/5961 5789/5992 5725/5922
f 5904/6126 5905/6127 5818/6031
f 7110/7490 5905/6127 5904/6126
f 6965/7333 5904/6126 6962/7330
f 6961/7329 6963/7331 6962/7330
f 6786/7152 6864/7230 6862/7228
f 6784/7150 6786/7152 6862/7228
f 6576/6934 6574/6932 6573/6931
f 6542/6900 6544/6902 6533/6891
f 6437/6779 6436/6778 6452/6797
f 6410/6750 6407/6747 6423/6764
f 6404/6743 6389/6726 6403/6742
f 6389/6726 6391/6728 6403/6742
f 4132/4308 4122/4298 4130/4306
f 4126/4302 4117/4293 4125/4301
f 4123/4299 4117/4293 4126/4302
f 4896/5088 4897/5089 4895/5087
f 4897/5089 4871/5063 4895/5087
f 4903/5095 4902/5094 4896/5088
f 4902/5094 4897/5089 4896/5088
f 5641/5837 5466/5661 5576/5771
f 5140/5332 5092/5284 5475/5670
f 5451/5645 5169/5361 5168/5360
f 5841/6056 5818/6031 5684/5881
f 5750/5951 5760/5961 5725/5922
f 5767/5968 5759/5960 5750/5951
f 5759/5960 5760/5961 5750/5951
f 5904/6126 5818/6031 5841/6056
f 7086/7463 5904/6126 5841/6056
f 5720/5917 5721/5918 5549/5744
f 5558/5753 5720/5917 5549/5744
f 5573/5768 5723/5920 5558/5753
f 5723/5920 5720/5917 5558/5753
f 7086/7463 6962/7330 5904/6126
f 6923/7289 6961/7329 6962/7330
f 6702/7064 6691/7053 6704/7066
f 6659/7018 6691/7053 6680/7039
f 6574/6932 6587/6945 6575/6933
f 6573/6931 6574/6932 6539/6897
f 6574/6932 6575/6933 6539/6897
f 6538/6896 6573/6931 6539/6897
f 6538/6896 6537/6895 6535/6893
f 6545/6903 6533/6891 6532/6890
f 6521/6877 6509/6864 6546/6904
f 2792/2848 2794/2850 2782/2838
f 4130/4306 4131/4307 4144/4320
f 2792/2848 2782/2838 2784/2840
f 2786/2842 2784/2840 2779/2835
f 2783/2839 2780/2836 2781/2837
f 5008/5200 5006/5198 5140/5332
f 5011/5203 5009/5201 5008/5200
f 5009/5201 5007/5199 5008/5200
f 5168/5360 5169/5361 5014/5206
f 5169/5361 5009/5201 5014/5206
f 5576/5771 5445/5639 5575/5770
f 5379/5572 5140/5332 5475/5670
f 5684/5881 5451/5645 5168/5360
f 5643/5839 5511/5706 5639/5835
f 5768/5969 5767/5968 5691/5888
f 5505/5700 5768/5969 5691/5888
f 5475/5670 5505/5700 5691/5888
f 5829/6043 7086/7463 5841/6056
f 6962/7330 7086/7463 6955/7323
f 6922/7288 6923/7289 6955/7323
f 6923/7289 6962/7330 6955/7323
f 6862/7228 6923/7289 6922/7288
f 6699/7061 6783/7149 6784/7150
f 6703/7065 6783/7149 6699/7061
f 6705/7067 6691/7053 6702/7064
f 6680/7039 6691/7053 6705/7067
f 6647/7006 6659/7018 6680/7039
f 6632/6991 6659/7018 6647/7006
f 6575/6933 6632/6991 6582/6940
f 6544/6902 6535/6893 6534/6892
f 6532/6890 6533/6891 6534/6892
f 6422/6763 6410/6750 6424/6765
f 2808/2864 2794/2850 2792/2848
f 4142/4318 4130/4306 4144/4320
f 2787/2843 2792/2848 2784/2840
f 2787/2843 2784/2840 2786/2842
f 2786/2842 2779/2835 2783/2839
f 4128/4304 4123/4299 4126/4302
f 4869/5061 4871/5063 4866/5058
f 4871/5063 5294/5486 4866/5058
f 4870/5062 4871/5063 4869/5061
f 4896/5088 4895/5087 4870/5062
f 4895/5087 4871/5063 4870/5062
f 5013/5205 5168/5360 5014/5206
f 5099/5291 5168/5360 5013/5205
f 5575/5770 5445/5639 5574/5769
f 5829/6043 5841/6056 5612/5808
f 6995/7364 7086/7463 5829/6043
f 5725/5922 5723/5920 5573/5768
f 5572/5767 5725/5922 5573/5768
f 5571/5766 5750/5951 5572/5767
f 5750/5951 5725/5922 5572/5767
f 5767/5968 5750/5951 5571/5766
f 5691/5888 5767/5968 5571/5766
f 6955/7323 7086/7463 6995/7364
f 6862/7228 6922/7288 6863/7229
f 6819/7185 6862/7228 6863/7229
f 6784/7150 6862/7228 6819/7185
f 6785/7151 6784/7150 6819/7185
f 6700/7062 6784/7150 6785/7151
f 6699/7061 6784/7150 6700/7062
f 6702/7064 6699/7061 6701/7063
f 6702/7064 6703/7065 6699/7061
f 6582/6940 6632/6991 6647/7006
f 6539/6897 6575/6933 6540/6898
f 6537/6895 6539/6897 6540/6898
f 6546/6904 6532/6890 6548/6906
f 6521/6877 6546/6904 6547/6905
f 6515/6870 6508/6863 6521/6877
f 6443/6786 6452/6797 6474/6822
f 6424/6765 6423/6764 6435/6777
f 4136/4312 4132/4308 4142/4318
f 4126/4302 4125/4301 4136/4312
f 4133/4309 4128/4304 4134/4310
f 5046/5238 5379/5572 5404/5597
f 5293/5485 5621/5817 5594/5789
f 5621/5817 5842/6057 5594/5789
f 5624/5820 5404/5597 5379/5572
f 5612/5808 5168/5360 5099/5291
f 5577/5772 5644/5840 5541/5736
f 5494/5689 5572/5767 5426/5619
f 5572/5767 5573/5768 5426/5619
f 5483/5678 5572/5767 5494/5689
f 5571/5766 5572/5767 5483/5678
f 6918/7284 6922/7288 6955/7323
f 6863/7229 6922/7288 6918/7284
f 6785/7151 6819/7185 6813/7179
f 6699/7061 6700/7062 6701/7063
f 6705/7067 6702/7064 6701/7063
f 6535/6893 6536/6894 6534/6892
f 2796/2852 2808/2864 2792/2848
f 2796/2852 2792/2848 2787/2843
f 4135/4311 4126/4302 4136/4312
f 4134/4310 4126/4302 4135/4311
f 2791/2847 2793/2849 2786/2842
f 2791/2847 2783/2839 2790/2846
f 5405/5598 4896/5088 5200/5392
f 4896/5088 4870/5062 5200/5392
f 5376/5569 5015/5207 5404/5597
f 5015/5207 5046/5238 5404/5597
f 5574/5769 5405/5598 5557/5752
f 5828/6042 5829/6043 5612/5808
f 5689/5886 5624/5820 5623/5819
f 5828/6042 6995/7364 5829/6043
f 6918/7284 6955/7323 6995/7364
f 5409/5602 5541/5736 5515/5710
f 5541/5736 5582/5777 5515/5710
f 5426/5619 5474/5669 5406/5599
f 5591/5786 5571/5766 5496/5691
f 5406/5599 5474/5669 5394/5587
f 5425/5618 5494/5689 5426/5619
f 6863/7229 6918/7284 6865/7231
f 6813/7179 6819/7185 6865/7231
f 6819/7185 6863/7229 6865/7231
f 6707/7069 6705/7067 6701/7063
f 6680/7039 6705/7067 6692/7054
f 6654/7013 6680/7039 6692/7054
f 6647/7006 6680/7039 6654/7013
f 6582/6940 6647/7006 6654/7013
f 6540/6898 6582/6940 6583/6941
f 6536/6894 6537/6895 6541/6899
f 6534/6892 6536/6894 6551/6909
f 6534/6892 6551/6909 6550/6908
f 6521/6877 6547/6905 6528/6884
f 6434/6776 6443/6786 6444/6787
f 6422/6763 6424/6765 6434/6776
f 6420/6761 6411/6751 6413/6753
f 6418/6758 6404/6743 6405/6744
f 4142/4318 4144/4320 4150/4326
f 4866/5058 5293/5485 4960/5152
f 4868/5060 4869/5061 4864/5056
f 4869/5061 4866/5058 4864/5056
f 5200/5392 4870/5062 4868/5060
f 4870/5062 4869/5061 4868/5060
f 5017/5209 5013/5205 5016/5208
f 5013/5205 5012/5204 5016/5208
f 5098/5290 5099/5291 5018/5210
f 5256/5448 5594/5789 5560/5755
f 5594/5789 5799/6005 5560/5755
f 5390/5583 5404/5597 5692/5889
f 5098/5290 5612/5808 5099/5291
f 5623/5819 5690/5887 5689/5886
f 5565/5760 5564/5759 5642/5838
f 5580/5775 5690/5887 5591/5786
f 6865/7231 6918/7284 6919/7285
f 5409/5602 5515/5710 5472/5667
f 5483/5678 5494/5689 5425/5618
f 5435/5629 5483/5678 5425/5618
f 5496/5691 5483/5678 5435/5629
f 5580/5775 5591/5786 5497/5692
f 5229/5421 5426/5619 5406/5599
f 5425/5618 5426/5619 5229/5421
f 5178/5370 5435/5629 5425/5618
f 6785/7151 6813/7179 6778/7144
f 6700/7062 6785/7151 6778/7144
f 6701/7063 6700/7062 6776/7142
f 6706/7068 6705/7067 6707/7069
f 6692/7054 6705/7067 6706/7068
f 6583/6941 6582/6940 6654/7013
f 6515/6870 6521/6877 6528/6884
f 3100/3156 3043/3099 2999/3055
f 6421/6762 6413/6753 6425/6766
f 2812/2868 2808/2864 2796/2852
f 4141/4317 4142/4318 4143/4319
f 2804/2860 2796/2852 2787/2843
f 4140/4316 4136/4312 4141/4317
f 2804/2860 2787/2843 2793/2849
f 4135/4311 4136/4312 4140/4316
f 4864/5056 4866/5058 4865/5057
f 4866/5058 4960/5152 4865/5057
f 5016/5208 5376/5569 5390/5583
f 5062/5254 5018/5210 5019/5211
f 5018/5210 5017/5209 5019/5211
f 5801/6007 5828/6042 5619/5815
f 5692/5889 5624/5820 5636/5832
f 5830/6044 5828/6042 5801/6007
f 5830/6044 6995/7364 5828/6042
f 5689/5886 5690/5887 5581/5776
f 5472/5667 5532/5727 5491/5686
f 6814/7180 6813/7179 6865/7231
f 5408/5601 5409/5602 5472/5667
f 5212/5404 5409/5602 5408/5601
f 5214/5406 5394/5587 5211/5403
f 5230/5422 5394/5587 5214/5406
f 5178/5370 5425/5618 5179/5371
f 6778/7144 6813/7179 6814/7180
f 6776/7142 6700/7062 6778/7144
f 6707/7069 6701/7063 6776/7142
f 6692/7054 6696/7058 6695/7057
f 6695/7057 6654/7013 6692/7054
f 6648/7007 6654/7013 6695/7057
f 6540/6898 6583/6941 6618/6977
f 6536/6894 6541/6899 6553/6911
f 6551/6909 6536/6894 6552/6910
f 6549/6907 6550/6908 6558/6916
f 6554/6912 6549/6907 6555/6913
f 6518/6874 6487/6838 6515/6870
f 6432/6774 6425/6766 6441/6784
f 6425/6766 6434/6776 6441/6784
f 2812/2868 2827/2883 2821/2877
f 2796/2852 2804/2860 2812/2868
f 2800/2856 2803/2859 2791/2847
f 2803/2859 2793/2849 2791/2847
f 4138/4314 4137/4313 4134/4310
f 4138/4314 4134/4310 4139/4315
f 5199/5391 4868/5060 4867/5059
f 4868/5060 4864/5056 4867/5059
f 5389/5582 5019/5211 5390/5583
f 5041/5233 5042/5234 5019/5211
f 5042/5234 5062/5254 5019/5211
f 5693/5890 5557/5752 5199/5391
f 5557/5752 5200/5392 5199/5391
f 5781/5983 5557/5752 5693/5890
f 5619/5815 5098/5290 5291/5483
f 5636/5832 5624/5820 5689/5886
f 5708/5905 5692/5889 5636/5832
f 6919/7285 5830/6044 6866/7232
f 6815/7181 6865/7231 6919/7285
f 5410/5603 5472/5667 5491/5686
f 6814/7180 6865/7231 6815/7181
f 5212/5404 5408/5601 5221/5413
f 5229/5421 5230/5422 5227/5419
f 5434/5628 5435/5629 5243/5435
f 6553/6911 6572/6930 6580/6938
f 6567/6925 6518/6874 6528/6884
f 6444/6787 6469/6817 6468/6816
f 2813/2869 2812/2868 2804/2860
f 4146/4322 4141/4317 4143/4319
f 4140/4316 4141/4317 4146/4322
f 2803/2859 2804/2860 2793/2849
f 4145/4321 4139/4315 4140/4316
f 2802/2858 2803/2859 2800/2856
f 4960/5152 5256/5448 4863/5055
f 4864/5056 4865/5057 4863/5055
f 4865/5057 4960/5152 4863/5055
f 5565/5760 5642/5838 5559/5754
f 5539/5734 5689/5886 5581/5776
f 5636/5832 5689/5886 5539/5734
f 6815/7181 6919/7285 6866/7232
f 5492/5687 5565/5760 5559/5754
f 5497/5692 5496/5691 5434/5628
f 5538/5733 5497/5692 5434/5628
f 5581/5776 5580/5775 5538/5733
f 5408/5601 5472/5667 5410/5603
f 6777/7143 6778/7144 6790/7156
f 6778/7144 6814/7180 6790/7156
f 6760/7122 6707/7069 6763/7125
f 6706/7068 6707/7069 6760/7122
f 6653/7012 6648/7007 6695/7057
f 6618/6977 6648/7007 6653/7012
f 6553/6911 6580/6938 6569/6927
f 6569/6927 6552/6910 6553/6911
f 6556/6914 6554/6912 6555/6913
f 6567/6925 6557/6915 6566/6924
f 6458/6804 6441/6784 6468/6816
f 1773/3183 3100/3156 3099/3155
f 6432/6774 6441/6784 6442/6785
f 6427/6768 6419/6759 6420/6761
f 6428/6769 6418/6758 6427/6768
f 4153/4329 4143/4319 4150/4326
f 2814/2870 2804/2860 2803/2859
f 2802/2858 2814/2870 2803/2859
f 4867/5059 4864/5056 4862/5054
f 4864/5056 4863/5055 4862/5054
f 5388/5581 5043/5235 5389/5582
f 5257/5449 5560/5755 5606/5802
f 5560/5755 5835/6050 5606/5802
f 5693/5890 5199/5391 5201/5393
f 5781/5983 5693/5890 5688/5885
f 5389/5582 5390/5583 5707/5904
f 5290/5482 5578/5773 5291/5483
f 5830/6044 5801/6007 5578/5773
f 5627/5823 5766/5967 5781/5983
f 5707/5904 5708/5905 5635/5831
f 5559/5754 5626/5822 5522/5717
f 5635/5831 5636/5832 5548/5743
f 5538/5733 5434/5628 5252/5444
f 6790/7156 6814/7180 6815/7181
f 5410/5603 5491/5686 5433/5627
f 5180/5372 5178/5370 5177/5369
f 5244/5436 5252/5444 5434/5628
f 5213/5405 5211/5403 5210/5402
f 5214/5406 5211/5403 5213/5405
f 5176/5368 5229/5421 5227/5419
f 5179/5371 5229/5421 5176/5368
f 5177/5369 5178/5370 5176/5368
f 6763/7125 6777/7143 6790/7156
f 6558/6916 6550/6908 6562/6920
f 6558/6916 6562/6920 6559/6917
f 2826/2882 2812/2868 2813/2869
f 4153/4329 4150/4326 4155/4331
f 2813/2869 2804/2860 2814/2870
f 4147/4323 4139/4315 4145/4321
f 4148/4324 4138/4314 4147/4323
f 2818/2874 2817/2873 2801/2857
f 5198/5390 4867/5059 4862/5054
f 5290/5482 5291/5483 5061/5253
f 5388/5581 5389/5582 5673/5870
f 6954/7322 5830/6044 5622/5818
f 6866/7232 5830/6044 6954/7322
f 5522/5717 5627/5823 5523/5718
f 5495/5690 5559/5754 5522/5717
f 5432/5626 5492/5687 5495/5690
f 5492/5687 5559/5754 5495/5690
f 5548/5743 5539/5734 5457/5652
f 6790/7156 6815/7181 6821/7187
f 5365/5558 5410/5603 5433/5627
f 5457/5652 5538/5733 5252/5444
f 5222/5414 5221/5413 5365/5558
f 5212/5404 5221/5413 5219/5411
f 5215/5407 5214/5406 5213/5405
f 5230/5422 5214/5406 5215/5407
f 5240/5432 5180/5372 5177/5369
f 6760/7122 6763/7125 6761/7123
f 6713/7075 6760/7122 6761/7123
f 6712/7074 6697/7059 6713/7075
f 6695/7057 6697/7059 6712/7074
f 6708/7070 6695/7057 6712/7074
f 6653/7012 6695/7057 6708/7070
f 6658/7017 6653/7012 6708/7070
f 6631/6990 6653/7012 6658/7017
f 6631/6990 6618/6977 6653/7012
f 6569/6927 6580/6938 6581/6939
f 6568/6926 6567/6925 6566/6924
f 6433/6775 6432/6774 6442/6785
f 4151/4327 4145/4321 4146/4322
f 5387/5580 5035/5227 5388/5581
f 5290/5482 5061/5253 5037/5229
f 5201/5393 5198/5390 5262/5454
f 5387/5580 5388/5581 5672/5869
f 5707/5904 5635/5831 5681/5878
f 5561/5756 5635/5831 5548/5743
f 6821/7187 6815/7181 6866/7232
f 5366/5559 5365/5558 5433/5627
f 5242/5434 5244/5436 5243/5435
f 5219/5411 5221/5413 5222/5414
f 5210/5402 5212/5404 5219/5411
f 5226/5418 5230/5422 5215/5407
f 6708/7070 6712/7074 6709/7071
f 6563/6921 6569/6927 6617/6976
f 6569/6927 6581/6939 6617/6976
f 6489/6842 6505/6860 6492/6845
f 6462/6809 6458/6804 6478/6827
f 2911/2967 2870/2926 2866/2922
f 6431/6773 6427/6768 6429/6771
f 2813/2869 2823/2879 2826/2882
f 4151/4327 4146/4322 4153/4329
f 2815/2871 2816/2872 2814/2870
f 2815/2871 2814/2870 2817/2873
f 4149/4325 4148/4324 4147/4323
f 4861/5053 4863/5055 4953/5145
f 4863/5055 5257/5449 4953/5145
f 4860/5052 4862/5054 4858/5050
f 4862/5054 4861/5053 4858/5050
f 5034/5226 5037/5229 5035/5227
f 5037/5229 5039/5231 5035/5227
f 5038/5230 5290/5482 5037/5229
f 5258/5450 5606/5802 5728/5925
f 5606/5802 5836/6051 5728/5925
f 5290/5482 5038/5230 5369/5562
f 5369/5562 5622/5818 5290/5482
f 5784/5987 5781/5983 5785/5988
f 6867/7233 6866/7232 6954/7322
f 5628/5824 5784/5987 5614/5810
f 5561/5756 5681/5878 5635/5831
f 6821/7187 6866/7232 6867/7233
f 5495/5690 5522/5717 5375/5568
f 5433/5627 5432/5626 5366/5559
f 5245/5437 5244/5436 5242/5434
f 5222/5414 5365/5558 5224/5416
f 6762/7124 6763/7125 6789/7155
f 6761/7123 6763/7125 6762/7124
f 6713/7075 6761/7123 6762/7124
f 6710/7072 6712/7074 6713/7075
f 6709/7071 6712/7074 6710/7072
f 6559/6917 6562/6920 6561/6919
f 6568/6926 6621/6980 6620/6979
f 6512/6867 6505/6860 6527/6883
f 6492/6845 6505/6860 6512/6867
f 6478/6827 6489/6842 6492/6845
f 6450/6793 6458/6804 6462/6809
f 6430/6772 6433/6775 6439/6782
f 6438/6780 6429/6771 6439/6782
f 6429/6771 6430/6772 6439/6782
f 4161/4337 4153/4329 4164/4340
f 4153/4329 4155/4331 4164/4340
f 2816/2872 2823/2879 2813/2869
f 4154/4330 4153/4329 4161/4337
f 4154/4330 4151/4327 4153/4329
f 4152/4328 4147/4323 4151/4327
f 2822/2878 2815/2871 2818/2874
f 5262/5454 4860/5052 4859/5051
f 4860/5052 4858/5050 4859/5051
f 5785/5988 5688/5885 5687/5884
f 5688/5885 5262/5454 5687/5884
f 5521/5716 5387/5580 5671/5868
f 5387/5580 5672/5869 5671/5868
f 6952/7320 6954/7322 5745/5944
f 5673/5870 5681/5878 5709/5906
f 5672/5869 5673/5870 5709/5906
f 6867/7233 6954/7322 6952/7320
f 5375/5568 5523/5718 5471/5666
f 6789/7155 6790/7156 6821/7187
f 5374/5567 5432/5626 5375/5568
f 5366/5559 5432/5626 5374/5567
f 5224/5416 5366/5559 5225/5417
f 5176/5368 5227/5419 5228/5420
f 6713/7075 6762/7124 6754/7116
f 6710/7072 6713/7075 6754/7116
f 6709/7071 6710/7072 6711/7073
f 6560/6918 6561/6919 6628/6987
f 6527/6883 6620/6979 6629/6988
f 6439/6782 6433/6775 6440/6783
f 4164/6781 6428/6769 6431/6773
f 2828/2884 2829/2885 2816/2872
f 2828/2884 2816/2872 2815/2871
f 2825/2881 2828/2884 2815/2871
f 4149/4325 4152/4328 4156/4332
f 4830/5022 4953/5145 4841/5033
f 4953/5145 5258/5450 4841/5033
f 4858/5050 4861/5053 4830/5022
f 4861/5053 4953/5145 4830/5022
f 5386/5579 5035/5227 5387/5580
f 5614/5810 5785/5988 5613/5809
f 6880/7246 6867/7233 6952/7320
f 5567/5762 5709/5906 5681/5878
f 6821/7187 6867/7233 6880/7246
f 6821/7187 6880/7246 6808/7174
f 6808/7174 6789/7155 6821/7187
f 5374/5567 5375/5568 5193/5385
f 5431/5625 5430/5624 5338/5530
f 6762/7124 6789/7155 6808/7174
f 6710/7072 6754/7116 6755/7117
f 6711/7073 6710/7072 6755/7117
f 6662/7021 6709/7071 6711/7073
f 1633/1641 1667/1675 1632/1640
f 1667/1675 1681/1689 1632/1640
f 6617/6976 6633/6992 6634/6993
f 6564/6922 6560/6918 6619/6978
f 6623/6982 6564/6922 6619/6978
f 6492/6845 6512/6867 6498/6852
f 6481/6830 6462/6809 6482/6831
f 1722/3202 1680/3185 3113/3171
f 6440/6783 6450/6793 6459/6805
f 2994/3050 3076/3132 2911/2967
f 2848/2904 2994/3050 2866/2922
f 2994/3050 2911/2967 2866/2922
f 2840/2896 2848/2904 2823/2879
f 4159/4335 4154/4330 4161/4337
f 4859/5051 4858/5050 4829/5021
f 5369/5562 5038/5230 5033/5225
f 5262/5454 4859/5051 4853/5045
f 5687/5884 5262/5454 5686/5883
f 5386/5579 5521/5716 5671/5868
f 5504/5699 5369/5562 5197/5389
f 5504/5699 5745/5944 5369/5562
f 5613/5809 5785/5988 5686/5883
f 5671/5868 5672/5869 5710/5907
f 6880/7246 6952/7320 6953/7321
f 5513/5708 5614/5810 5613/5809
f 5471/5666 5516/5711 5464/5659
f 5195/5387 5471/5666 5464/5659
f 5517/5712 5430/5624 5431/5625
f 6781/7147 6762/7124 6808/7174
f 5225/5417 5374/5567 5194/5386
f 5337/5529 5253/5445 5250/5442
f 5220/5412 5222/5414 5223/5415
f 5242/5434 5240/5432 5241/5433
f 6754/7116 6781/7147 6779/7145
f 6756/7118 6711/7073 6755/7117
f 6621/6980 6622/6981 6644/7003
f 6629/6988 6639/6998 6640/6999
f 6516/6872 6512/6867 6630/6989
f 6498/6852 6512/6867 6516/6872
f 6482/6831 6492/6845 6498/6852
f 6459/6805 6462/6809 6481/6830
f 6455/6800 6438/6780 6453/6798
f 6438/6780 6439/6782 6453/6798
f 6455/6800 6431/6773 6438/6780
f 4161/4337 4164/4340 4167/4343
f 4159/4335 4161/4337 4167/4343
f 4157/4333 4156/4332 4160/4336
f 4828/5020 4830/5022 4841/5033
f 4829/5021 4830/5022 4828/5020
f 5197/5389 5369/5562 5033/5225
f 5667/5863 5686/5883 4853/5045
f 5686/5883 5262/5454 4853/5045
f 5513/5708 5613/5809 5514/5709
f 5567/5762 5561/5756 5519/5714
f 5175/5367 5177/5369 5176/5368
f 5246/5438 5242/5434 5241/5433
f 5245/5437 5242/5434 5246/5438
f 5228/5420 5227/5419 5231/5423
f 6754/7116 6779/7145 6755/7117
f 6711/7073 6756/7118 6715/7077
f 6662/7021 6711/7073 6715/7077
f 6714/7076 6662/7021 6715/7077
f 6440/6783 6459/6805 6456/6801
f 6453/6798 6440/6783 6456/6801
f 4173/6802 6431/6773 6455/6800
f 2845/2901 2847/2903 2829/2885
f 2847/2903 2840/2896 2829/2885
f 2842/2898 2845/2901 2829/2885
f 2842/2898 2829/2885 2828/2884
f 2841/2897 2842/2898 2828/2884
f 4162/4338 4158/4334 4163/4339
f 2841/2897 2828/2884 2825/2881
f 4854/5046 4829/5021 4818/5010
f 4829/5021 4828/5020 4818/5010
f 5027/5219 5197/5389 5029/5221
f 5197/5389 5033/5225 5029/5221
f 5711/5908 5671/5868 5710/5907
f 6801/7167 6808/7174 6880/7246
f 5489/5684 5513/5708 5514/5709
f 5464/5659 5513/5708 5465/5660
f 5188/5380 5464/5659 5465/5660
f 5340/5532 5517/5712 5431/5625
f 5566/5761 5567/5762 5519/5714
f 6781/7147 6808/7174 6801/7167
f 5193/5385 5195/5387 5187/5379
f 5192/5384 5193/5385 5187/5379
f 6800/7166 6781/7147 6801/7167
f 5239/5431 5240/5432 5175/5367
f 5250/5442 5245/5437 5246/5438
f 5174/5366 5176/5368 5228/5420
f 5175/5367 5176/5368 5174/5366
f 6757/7119 6755/7117 6779/7145
f 6756/7118 6755/7117 6757/7119
f 6663/7022 6662/7021 6714/7076
f 6625/6984 6627/6986 6626/6985
f 6622/6981 6623/6982 6635/6994
f 6511/6866 6498/6852 6522/6878
f 6498/6852 6516/6872 6522/6878
f 6456/6801 6459/6805 6470/6818
f 2847/2903 2863/2919 2840/2896
f 4171/4347 4167/4343 4173/4349
f 4841/5033 5207/5399 4840/5032
f 4828/5020 4841/5033 4840/5032
f 5254/5446 5197/5389 5027/5219
f 5504/5699 5254/5446 5255/5447
f 6880/7246 6953/7321 6960/7328
f 5694/5891 5709/5906 5566/5761
f 5694/5891 5711/5908 5710/5907
f 6801/7167 6880/7246 6869/7235
f 5340/5532 5431/5625 5339/5531
f 5139/5331 5224/5416 5225/5417
f 6779/7145 6781/7147 6780/7146
f 5217/5409 5210/5402 5218/5410
f 5213/5405 5210/5402 5217/5409
f 5216/5408 5215/5407 5213/5405
f 6757/7119 6779/7145 6780/7146
f 6758/7120 6715/7077 6756/7118
f 6714/7076 6715/7077 6758/7120
f 6624/6983 6625/6984 6626/6985
f 6641/7000 6640/6999 6651/7010
f 6481/6830 6498/6852 6511/6866
f 1635/1643 1678/1686 1704/1712
f 6485/6836 6470/6818 6481/6830
f 6477/6826 6456/6801 6470/6818
f 6457/6803 6453/6798 6456/6801
f 6455/6800 6453/6798 6457/6803
f 4168/4344 4167/4343 4171/4347
f 4166/4342 4160/4336 4162/4338
f 4166/4342 4165/4341 4160/4336
f 4157/4333 4160/4336 4165/4341
f 4818/5010 4828/5020 4817/5009
f 4828/5020 4840/5032 4817/5009
f 5208/5400 5607/5803 5608/5804
f 5607/5803 5852/6067 5608/5804
f 5604/5800 5711/5908 5696/5893
f 5122/5314 5386/5579 5603/5799
f 5769/5970 5667/5863 5717/5914
f 5694/5891 5566/5761 5556/5751
f 5479/5674 5489/5684 5514/5709
f 5189/5381 5465/5660 5489/5684
f 5440/5634 5519/5714 5340/5532
f 5520/5715 5556/5751 5566/5761
f 6800/7166 6801/7167 6799/7165
f 5188/5380 5465/5660 5189/5381
f 5187/5379 5188/5380 5185/5377
f 6780/7146 6800/7166 6799/7165
f 5172/5364 5228/5420 5231/5423
f 6757/7119 6780/7146 6793/7159
f 6792/7158 6757/7119 6793/7159
f 6758/7120 6757/7119 6792/7158
f 6756/7118 6757/7119 6758/7120
f 6759/7121 6714/7076 6758/7120
f 6716/7078 6714/7076 6759/7121
f 6663/7022 6714/7076 6716/7078
f 1586/1594 1608/1616 1585/1593
f 1608/1616 1610/1618 1585/1593
f 6626/6985 6646/7005 6656/7015
f 6624/6983 6626/6985 6638/6997
f 6645/7004 6635/6994 6636/6995
f 1559/1567 1560/1568 1557/1565
f 6511/6866 6522/6878 6664/7023
f 6522/6878 6642/7001 6664/7023
f 6500/6855 6481/6830 6511/6866
f 6484/6835 6470/6818 6485/6836
f 6457/6803 6456/6801 6477/6826
f 2856/2912 2868/2924 2847/2903
f 2856/2912 2847/2903 2845/2901
f 2854/2910 2845/2901 2842/2898
f 4172/4348 4163/4339 4168/4344
f 4169/4345 4162/4338 4163/4339
f 4817/5009 4840/5032 4842/5034
f 4840/5032 5208/5400 4842/5034
f 4852/5044 4818/5010 4816/5008
f 4818/5010 4817/5009 4816/5008
f 5028/5220 5030/5222 5122/5314
f 5255/5447 5254/5446 5026/5218
f 5717/5914 5667/5863 5666/5862
f 5667/5863 4854/5046 5666/5862
f 5603/5799 5696/5893 5695/5892
f 5601/5797 5122/5314 5603/5799
f 5748/5948 6960/7328 5747/5947
f 6960/7328 5748/5948 5790/5993
f 6868/7234 6869/7235 6960/7328
f 5555/5750 5696/5893 5694/5891
f 5696/5893 5711/5908 5694/5891
f 6799/7165 6801/7167 6868/7234
f 6801/7167 6869/7235 6868/7234
f 5190/5382 5187/5379 5186/5378
f 5223/5415 5224/5416 5139/5331
f 5173/5365 5175/5367 5174/5366
f 5172/5364 5231/5423 5226/5418
f 6693/7055 6663/7022 6716/7078
f 6636/6995 6624/6983 6637/6996
f 6641/7000 6651/7010 6665/7024
f 853/861 1561/1569 1583/1591
f 6664/7023 6641/7000 6665/7024
f 1599/1607 1634/1642 1635/1643
f 6485/6836 6481/6830 6500/6855
f 4176/4352 4171/4347 4182/4358
f 2855/2911 2845/2901 2854/2910
f 4169/4345 4163/4339 4172/4348
f 2852/2908 2854/2910 2841/2897
f 4815/5007 4817/5009 4842/5034
f 4816/5008 4817/5009 4815/5007
f 5023/5215 5028/5220 5122/5314
f 5747/5947 5255/5447 5385/5578
f 5554/5749 5717/5914 5551/5746
f 5695/5892 5696/5893 5555/5750
f 5310/5502 5489/5684 5479/5674
f 5543/5738 5520/5715 5440/5634
f 5555/5750 5556/5751 5543/5738
f 5440/5634 5340/5532 5320/5512
f 6796/7162 6780/7146 6799/7165
f 5318/5510 5315/5507 5317/5509
f 6793/7159 6780/7146 6796/7162
f 5251/5443 5250/5442 5249/5441
f 5139/5331 5225/5417 5136/5328
f 5250/5442 5246/5438 5247/5439
f 6792/7158 6793/7159 6796/7162
f 5202/5394 5223/5415 5139/5331
f 5218/5410 5220/5412 5202/5394
f 5173/5365 5174/5366 5172/5364
f 6791/7157 6758/7120 6792/7158
f 6652/7011 6645/7004 6649/7008
f 1576/1584 1558/1566 823/831
f 6665/7024 6651/7010 6670/7029
f 6511/6866 6664/7023 6668/7027
f 4170/4346 4166/4342 4169/4345
f 4815/5007 4842/5034 4812/5004
f 5348/5540 5023/5215 5122/5314
f 5385/5578 5255/5447 5031/5223
f 5666/5862 4852/5044 5665/5861
f 5551/5746 5666/5862 5585/5780
f 5551/5746 5553/5748 5554/5749
f 6798/7164 6799/7165 6877/7243
f 6799/7165 6868/7234 6877/7243
f 6796/7162 6799/7165 6798/7164
f 5320/5512 5318/5510 5319/5511
f 5319/5511 5318/5510 5317/5509
f 5191/5383 5190/5382 5186/5378
f 5317/5509 5316/5508 5330/5522
f 5315/5507 5316/5508 5317/5509
f 5247/5439 5239/5431 5238/5430
f 5209/5401 5218/5410 5202/5394
f 5239/5431 5173/5365 5238/5430
f 6693/7055 6716/7078 6765/7127
f 6656/7015 6693/7055 6694/7056
f 6650/7009 6638/6997 6655/7014
f 6665/7024 6670/7029 6671/7030
f 6667/7026 6664/7023 6666/7025
f 6668/7027 6664/7023 6667/7026
f 1599/1607 1635/1643 1645/1653
f 6476/6825 6477/6826 4335/6840
f 3112/3170 3127/3189 3105/3162
f 3112/3170 3105/3162 3095/3151
f 2868/2924 3094/3150 3095/3151
f 4172/4348 4176/4352 4180/4356
f 2853/2909 2852/2908 2851/2907
f 4811/5003 4815/5007 4812/5004
f 4816/5008 4815/5007 4811/5003
f 4954/5146 5385/5578 5031/5223
f 5299/5491 5608/5804 5653/5849
f 5608/5804 1657/6045 5653/5849
f 5665/5861 4852/5044 4845/5037
f 4852/5044 4816/5008 4845/5037
f 5751/5952 5601/5797 5695/5892
f 5751/5952 5695/5892 5662/5858
f 5662/5858 5695/5892 5542/5737
f 5695/5892 5555/5750 5542/5737
f 5542/5737 5543/5738 5440/5634
f 5555/5750 5543/5738 5542/5737
f 5325/5517 5320/5512 5319/5511
f 5439/5633 5440/5634 5325/5517
f 5137/5329 5191/5383 5134/5326
f 5330/5522 5251/5443 5249/5441
f 6794/7160 6792/7158 6795/7161
f 5144/5336 5226/5418 5143/5335
f 5172/5364 5226/5418 5144/5336
f 6791/7157 6792/7158 6794/7160
f 6759/7121 6791/7157 6803/7169
f 6765/7127 6716/7078 6759/7121
f 6694/7056 6693/7055 6765/7127
f 999/1007 1585/1593 1581/1589
f 6650/7009 6655/7014 6657/7016
f 1582/1590 1575/1583 849/857
f 6650/7009 6657/7016 6675/7034
f 825/833 853/861 854/862
f 6738/7100 6500/6855 6668/7027
f 1598/1606 1599/1607 1645/1653
f 1707/3209 1708/3198 3127/3189
f 4184/6833 6483/6832 4325/6841
f 3093/3149 3094/3150 2856/2912
f 3094/3150 2868/2924 2856/2912
f 2869/2925 3093/3149 2855/2911
f 3093/3149 2856/2912 2855/2911
f 4178/4354 4172/4348 4180/4356
f 2867/2923 2855/2911 2854/2910
f 4174/4350 4172/4348 4178/4354
f 4177/4353 4170/4346 4175/4351
f 4808/5000 4842/5034 4805/4997
f 4809/5001 4812/5004 4808/5000
f 4812/5004 4842/5034 4808/5000
f 4811/5003 4812/5004 4809/5001
f 5022/5214 5023/5215 5348/5540
f 4954/5146 5031/5223 4945/5137
f 5602/5798 5601/5797 5751/5952
f 5348/5540 5601/5797 5602/5798
f 6959/7327 5790/5993 5632/5828
f 5478/5673 5550/5745 5552/5747
f 5550/5745 5551/5746 5552/5747
f 5479/5674 5550/5745 5478/5673
f 5542/5737 5440/5634 5439/5633
f 5310/5502 5478/5673 4873/5065
f 4872/5064 5189/5381 4873/5065
f 5189/5381 5310/5502 4873/5065
f 5184/5376 5189/5381 4872/5064
f 5319/5511 5317/5509 5329/5521
f 5132/5324 5139/5331 5136/5328
f 5202/5394 5139/5331 5132/5324
f 6791/7157 6794/7160 6802/7168
f 6803/7169 6791/7157 6802/7168
f 6765/7127 6759/7121 6803/7169
f 6694/7056 6765/7127 6766/7128
f 6669/7028 6656/7015 6679/7038
f 849/857 1575/1583 830/838
f 821/829 823/831 824/832
f 6665/7024 6671/7030 6678/7037
f 838/846 854/862 856/864
f 6726/7088 6667/7026 6725/7087
f 6667/7026 6666/7025 6725/7087
f 6738/7100 6668/7027 6726/7088
f 1598/1606 866/874 1599/1607
f 4325/6841 6476/6825 4335/6840
f 4183/4359 4184/4360 4301/4482
f 2869/2925 2855/2911 2867/2923
f 4175/4351 4174/4350 4286/4467
f 4807/4999 4811/5003 4809/5001
f 5364/5557 5385/5578 4954/5146
f 5632/5828 5385/5578 5364/5557
f 5585/5780 5665/5861 5716/5913
f 5751/5952 5662/5858 5640/5836
f 5602/5798 5751/5952 5640/5836
f 6878/7244 6877/7243 6959/7327
f 5662/5858 5542/5737 5524/5719
f 6797/7163 6798/7164 6878/7244
f 6798/7164 6877/7243 6878/7244
f 6796/7162 6798/7164 6797/7163
f 6796/7162 6797/7163 6795/7161
f 4826/5018 5184/5376 4872/5064
f 5183/5375 5184/5376 4826/5018
f 5325/5517 5319/5511 5324/5516
f 5136/5328 5137/5329 5134/5326
f 5171/5363 5172/5364 5144/5336
f 5173/5365 5172/5364 5171/5363
f 6804/7170 6765/7127 6803/7169
f 6766/7128 6765/7127 6804/7170
f 6675/7034 6657/7016 6682/7044
f 6673/7032 6649/7008 6674/7033
f 6672/7031 6673/7032 6676/7035
f 4310/4493 4325/4509 4335/4519
f 4301/4482 4325/4509 4310/4493
f 4290/4471 4180/4356 4301/4482
f 4180/4356 4183/4359 4301/4482
f 3090/3146 2867/2923 2853/2909
f 4806/4998 4808/5000 4805/4997
f 4807/4999 4809/5001 4806/4998
f 4809/5001 4808/5000 4806/4998
f 5473/5668 5653/5849 5762/5963
f 5653/5849 1605/6072 5762/5963
f 5414/5607 5348/5540 5602/5798
f 6959/7327 5702/5899 6970/7338
f 1600/1608 1605/1613 1626/1634
f 5478/5673 5552/5747 5476/5671
f 4856/5048 5478/5673 5476/5671
f 5324/5516 5319/5511 5322/5514
f 5182/5374 5183/5375 4825/5017
f 5191/5383 5182/5374 5181/5373
f 5329/5521 5330/5522 5331/5523
f 5126/5318 5136/5328 5134/5326
f 5238/5430 5171/5363 5102/5294
f 6805/7171 6803/7169 6802/7168
f 1443/1451 1544/1552 1545/1553
f 6804/7170 6803/7169 6805/7171
f 6767/7129 6694/7056 6766/7128
f 1031/1039 999/1007 842/850
f 6678/7037 6677/7036 6728/7090
f 6725/7087 6666/7025 6678/7037
f 6726/7088 6725/7087 6734/7096
f 6824/7190 6738/7100 6810/7176
f 4341/6853 6484/6835 6502/6857
f 4311/4494 4335/4519 4341/4526
f 4310/4493 4335/4519 4311/4494
f 3122/3180 1755/3201 3112/3170
f 3123/3181 3122/3180 3094/3150
f 3122/3180 3112/3170 3094/3150
f 3123/3181 3094/3150 3107/3165
f 3091/3147 2867/2923 3090/3146
f 4804/4996 4806/4998 4805/4997
f 4807/4999 4806/4998 4804/4996
f 5105/5297 5022/5214 5414/5607
f 5364/5557 4954/5146 4942/5134
f 5414/5607 5602/5798 5605/5801
f 1604/1612 1606/1614 1605/1613
f 5605/5801 5602/5798 5640/5836
f 5524/5719 5439/5633 5403/5596
f 4785/4976 4873/5065 4856/5048
f 5335/5527 5325/5517 5334/5526
f 5403/5596 5439/5633 5401/5594
f 6837/7203 6794/7160 6795/7161
f 4786/4977 4872/5064 4785/4976
f 4826/5018 4872/5064 4786/4977
f 5181/5373 5182/5374 4825/5017
f 6802/7168 6794/7160 6837/7203
f 5104/5296 5238/5430 5102/5294
f 6805/7171 6802/7168 6837/7203
f 947/955 1031/1039 842/850
f 842/850 848/856 841/849
f 829/837 820/828 819/827
f 6718/7080 6673/7032 6717/7079
f 6719/7081 6676/7035 6718/7080
f 837/845 826/834 828/836
f 6727/7089 6678/7037 6728/7090
f 828/836 838/846 816/824
f 816/824 838/846 839/847
f 6725/7087 6727/7089 6730/7092
f 840/848 816/824 839/847
f 6990/7358 6502/6857 6885/7251
f 6990/7358 4341/6853 6502/6857
f 1717/1725 1664/1672 1707/1715
f 4311/4494 4341/4526 4336/4520
f 1717/1725 1707/1715 1755/1763
f 3111/3169 3107/3165 3093/3149
f 4284/4465 4181/4357 4290/4471
f 4950/5142 4944/5136 5105/5297
f 5351/5544 5364/5557 4942/5134
f 5702/5899 5364/5557 5351/5544
f 5579/5774 5640/5836 5524/5719
f 6838/7204 6797/7163 6879/7245
f 6797/7163 6878/7244 6879/7245
f 4849/5041 5476/5671 5477/5672
f 4788/4979 4825/5017 4786/4977
f 5181/5373 4825/5017 4824/5016
f 5322/5514 5329/5521 5323/5515
f 5328/5520 5329/5521 5331/5523
f 5114/5306 5132/5324 5126/5318
f 5108/5300 5143/5335 5069/5261
f 5101/5293 5171/5363 5108/5300
f 5107/5299 5248/5440 5104/5296
f 1179/1187 1400/1408 1442/1450
f 6766/7128 6804/7170 6806/7172
f 6767/7129 6766/7128 6806/7172
f 6752/7114 6767/7129 6764/7126
f 6719/7081 6718/7080 6742/7104
f 4298/4479 4291/4472 4310/4493
f 4291/4472 4301/4482 4310/4493
f 3129/3191 3107/3165 3111/3169
f 4274/4455 4285/4466 4284/4465
f 4285/4466 4181/4357 4284/4465
f 3092/3148 3119/3177 3111/3169
f 4803/4995 4805/4997 4793/4984
f 4804/4996 4805/4997 4803/4995
f 4855/5047 4807/4999 4820/5012
f 5664/5860 4855/5047 5668/5864
f 5605/5801 5640/5836 5678/5875
f 1539/1547 1604/1612 1600/1608
f 5678/5875 5640/5836 5579/5774
f 6795/7161 6797/7163 6838/7204
f 6795/7161 6838/7204 6837/7203
f 5334/5526 5324/5516 5321/5513
f 5321/5513 5323/5515 5326/5518
f 5138/5330 5135/5327 5181/5373
f 5126/5318 5134/5326 5127/5319
f 5114/5306 5126/5318 5127/5319
f 5131/5323 5132/5324 5114/5306
f 5102/5294 5171/5363 5101/5293
f 5331/5523 5248/5440 5107/5299
f 6805/7171 6837/7203 6848/7214
f 6847/7213 6805/7171 6848/7214
f 5070/5262 5130/5322 5074/5266
f 5076/5268 5108/5300 5069/5261
f 5101/5293 5108/5300 5076/5268
f 6807/7173 6805/7171 6847/7213
f 6806/7172 6804/7170 6807/7173
f 6724/7086 6752/7114 6753/7115
f 834/842 835/843 831/839
f 6741/7103 6718/7080 6735/7097
f 778/786 833/841 827/835
f 783/791 836/844 837/845
f 6728/7090 6732/7094 6729/7091
f 735/743 783/791 828/836
f 6727/7089 6728/7090 6729/7091
f 735/743 828/836 816/824
f 6730/7092 6727/7089 6729/7091
f 6861/7227 6810/7176 6811/7177
f 6824/7190 6810/7176 6861/7227
f 4283/4464 4290/4471 4291/4472
f 3119/3177 3129/3191 3111/3169
f 4274/4455 4272/4453 4285/4466
f 5675/5872 5674/5871 5668/5864
f 5657/5853 5605/5801 5678/5875
f 6911/7277 6879/7245 6970/7338
f 5485/5680 5674/5871 5675/5872
f 5502/5697 5403/5596 5402/5595
f 4813/5005 4856/5048 4849/5041
f 4784/4975 4856/5048 4813/5005
f 5402/5595 5403/5596 5401/5594
f 5336/5528 5401/5594 5334/5526
f 5323/5515 5328/5520 5327/5519
f 1179/1187 1178/1186 1400/1408
f 5068/5260 5101/5293 5076/5268
f 5102/5294 5101/5293 5068/5260
f 6839/7205 6767/7129 6806/7172
f 6736/7098 6720/7082 6737/7099
f 834/842 831/839 833/841
f 722/730 735/743 816/824
f 6734/7096 6730/7092 6823/7189
f 722/730 816/824 724/732
f 698/706 713/721 855/863
f 6885/7251 6824/7190 6861/7227
f 1636/1644 699/707 1664/1672
f 4309/4492 4311/4494 4319/4502
f 3140/3207 1786/3208 3123/3181
f 3140/3207 3123/3181 3129/3191
f 4271/4452 4272/4453 4268/4449
f 4804/4996 4803/4995 4791/4982
f 4950/5142 5105/5297 5345/5537
f 5351/5544 4942/5134 5116/5308
f 5803/6009 6970/7338 5703/5900
f 6911/7277 6970/7338 5803/6009
f 1539/1547 1540/1548 1398/1406
f 6838/7204 6879/7245 6911/7277
f 4849/5041 5477/5672 5484/5679
f 6848/7214 6837/7203 6838/7204
f 4783/4974 4785/4976 4784/4975
f 5334/5526 5321/5513 5332/5524
f 4788/4979 4786/4977 4783/4974
f 5127/5319 5135/5327 5138/5330
f 5327/5519 5331/5523 5121/5313
f 5071/5263 5070/5262 5074/5266
f 5103/5295 5102/5294 5068/5260
f 6807/7173 6847/7213 6846/7212
f 6806/7172 6807/7173 6846/7212
f 6839/7205 6806/7172 6846/7212
f 6820/7186 6767/7129 6839/7205
f 6764/7126 6767/7129 6820/7186
f 6741/7103 6736/7098 6747/7109
f 775/783 778/786 776/784
f 6730/7092 6729/7091 6731/7093
f 6831/7197 6734/7096 6823/7189
f 4337/7359 6990/7358 6947/7315
f 6990/7358 6885/7251 6947/7315
f 4319/4502 4336/4520 4337/4521
f 1758/1766 1712/1720 1786/1794
f 1758/3218 1786/3208 3140/3207
f 4278/4459 4291/4472 4298/4479
f 3139/3206 3140/3207 3129/3191
f 4283/4464 4291/4472 4278/4459
f 3130/3192 3118/3176 3108/3166
f 4792/4983 4793/4984 5080/5272
f 4791/4982 4793/4984 4792/4983
f 5414/5607 5657/5853 5656/5852
f 5656/5852 5345/5537 5414/5607
f 5657/5853 5678/5875 5679/5876
f 4813/5005 4849/5041 4814/5006
f 5401/5594 5336/5528 5286/5478
f 4783/4974 4784/4975 4759/4950
f 6849/7215 6848/7214 6850/7216
f 6847/7213 6848/7214 6849/7215
f 5326/5518 5323/5515 5261/5453
f 6846/7212 6847/7213 6849/7215
f 5073/5265 5074/5266 5114/5306
f 6839/7205 6846/7212 6844/7210
f 908/916 998/1006 946/954
f 6742/7104 6741/7103 6743/7105
f 6733/7095 6742/7104 6744/7106
f 6823/7189 6730/7092 6822/7188
f 6730/7092 6731/7093 6822/7188
f 722/730 713/721 712/720
f 697/705 691/699 699/707
f 691/699 698/706 699/707
f 4333/4517 4319/4502 4337/4521
f 4292/4473 4298/4479 4309/4492
f 4278/4459 4298/4479 4292/4473
f 3132/3194 3130/3192 3110/3168
f 4261/4442 4269/4450 4268/4449
f 4792/4983 5080/5272 4797/4988
f 4957/5149 4940/5132 5345/5537
f 5448/5642 5776/5978 1541/6014
f 5776/5978 1606/6019 1541/6014
f 5637/5833 5703/5900 5351/5544
f 5802/6008 5803/6009 5637/5833
f 5803/6009 5703/5900 5637/5833
f 1541/1549 1539/1547 1216/1224
f 1541/1549 1606/1614 1539/1547
f 5656/5852 5657/5853 5679/5876
f 5592/5787 5678/5875 5562/5757
f 5679/5876 5678/5875 5592/5787
f 6838/7204 6911/7277 6910/7276
f 5503/5698 5502/5697 5399/5592
f 5502/5697 5402/5595 5399/5592
f 6848/7214 6838/7204 6910/7276
f 6850/7216 6848/7214 6910/7276
f 4787/4978 4783/4974 4782/4973
f 1027/1035 1026/1034 1178/1186
f 5326/5518 5261/5453 5333/5525
f 6846/7212 6849/7215 6842/7208
f 5072/5264 5114/5306 5111/5303
f 5073/5265 5114/5306 5072/5264
f 5075/5267 5069/5261 5050/5242
f 5120/5312 5107/5299 5106/5298
f 6845/7211 6839/7205 6844/7210
f 988/996 1028/1036 998/1006
f 6860/7226 6820/7186 6845/7211
f 6820/7186 6839/7205 6845/7211
f 774/782 779/787 777/785
f 774/782 777/785 775/783
f 6743/7105 6741/7103 6748/7110
f 772/780 770/778 776/784
f 6822/7188 6731/7093 6751/7113
f 6831/7197 6823/7189 6859/7225
f 4333/7412 4337/7359 7042/7411
f 4318/4501 4319/4502 4333/4517
f 4293/4474 4309/4492 4318/4501
f 4309/4492 4319/4502 4318/4501
f 4292/4473 4309/4492 4293/4474
f 4275/4456 4278/4459 4292/4473
f 4260/4441 4261/4442 4258/4439
f 4767/4958 4792/4983 4797/4988
f 4791/4982 4792/4983 4767/4958
f 5115/5307 5351/5544 5116/5308
f 5637/5833 5351/5544 5115/5307
f 5742/5941 5802/6008 5637/5833
f 5715/5912 5675/5872 5647/5843
f 5675/5872 5669/5865 5647/5843
f 5586/5781 5675/5872 5715/5912
f 6910/7276 6911/7277 6949/7317
f 5399/5592 5402/5595 5397/5590
f 4759/4950 4813/5005 4755/4946
f 4754/4945 4759/4950 4755/4946
f 6849/7215 6850/7216 6851/7217
f 6842/7208 6849/7215 6851/7217
f 4827/5019 4823/5015 4819/5011
f 6841/7207 6842/7208 6843/7209
f 6844/7210 6842/7208 6841/7207
f 5049/5241 5075/5267 5050/5242
f 5067/5259 5075/5267 5049/5241
f 6845/7211 6844/7210 6841/7207
f 801/809 817/825 800/808
f 6745/7107 6740/7102 6809/7175
f 769/777 774/782 775/783
f 6749/7111 6743/7105 6748/7110
f 6744/7106 6743/7105 6749/7111
f 734/742 772/780 733/741
f 1711/1719 1636/1644 1712/1720
f 1756/1764 1711/1719 1758/1766
f 1711/1719 1712/1720 1758/1766
f 3156/3229 1756/3231 3140/3207
f 1756/3231 1758/3218 3140/3207
f 3150/3223 3156/3229 3139/3206
f 3156/3229 3140/3207 3139/3206
f 3133/3195 3130/3192 3132/3194
f 4260/4441 4258/4439 4253/4434
f 4768/4959 4791/4982 4767/4958
f 5115/5307 5116/5308 4937/5129
f 5345/5537 5656/5852 5630/5826
f 5630/5826 5656/5852 5753/5954
f 5656/5852 5679/5876 5753/5954
f 4814/5006 5484/5679 4831/5023
f 5490/5685 5562/5757 5503/5698
f 6910/7276 6949/7317 6852/7218
f 6850/7216 6910/7276 6852/7218
f 4814/5006 4831/5023 4790/4981
f 4755/4946 4813/5005 4790/4981
f 4813/5005 4814/5006 4790/4981
f 5397/5590 5286/5478 5284/5476
f 6851/7217 6850/7216 6852/7218
f 6843/7209 6842/7208 6851/7217
f 5333/5525 5261/5453 5260/5452
f 5111/5303 5138/5330 4822/5014
f 5051/5243 5067/5259 5049/5241
f 5051/5243 5058/5250 5067/5259
f 5058/5250 5068/5260 5067/5259
f 800/808 780/788 784/792
f 6817/7183 6745/7107 6809/7175
f 6833/7199 6751/7113 6750/7112
f 6822/7188 6751/7113 6833/7199
f 6832/7198 6822/7188 6833/7199
f 723/731 733/741 721/729
f 6858/7224 6822/7188 6832/7198
f 6823/7189 6822/7188 6858/7224
f 6948/7316 6947/7315 6916/7282
f 6947/7315 6881/7247 6916/7282
f 1628/1636 690/698 1636/1644
f 690/698 697/705 1636/1644
f 1628/1636 1636/1644 1711/1719
f 4250/4431 4260/4441 4253/4434
f 1517/1525 1541/1549 1219/1227
f 7065/7439 5802/6008 5742/5941
f 1215/1223 1152/1160 1151/1159
f 1216/1224 1152/1160 1215/1223
f 4832/5024 5586/5781 5715/5912
f 5753/5954 5679/5876 5625/5821
f 5490/5685 5503/5698 5399/5592
f 4755/4946 4790/4981 4760/4951
f 4754/4945 4755/4946 4752/4943
f 5284/5476 5286/5478 5282/5474
f 4756/4947 4754/4945 4753/4944
f 4819/5011 4787/4978 4781/4972
f 4822/5014 4827/5019 4819/5011
f 4821/5013 5111/5303 4822/5014
f 5106/5298 5058/5250 5057/5249
f 5261/5453 5120/5312 5119/5311
f 5060/5252 5073/5265 5072/5264
f 5044/5236 5050/5242 5060/5252
f 5049/5241 5050/5242 5044/5236
f 6845/7211 6841/7207 6903/7269
f 6886/7252 6845/7211 6903/7269
f 6860/7226 6845/7211 6886/7252
f 6840/7206 6860/7226 6886/7252
f 785/793 800/808 784/792
f 6827/7193 6817/7183 6830/7196
f 782/790 773/781 769/777
f 6748/7110 6827/7193 6828/7194
f 6749/7111 6748/7110 6829/7195
f 6834/7200 6749/7111 6829/7195
f 768/776 770/778 771/779
f 736/744 771/779 772/780
f 725/733 733/741 723/731
f 688/696 692/700 691/699
f 4342/7434 7042/7411 6948/7316
f 4318/4501 4333/4517 4327/4511
f 4256/4437 4275/4456 4259/4440
f 3144/3213 3146/3219 3133/3195
f 4250/4431 4253/4434 4249/4430
f 4765/4956 4797/4988 5264/5456
f 4767/4958 4797/4988 4765/4956
f 4957/5149 5345/5537 5314/5506
f 5314/5506 5345/5537 5630/5826
f 6949/7317 5802/6008 7065/7439
f 4789/4980 4831/5023 4832/5024
f 5490/5685 5399/5592 5398/5591
f 6851/7217 6852/7218 6909/7275
f 4782/4973 4756/4947 4757/4948
f 4781/4972 4782/4973 4757/4948
f 5237/5429 5260/5452 5123/5315
f 5333/5525 5260/5452 5237/5429
f 4776/4967 4822/5014 4819/5011
f 4821/5013 4822/5014 4776/4967
f 5260/5452 5119/5311 5123/5315
f 5072/5264 4821/5013 4795/4986
f 4796/4987 5072/5264 4795/4986
f 5060/5252 5072/5264 4796/4987
f 5044/5236 5060/5252 4796/4987
f 990/998 988/996 941/949
f 6903/7269 6841/7207 6901/7267
f 6828/7194 6827/7193 6830/7196
f 764/772 782/790 769/777
f 6832/7198 6833/7199 6870/7236
f 715/723 725/733 723/731
f 693/701 700/708 692/700
f 4312/4495 4318/4501 4327/4511
f 1627/1635 1628/1636 1711/1719
f 4288/4469 4293/4474 4312/4495
f 4293/4474 4318/4501 4312/4495
f 1627/1635 1711/1719 1756/1764
f 4276/4457 4292/4473 4288/4469
f 3160/3234 1875/3237 3143/3212
f 1875/3237 3150/3223 3143/3212
f 3142/3211 3160/3234 3143/3212
f 4248/4429 4254/4435 4246/4427
f 4254/4435 4256/4437 4246/4427
f 3154/3227 3146/3219 3144/3213
f 4766/4957 4767/4958 4765/4956
f 4768/4959 4767/4958 4766/4957
f 1516/1524 1517/1525 1219/1227
f 5415/5608 5637/5833 5115/5307
f 5742/5941 5637/5833 5415/5608
f 6992/7361 6949/7317 7065/7439
f 5752/5953 5753/5954 5625/5821
f 6950/7318 6949/7317 6992/7361
f 5625/5821 5490/5685 5510/5705
f 6909/7275 6852/7218 6950/7318
f 1022/1030 1023/1031 1150/1158
f 4760/4951 4790/4981 4750/4941
f 4752/4943 4760/4951 4750/4941
f 5281/5473 5282/5474 5283/5475
f 5284/5476 5282/5474 5281/5473
f 6906/7272 6851/7217 6909/7275
f 993/1001 1022/1030 994/1002
f 6843/7209 6851/7217 6906/7272
f 6908/7274 6843/7209 6906/7272
f 5283/5475 5237/5429 5236/5428
f 6841/7207 6843/7209 6908/7274
f 6901/7267 6841/7207 6908/7274
f 4776/4967 4819/5011 4780/4971
f 5119/5311 5057/5249 5059/5251
f 5059/5251 5057/5249 5047/5239
f 6899/7265 6886/7252 6903/7269
f 6840/7206 6886/7252 6898/7264
f 846/854 801/809 790/798
f 785/793 790/798 801/809
f 6857/7223 6826/7192 6835/7201
f 6854/7220 6825/7191 6855/7221
f 765/773 781/789 782/790
f 763/771 765/773 782/790
f 6834/7200 6829/7195 6874/7240
f 6873/7239 6832/7198 6870/7236
f 716/724 730/738 725/733
f 6896/7262 6858/7224 6887/7253
f 1627/1635 690/698 1628/1636
f 4259/4440 4276/4457 4264/4445
f 4765/4956 5264/5456 5128/5320
f 4932/5124 4936/5128 5314/5506
f 4933/5125 4936/5128 4932/5124
f 4810/5002 4768/4959 4763/4954
f 1219/1227 1215/1223 1218/1226
f 5630/5826 5753/5954 5752/5953
f 5510/5705 5490/5685 5400/5593
f 5490/5685 5398/5591 5400/5593
f 6907/7273 6909/7275 6950/7318
f 6906/7272 6909/7275 6907/7273
f 4751/4942 4753/4944 4752/4943
f 4758/4949 4757/4948 4751/4942
f 5237/5429 5123/5315 5236/5428
f 4744/4934 4780/4971 4743/4933
f 4776/4967 4780/4971 4744/4934
f 5236/5428 5123/5315 5133/5325
f 4748/4939 5044/5236 4796/4987
f 4848/5040 5044/5236 4748/4939
f 5059/5251 5047/5239 5054/5246
f 5079/5271 5059/5251 5054/5246
f 6895/7261 6835/7201 6898/7264
f 6876/7242 6828/7194 6875/7241
f 745/753 764/772 768/776
f 742/750 745/753 768/776
f 6870/7236 6833/7199 6871/7237
f 715/723 711/719 710/718
f 684/692 682/690 690/698
f 4321/4504 4327/4511 4342/4527
f 684/692 690/698 1627/1635
f 4312/4495 4327/4511 4321/4504
f 4236/4416 4248/4429 4246/4427
f 4779/4970 4844/5036 4763/4954
f 4844/5036 4810/5002 4763/4954
f 5415/5608 5115/5307 4934/5126
f 5740/5939 5742/5941 5415/5608
f 7066/7440 7065/7439 5740/5939
f 7065/7439 5742/5941 5740/5939
f 5757/5958 5630/5826 5752/5953
f 5752/5953 5625/5821 5649/5845
f 6951/7319 6950/7318 6992/7361
f 4761/4952 4789/4980 4771/4962
f 4789/4980 4832/5024 4771/4962
f 5649/5845 5625/5821 5510/5705
f 4662/4851 4752/4943 4750/4941
f 5400/5593 5398/5591 5285/5477
f 6907/7273 6950/7318 6951/7319
f 5281/5473 5283/5475 5288/5480
f 4751/4942 4752/4943 4662/4851
f 5283/5475 5236/5428 5280/5472
f 4661/4850 4758/4949 4751/4942
f 6902/7268 6901/7267 6908/7274
f 4668/4857 4795/4986 4742/4932
f 4796/4987 4795/4986 4668/4857
f 4748/4939 4796/4987 4668/4857
f 6903/7269 6901/7267 6900/7266
f 860/868 940/948 941/949
f 860/868 901/909 846/854
f 762/770 765/773 763/771
f 729/737 736/744 730/738
f 6870/7236 6871/7237 6872/7238
f 729/737 730/738 716/724
f 6873/7239 6870/7236 6872/7238
f 6914/7280 6873/7239 6872/7238
f 6897/7263 6896/7262 6887/7253
f 694/702 693/701 683/691
f 4321/4504 4342/4527 4340/4525
f 702/710 684/692 1627/1635
f 702/710 1627/1635 1710/1718
f 4264/4445 4288/4469 4279/4460
f 4251/4432 4259/4440 4264/4445
f 4931/5123 4933/5125 4932/5124
f 5424/5617 5415/5608 4934/5126
f 5740/5939 5415/5608 5424/5617
f 1019/1027 1022/1030 992/1000
f 6905/7271 6906/7272 6907/7273
f 6908/7274 6906/7272 6905/7271
f 6902/7268 6908/7274 6905/7271
f 4661/4850 4751/4942 4663/4852
f 4659/4848 4744/4934 4660/4849
f 4744/4934 4743/4933 4660/4849
f 5235/5427 5236/5428 5117/5309
f 5236/5428 5133/5325 5117/5309
f 4668/4857 4742/4932 4655/4844
f 4379/4568 4748/4939 4668/4857
f 5078/5270 5079/5271 5048/5240
f 5079/5271 5054/5246 5048/5240
f 6900/7266 6901/7267 6902/7268
f 6904/7270 6899/7265 6900/7266
f 6898/7264 6899/7265 6904/7270
f 6894/7260 6857/7223 6895/7261
f 6888/7254 6856/7222 6892/7258
f 746/754 762/770 745/753
f 6891/7257 6875/7241 6889/7255
f 6874/7240 6876/7242 6891/7257
f 743/751 745/753 742/750
f 6912/7278 6874/7240 6891/7257
f 6872/7238 6871/7237 6913/7279
f 678/686 683/691 682/690
f 4308/4489 4312/4495 4321/4504
f 4263/4444 4264/4445 4279/4460
f 1864/3260 1787/3261 1875/3237
f 1787/1795 1757/1765 1875/1883
f 4251/4432 4264/4445 4263/4444
f 4246/4427 4252/4433 4240/4420
f 3164/3239 3161/3235 3162/3236
f 3165/3243 3163/3238 3155/3228
f 4763/4954 4766/4957 4762/4953
f 4932/5124 5314/5506 5347/5539
f 4935/5127 4934/5126 4931/5123
f 5839/6054 7066/7440 5740/5939
f 1218/1226 1176/1184 1155/1163
f 1155/1163 1217/1225 1218/1226
f 5757/5958 5752/5953 5765/5966
f 1021/1029 1155/1163 1176/1184
f 5765/5966 5752/5953 5650/5846
f 5752/5953 5649/5845 5650/5846
f 6974/7342 6951/7319 7049/7420
f 6951/7319 6992/7361 7049/7420
f 4761/4952 4771/4962 4770/4961
f 5509/5704 5510/5705 5395/5588
f 5510/5705 5400/5593 5395/5588
f 5650/5846 5649/5845 5509/5704
f 5649/5845 5510/5705 5509/5704
f 4635/4824 4750/4941 4739/4929
f 4750/4941 4761/4952 4739/4929
f 5400/5593 5285/5477 5395/5588
f 6973/7341 6907/7273 6974/7342
f 6907/7273 6951/7319 6974/7342
f 4629/4818 4662/4851 4635/4824
f 982/990 1019/1027 992/1000
f 6905/7271 6907/7273 6973/7341
f 4660/4849 4661/4850 4632/4821
f 4794/4985 4833/5025 4378/4567
f 4901/5093 4833/5025 4794/4985
f 4948/5140 4949/5141 4794/4985
f 4949/5141 4901/5093 4794/4985
f 5048/5240 4949/5141 4948/5140
f 6956/7324 6900/7266 6902/7268
f 6904/7270 6900/7266 6956/7324
f 891/899 940/948 860/868
f 891/899 860/868 850/858
f 6931/7299 6898/7264 6904/7270
f 850/858 860/868 789/797
f 766/774 789/797 767/775
f 766/774 765/773 753/761
f 753/761 765/773 762/770
f 6888/7254 6892/7258 6893/7259
f 751/759 762/770 746/754
f 742/750 729/737 727/735
f 6914/7280 6872/7238 6913/7279
f 727/735 716/724 714/722
f 727/735 729/737 716/724
f 6934/7302 6897/7263 6933/7301
f 695/703 694/702 675/683
f 694/702 683/691 675/683
f 678/686 682/690 673/681
f 704/712 685/693 702/710
f 685/693 684/692 702/710
f 3176/3254 3164/3239 3163/3238
f 3165/3243 3176/3254 3163/3238
f 5128/5320 5264/5456 5350/5542
f 5347/5539 5757/5958 5756/5957
f 5756/5957 5757/5958 5765/5966
f 1155/1163 1021/1029 1020/1028
f 4769/4960 4770/4961 4850/5042
f 1020/1028 1019/1027 978/986
f 5277/5469 5288/5480 5278/5470
f 4663/4852 4662/4851 4629/4818
f 4631/4820 4663/4852 4629/4818
f 5288/5480 5280/5472 5278/5470
f 5280/5472 5235/5427 5279/5471
f 4556/4745 4659/4848 4634/4823
f 4659/4848 4660/4849 4634/4823
f 4390/4579 4655/4844 4556/4745
f 4655/4844 4659/4848 4556/4745
f 4381/4570 4378/4567 4380/4569
f 4378/4567 4379/4568 4380/4569
f 4382/4571 4378/4567 4381/4570
f 4794/4985 4378/4567 4382/4571
f 4692/4881 4794/4985 4382/4571
f 4948/5140 4794/4985 4692/4881
f 5056/5248 5048/5240 4948/5140
f 5064/5256 5048/5240 5056/5248
f 981/989 983/991 940/948
f 802/810 850/858 789/797
f 6895/7261 6931/7299 6935/7303
f 787/795 802/810 789/797
f 6939/7307 6892/7258 6936/7304
f 6892/7258 6894/7260 6936/7304
f 6893/7259 6892/7258 6939/7307
f 6942/7310 6889/7255 6890/7256
f 6937/7305 6889/7255 6942/7310
f 748/756 746/754 743/751
f 6944/7312 6912/7278 6937/7305
f 6913/7279 6912/7278 6944/7312
f 709/717 714/722 710/718
f 673/681 675/683 678/686
f 1656/1664 704/712 702/710
f 4239/4419 4251/4432 4243/4423
f 4240/4420 4251/4432 4239/4419
f 4231/4411 4236/4416 4240/4420
f 3174/3252 3164/3239 3176/3254
f 4235/4415 4236/4416 4231/4411
f 4731/4920 4763/4954 4762/4953
f 1369/1377 1518/1526 1217/1225
f 5506/5701 5347/5539 5756/5957
f 4850/5042 4779/4970 4778/4969
f 7049/7420 5839/6054 5838/6053
f 1154/1162 1155/1163 1020/1028
f 1020/1028 978/986 977/985
f 4635/4824 4739/4929 4654/4843
f 5395/5588 5277/5469 5276/5468
f 5275/5467 5277/5469 5278/5470
f 978/986 982/990 976/984
f 976/984 982/990 981/989
f 4551/4740 4634/4823 4633/4822
f 4634/4823 4632/4821 4633/4822
f 4556/4745 4634/4823 4551/4740
f 5204/5396 5117/5309 5095/5287
f 4390/4579 4556/4745 4391/4580
f 4488/4677 4382/4571 4381/4570
f 4692/4881 4382/4571 4488/4677
f 4798/4989 4948/5140 4692/4881
f 5056/5248 4948/5140 4798/4989
f 6976/7344 6956/7324 6957/7325
f 907/915 891/899 851/859
f 754/762 787/795 766/774
f 6938/7306 6893/7259 6939/7307
f 749/757 752/760 750/758
f 6890/7256 6893/7259 6938/7306
f 6941/7309 6890/7256 6938/7306
f 749/757 750/758 751/759
f 6942/7310 6890/7256 6941/7309
f 6937/7305 6942/7310 6943/7311
f 6944/7312 6937/7305 6943/7311
f 6946/7314 6913/7279 6944/7312
f 6945/7313 6913/7279 6946/7314
f 6933/7301 6914/7280 6945/7313
f 4234/4414 4237/4417 4235/4415
f 5350/5542 1518/5543 1369/5995
f 4778/4969 4731/4920 4777/4968
f 5506/5701 5756/5957 5754/5955
f 5346/5538 5347/5539 5506/5701
f 7067/7441 7049/7420 5838/6053
f 1154/1162 1020/1028 980/988
f 4801/4993 4850/5042 4778/4969
f 4769/4960 4850/5042 4801/4993
f 980/988 1020/1028 977/985
f 4627/4816 4635/4824 4654/4843
f 5275/5467 5278/5470 5274/5466
f 4631/4820 4629/4818 4628/4817
f 6958/7326 6975/7343 7048/7419
f 5274/5466 5279/5471 5204/5396
f 4387/4576 4390/4579 4391/4580
f 4691/4880 4692/4881 4488/4677
f 4798/4989 4692/4881 4691/4880
f 6935/7303 6931/7299 6986/7354
f 788/796 802/810 787/795
f 747/755 748/756 743/751
f 747/755 743/751 744/752
f 6991/7360 6934/7302 6993/7362
f 4345/7445 4346/7426 7043/7414
f 4340/4525 4346/4531 4345/4530
f 4277/4458 4294/4475 4308/4489
f 4279/4460 4294/4475 4277/4458
f 1744/1752 1656/1664 1787/1795
f 3186/3269 1863/3276 3167/3245
f 1863/3276 1864/3260 3167/3245
f 4233/4413 4239/4419 4242/4422
f 4239/4419 4243/4423 4242/4422
f 4229/4409 4239/4419 4233/4413
f 3185/3268 3175/3253 3174/3252
f 3183/3266 3185/3268 3176/3254
f 3185/3268 3174/3252 3176/3254
f 4235/4415 4231/4411 4230/4410
f 3183/3266 3176/3254 3182/3265
f 4234/4414 4235/4415 4230/4410
f 4774/4965 5128/5320 5350/5542
f 4764/4955 5128/5320 4774/4965
f 4929/5121 4931/5123 4930/5122
f 4935/5127 4931/5123 4929/5121
f 1369/1377 1217/1225 1210/1218
f 4801/4993 4778/4969 4800/4992
f 1136/1144 1154/1162 980/988
f 4772/4963 4769/4960 4801/4993
f 7051/7422 7067/7441 7077/7452
f 7051/7422 7045/7416 7067/7441
f 4729/4918 4769/4960 4772/4963
f 4654/4843 4739/4929 4729/4918
f 5276/5468 5275/5467 5271/5463
f 4630/4819 4629/4818 4625/4814
f 976/984 981/989 975/983
f 5274/5466 5204/5396 5267/5459
f 4551/4740 4633/4822 4541/4730
f 5267/5459 5204/5396 5161/5353
f 4429/4618 4551/4740 4541/4730
f 5095/5287 5077/5269 5081/5273
f 5096/5288 5095/5287 5081/5273
f 4389/4578 4387/4576 4391/4580
f 4487/4676 4488/4677 4385/4574
f 4488/4677 4381/4570 4385/4574
f 4691/4880 4488/4677 4487/4676
f 4799/4990 4798/4989 4691/4880
f 981/989 907/915 975/983
f 843/851 850/858 802/810
f 6977/7345 6935/7303 6986/7354
f 6936/7304 6935/7303 6977/7345
f 6939/7307 6936/7304 6978/7346
f 786/794 788/796 787/795
f 6940/7308 6939/7307 6978/7346
f 6938/7306 6939/7307 6940/7308
f 6984/7352 6938/7306 6940/7308
f 6982/7350 6941/7309 6984/7352
f 760/768 749/757 748/756
f 6943/7311 6942/7310 6982/7350
f 747/755 760/768 748/756
f 6981/7349 6943/7311 6982/7350
f 6944/7312 6943/7311 6981/7349
f 6946/7314 6944/7312 6981/7349
f 6945/7313 6946/7314 6979/7347
f 6971/7339 6933/7301 6945/7313
f 696/704 709/717 695/703
f 6994/7363 6991/7360 6993/7362
f 7043/7414 6991/7360 6994/7363
f 677/685 673/681 686/694
f 4295/4476 4277/4458 4307/4488
f 4277/4458 4308/4489 4307/4488
f 1649/1657 1656/1664 1744/1752
f 1649/1657 1615/1623 1656/1664
f 3188/3273 3186/3269 3175/3253
f 3188/3273 3175/3253 3185/3268
f 4220/4400 4234/4414 4230/4410
f 1136/1144 980/988 979/987
f 5763/5964 5764/5965 5652/5848
f 979/987 977/985 968/976
f 4644/4833 4627/4816 4654/4843
f 5271/5463 5275/5467 5269/5461
f 4636/4825 4628/4817 4630/4819
f 976/984 975/983 967/975
f 4538/4727 4628/4817 4636/4825
f 4389/4578 4391/4580 4394/4583
f 5081/5273 5077/5269 4799/4990
f 4510/4699 4691/4880 4487/4676
f 6986/7354 6976/7344 6987/7355
f 6979/7347 6946/7314 6981/7349
f 696/704 717/725 709/717
f 6993/7362 6972/7340 6971/7339
f 7069/7443 7043/7414 6994/7363
f 7084/7461 4345/7445 7069/7443
f 4345/7445 7043/7414 7069/7443
f 676/684 673/681 677/685
f 4255/4436 4277/4458 4295/4476
f 1741/1749 1649/1657 1744/1752
f 4242/4422 4277/4458 4255/4436
f 1891/3284 1863/3276 3186/3269
f 4222/4402 4230/4410 4229/4409
f 3193/3279 3185/3268 3183/3266
f 4220/4400 4230/4410 4222/4402
f 4726/4915 4731/4920 4725/4914
f 5350/5542 1369/5995 1209/5994
f 4777/4968 4731/4920 4726/4915
f 4778/4969 4777/4968 4726/4915
f 4800/4992 4778/4969 4726/4915
f 5447/5641 5346/5538 5506/5701
f 1209/1217 1210/1218 1136/1144
f 7076/7451 7051/7422 7077/7452
f 4729/4918 4772/4963 4740/4930
f 4644/4833 4654/4843 4729/4918
f 5391/5584 5276/5468 5270/5462
f 5276/5468 5271/5463 5270/5462
f 5422/5615 5276/5468 5391/5584
f 4543/4732 4625/4814 4626/4815
f 5269/5461 5274/5466 5266/5458
f 967/975 975/983 965/973
f 4388/4577 4387/4576 4389/4578
f 4384/4573 4387/4576 4388/4577
f 965/973 975/983 906/914
f 906/914 851/859 893/901
f 843/851 893/901 851/859
f 793/801 788/796 786/794
f 7004/7373 6940/7308 6978/7346
f 793/801 786/794 756/764
f 7006/7375 6940/7308 7004/7373
f 6984/7352 6940/7308 7006/7375
f 6983/7351 6982/7350 7008/7377
f 741/749 758/766 744/752
f 758/766 757/765 744/752
f 7000/7369 6979/7347 6981/7349
f 741/749 732/740 731/739
f 6971/7339 6945/7313 6980/7348
f 6971/7339 6980/7348 7037/7406
f 674/682 707/715 696/704
f 6994/7363 6993/7362 7050/7421
f 7069/7443 6994/7363 7050/7421
f 681/689 676/684 677/685
f 687/695 677/685 686/694
f 4326/4510 4345/4530 4334/4518
f 4241/4421 4242/4422 4255/4436
f 4233/4413 4241/4421 4223/4403
f 3196/3282 3188/3273 3185/3268
f 4222/4402 4229/4409 4221/4401
f 4220/4400 4222/4402 4214/4394
f 4837/5029 4774/4965 5350/5542
f 4927/5119 4930/5122 4947/5139
f 4930/5122 5346/5538 4947/5139
f 4929/5121 4930/5122 4927/5119
f 1449/5651 5350/5542 1209/5994
f 4723/4912 4800/4992 4726/4915
f 5855/6074 5739/5938 5618/5814
f 5739/5938 5313/5505 5618/5814
f 1209/1217 1136/1144 1135/1143
f 4775/4966 4801/4993 4723/4912
f 4772/4963 4801/4993 4775/4966
f 5655/5851 5652/5848 5590/5785
f 984/992 979/987 969/977
f 5488/5683 5436/5630 5487/5682
f 979/987 968/976 969/977
f 4643/4832 4626/4815 4644/4833
f 5271/5463 5269/5461 5270/5462
f 968/976 967/975 969/977
f 5269/5461 5266/5458 5268/5460
f 5268/5460 5266/5458 5265/5457
f 5265/5457 5267/5459 5161/5353
f 4428/4617 4429/4618 4541/4730
f 5161/5353 5096/5288 5145/5337
f 4388/4577 4389/4578 4392/4581
f 5082/5274 4799/4990 4696/4885
f 5081/5273 4799/4990 5082/5274
f 4393/4582 4386/4575 4388/4577
f 939/947 906/914 893/901
f 7039/7408 6977/7345 6986/7354
f 793/801 803/811 788/796
f 7005/7374 6978/7346 7039/7408
f 6978/7346 6977/7345 7039/7408
f 7004/7373 6978/7346 7005/7374
f 791/799 793/801 756/764
f 756/764 755/763 791/799
f 761/769 791/799 755/763
f 7007/7376 6984/7352 7006/7375
f 7008/7377 6984/7352 7007/7376
f 7003/7372 6981/7349 6983/7351
f 719/727 717/725 696/704
f 7038/7407 6971/7339 7037/7406
f 6993/7362 6971/7339 7038/7407
f 7050/7421 6993/7362 7038/7407
f 681/689 677/685 687/695
f 1866/1874 1863/1871 1891/1899
f 3197/3283 3196/3282 3185/3268
f 3193/3279 3197/3283 3185/3268
f 4214/4394 4222/4402 4221/4401
f 5312/5504 4935/5127 4929/5121
f 1449/1457 1209/1217 1211/1219
f 5618/5814 5313/5505 5312/5504
f 4773/4964 4772/4963 4775/4966
f 4740/4930 4772/4963 4773/4964
f 4656/4845 4729/4918 4740/4930
f 4643/4832 4644/4833 4656/4845
f 4644/4833 4729/4918 4656/4845
f 969/977 967/975 966/974
f 4529/4718 4541/4730 4538/4727
f 966/974 967/975 965/973
f 4428/4617 4541/4730 4529/4718
f 4393/4582 4408/4597 4411/4600
f 4411/4600 4386/4575 4393/4582
f 965/973 906/914 939/947
f 865/873 893/901 843/851
f 7041/7410 6986/7354 7054/7425
f 865/873 843/851 803/811
f 7039/7408 6986/7354 7041/7410
f 7033/7402 7004/7373 7035/7404
f 7004/7373 7005/7374 7035/7404
f 7006/7375 7004/7373 7033/7402
f 7010/7379 7008/7377 7007/7376
f 794/802 761/769 759/767
f 798/806 758/766 741/749
f 679/687 707/715 674/682
f 7070/7444 7050/7421 7038/7407
f 680/688 679/687 676/684
f 679/687 674/682 676/684
f 680/688 676/684 681/689
f 4326/4510 4334/4518 4328/4512
f 1959/1967 1866/1874 1891/1899
f 4223/4403 4241/4421 4228/4408
f 1959/3299 1891/3284 3196/3282
f 3211/3298 1959/3299 3196/3282
f 4215/4395 4221/4401 4218/4398
f 3211/3298 3196/3282 3197/3283
f 4214/4394 4221/4401 4215/4395
f 3199/3286 3193/3279 3184/3267
f 4837/5029 5350/5542 5456/5650
f 5456/5650 5350/5542 1449/5651
f 1133/1141 1209/1217 1135/1143
f 4775/4966 4723/4912 4722/4911
f 1133/1141 1135/1143 1014/1022
f 1135/1143 984/992 1014/1022
f 4773/4964 4775/4966 4722/4911
f 984/992 969/977 973/981
f 1014/1022 984/992 973/981
f 4656/4845 4740/4930 4657/4846
f 973/981 969/977 970/978
f 5391/5584 5270/5462 5307/5499
f 4542/4731 4543/4732 4544/4733
f 4540/4729 4539/4728 4542/4731
f 4539/4728 4543/4732 4542/4731
f 5270/5462 5268/5460 5307/5499
f 969/977 966/974 970/978
f 5301/5493 5265/5457 5300/5492
f 5268/5460 5265/5457 5301/5493
f 4528/4717 4529/4718 4537/4726
f 4529/4718 4538/4727 4537/4726
f 4421/4610 4529/4718 4528/4717
f 4428/4617 4529/4718 4421/4610
f 5145/5337 5082/5274 5147/5339
f 4397/4586 4392/4581 4395/4584
f 4503/4692 4511/4700 4492/4681
f 4709/4898 4696/4885 4511/4700
f 5082/5274 4696/4885 4709/4898
f 5083/5275 5082/5274 4709/4898
f 939/947 893/901 894/902
f 894/902 893/901 865/873
f 815/823 865/873 803/811
f 814/822 815/823 793/801
f 815/823 803/811 793/801
f 7035/7404 7005/7374 7039/7408
f 797/805 814/822 791/799
f 7002/7371 7003/7372 7012/7381
f 799/807 798/806 740/748
f 738/746 799/807 740/748
f 7001/7370 6980/7348 7002/7371
f 708/716 719/727 707/715
f 708/716 707/715 679/687
f 7084/7461 7069/7443 4354/7477
f 4328/4512 4334/4518 4354/4540
f 4334/7487 7084/7461 4354/7477
f 681/689 687/695 1292/1300
f 3199/3286 3211/3298 3197/3283
f 4210/4390 4214/4394 4215/4395
f 4721/4910 4726/4915 4719/4908
f 4926/5118 4947/5139 4946/5138
f 4947/5139 5349/5541 4946/5138
f 4927/5119 4947/5139 4926/5118
f 4928/5120 4929/5121 4927/5119
f 1368/1376 1449/1457 1211/1219
f 5525/5720 5456/5650 1368/5936
f 5456/5650 1449/5651 1368/5936
f 4722/4911 4723/4912 4721/4910
f 4723/4912 4726/4915 4721/4910
f 7089/7466 5855/6074 7116/7496
f 4657/4846 4740/4930 4667/4856
f 5654/5850 5706/5903 5655/5851
f 5391/5584 5307/5499 5309/5501
f 5421/5614 5391/5584 5309/5501
f 970/978 966/974 971/979
f 4421/4610 4528/4717 4423/4612
f 4709/4898 4511/4700 4503/4692
f 7040/7409 7041/7410 7054/7425
f 7039/7408 7041/7410 7040/7409
f 7034/7403 7033/7402 7035/7404
f 7009/7378 7007/7376 7033/7402
f 795/803 796/804 792/800
f 7010/7379 7009/7378 7011/7380
f 720/728 737/745 719/727
f 720/728 719/727 708/716
f 7068/7442 7038/7407 7055/7427
f 7070/7444 7038/7407 7068/7442
f 1291/1299 681/689 1292/1300
f 1291/1299 701/709 681/689
f 1958/1966 1865/1873 1959/1967
f 1865/1873 1866/1874 1959/1967
f 4217/4397 4223/4403 4228/4408
f 4218/4398 4223/4403 4217/4397
f 1958/3302 1959/3299 3211/3298
f 4211/4391 4215/4395 4217/4397
f 4215/4395 4218/4398 4217/4397
f 4210/4390 4215/4395 4211/4391
f 3210/3297 3199/3286 3198/3285
f 4925/5117 4927/5119 4926/5118
f 4928/5120 4927/5119 4925/5117
f 5355/5548 5349/5541 5447/5641
f 7116/7496 5855/6074 5857/6076
f 973/981 970/978 972/980
f 4540/4729 4542/4731 4547/4736
f 5307/5499 5302/5494 5306/5498
f 5302/5494 5301/5493 5303/5495
f 5303/5495 5301/5493 5300/5492
f 970/978 971/979 972/980
f 5146/5338 5147/5339 5148/5340
f 5160/5352 5147/5339 5083/5275
f 4492/4681 4467/4656 4466/4655
f 945/953 939/947 944/952
f 944/952 939/947 895/903
f 939/947 894/902 895/903
f 864/872 892/900 865/873
f 892/900 894/902 865/873
f 864/872 865/873 815/823
f 7036/7405 7039/7408 7040/7409
f 7035/7404 7039/7408 7036/7405
f 852/860 815/823 814/822
f 7009/7378 7033/7402 7031/7400
f 796/804 810/818 797/805
f 7032/7401 7009/7378 7031/7400
f 7011/7380 7009/7378 7032/7401
f 805/813 794/802 798/806
f 7055/7427 7037/7406 7001/7370
f 706/714 708/716 679/687
f 705/713 679/687 680/688
f 705/713 706/714 679/687
f 4314/4497 4328/4512 4338/4522
f 1291/1299 1292/1300 1440/1448
f 3213/3303 1958/3302 3211/3298
f 3214/3304 3213/3303 3199/3286
f 4212/4392 4213/4393 4210/4390
f 4923/5115 4926/5118 4946/5138
f 4925/5117 4926/5118 4923/5115
f 1368/1376 1211/1219 1159/1167
f 5355/5548 5755/5956 5777/5979
f 4375/4564 4773/4964 4722/4911
f 5777/5979 5706/5903 5705/5902
f 4667/4856 4773/4964 4375/4564
f 1013/1021 1014/1022 1015/1023
f 1014/1022 973/981 1015/1023
f 4657/4846 4667/4856 4642/4831
f 7093/7470 7088/7465 7117/7497
f 7088/7465 7116/7496 7117/7497
f 4537/4726 4540/4729 4547/4736
f 4528/4717 4537/4726 4527/4716
f 7087/7464 7092/7469 7094/7471
f 4701/4890 5083/5275 4709/4898
f 5084/5276 5083/5275 4701/4890
f 5160/5352 5083/5275 5084/5276
f 972/980 971/979 974/982
f 4407/4596 4400/4589 4399/4588
f 4408/4597 4400/4589 4407/4596
f 4477/4666 4492/4681 4466/4655
f 974/982 971/979 964/972
f 7040/7409 7054/7425 7062/7436
f 852/860 864/872 815/823
f 813/821 852/860 814/822
f 808/816 809/817 796/804
f 808/816 796/804 795/803
f 795/803 794/802 807/815
f 7059/7431 7012/7381 7013/7382
f 7057/7429 7058/7430 7059/7431
f 804/812 805/813 799/807
f 7002/7371 7058/7430 7057/7429
f 804/812 799/807 738/746
f 7001/7370 7002/7371 7057/7429
f 7085/7462 7070/7444 7068/7442
f 4357/7480 7070/7444 7085/7462
f 703/711 680/688 701/709
f 1344/1352 1291/1299 1440/1448
f 4216/4396 4217/4397 4232/4412
f 4217/4397 4228/4408 4232/4412
f 4208/4388 4211/4391 4217/4397
f 3215/3305 3199/3286 3210/3297
f 4212/4392 4210/4390 4204/4384
f 4946/5138 5349/5541 4920/5112
f 4922/5114 4925/5117 4923/5115
f 4928/5120 4925/5117 4922/5114
f 1159/1167 1208/1216 1133/1141
f 1149/1157 1133/1141 1013/1021
f 4667/4856 4375/4564 4666/4855
f 5704/5901 5654/5850 5588/5783
f 5704/5901 5705/5902 5654/5850
f 1015/1023 972/980 1016/1024
f 4545/4734 4641/4830 4546/4735
f 4547/4736 4542/4731 4545/4734
f 5423/5616 5309/5501 5308/5500
f 4527/4716 4537/4726 4547/4736
f 4423/4612 4528/4717 4527/4716
f 5149/5341 5146/5338 5148/5340
f 4421/4610 4422/4611 4420/4609
f 5159/5351 5148/5340 5160/5352
f 1012/1020 972/980 974/982
f 4398/4587 4395/4584 4416/4605
f 4397/4586 4395/4584 4398/4587
f 4701/4890 4503/4692 4500/4689
f 4408/4597 4410/4599 4452/4641
f 938/946 944/952 895/903
f 7017/7386 7035/7404 7036/7405
f 7034/7403 7035/7404 7017/7386
f 809/817 813/821 810/818
f 7015/7384 7034/7403 7017/7386
f 809/817 808/816 811/819
f 7068/7442 7055/7427 7078/7454
f 7068/7442 7078/7454 7085/7462
f 904/912 705/713 703/711
f 4338/4522 4354/4540 4339/4523
f 4306/4487 4314/4497 4315/4498
f 1584/1592 1440/1448 1603/1611
f 1584/1592 1344/1352 1440/1448
f 1981/1989 1869/1877 1958/1966
f 1981/3314 1958/3302 3213/3303
f 4955/5147 5456/5650 5419/5612
f 4924/5116 4946/5138 4920/5112
f 4919/5111 4923/5115 4924/5116
f 4923/5115 4946/5138 4924/5116
f 4922/5114 4923/5115 4919/5111
f 5419/5612 5525/5720 1378/5926
f 4376/4565 4722/4911 4717/4906
f 4722/4911 4721/4910 4717/4906
f 4374/4563 4375/4564 4376/4565
f 4375/4564 4722/4911 4376/4565
f 5783/5986 5777/5979 5705/5902
f 4651/4840 4667/4856 4666/4855
f 4642/4831 4667/4856 4651/4840
f 5544/5739 5588/5783 5482/5677
f 4530/4719 4547/4736 4545/4734
f 4527/4716 4547/4736 4530/4719
f 5306/5498 5303/5495 5304/5496
f 4423/4612 4527/4716 4422/4611
f 5149/5341 5148/5340 5150/5342
f 964/972 944/952 943/951
f 7080/7456 7062/7436 7083/7460
f 887/895 892/900 864/872
f 7079/7455 7040/7409 7080/7456
f 7040/7409 7062/7436 7080/7456
f 7036/7405 7040/7409 7079/7455
f 887/895 864/872 852/860
f 7018/7387 7036/7405 7079/7455
f 7017/7386 7036/7405 7018/7387
f 7019/7388 7031/7400 7015/7384
f 811/819 812/820 809/817
f 7032/7401 7031/7400 7019/7388
f 7057/7429 7059/7431 7060/7432
f 7056/7428 7057/7429 7060/7432
f 7061/7433 7056/7428 7060/7432
f 726/734 706/714 705/713
f 7102/7481 4357/7480 7085/7462
f 4339/7546 4357/7480 7102/7481
f 904/912 701/709 1134/1142
f 1134/1142 701/709 1291/1299
f 4265/4446 4297/4478 4306/4487
f 1597/1605 1584/1592 1603/1611
f 4262/4443 4297/4478 4265/4446
f 1597/1605 1603/1611 1725/1733
f 4232/4412 4262/4443 4265/4446
f 1869/1877 1725/1733 1865/1873
f 1725/1733 1730/1738 1865/1873
f 4232/4412 4226/4406 4216/4396
f 3217/3312 3214/3304 3215/3305
f 4204/4384 4208/4388 4203/4383
f 3217/3312 3215/3305 3216/3306
f 5354/5547 5777/5979 5783/5986
f 1149/1157 1013/1021 1017/1025
f 1017/1025 1013/1021 1009/1017
f 1013/1021 1015/1023 1009/1017
f 1015/1023 1016/1024 1008/1016
f 1009/1017 1015/1023 1008/1016
f 5151/5343 5149/5341 5150/5342
f 5150/5342 5148/5340 5158/5350
f 4397/4586 4398/4587 4402/4591
f 4401/4590 4396/4585 4397/4586
f 4399/4588 4396/4585 4401/4590
f 1012/1020 974/982 996/1004
f 996/1004 974/982 995/1003
f 886/894 887/895 852/860
f 7016/7385 7017/7386 7018/7387
f 812/820 886/894 813/821
f 7015/7384 7017/7386 7016/7385
f 859/867 811/819 807/815
f 857/865 859/867 807/815
f 857/865 807/815 805/813
f 858/866 857/865 805/813
f 889/897 726/734 705/713
f 7102/7481 7085/7462 7082/7459
f 7085/7462 7078/7454 7082/7459
f 4315/4498 4338/4522 4316/4499
f 4226/4406 4232/4412 4265/4446
f 4203/4383 4208/4388 4202/4382
f 4919/5111 4924/5116 4920/5112
f 5203/5395 4922/5114 4918/5110
f 4922/5114 4919/5111 4918/5110
f 1378/1386 1159/1167 1177/1185
f 4377/4566 4374/4563 4376/4565
f 4664/4853 4374/4563 4377/4566
f 5354/5547 5783/5986 5734/5932
f 4666/4855 4374/4563 4664/4853
f 5699/5896 5588/5783 5544/5739
f 4624/4813 4651/4840 4650/4839
f 5482/5677 5423/5616 5481/5676
f 7172/7560 7117/7497 7175/7563
f 7117/7497 7173/7561 7175/7563
f 4427/4616 4527/4716 4525/4714
f 5304/5496 5149/5341 5151/5343
f 1008/1016 1016/1024 1006/1014
f 4422/4611 4527/4716 4427/4616
f 1016/1024 1012/1020 1004/1012
f 5157/5349 5150/5342 5158/5350
f 5162/5354 5084/5276 4700/4889
f 1012/1020 996/1004 1004/1012
f 4407/4596 4399/4588 4401/4590
f 4498/4687 4477/4666 4484/4673
f 995/1003 943/951 950/958
f 943/951 938/946 950/958
f 7080/7456 7083/7460 7090/7467
f 7091/7468 7080/7456 7090/7467
f 898/906 892/900 887/895
f 7100/7478 7079/7455 7091/7468
f 7079/7455 7080/7456 7091/7468
f 890/898 887/895 886/894
f 7018/7387 7079/7455 7100/7478
f 7101/7479 7018/7387 7100/7478
f 7016/7385 7018/7387 7101/7479
f 886/894 812/820 882/890
f 869/877 882/890 812/820
f 7014/7383 7015/7384 7016/7385
f 7019/7388 7015/7384 7014/7383
f 812/820 811/819 868/876
f 811/819 859/867 868/876
f 7013/7382 7030/7399 7020/7389
f 7023/7392 7013/7382 7020/7389
f 7061/7433 7060/7432 7029/7398
f 7082/7459 7078/7454 7061/7433
f 903/911 705/713 904/912
f 4316/4499 4339/4523 4355/4541
f 1903/1911 1869/1877 1981/1989
f 3226/3322 1903/3330 1981/3314
f 3226/3322 1981/3314 3214/3304
f 4199/4379 4203/4383 4202/4382
f 3227/3323 3226/3322 3214/3304
f 4917/5109 4920/5112 5052/5244
f 4920/5112 5354/5547 5052/5244
f 4919/5111 4920/5112 4917/5109
f 1212/1220 1378/1386 1177/1185
f 5356/5549 5093/5285 5354/5547
f 1177/1185 1149/1157 1173/1181
f 4658/4847 4666/4855 4664/4853
f 7176/7564 7173/7561 5876/6097
f 1131/1139 1017/1025 1009/1017
f 4548/4737 4624/4813 4550/4739
f 7172/7560 7175/7563 7167/7555
f 4420/4609 4422/4611 4424/4613
f 4417/4606 4420/4609 4424/4613
f 1004/1012 1006/1014 1016/1024
f 4407/4596 4401/4590 4406/4595
f 4409/4598 4407/4596 4406/4595
f 4410/4599 4407/4596 4409/4598
f 1004/1012 996/1004 1003/1011
f 1003/1011 996/1004 995/1003
f 950/958 938/946 928/936
f 898/906 928/936 892/900
f 928/936 938/946 892/900
f 898/906 887/895 890/898
f 7103/7482 7014/7383 7016/7385
f 868/876 869/877 812/820
f 861/869 857/865 858/866
f 7024/7393 7060/7432 7023/7392
f 888/896 862/870 726/734
f 889/897 888/896 726/734
f 4355/7547 7102/7481 4361/7548
f 1227/1235 1134/1142 1343/1351
f 1227/1235 1113/1121 1134/1142
f 4306/4487 4315/4498 4313/4496
f 1434/1442 1343/1351 1584/1592
f 1903/1911 1784/1792 1869/1877
f 4207/4387 4226/4406 4206/4386
f 4200/4380 4202/4382 4207/4387
f 4199/4379 4202/4382 4200/4380
f 4961/5153 5419/5612 5418/5611
f 4376/4565 4716/4905 4637/4826
f 4918/5110 4919/5111 4917/5109
f 5418/5611 5419/5612 1379/5866
f 5356/5549 5734/5932 5597/5793
f 5876/6097 5593/5788 5791/5996
f 4658/4847 4664/4853 4647/4836
f 1173/1181 1149/1157 1131/1139
f 1149/1157 1017/1025 1131/1139
f 5698/5895 5544/5739 5545/5740
f 4550/4739 4650/4839 4555/4744
f 1009/1017 1008/1016 1007/1015
f 4526/4715 4531/4720 4548/4737
f 4525/4714 4531/4720 4526/4715
f 5437/5631 5308/5500 5305/5497
f 5308/5500 5304/5496 5305/5497
f 1008/1016 1006/1014 1007/1015
f 4424/4613 4422/4611 4427/4616
f 5163/5355 5159/5351 5162/5354
f 5158/5350 5159/5351 5163/5355
f 4401/4590 4402/4591 4403/4592
f 4460/4649 4410/4599 4409/4598
f 4471/4660 4410/4599 4460/4649
f 986/994 1003/1011 995/1003
f 986/994 995/1003 985/993
f 899/907 890/898 886/894
f 899/907 886/894 882/890
f 7103/7482 7016/7385 7101/7479
f 872/880 869/877 868/876
f 7021/7390 7014/7383 7103/7482
f 867/875 868/876 859/867
f 867/875 859/867 857/865
f 867/875 857/865 861/869
f 7098/7475 7061/7433 7029/7398
f 885/893 862/870 888/896
f 7114/7494 7082/7459 7098/7475
f 7102/7481 7082/7459 7114/7494
f 932/940 904/912 1113/1121
f 4313/4496 4316/4499 4347/4532
f 1434/1442 1584/1592 1596/1604
f 4266/4447 4306/4487 4281/4462
f 1596/1604 1584/1592 1597/1605
f 4200/4380 4207/4387 4206/4386
f 1980/3356 1903/3330 3251/3355
f 4201/4381 4199/4379 4197/4376
f 4377/4566 4376/4565 4620/4809
f 4916/5108 5052/5244 5093/5285
f 4915/5107 4917/5109 4916/5108
f 4917/5109 5052/5244 4916/5108
f 4918/5110 4917/5109 4915/5107
f 5289/5481 5203/5395 4918/5110
f 5676/5873 5203/5395 5289/5481
f 5791/5996 5203/5395 5676/5873
f 1212/1220 1177/1185 1173/1181
f 5597/5793 5699/5896 5598/5794
f 5876/6097 5791/5996 5879/6100
f 5879/6100 7176/7564 5876/6097
f 1131/1139 1009/1017 1111/1119
f 4533/4722 4548/4737 4549/4738
f 5545/5740 5481/5676 5540/5735
f 7175/7563 7176/7564 7191/7581
f 1111/1119 1009/1017 1007/1015
f 4525/4714 4526/4715 4426/4615
f 4424/4613 4427/4616 4426/4615
f 5157/5349 5158/5350 5163/5355
f 4483/4672 4484/4673 4473/4662
f 1005/1013 1006/1014 1004/1012
f 1004/1012 1003/1011 1002/1010
f 1005/1013 1004/1012 1002/1010
f 7120/7500 7111/7491 7112/7492
f 949/957 928/936 914/922
f 949/957 985/993 928/936
f 7091/7468 7090/7467 7121/7501
f 914/922 928/936 898/906
f 899/907 905/913 890/898
f 7100/7478 7091/7468 7122/7502
f 7101/7479 7100/7478 7122/7502
f 7103/7482 7101/7479 7107/7486
f 872/880 868/876 870/878
f 870/878 868/876 867/875
f 7022/7391 7020/7389 7021/7390
f 7023/7392 7020/7389 7022/7391
f 7024/7393 7023/7392 7022/7391
f 883/891 867/875 861/869
f 883/891 861/869 863/871
f 7098/7475 7029/7398 7099/7476
f 902/910 889/897 932/940
f 4317/4500 4313/4496 4329/4513
f 1638/1646 1596/1604 1709/1717
f 1596/1604 1597/1605 1709/1717
f 4280/4461 4266/4447 4281/4462
f 4227/4407 4266/4447 4280/4461
f 1753/1761 1709/1717 1784/1792
f 1898/1906 1903/1911 1980/1988
f 3251/3355 3226/3322 3250/3354
f 4197/4376 4199/4379 4195/4374
f 4618/4807 4377/4566 4620/4809
f 4916/5108 5093/5285 4921/5113
f 4914/5106 4918/5110 4915/5107
f 4377/4566 4618/4807 4622/4811
f 4622/4811 4647/4836 4377/4566
f 4658/4847 4647/4836 4646/4835
f 1167/1175 1173/1181 1131/1139
f 4648/4837 4555/4744 4658/4847
f 4554/4743 4555/4744 4648/4837
f 4426/4615 4526/4715 4454/4643
f 5305/5497 5151/5343 5155/5347
f 5446/5640 5305/5497 5155/5347
f 5156/5348 5157/5349 5163/5355
f 4405/4594 4401/4590 4404/4593
f 4401/4590 4403/4592 4404/4593
f 4703/4892 5162/5354 4699/4888
f 1007/1015 1006/1014 1005/1013
f 1002/1010 1003/1011 986/994
f 986/994 985/993 987/995
f 987/995 985/993 949/957
f 7118/7498 7111/7491 7119/7499
f 7121/7501 7090/7467 7118/7498
f 7107/7486 7101/7479 7122/7502
f 899/907 882/890 900/908
f 873/881 900/908 882/890
f 7106/7485 7103/7482 7107/7486
f 873/881 872/880 874/882
f 7022/7391 7021/7390 7104/7483
f 871/879 870/878 867/875
f 879/887 863/871 885/893
f 879/887 883/891 863/871
f 7029/7398 7024/7393 7025/7394
f 896/904 888/896 889/897
f 7114/7494 7098/7475 7115/7495
f 4361/7548 7114/7494 4362/7549
f 1164/1172 1113/1121 1227/1235
f 1753/1761 1638/1646 1709/1717
f 4224/4404 4227/4407 4280/4461
f 4193/4369 4197/4376 4195/4374
f 4192/4368 4197/4376 4193/4369
f 4921/5113 5093/5285 4912/5104
f 4913/5105 4916/5108 4921/5113
f 4914/5106 4915/5107 4913/5105
f 4915/5107 4916/5108 4913/5105
f 4648/4837 4658/4847 4649/4838
f 5879/6100 5676/5873 5871/6092
f 1153/1161 1167/1175 1131/1139
f 1131/1139 1111/1119 1153/1161
f 4454/4643 4533/4722 4532/4721
f 4425/4614 4426/4615 4454/4643
f 5155/5347 5152/5344 5153/5345
f 1111/1119 1007/1015 1110/1118
f 4419/4608 4424/4613 4425/4614
f 5154/5346 5152/5344 5156/5348
f 5152/5344 5157/5349 5156/5348
f 4417/4606 4424/4613 4419/4608
f 4406/4595 4405/4594 4439/4628
f 4409/4598 4406/4595 4448/4637
f 7166/7554 7167/7555 7182/7570
f 1110/1118 1007/1015 1005/1013
f 1005/1013 1002/1010 1105/1113
f 1105/1113 1002/1010 1010/1018
f 1002/1010 986/994 1010/1018
f 7106/7485 7107/7486 7131/7515
f 875/883 874/882 872/880
f 7105/7484 7103/7482 7106/7485
f 875/883 872/880 870/878
f 7104/7483 7103/7482 7105/7484
f 7028/7397 7022/7391 7104/7483
f 871/879 883/891 879/887
f 884/892 879/887 885/893
f 7099/7476 7025/7394 7027/7396
f 885/893 888/896 896/904
f 896/904 884/892 885/893
f 7115/7495 7098/7475 7099/7476
f 896/904 889/897 902/910
f 4362/7549 7114/7494 7115/7495
f 902/910 932/940 952/960
f 4359/4546 4361/4549 4362/4550
f 952/960 932/940 1113/1121
f 1226/1234 1164/1172 1330/1338
f 1164/1172 1227/1235 1330/1338
f 1984/3383 1980/3356 3251/3355
f 2020/3384 3251/3355 3250/3354
f 4952/5144 5141/5333 5377/5570
f 4913/5105 4921/5113 4912/5104
f 5377/5570 5141/5333 5420/5613
f 4649/4838 4658/4847 4646/4835
f 5342/5534 5597/5793 5598/5794
f 5871/6092 5676/5873 5677/5874
f 5676/5873 5289/5481 5677/5874
f 1290/1298 1212/1220 1193/1201
f 1212/1220 1167/1175 1193/1201
f 1193/1201 1167/1175 1153/1161
f 5698/5895 5545/5740 5697/5894
f 1132/1140 1153/1161 1111/1119
f 4425/4614 4454/4643 4453/4642
f 1122/1130 1132/1140 1111/1119
f 1122/1130 1111/1119 1110/1118
f 4412/4601 4419/4608 4415/4604
f 4704/4893 5163/5355 4703/4892
f 4460/4649 4409/4598 4448/4637
f 1110/1118 1005/1013 1105/1113
f 1010/1018 986/994 1001/1009
f 1001/1009 986/994 987/995
f 7132/7516 7122/7502 7156/7540
f 7122/7502 7121/7501 7156/7540
f 905/913 900/908 918/926
f 916/924 918/926 900/908
f 7131/7515 7132/7516 7154/7538
f 924/932 900/908 874/882
f 924/932 874/882 881/889
f 7106/7485 7131/7515 7158/7542
f 881/889 874/882 875/883
f 876/884 881/889 875/883
f 7105/7484 7106/7485 7158/7542
f 876/884 875/883 870/878
f 877/885 876/884 870/878
f 877/885 870/878 871/879
f 7026/7395 7022/7391 7028/7397
f 7025/7394 7022/7391 7026/7395
f 7115/7495 7099/7476 7125/7509
f 7099/7476 7027/7396 7125/7509
f 915/923 896/904 902/910
f 952/960 1113/1121 1112/1120
f 1112/1120 1113/1121 1164/1172
f 4332/4516 4329/4513 4351/4537
f 1345/1353 1330/1338 1507/1515
f 1345/1353 1226/1234 1330/1338
f 1984/1992 1898/1906 1980/1988
f 2020/3384 3250/3354 2682/3382
f 4912/5104 5343/5535 5342/5534
f 4910/5102 4913/5105 4912/5104
f 4911/5103 4914/5106 4910/5102
f 4914/5106 4913/5105 4910/5102
f 4596/4785 4646/4835 4622/4811
f 5289/5481 4911/5103 5443/5637
f 5677/5874 5289/5481 5443/5637
f 5772/5973 5698/5895 5697/5894
f 5547/5742 5446/5640 5546/5741
f 4454/4643 4532/4721 4453/4642
f 4430/4619 4425/4614 4453/4642
f 5167/5359 5153/5345 5154/5346
f 5441/5635 5153/5345 5167/5359
f 4405/4594 4404/4593 4437/4626
f 4501/4690 4502/4691 4496/4685
f 1106/1114 1110/1118 1105/1113
f 987/995 949/957 1000/1008
f 1000/1008 1001/1009 987/995
f 7164/7552 7121/7501 7163/7551
f 948/956 914/922 918/926
f 914/922 905/913 918/926
f 948/956 949/957 914/922
f 7156/7540 7121/7501 7164/7552
f 7154/7538 7132/7516 7156/7540
f 924/932 916/924 900/908
f 7104/7483 7105/7484 7128/7512
f 7028/7397 7104/7483 7128/7512
f 878/886 877/885 871/879
f 880/888 879/887 884/892
f 897/905 880/888 884/892
f 7125/7509 7027/7396 7127/7511
f 915/923 902/910 931/939
f 4362/7549 7115/7495 7162/7550
f 7115/7495 7126/7510 7162/7550
f 931/939 902/910 952/960
f 4320/4503 4317/4500 4332/4516
f 4305/4486 4304/4485 4320/4503
f 4304/4485 4317/4500 4320/4503
f 1637/1645 1507/1515 1638/1646
f 4304/4485 4305/4486 4282/4463
f 4282/4463 4280/4461 4304/4485
f 4224/4404 4280/4461 4282/4463
f 1637/1645 1753/1761 1870/1878
f 4225/4405 4224/4404 4282/4463
f 1983/1991 1870/1878 1984/1992
f 1870/1878 1898/1906 1984/1992
f 4198/4378 4209/4389 4196/4375
f 2679/3385 2020/3384 2682/3382
f 4186/4362 4192/4368 4189/4365
f 5384/5577 4951/5143 5377/5570
f 4596/4785 4622/4811 4618/4807
f 4911/5103 4910/5102 4908/5100
f 5377/5570 5420/5613 1353/6035
f 5342/5534 5598/5794 5599/5795
f 5598/5794 5772/5973 5599/5795
f 5871/6092 5677/5874 5837/6052
f 4534/4723 4532/4721 4549/4738
f 4453/4642 4532/4721 4456/4645
f 5546/5741 5441/5635 5526/5721
f 4418/4607 4425/4614 4430/4619
f 4419/4608 4425/4614 4418/4607
f 5165/5357 5156/5348 5164/5356
f 4413/4602 4403/4592 4414/4603
f 4438/4627 4405/4594 4437/4626
f 4439/4628 4405/4594 4438/4627
f 4702/4891 4703/4892 4698/4887
f 4448/4637 4439/4628 4449/4638
f 1104/1112 1106/1114 1105/1113
f 1000/1008 949/957 948/956
f 916/924 917/925 918/926
f 916/924 924/932 919/927
f 919/927 924/932 925/933
f 7157/7541 7158/7542 7153/7537
f 913/921 876/884 877/885
f 7027/7396 7026/7395 7028/7397
f 880/888 878/886 879/887
f 910/918 880/888 897/905
f 931/939 952/960 1095/1103
f 4359/7572 4362/7549 7162/7550
f 1112/1120 1164/1172 1121/1129
f 1121/1129 1164/1172 1226/1234
f 4623/4812 4614/4803 4669/4858
f 4596/4785 4618/4807 4614/4803
f 4908/5100 4910/5102 4909/5101
f 4910/5102 4912/5104 4909/5101
f 4640/4829 4645/4834 4639/4828
f 5837/6052 5677/5874 5737/5935
f 5677/5874 5443/5637 5737/5935
f 1290/1298 1193/1201 1294/1302
f 1294/1302 1353/1361 1290/1298
f 4649/4838 4645/4834 4640/4829
f 1193/1201 1153/1161 1157/1165
f 5697/5894 5547/5742 5570/5765
f 1153/1161 1132/1140 1145/1153
f 1157/1165 1153/1161 1145/1153
f 5167/5359 5165/5357 5166/5358
f 1145/1153 1132/1140 1123/1131
f 1132/1140 1122/1130 1123/1131
f 5165/5357 5164/5356 4704/4893
f 4449/4638 4439/4628 4442/4631
f 1122/1130 1110/1118 1123/1131
f 4462/4651 4448/4637 4449/4638
f 4461/4650 4473/4662 4464/4653
f 1123/1131 1110/1118 1106/1114
f 1104/1112 1001/1009 1091/1099
f 1091/1099 1001/1009 1000/1008
f 7164/7552 7163/7551 7180/7568
f 954/962 948/956 918/926
f 7156/7540 7164/7552 7155/7539
f 954/962 918/926 917/925
f 7154/7538 7156/7540 7155/7539
f 917/925 916/924 919/927
f 913/921 881/889 876/884
f 7134/7518 7128/7512 7133/7517
f 7130/7514 7028/7397 7128/7512
f 7129/7513 7028/7397 7130/7514
f 7027/7396 7028/7397 7129/7513
f 7127/7511 7027/7396 7129/7513
f 929/937 897/905 915/923
f 953/961 915/923 931/939
f 1095/1103 953/961 931/939
f 1275/1283 1121/1129 1345/1353
f 1121/1129 1226/1234 1345/1353
f 4907/5099 4908/5100 4906/5098
f 4908/5100 4909/5101 4906/5098
f 4588/4777 4639/4828 4596/4785
f 5443/5637 4907/5099 5486/5681
f 5771/5972 5697/5894 5770/5971
f 1278/1286 1193/1201 1157/1165
f 1157/1165 1145/1153 1156/1164
f 4518/4707 4456/4645 4534/4723
f 4430/4619 4453/4642 4456/4645
f 4464/4653 4448/4637 4462/4651
f 4496/4685 4483/4672 4482/4671
f 7188/7578 7192/7582 7193/7583
f 1106/1114 1104/1112 1107/1115
f 7171/7559 7188/7578 7186/7576
f 1107/1115 1104/1112 1091/1099
f 7170/7558 7171/7559 7185/7575
f 1000/1008 948/956 997/1005
f 997/1005 948/956 954/962
f 7155/7539 7164/7552 7180/7568
f 7154/7538 7155/7539 7152/7536
f 920/928 917/925 919/927
f 7153/7537 7154/7538 7152/7536
f 7157/7541 7153/7537 7140/7524
f 926/934 925/933 881/889
f 7134/7518 7133/7517 7137/7521
f 926/934 881/889 913/921
f 912/920 878/886 909/917
f 7174/7562 7127/7511 7129/7513
f 7125/7509 7127/7511 7174/7562
f 929/937 915/923 953/961
f 7162/7550 7177/7565 7184/7574
f 4363/7573 7162/7550 7184/7574
f 1095/1103 1112/1120 1120/1128
f 4352/4538 4351/4537 4363/4551
f 1120/1128 1112/1120 1121/1129
f 4344/4529 4332/4516 4352/4538
f 1428/1436 1275/1283 1345/1353
f 4323/4507 4320/4503 4344/4529
f 4320/4503 4332/4516 4344/4529
f 1428/1436 1345/1353 1429/1437
f 4320/4503 4323/4507 4305/4486
f 1607/1615 1429/1437 1637/1645
f 1871/1879 1607/1615 1870/1878
f 1607/1615 1637/1645 1870/1878
f 1982/1990 1983/1991 2018/2026
f 2668/2718 2021/2734 2679/2735
f 4185/4361 4186/4362 4187/4363
f 4588/4777 4596/4785 4595/4784
f 4906/5098 4909/5101 4893/5085
f 4909/5101 5341/5533 4893/5085
f 4907/5099 4906/5098 4905/5097
f 5341/5533 5599/5795 5600/5796
f 5599/5795 5771/5972 5600/5796
f 1294/1302 1193/1201 1278/1286
f 4553/4742 4640/4829 4552/4741
f 1278/1286 1157/1165 1181/1189
f 4518/4707 4534/4723 4552/4741
f 1181/1189 1157/1165 1156/1164
f 4431/4620 4430/4619 4455/4644
f 5526/5721 5470/5665 5527/5722
f 4418/4607 4430/4619 4431/4620
f 4414/4603 4418/4607 4432/4621
f 1156/1164 1145/1153 1140/1148
f 1145/1153 1123/1131 1140/1148
f 4437/4626 4413/4602 4434/4623
f 4501/4690 4496/4685 4495/4684
f 7193/7583 7195/7585 7241/7634
f 7188/7578 7193/7583 7194/7584
f 1124/1132 1106/1114 1107/1115
f 1124/1132 1123/1131 1106/1114
f 1107/1115 1091/1099 1108/1116
f 954/962 917/925 923/931
f 920/928 923/931 917/925
f 926/934 913/921 927/935
f 927/935 913/921 911/919
f 7135/7519 7134/7518 7138/7522
f 7136/7520 7130/7514 7135/7519
f 7136/7520 7129/7513 7130/7514
f 930/938 909/917 910/918
f 7174/7562 7129/7513 7136/7520
f 930/938 910/918 929/937
f 7177/7565 7125/7509 7174/7562
f 1120/1128 1121/1129 1275/1283
f 4322/4506 4305/4486 4323/4507
f 4303/4484 4299/4480 4322/4506
f 4299/4480 4305/4486 4322/4506
f 4299/4480 4303/4484 4296/4477
f 4244/4424 4225/4405 4296/4477
f 5055/5247 5384/5577 5383/5576
f 4904/5096 4906/5098 4893/5085
f 4905/5097 4906/5098 4904/5096
f 5383/5576 5384/5577 1409/5950
f 4638/4827 4639/4828 4588/4777
f 5817/6030 5737/5935 5486/5681
f 1313/1321 1294/1302 1278/1286
f 1313/1321 1409/1417 1294/1302
f 4617/4806 4552/4741 4638/4827
f 4552/4741 4639/4828 4638/4827
f 4517/4706 4552/4741 4536/4725
f 4517/4706 4518/4707 4552/4741
f 1181/1189 1156/1164 1175/1183
f 4455/4644 4518/4707 4517/4706
f 4451/4640 4431/4620 4455/4644
f 4432/4621 4431/4620 4451/4640
f 4433/4622 4414/4603 4432/4621
f 5438/5632 5166/5358 4708/4897
f 1175/1183 1156/1164 1140/1148
f 4706/4895 4702/4891 4697/4886
f 4707/4896 4702/4891 4706/4895
f 1140/1148 1123/1131 1124/1132
f 1109/1117 1091/1099 1038/1046
f 1091/1099 1000/1008 1038/1046
f 1000/1008 997/1005 1036/1044
f 1036/1044 1038/1046 1000/1008
f 7189/7579 7180/7568 7181/7569
f 1036/1044 997/1005 1011/1019
f 1011/1019 954/962 923/931
f 1011/1019 997/1005 954/962
f 7152/7536 7146/7530 7149/7533
f 7140/7524 7152/7536 7149/7533
f 7139/7523 7140/7524 7149/7533
f 7138/7522 7134/7518 7137/7521
f 927/935 912/920 936/944
f 936/944 912/920 909/917
f 933/941 936/944 909/917
f 933/941 930/938 934/942
f 7177/7565 7174/7562 7178/7566
f 1035/1043 929/937 953/961
f 7184/7574 7177/7565 7198/7588
f 953/961 1095/1103 1119/1127
f 1119/1127 1095/1103 1120/1128
f 1120/1128 1275/1283 1265/1273
f 1265/1273 1275/1283 1428/1436
f 4584/4773 4588/4777 4587/4776
f 4893/5085 5341/5533 4900/5092
f 4905/5097 4904/5096 4891/5083
f 5367/5560 5600/5796 5638/5834
f 5600/5796 5770/5971 5638/5834
f 5486/5681 4907/5099 5378/5571
f 5817/6030 5486/5681 5713/5910
f 1313/1321 1278/1286 1279/1287
f 4536/4725 4552/4741 4616/4805
f 5731/5929 5570/5765 5569/5764
f 1278/1286 1181/1189 1266/1274
f 1279/1287 1278/1286 1266/1274
f 4516/4705 4455/4644 4517/4706
f 1266/1274 1181/1189 1175/1183
f 4432/4621 4451/4640 4450/4639
f 4708/4897 4705/4894 4707/4896
f 4497/4686 4501/4690 4495/4684
f 4697/4886 4501/4690 4497/4686
f 7247/7640 7241/7634 7242/7635
f 7202/7592 7194/7584 7246/7639
f 1107/1115 1108/1116 1118/1126
f 1109/1117 1118/1126 1108/1116
f 1037/1045 923/931 1018/1026
f 1037/1045 1011/1019 923/931
f 1018/1026 923/931 920/928
f 962/970 920/928 921/929
f 921/929 922/930 962/970
f 7139/7523 7149/7533 7150/7534
f 962/970 922/930 956/964
f 956/964 922/930 926/934
f 955/963 956/964 926/934
f 955/963 926/934 927/935
f 937/945 955/963 927/935
f 937/945 927/935 936/944
f 7159/7543 7136/7520 7135/7519
f 7178/7566 7136/7520 7159/7543
f 935/943 929/937 1035/1043
f 1035/1043 953/961 1092/1100
f 1119/1127 1092/1100 953/961
f 1355/1363 1265/1273 1428/1436
f 4323/4507 4353/4539 4331/4515
f 1503/1511 1355/1363 1428/1436
f 1503/1511 1428/1436 1607/1615
f 1751/1759 1503/1511 1607/1615
f 3525/4377 4194/4370 3526/4425
f 4194/4370 4244/4424 3526/4425
f 2016/2711 2018/2732 2662/2712
f 5094/5286 4857/5049 5383/5576
f 4585/4774 4584/4773 4587/4776
f 4892/5084 4893/5085 4900/5092
f 1361/1369 1447/1455 1313/1321
f 4616/4805 4617/4806 4615/4804
f 4617/4806 4638/4827 4615/4804
f 5731/5929 5569/5764 5568/5763
f 5817/6030 5713/5910 5861/6080
f 4535/4724 4517/4706 4536/4725
f 5535/5730 5470/5665 5500/5695
f 5527/5722 5470/5665 5535/5730
f 7242/7635 5927/6151 7291/7686
f 1202/1210 1266/1274 1175/1183
f 4441/4630 4432/4621 4450/4639
f 4433/4622 4432/4621 4441/4630
f 5438/5632 4708/4897 4707/4896
f 1175/1183 1140/1148 1170/1178
f 1202/1210 1175/1183 1170/1178
f 4440/4629 4438/4627 4434/4623
f 4438/4627 4437/4626 4434/4623
f 4461/4650 4462/4651 4463/4652
f 1170/1178 1140/1148 1141/1149
f 1140/1148 1124/1132 1125/1133
f 1124/1132 1107/1115 1125/1133
f 1125/1133 1107/1115 1118/1126
f 1037/1045 1036/1044 1011/1019
f 7148/7532 7189/7579 7190/7580
f 7146/7530 7148/7532 7147/7531
f 1018/1026 920/928 1044/1052
f 7145/7529 7146/7530 7147/7531
f 920/928 962/970 1044/1052
f 1039/1047 962/970 956/964
f 7141/7525 7138/7522 7137/7521
f 7144/7528 7138/7522 7141/7525
f 7135/7519 7144/7528 7159/7543
f 951/959 936/944 933/941
f 963/971 933/941 934/942
f 7198/7588 7178/7566 7199/7589
f 4365/7632 7184/7574 4367/7627
f 1148/1156 1119/1127 1264/1272
f 1119/1127 1120/1128 1264/1272
f 4353/4539 4344/4529 4365/4553
f 1264/1272 1120/1128 1265/1273
f 4330/4514 4322/4506 4331/4515
f 3640/4505 4303/4484 4330/4514
f 4303/4484 4322/4506 4330/4514
f 4303/4484 3640/4505 4302/4483
f 3526/4425 4244/4424 4302/4483
f 2653/2701 2662/2712 2663/2713
f 2663/2713 2665/2715 2648/2696
f 5094/5286 5383/5576 1506/5623
f 1506/1514 1447/1455 1361/1369
f 5368/5561 5638/5834 5730/5928
f 5638/5834 5731/5929 5730/5928
f 1361/1369 1279/1287 1311/1319
f 4535/4724 4536/4725 4558/4747
f 1311/1319 1279/1287 1266/1274
f 1266/1274 1202/1210 1229/1237
f 4451/4640 4519/4708 4491/4680
f 4472/4661 4461/4650 4463/4652
f 7246/7639 7247/7640 7257/7651
f 1141/1149 1140/1148 1125/1133
f 7228/7618 7145/7529 7147/7531
f 1040/1048 1044/1052 962/970
f 1040/1048 962/970 1039/1047
f 7144/7528 7141/7525 7142/7526
f 955/963 937/945 959/967
f 951/959 933/941 963/971
f 7199/7589 7178/7566 7179/7567
f 1032/1040 934/942 935/943
f 1032/1040 935/943 1035/1043
f 1100/1108 1035/1043 1092/1100
f 4367/7627 7198/7588 4368/7626
f 1092/1100 1119/1127 1100/1108
f 1148/1156 1100/1108 1119/1127
f 1264/1272 1265/1273 1355/1363
f 4331/4515 4353/4539 4350/4536
f 3521/4490 3526/4425 4302/4483
f 2000/2008 1904/1912 1979/1987
f 2000/2702 1979/2719 2016/2711
f 3518/3655 3524/3661 3519/3656
f 3524/3661 3525/3662 3519/3656
f 4579/4768 4584/4773 4578/4767
f 4584/4773 4585/4774 4578/4767
f 4890/5082 4900/5092 4899/5091
f 4900/5092 5367/5560 4899/5091
f 4891/5083 4892/5084 4890/5082
f 4892/5084 4900/5092 4890/5082
f 4558/4747 4616/4805 4615/4804
f 5713/5910 5378/5571 5714/5911
f 1362/1370 1361/1369 1311/1319
f 5861/6080 5713/5910 5714/5911
f 4433/4622 4441/4630 4435/4624
f 1229/1237 1202/1210 1228/1236
f 1228/1236 1202/1210 1170/1178
f 1141/1149 1125/1133 1138/1146
f 7201/7591 7202/7592 7236/7628
f 1118/1126 1109/1117 1115/1123
f 1115/1123 1109/1117 1114/1122
f 1109/1117 1038/1046 1114/1122
f 7208/7598 7200/7590 7209/7599
f 1114/1122 1038/1046 1087/1095
f 1038/1046 1036/1044 1087/1095
f 1086/1094 1087/1095 1036/1044
f 7231/7621 7189/7579 7238/7630
f 7189/7579 7208/7598 7238/7630
f 1086/1094 1036/1044 1037/1045
f 7190/7580 7189/7579 7231/7621
f 7147/7531 7148/7532 7231/7621
f 1048/1056 1037/1045 1018/1026
f 1043/1051 1044/1052 1040/1048
f 7151/7535 7150/7534 7145/7529
f 1039/1047 956/964 961/969
f 7142/7526 7141/7525 7143/7527
f 961/969 955/963 959/967
f 7161/7545 7144/7528 7142/7526
f 959/967 937/945 951/959
f 7160/7544 7159/7543 7161/7545
f 7159/7543 7144/7528 7161/7545
f 1146/1154 1100/1108 1148/1156
f 4353/4539 4365/4553 4360/4548
f 1340/1348 1264/1272 1355/1363
f 4349/4535 4331/4515 4350/4536
f 1490/1498 1340/1348 1503/1511
f 1340/1348 1355/1363 1503/1511
f 4331/4515 4349/4535 4330/4514
f 1601/1609 1503/1511 1666/1674
f 3540/4491 4302/4483 3640/4505
f 3521/4490 4302/4483 3540/4491
f 5363/5556 5094/5286 1506/5623
f 4603/4792 4586/4775 4728/4917
f 4586/4775 4604/4793 4728/4917
f 5085/5277 4891/5083 4889/5081
f 4891/5083 4890/5082 4889/5081
f 5469/5664 5263/5455 5085/5277
f 5263/5455 4891/5083 5085/5277
f 4615/4804 4584/4773 4579/4768
f 5730/5928 5729/5927 5615/5811
f 5714/5911 5378/5571 5659/5855
f 4557/4746 4535/4724 4558/4747
f 5861/6080 5714/5911 5798/6004
f 1311/1319 1266/1274 1285/1293
f 5535/5730 5500/5695 5536/5731
f 7307/7703 5928/6152 5925/6149
f 5500/5695 5412/5605 5498/5693
f 4436/4625 4434/4623 4435/4624
f 4458/4647 4457/4646 4443/4632
f 5412/5605 4707/4896 4706/4895
f 1228/1236 1170/1178 1194/1202
f 1170/1178 1141/1149 1168/1176
f 1168/1176 1141/1149 1138/1146
f 7238/7630 7208/7598 7252/7646
f 1047/1055 1044/1052 1043/1051
f 1047/1055 1048/1056 1044/1052
f 7151/7535 7145/7529 7229/7619
f 1041/1049 1040/1048 1039/1047
f 7143/7527 7150/7534 7151/7535
f 961/969 959/967 960/968
f 7161/7545 7142/7526 7210/7600
f 963/971 959/967 951/959
f 7179/7567 7160/7544 7206/7596
f 1033/1041 963/971 1032/1040
f 1032/1040 1035/1043 1100/1108
f 4358/4545 4360/4548 4366/4554
f 4360/4548 4367/4555 4366/4554
f 1340/1348 1148/1156 1264/1272
f 4350/4536 4360/4548 4358/4545
f 2643/2690 2000/2702 2652/2700
f 2643/2690 2652/2700 2644/2691
f 3512/3649 3520/3657 3518/3655
f 4653/4842 4578/4767 4728/4917
f 4578/4767 4603/4792 4728/4917
f 5363/5556 1506/5623 1486/5975
f 4615/4804 4579/4768 4560/4749
f 4557/4746 4558/4747 4560/4749
f 4520/4709 4519/4708 4557/4746
f 5729/5927 5568/5763 5670/5867
f 5568/5763 5535/5730 5670/5867
f 5714/5911 5797/6003 5798/6004
f 1284/1292 1285/1293 1229/1237
f 4447/4636 4450/4639 4491/4680
f 4436/4625 4435/4624 4445/4634
f 5498/5693 5412/5605 5413/5606
f 4444/4633 4440/4629 4436/4625
f 4481/4670 4480/4669 4475/4664
f 4497/4686 4495/4684 4481/4670
f 4706/4895 4497/4686 4711/4900
f 1229/1237 1228/1236 1269/1277
f 1284/1292 1229/1237 1269/1277
f 7282/7677 7257/7651 7288/7683
f 7257/7651 7289/7684 7288/7683
f 1194/1202 1170/1178 1168/1176
f 1138/1146 1125/1133 1137/1145
f 7255/7649 7236/7628 7254/7648
f 7236/7628 7253/7647 7254/7648
f 1125/1133 1115/1123 1137/1145
f 1127/1135 1137/1145 1115/1123
f 1127/1135 1115/1123 1114/1122
f 1088/1096 1114/1122 1087/1095
f 1088/1096 1087/1095 1086/1094
f 7231/7621 7238/7630 7239/7631
f 7231/7621 7232/7622 7218/7608
f 1080/1088 1048/1056 1047/1055
f 1043/1051 1040/1048 1041/1049
f 7145/7529 7228/7618 7227/7617
f 7143/7527 7151/7535 7229/7619
f 7212/7602 7143/7527 7229/7619
f 1041/1049 1039/1047 1042/1050
f 1039/1047 961/969 1042/1050
f 960/968 1042/1050 961/969
f 957/965 959/967 963/971
f 1033/1041 1032/1040 1094/1102
f 7233/7623 7199/7589 7179/7567
f 7240/7633 7199/7589 7233/7623
f 1101/1109 1032/1040 1100/1108
f 4368/7626 7199/7589 7240/7633
f 1101/1109 1100/1108 1146/1154
f 1233/1241 1146/1154 1148/1156
f 1726/1734 1601/1609 1666/1674
f 1905/1913 1726/1734 1904/1912
f 1726/1734 1666/1674 1904/1912
f 4560/4749 4579/4768 4577/4766
f 4885/5077 4899/5091 4886/5078
f 4889/5081 4890/5082 4885/5077
f 4890/5082 4899/5091 4885/5077
f 1482/1490 1486/1494 1362/1370
f 5595/5791 5363/5556 1482/6012
f 5363/5556 1486/5975 1482/6012
f 1362/1370 1311/1319 1312/1320
f 1312/1320 1311/1319 1285/1293
f 4507/4696 4491/4680 4520/4709
f 4469/4658 4447/4636 4507/4696
f 4444/4633 4436/4625 4446/4635
f 4459/4648 4443/4632 4444/4633
f 4458/4647 4443/4632 4459/4648
f 4475/4664 4474/4663 4476/4665
f 4711/4900 4497/4686 4712/4901
f 4497/4686 4508/4697 4712/4901
f 1194/1202 1168/1176 1169/1177
f 1168/1176 1138/1146 1139/1147
f 1169/1177 1168/1176 1139/1147
f 7254/7648 7257/7651 7282/7677
f 1138/1146 1137/1145 1139/1147
f 1129/1137 1127/1135 1114/1122
f 1077/1085 1048/1056 1080/1088
f 7230/7620 7231/7621 7218/7608
f 7227/7617 7228/7618 7217/7607
f 7229/7619 7145/7529 7227/7617
f 7229/7619 7227/7617 7223/7613
f 7212/7602 7229/7619 7223/7613
f 7142/7526 7143/7527 7212/7602
f 7214/7604 7142/7526 7212/7602
f 7210/7600 7142/7526 7214/7604
f 960/968 959/967 958/966
f 957/965 958/966 959/967
f 7206/7596 7161/7545 7207/7597
f 1034/1042 957/965 963/971
f 1034/1042 1033/1041 1093/1101
f 1093/1101 1033/1041 1094/1102
f 7233/7623 7179/7567 7206/7596
f 4330/4514 4349/4535 4348/4534
f 3586/4524 3640/4505 4330/4514
f 3536/3673 3640/3777 3586/3723
f 3516/3653 3521/3658 3536/3673
f 4747/4938 5363/5556 5361/5554
f 4652/4841 4576/4765 4747/4938
f 4576/4765 4653/4842 4747/4938
f 5085/5277 4889/5081 4888/5080
f 4889/5081 4885/5077 4888/5080
f 1538/5790 5595/5791 1482/6012
f 1538/5790 5363/5556 5595/5791
f 4560/4749 4561/4750 4559/4748
f 4559/4748 4557/4746 4560/4749
f 5344/5536 5615/5811 5616/5812
f 5615/5811 5729/5927 5616/5812
f 1366/1374 1362/1370 1312/1320
f 4563/4752 4520/4709 4559/4748
f 5616/5812 5670/5867 5738/5937
f 5670/5867 5536/5731 5738/5937
f 4507/4696 4520/4709 4521/4710
f 1285/1293 1284/1292 1287/1295
f 4445/4634 4447/4636 4469/4658
f 4468/4657 4445/4634 4469/4658
f 4446/4635 4445/4634 4468/4657
f 4459/4648 4444/4633 4446/4635
f 4465/4654 4458/4647 4470/4659
f 4481/4670 4489/4678 4509/4698
f 1228/1236 1194/1202 1195/1203
f 7284/7679 7288/7683 7304/7700
f 1195/1203 1194/1202 1169/1177
f 1137/1145 1127/1135 1129/1137
f 1129/1137 1114/1122 1128/1136
f 1128/1136 1114/1122 1089/1097
f 1089/1097 1088/1096 1078/1086
f 1089/1097 1114/1122 1088/1096
f 7238/7630 7252/7646 7258/7652
f 1078/1086 1088/1096 1077/1085
f 1050/1058 1080/1088 1047/1055
f 7217/7607 7230/7620 7218/7608
f 1047/1055 1043/1051 1046/1054
f 1046/1054 1043/1051 1041/1049
f 1045/1053 1046/1054 1041/1049
f 7214/7604 7212/7602 7211/7601
f 958/966 957/965 1083/1091
f 7207/7597 7161/7545 7210/7600
f 7234/7624 7206/7596 7207/7597
f 7233/7623 7206/7596 7234/7624
f 7243/7636 7240/7633 7233/7623
f 1130/1138 1101/1109 1147/1155
f 4356/4542 4349/4535 4358/4545
f 1396/1404 1233/1241 1340/1348
f 4348/4534 4349/4535 4356/4542
f 1396/1404 1340/1348 1490/1498
f 2595/2635 1905/2692 2001/2689
f 5020/5212 4747/4938 5361/5554
f 4885/5077 4886/5078 4882/5074
f 5416/5609 5085/5277 5100/5292
f 5085/5277 4888/5080 5100/5292
f 1487/1495 1538/1546 1366/1374
f 1538/1546 1482/1490 1366/1374
f 5392/5585 5616/5812 5617/5813
f 5796/6002 5659/5855 5712/5909
f 5659/5855 5417/5610 5712/5909
f 1312/1320 1285/1293 1286/1294
f 1365/1373 1312/1320 1286/1294
f 1365/1373 1366/1374 1312/1320
f 4507/4696 4521/4710 4523/4712
f 4522/4711 4469/4658 4523/4712
f 4468/4657 4469/4658 4522/4711
f 5537/5732 5498/5693 5633/5829
f 1286/1294 1285/1293 1287/1295
f 4485/4674 4465/4654 4470/4659
f 4486/4675 4465/4654 4485/4674
f 4476/4665 4465/4654 4486/4675
f 4737/4926 4508/4697 4509/4698
f 4712/4901 4508/4697 4737/4926
f 5501/5696 4712/4901 4737/4926
f 7327/7726 5896/6117 5955/6187
f 1288/1296 1284/1292 1269/1277
f 1269/1277 1228/1236 1267/1275
f 1267/1275 1228/1236 1195/1203
f 7282/7677 7284/7679 7283/7678
f 1169/1177 1139/1147 1166/1174
f 1139/1147 1137/1145 1166/1174
f 7255/7649 7254/7648 7280/7675
f 1129/1137 1166/1174 1137/1145
f 7239/7631 7258/7652 7259/7653
f 1076/1084 1078/1086 1077/1085
f 1076/1084 1077/1085 1063/1071
f 7232/7622 7239/7631 7267/7661
f 1063/1071 1077/1085 1080/1088
f 1063/1071 1080/1088 1050/1058
f 7219/7609 7218/7608 7267/7661
f 7223/7613 7227/7617 7220/7610
f 1046/1054 1045/1053 1052/1060
f 7211/7601 7212/7602 7213/7603
f 1045/1053 1042/1050 1081/1089
f 1042/1050 960/968 1081/1089
f 1081/1089 960/968 958/966
f 7215/7605 7210/7600 7214/7604
f 1083/1091 1081/1089 958/966
f 7216/7606 7207/7597 7215/7605
f 7207/7597 7210/7600 7215/7605
f 1083/1091 957/965 1090/1098
f 7234/7624 7207/7597 7216/7606
f 1090/1098 957/965 1034/1042
f 7243/7636 7233/7623 7234/7624
f 1117/1125 1101/1109 1130/1138
f 1117/1125 1094/1102 1101/1109
f 1234/1242 1147/1155 1233/1241
f 4358/4545 4366/4554 4364/4552
f 4330/4514 4348/4534 3644/4533
f 1602/1610 1396/1404 1601/1609
f 1602/1610 1601/1609 1726/1734
f 2547/2582 2595/2635 2594/2634
f 2595/2635 2001/2689 2594/2634
f 5362/5555 5020/5212 5361/5554
f 4562/4751 4559/4748 4561/4750
f 4882/5074 4886/5078 4884/5076
f 4886/5078 5344/5536 4884/5076
f 5596/5792 1538/5790 1487/6069
f 5596/5792 5361/5554 1538/5790
f 1487/1495 1366/1374 1365/1373
f 4591/4780 4521/4710 4563/4752
f 4523/4712 4521/4710 4591/4780
f 5738/5937 5633/5829 5787/5990
f 1349/1357 1365/1373 1286/1294
f 5634/5830 5633/5829 5501/5696
f 5633/5829 5499/5694 5501/5696
f 4459/4648 4446/4635 4479/4668
f 4478/4667 4459/4648 4479/4668
f 4470/4659 4459/4648 4478/4667
f 4509/4698 4490/4679 4514/4703
f 4695/4884 4509/4698 4514/4703
f 1288/1296 1269/1277 1267/1275
f 7285/7680 7284/7679 7305/7701
f 1171/1179 1195/1203 1169/1177
f 7280/7675 7282/7677 7283/7678
f 1171/1179 1169/1177 1166/1174
f 7281/7676 7255/7649 7280/7675
f 7252/7646 7256/7650 7277/7672
f 7267/7661 7239/7631 7259/7653
f 1051/1059 1050/1058 1047/1055
f 1052/1060 1051/1059 1046/1054
f 1052/1060 1045/1053 1081/1089
f 1093/1101 1090/1098 1034/1042
f 7243/7636 7234/7624 7235/7625
f 1116/1124 1094/1102 1117/1125
f 1116/1124 1093/1101 1094/1102
f 7249/7642 7243/7636 7250/7643
f 4369/7690 4370/7645 7249/7642
f 1395/1403 1234/1242 1396/1404
f 1234/1242 1233/1241 1396/1404
f 4348/4534 4356/4542 3644/4533
f 2540/2574 2547/2582 2594/2634
f 2540/2574 2594/2634 2538/2572
f 3504/3641 3505/3642 3494/3631
f 4882/5074 4884/5076 4881/5073
f 4888/5080 4885/5077 4887/5079
f 4885/5077 4882/5074 4887/5079
f 1510/6088 5596/5792 1487/6069
f 4566/4755 4563/4752 4562/4751
f 5393/5586 5617/5813 5683/5880
f 5617/5813 5738/5937 5683/5880
f 1487/1495 1365/1373 1431/1439
f 4523/4712 4591/4780 4592/4781
f 4493/4682 4478/4667 4479/4668
f 5956/6188 5890/6111 5891/6112
f 1349/1357 1286/1294 1325/1333
f 4485/4674 4478/4667 4493/4682
f 4486/4675 4485/4674 4494/4683
f 1325/1333 1286/1294 1287/1295
f 1267/1275 1195/1203 1201/1209
f 1268/1276 1267/1275 1201/1209
f 7283/7678 7284/7679 7285/7680
f 1201/1209 1195/1203 1171/1179
f 1166/1174 1129/1137 1174/1182
f 1174/1182 1128/1136 1165/1173
f 1158/1166 1165/1173 1128/1136
f 1158/1166 1089/1097 1078/1086
f 1158/1166 1128/1136 1089/1097
f 7269/7663 7258/7652 7292/7687
f 7258/7652 7277/7672 7292/7687
f 1078/1086 1076/1084 1079/1087
f 7259/7653 7258/7652 7269/7663
f 7267/7661 7259/7653 7268/7662
f 1074/1082 1076/1084 1063/1071
f 1062/1070 1063/1071 1050/1058
f 1049/1057 1050/1058 1051/1059
f 7222/7612 7223/7613 7220/7610
f 7213/7603 7223/7613 7222/7612
f 1082/1090 1052/1060 1081/1089
f 7215/7605 7214/7604 7211/7601
f 1096/1104 1081/1089 1083/1091
f 1096/1104 1083/1091 1090/1098
f 1102/1110 1090/1098 1093/1101
f 1172/1180 1130/1138 1232/1240
f 1130/1138 1147/1155 1232/1240
f 1172/1180 1117/1125 1130/1138
f 1232/1240 1147/1155 1234/1242
f 3776/4544 4356/4542 4364/4552
f 3644/4533 4356/4542 3776/4544
f 1789/1797 1602/1610 1726/1734
f 3536/3673 3586/3723 3517/3654
f 3586/3723 3576/3713 3517/3654
f 1902/1910 1789/1797 1901/1909
f 1789/1797 1726/1734 1901/1909
f 3503/3640 3502/3639 3495/3632
f 3496/3633 3504/3641 3494/3631
f 4565/4754 4562/4751 4564/4753
f 4566/4755 4562/4751 4565/4754
f 4881/5073 4884/5076 4880/5072
f 5100/5292 4888/5080 4898/5090
f 4888/5080 4887/5079 4898/5090
f 5452/5646 5362/5555 1643/5985
f 5860/6079 5712/5909 5775/5977
f 5712/5909 5416/5609 5775/5977
f 4593/4782 4523/4712 4592/4781
f 4522/4711 4523/4712 4593/4782
f 4594/4783 4506/4695 4593/4782
f 4506/4695 4522/4711 4593/4782
f 5682/5879 5634/5830 5788/5991
f 1431/1439 1365/1373 1374/1382
f 1365/1373 1349/1357 1374/1382
f 4504/4693 4479/4668 4506/4695
f 4494/4683 4493/4682 4524/4713
f 4515/4704 4494/4683 4524/4713
f 4689/4878 4512/4701 4515/4704
f 4512/4701 4494/4683 4515/4704
f 1374/1382 1349/1357 1325/1333
f 7346/7749 7345/7748 7351/7756
f 7346/7749 7326/7725 7345/7748
f 7325/7724 7326/7725 7324/7723
f 1201/1209 1171/1179 1200/1208
f 7286/7681 7283/7678 7285/7680
f 1199/1207 1171/1179 1174/1182
f 1199/1207 1200/1208 1171/1179
f 7281/7676 7283/7678 7286/7681
f 7268/7662 7269/7663 7270/7664
f 1075/1083 1079/1087 1076/1084
f 7267/7661 7268/7662 7271/7665
f 1074/1082 1063/1071 1064/1072
f 1064/1072 1063/1071 1062/1070
f 7220/7610 7219/7609 7221/7611
f 1049/1057 1051/1059 1052/1060
f 7222/7612 7220/7610 7221/7611
f 1049/1057 1052/1060 1053/1061
f 7224/7614 7213/7603 7222/7612
f 7211/7601 7213/7603 7224/7614
f 1054/1062 1052/1060 1082/1090
f 7225/7615 7211/7601 7224/7614
f 7215/7605 7211/7601 7225/7615
f 1096/1104 1082/1090 1081/1089
f 7226/7616 7215/7605 7225/7615
f 7235/7625 7216/7606 7226/7616
f 1096/1104 1090/1098 1102/1110
f 7244/7637 7235/7625 7226/7616
f 7250/7643 7243/7636 7244/7637
f 7243/7636 7235/7625 7244/7637
f 1102/1110 1093/1101 1116/1124
f 1144/1152 1117/1125 1172/1180
f 1144/1152 1116/1124 1117/1125
f 4369/7690 7249/7642 7279/7674
f 1341/1349 1232/1240 1234/1242
f 1341/1349 1234/1242 1395/1403
f 3516/3653 3536/3673 3517/3654
f 2540/2574 2538/2572 2537/2571
f 4894/5086 4882/5074 4879/5071
f 4882/5074 4881/5073 4879/5071
f 4898/5090 4887/5079 4894/5086
f 4887/5079 4882/5074 4894/5086
f 1643/1651 1510/1518 1511/1519
f 4592/4781 4591/4780 4566/4755
f 5683/5880 5787/5990 5682/5879
f 5427/5620 4898/5090 5428/5621
f 1511/1519 1431/1439 1481/1489
f 4505/4694 4493/4682 4504/4693
f 4524/4713 4493/4682 4505/4694
f 4685/4874 4515/4704 4524/4713
f 1374/1382 1325/1333 1375/1383
f 5957/6189 5891/6112 5963/6195
f 1325/1333 1287/1295 1324/1332
f 1324/1332 1287/1295 1288/1296
f 1307/1315 1324/1332 1288/1296
f 7303/7699 7281/7676 7308/7704
f 1075/1083 1076/1084 1074/1082
f 7219/7609 7267/7661 7272/7666
f 7260/7654 7225/7615 7224/7614
f 1103/1111 1096/1104 1102/1110
f 1126/1134 1102/1110 1116/1124
f 1144/1152 1126/1134 1116/1124
f 7279/7674 7250/7643 7251/7644
f 3775/7713 4369/7690 7279/7674
f 1272/1280 1172/1180 1232/1240
f 3639/3776 3776/3924 3775/3923
f 1397/1405 1341/1349 1395/1403
f 3644/4533 3776/4544 3639/4547
f 1528/1536 1395/1403 1448/1456
f 3576/3713 3644/3781 3639/3776
f 1528/1536 1448/1456 1602/1610
f 1528/1536 1602/1610 1789/1797
f 3517/3654 3576/3713 3514/3651
f 3576/3713 3530/3667 3514/3651
f 3502/3639 3492/3629 3495/3632
f 5449/5643 5063/5255 5452/5646
f 4608/4797 4565/4754 4741/4931
f 4568/4757 4566/4755 4567/4756
f 4880/5072 4875/5067 4877/5069
f 4879/5071 4880/5072 4877/5069
f 4881/5073 4880/5072 4879/5071
f 5685/5882 5452/5646 1629/6070
f 4594/4783 4593/4782 4569/4758
f 4694/4883 5682/5879 5758/5959
f 5775/5977 5427/5620 5827/6041
f 4612/4801 4506/4695 4594/4783
f 4504/4693 4506/4695 4612/4801
f 4745/4935 4689/4878 4685/4874
f 1431/1439 1374/1382 1479/1487
f 1481/1489 1431/1439 1479/1487
f 1408/1416 1374/1382 1375/1383
f 1408/1416 1479/1487 1374/1382
f 1339/1347 1325/1333 1324/1332
f 1276/1284 1268/1276 1201/1209
f 7287/7682 7285/7680 7324/7723
f 1201/1209 1200/1208 1276/1284
f 7286/7681 7285/7680 7287/7682
f 1213/1221 1200/1208 1199/1207
f 1199/1207 1165/1173 1192/1200
f 1192/1200 1165/1173 1158/1166
f 7292/7687 7302/7698 7313/7711
f 1185/1193 1190/1198 1079/1087
f 1190/1198 1158/1166 1079/1087
f 7269/7663 7292/7687 7313/7711
f 1184/1192 1079/1087 1075/1083
f 7271/7665 7268/7662 7270/7664
f 7221/7611 7219/7609 7272/7666
f 1061/1069 1062/1070 1049/1057
f 7262/7656 7221/7611 7272/7666
f 1061/1069 1053/1061 1059/1067
f 7261/7655 7222/7612 7262/7656
f 7224/7614 7222/7612 7261/7655
f 1055/1063 1054/1062 1056/1064
f 1055/1063 1053/1061 1054/1062
f 1056/1064 1054/1062 1082/1090
f 1097/1105 1056/1064 1082/1090
f 1082/1090 1096/1104 1097/1105
f 7266/7660 7225/7615 7260/7654
f 1097/1105 1096/1104 1098/1106
f 1103/1111 1102/1110 1126/1134
f 3775/7713 7279/7674 3791/7705
f 1272/1280 1232/1240 1341/1349
f 3639/3776 3775/3923 3745/3891
f 3501/3638 3517/3654 3514/3651
f 4609/4798 4567/4756 4373/4928
f 4567/4756 4608/4797 4373/4928
f 4570/4759 4569/4758 4568/4757
f 4569/4758 4566/4755 4568/4757
f 4877/5069 4875/5067 4876/5068
f 4878/5070 4877/5069 4876/5068
f 4879/5071 4877/5069 4878/5070
f 5066/5258 4879/5071 4878/5070
f 4894/5086 4879/5071 5066/5258
f 4573/4762 4569/4758 4570/4759
f 4573/4762 4594/4783 4569/4758
f 5758/5959 5812/6024 4693/4882
f 4613/4802 4524/4713 4612/4801
f 4524/4713 4505/4694 4612/4801
f 4686/4875 4524/4713 4613/4802
f 4745/4935 4680/4869 5814/6026
f 5813/6025 5814/6026 4671/4860
f 1479/1487 1408/1416 1480/1488
f 7404/7819 5957/6189 5988/6220
f 1373/1381 1325/1333 1339/1347
f 1375/1383 1325/1333 1373/1381
f 1339/1347 1324/1332 1333/1341
f 1324/1332 1307/1315 1308/1316
f 1307/1315 1268/1276 1308/1316
f 1308/1316 1268/1276 1276/1284
f 7324/7723 7346/7749 7347/7752
f 1276/1284 1200/1208 1213/1221
f 7308/7704 7286/7681 7287/7682
f 7308/7704 7287/7682 7329/7732
f 1190/1198 1185/1193 1191/1199
f 1073/1081 1184/1192 1075/1083
f 7273/7667 7272/7666 7271/7665
f 1064/1072 1062/1070 1061/1069
f 7262/7656 7272/7666 7273/7667
f 1055/1063 1059/1067 1053/1061
f 7260/7654 7224/7614 7261/7655
f 7264/7658 7260/7654 7261/7655
f 7245/7638 7266/7660 7278/7673
f 7278/7673 7244/7637 7245/7638
f 7293/7688 7244/7637 7278/7673
f 7294/7689 7251/7644 7293/7688
f 1126/1134 1144/1152 1160/1168
f 7279/7674 7251/7644 7294/7689
f 3791/7705 7279/7674 7294/7689
f 1261/1269 1172/1180 1271/1279
f 1261/1269 1160/1168 1172/1180
f 1160/1168 1144/1152 1172/1180
f 1271/1279 1172/1180 1272/1280
f 3745/3891 3775/3923 3791/3939
f 1351/1359 1272/1280 1341/1349
f 1436/1444 1351/1359 1397/1405
f 1351/1359 1341/1349 1397/1405
f 3639/3776 3745/3891 3609/3746
f 3530/3667 3576/3713 3639/3776
f 1536/1544 1528/1536 1665/1673
f 1790/1798 1665/1673 1789/1797
f 1665/1673 1528/1536 1789/1797
f 2536/2569 1790/2570 1902/2587
f 1790/1798 1789/1797 1902/1910
f 3497/3634 3501/3638 3514/3651
f 2503/2524 2523/2553 2529/2562
f 4568/4757 4609/4798 4372/4937
f 4687/4876 4688/4877 4682/4871
f 4875/5067 4688/4877 4687/4876
f 4874/5066 4875/5067 4687/4876
f 4876/5068 4875/5067 4874/5066
f 4883/5075 4876/5068 4874/5066
f 4878/5070 4876/5068 4883/5075
f 5066/5258 4878/5070 4883/5075
f 5450/5644 5449/5643 5660/5856
f 4589/4778 4611/4800 4573/4762
f 4612/4801 4611/4800 4589/4778
f 4601/4790 4612/4801 4589/4778
f 4613/4802 4612/4801 4601/4790
f 4686/4875 4613/4802 4601/4790
f 4745/4935 4686/4875 4680/4869
f 5814/6026 4680/4869 4681/4870
f 4671/4860 5814/6026 4681/4870
f 5429/5622 5428/5621 5066/5258
f 5746/5946 5429/5622 5849/6064
f 1509/1517 1515/1523 1479/1487
f 1515/1523 1481/1489 1479/1487
f 1324/1332 1308/1316 1332/1340
f 1332/1340 1333/1341 1324/1332
f 7329/7732 7287/7682 7323/7722
f 1277/1285 1276/1284 1213/1221
f 1230/1238 1213/1221 1192/1200
f 7314/7712 7302/7698 7328/7728
f 7313/7711 7302/7698 7314/7712
f 1191/1199 1185/1193 1237/1245
f 7315/7714 7313/7711 7320/7719
f 1183/1191 1184/1192 1073/1081
f 7316/7715 7271/7665 7315/7714
f 7271/7665 7270/7664 7315/7714
f 1073/1081 1064/1072 1065/1073
f 1065/1073 1064/1072 1061/1069
f 7261/7655 7262/7656 7263/7657
f 7264/7658 7261/7655 7263/7657
f 1097/1105 1098/1106 1099/1107
f 1142/1150 1099/1107 1098/1106
f 1142/1150 1098/1106 1103/1111
f 1142/1150 1103/1111 1143/1151
f 1143/1151 1126/1134 1160/1168
f 3791/7705 7294/7689 3815/7706
f 3790/3938 3791/3939 3815/3965
f 1271/1279 1272/1280 1351/1359
f 3749/3895 3791/3939 3790/3938
f 5462/5657 4373/4928 5450/5644
f 4580/4769 4573/4762 4574/4763
f 4573/4762 4570/4759 4574/4763
f 4589/4778 4573/4762 4580/4769
f 4683/4872 4682/4871 4678/4867
f 4682/4871 4679/4868 4678/4867
f 4684/4873 4682/4871 4683/4872
f 4730/4919 4687/4876 4684/4873
f 4687/4876 4682/4871 4684/4873
f 4874/5066 4687/4876 4730/4919
f 5462/5657 5450/5644 5660/5856
f 4582/4771 4686/4875 4601/4790
f 4680/4869 4686/4875 4582/4771
f 4590/4779 4680/4869 4582/4771
f 4602/4791 4590/4779 4599/4788
f 4602/4791 4599/4788 4670/4859
f 4671/4860 4602/4791 4670/4859
f 5429/5622 5066/5258 5353/5546
f 5849/6064 5429/5622 5794/6000
f 1629/1637 1515/1523 1630/1638
f 1631/1639 1629/1637 1630/1638
f 1408/1416 1375/1383 1373/1381
f 1373/1381 1333/1341 1363/1371
f 7371/7782 7370/7781 7372/7783
f 1309/1317 1308/1316 1276/1284
f 7330/7733 7323/7722 7347/7752
f 1277/1285 1306/1314 1276/1284
f 1230/1238 1277/1285 1213/1221
f 7328/7728 7308/7704 7329/7732
f 1190/1198 1191/1199 1240/1248
f 1240/1248 1191/1199 1237/1245
f 7320/7719 7314/7712 7331/7734
f 7320/7719 7331/7734 7332/7735
f 1188/1196 1184/1192 1183/1191
f 7316/7715 7315/7714 7320/7719
f 1183/1191 1073/1081 1182/1190
f 1060/1068 1061/1069 1059/1067
f 7263/7657 7262/7656 7273/7667
f 1058/1066 1060/1068 1059/1067
f 1058/1066 1059/1067 1055/1063
f 1055/1063 1056/1064 1057/1065
f 1057/1065 1056/1064 1097/1105
f 7266/7660 7260/7654 7265/7659
f 7278/7673 7266/7660 7296/7692
f 7293/7688 7278/7673 7296/7692
f 1262/1270 1160/1168 1261/1269
f 3675/3812 3745/3891 3749/3895
f 3609/3746 3745/3891 3675/3812
f 3530/3667 3609/3746 3569/3706
f 3508/3645 3514/3651 3529/3666
f 3514/3651 3530/3667 3529/3666
f 2522/2552 1790/2570 2536/2569
f 2521/2549 2523/2553 2503/2524
f 2502/2523 2520/2548 2519/2547
f 5453/5647 4371/4991 5462/5657
f 4371/4991 4373/4928 5462/5657
f 4582/4771 4580/4769 4581/4770
f 4583/4772 4582/4771 4581/4770
f 4590/4779 4582/4771 4583/4772
f 4599/4788 4590/4779 4583/4772
f 4674/4863 4670/4859 4673/4862
f 4678/4867 4670/4859 4674/4863
f 4676/4865 4678/4867 4674/4863
f 4683/4872 4678/4867 4676/4865
f 4736/4925 4683/4872 4676/4865
f 4684/4873 4683/4872 4736/4925
f 4730/4919 4684/4873 4736/4925
f 1762/6084 5660/5856 1631/6015
f 5631/5827 5462/5657 5661/5857
f 1761/1769 1631/1639 1630/1638
f 1537/1545 1515/1523 1509/1517
f 1630/1638 1515/1523 1537/1545
f 1509/1517 1479/1487 1508/1516
f 5995/6227 5950/6182 5949/6181
f 1508/1516 1479/1487 1480/1488
f 1480/1488 1408/1416 1478/1486
f 1407/1415 1408/1416 1373/1381
f 1363/1371 1333/1341 1332/1340
f 1332/1340 1308/1316 1309/1317
f 7330/7733 7347/7752 7353/7760
f 1280/1288 1277/1285 1230/1238
f 7344/7747 7328/7728 7343/7746
f 7314/7712 7328/7728 7344/7747
f 1188/1196 1237/1245 1185/1193
f 7316/7715 7320/7719 7319/7718
f 7300/7696 7316/7715 7317/7716
f 1182/1190 1073/1081 1065/1073
f 1066/1074 1065/1073 1060/1068
f 1058/1066 1055/1063 1057/1065
f 1084/1092 1057/1065 1097/1105
f 1084/1092 1097/1105 1099/1107
f 7295/7691 7266/7660 7265/7659
f 7296/7692 7266/7660 7295/7691
f 1161/1169 1099/1107 1142/1150
f 7294/7689 7293/7688 7311/7709
f 1207/1215 1160/1168 1262/1270
f 1207/1215 1143/1151 1160/1168
f 3815/7706 7294/7689 7311/7709
f 1322/1330 1271/1279 1351/1359
f 3597/3734 3609/3746 3675/3812
f 1505/1513 1436/1444 1536/1544
f 3569/3706 3609/3746 3597/3734
f 1733/1741 1665/1673 1790/1798
f 1733/2554 1790/2570 2522/2552
f 2501/2522 2521/2549 2503/2524
f 2504/2525 2502/2523 2519/2547
f 4956/5148 4371/4991 5453/5647
f 4674/4863 4673/4862 4675/4864
f 4677/4866 4674/4863 4675/4864
f 4838/5030 4676/4865 4677/4866
f 4676/4865 4674/4863 4677/4866
f 4839/5031 4676/4865 4838/5030
f 4736/4925 4676/4865 4839/5031
f 5097/5289 4736/4925 4839/5031
f 4730/4919 4736/4925 5097/5289
f 1762/1770 1631/1639 1761/1769
f 5875/6096 5794/6000 5869/6090
f 1639/1647 1630/1638 1537/1545
f 1761/1769 1630/1638 1639/1647
f 1305/1313 1306/1314 1277/1285
f 1280/1288 1305/1313 1277/1285
f 7329/7732 7330/7733 7349/7754
f 1273/1281 1280/1288 1230/1238
f 1239/1247 1273/1281 1240/1248
f 1273/1281 1230/1238 1240/1248
f 7332/7735 7331/7734 7348/7753
f 1221/1229 1188/1196 1183/1191
f 7317/7716 7316/7715 7319/7718
f 1186/1194 1182/1190 1066/1074
f 1182/1190 1065/1073 1066/1074
f 7274/7668 7273/7667 7300/7696
f 1066/1074 1060/1068 1067/1075
f 1067/1075 1060/1068 1058/1066
f 7263/7657 7273/7667 7274/7668
f 7274/7668 7275/7669 7263/7657
f 1069/1077 1058/1066 1057/1065
f 7276/7670 7264/7658 7275/7669
f 1069/1077 1057/1065 1084/1092
f 7265/7659 7264/7658 7276/7670
f 7295/7691 7265/7659 7276/7670
f 1189/1197 1143/1151 1207/1215
f 1189/1197 1142/1150 1143/1151
f 7312/7710 7311/7709 7293/7688
f 7311/7709 7312/7710 3793/7729
f 3793/7729 3815/7706 7311/7709
f 3750/3896 3790/3938 3793/3942
f 3790/3938 3815/3965 3793/3942
f 3749/3895 3790/3938 3750/3896
f 1418/1426 1436/1444 1505/1513
f 1732/1740 1665/1673 1733/1741
f 3489/3626 3490/3627 3480/3617
f 4802/4994 5453/5647 5454/5648
f 4675/4864 4673/4862 4600/4789
f 4677/4866 4675/4864 4834/5026
f 4838/5030 4677/4866 4835/5027
f 4839/5031 4838/5030 4835/5027
f 5631/5827 5661/5857 5833/6048
f 5454/5648 5453/5647 5718/5915
f 5741/5940 5352/5545 5380/5573
f 5352/5545 5097/5289 5380/5573
f 5865/6085 1762/6084 1900/6153
f 5833/6048 5661/5857 5865/6085
f 1809/1817 1761/1769 1639/1647
f 1900/6153 1762/6084 1761/6154
f 5924/6148 5875/6096 5923/6147
f 1478/1486 1407/1415 1444/1452
f 7380/7792 7371/7782 7381/7793
f 7357/7765 7371/7782 7380/7792
f 7331/7734 7344/7747 7352/7759
f 1241/1249 1237/1245 1242/1250
f 1242/1250 1188/1196 1221/1229
f 7319/7718 7332/7735 7342/7745
f 1183/1191 1182/1190 1186/1194
f 7298/7694 7300/7696 7317/7716
f 7274/7668 7300/7696 7298/7694
f 1069/1077 1067/1075 1058/1066
f 7276/7670 7275/7669 7297/7693
f 1085/1093 1084/1092 1099/1107
f 1085/1093 1099/1107 1161/1169
f 7296/7692 7310/7708 7309/7707
f 1161/1169 1142/1150 1189/1197
f 7293/7688 7296/7692 7309/7707
f 1289/1297 1207/1215 1262/1270
f 1289/1297 1262/1270 1322/1330
f 1289/1297 1322/1330 1384/1392
f 3608/3745 3675/3812 3749/3895
f 3569/3706 3597/3734 3541/3678
f 2509/2532 1733/2554 2522/2552
f 2500/2521 2501/2522 2502/2523
f 2500/2521 2502/2523 2504/2525
f 5480/5675 5065/5257 5454/5648
f 4746/4936 5065/5257 5480/5675
f 4846/5038 4598/4787 4847/5039
f 4836/5028 4675/4864 4735/4924
f 4834/5026 4675/4864 4836/5028
f 4835/5027 4834/5026 4836/5028
f 5834/6049 5718/5915 5833/6048
f 5700/5897 5454/5648 5719/5916
f 5480/5675 5454/5648 5700/5897
f 5865/6085 1900/6153 5903/6125
f 5833/6048 5865/6085 5903/6125
f 5900/6121 5870/6091 5848/6063
f 1900/1908 1761/1769 1809/1817
f 1508/1516 1480/1488 1478/1486
f 7381/7793 6000/6232 6092/6327
f 1363/1371 1332/1340 1331/1339
f 1309/1317 1306/1314 1327/1335
f 1331/1339 1309/1317 1327/1335
f 1331/1339 1332/1340 1309/1317
f 1327/1335 1306/1314 1305/1313
f 7378/7790 7353/7760 7357/7765
f 1314/1322 1305/1313 1280/1288
f 7368/7779 7343/7746 7367/7778
f 7352/7759 7344/7747 7363/7771
f 7344/7747 7368/7779 7363/7771
f 1259/1267 1239/1247 1238/1246
f 7332/7735 7348/7753 7342/7745
f 1244/1252 1242/1250 1221/1229
f 1225/1233 1244/1252 1221/1229
f 1225/1233 1221/1229 1186/1194
f 7317/7716 7319/7718 7340/7743
f 1068/1076 1066/1074 1067/1075
f 1069/1077 1068/1076 1067/1075
f 1069/1077 1084/1092 1085/1093
f 1085/1093 1072/1080 1069/1077
f 7310/7708 7295/7691 7301/7697
f 1197/1205 1161/1169 1189/1197
f 1263/1271 1189/1197 1207/1215
f 1263/1271 1207/1215 1289/1297
f 3739/3885 3749/3895 3750/3896
f 1418/1426 1289/1297 1384/1392
f 3608/3745 3749/3895 3739/3885
f 3507/3644 3529/3666 3541/3678
f 3529/3666 3569/3706 3541/3678
f 1892/2538 1733/2554 2509/2532
f 2508/2531 2522/2552 2513/2539
f 3490/3627 3486/3623 3481/3618
f 3490/3627 3498/3635 3486/3623
f 2506/2527 2501/2522 2500/2521
f 4847/5039 5196/5388 5528/5723
f 5444/5638 4847/5039 5528/5723
f 4846/5038 4847/5039 5444/5638
f 5292/5484 4846/5038 5444/5638
f 5125/5317 4734/4923 5292/5484
f 4735/4924 4734/4923 5125/5317
f 5371/5564 4735/4924 5125/5317
f 5719/5916 5834/6049 5840/6055
f 5528/5723 5480/5675 5700/5897
f 5902/6124 5833/6048 5903/6125
f 5903/6125 1900/6153 1948/6179
f 5923/6147 5870/6091 5900/6121
f 5976/6208 5923/6147 5945/6175
f 1639/1647 1537/1545 1640/1648
f 1537/1545 1508/1516 1533/1541
f 1499/1507 1478/1486 1444/1452
f 6092/6327 5998/6230 5999/6231
f 6092/6327 6000/6232 5998/6230
f 1406/1414 1363/1371 1404/1412
f 7378/7790 7357/7765 7382/7794
f 1314/1322 1327/1335 1305/1313
f 1315/1323 1280/1288 1273/1281
f 1314/1322 1280/1288 1315/1323
f 7348/7753 7352/7759 7362/7770
f 1258/1266 1238/1246 1241/1249
f 7342/7745 7348/7753 7361/7769
f 1187/1195 1186/1194 1066/1074
f 1187/1195 1066/1074 1068/1076
f 7297/7693 7275/7669 7274/7668
f 1072/1080 1085/1093 1162/1170
f 7301/7697 7276/7670 7297/7693
f 1162/1170 1085/1093 1161/1169
f 7312/7710 7309/7707 7310/7708
f 1197/1205 1189/1197 1263/1271
f 3750/3896 3793/3942 3763/3909
f 3739/3885 3750/3896 3763/3909
f 3570/3707 3597/3734 3608/3745
f 1531/1539 1418/1426 1505/1513
f 1731/1739 1732/1740 1892/1900
f 2507/2530 2508/2531 2513/2539
f 2506/2527 2507/2530 2501/2522
f 2507/2530 2513/2539 2501/2522
f 3478/3615 3480/3617 3481/3618
f 3479/3616 3480/3617 3478/3615
f 5493/5688 5292/5484 5444/5638
f 5530/5725 5125/5317 5493/5688
f 5125/5317 5292/5484 5493/5688
f 5663/5859 5528/5723 5701/5898
f 5444/5638 5528/5723 5663/5859
f 5493/5688 5444/5638 5663/5859
f 5793/5999 5792/5998 5840/6055
f 5900/6121 5848/6063 5887/6108
f 5848/6063 5847/6062 5887/6108
f 1949/6178 5903/6125 1948/6179
f 1949/6178 5902/6124 5903/6125
f 1938/1946 1948/1956 1810/1818
f 1948/1956 1900/1908 1810/1818
f 1809/1817 1639/1647 1640/1648
f 1640/1648 1537/1545 1533/1541
f 1533/1541 1508/1516 1499/1507
f 1499/1507 1444/1452 1445/1453
f 1444/1452 1406/1414 1404/1412
f 1445/1453 1444/1452 1404/1412
f 1363/1371 1331/1339 1372/1380
f 1370/1378 1331/1339 1327/1335
f 1342/1350 1314/1322 1315/1323
f 7368/7779 7367/7778 7379/7791
f 1298/1306 1315/1323 1273/1281
f 1298/1306 1239/1247 1259/1267
f 1298/1306 1273/1281 1239/1247
f 7363/7771 7368/7779 3926/7789
f 7361/7769 7348/7753 7362/7770
f 1246/1254 1241/1249 1243/1251
f 7342/7745 7361/7769 7360/7768
f 1224/1232 1186/1194 1187/1195
f 1068/1076 1069/1077 1070/1078
f 1069/1077 1072/1080 1070/1078
f 7297/7693 7298/7694 7299/7695
f 1070/1078 1072/1080 1162/1170
f 1196/1204 1162/1170 1161/1169
f 1196/1204 1161/1169 1197/1205
f 1235/1243 1197/1205 1263/1271
f 3763/7730 7312/7710 3816/7727
f 1316/1324 1263/1271 1326/1334
f 3739/3885 3763/3909 3762/3908
f 1417/1425 1326/1334 1418/1426
f 1326/1334 1289/1297 1418/1426
f 1417/1425 1418/1426 1491/1499
f 2488/2508 2506/2527 2500/2521
f 2488/2508 2500/2521 2505/2526
f 5701/5898 5792/5998 5793/5999
f 5845/6060 5701/5898 5793/5999
f 5663/5859 5701/5898 5845/6060
f 5726/5923 5663/5859 5845/6060
f 5774/5976 5493/5688 5726/5923
f 5530/5725 5493/5688 5774/5976
f 5808/6020 5530/5725 5774/5976
f 5809/6021 5761/5962 5808/6020
f 5761/5962 5530/5725 5808/6020
f 5831/6046 5761/5962 5809/6021
f 5881/6102 5793/5999 5884/6105
f 5845/6060 5793/5999 5881/6102
f 5846/6061 5726/5923 5845/6060
f 5901/6122 5832/6047 5907/6129
f 5832/6047 5831/6046 5907/6129
f 5887/6108 5847/6062 5901/6122
f 5939/6168 5902/6124 1949/6178
f 5892/6113 5902/6124 5939/6168
f 1947/1955 1948/1956 1938/1946
f 1949/1957 1948/1956 1947/1955
f 6007/6239 5944/6174 5975/6207
f 5944/6174 5887/6108 5975/6207
f 1809/1817 1640/1648 1805/1813
f 6003/6235 5977/6209 6005/6237
f 1640/1648 1533/1541 1641/1649
f 1532/1540 1533/1541 1499/1507
f 6084/6319 5996/6228 6001/6233
f 1498/1506 1499/1507 1445/1453
f 6162/6400 5999/6231 6164/6402
f 1404/1412 1363/1371 1372/1380
f 7399/7813 7382/7794 7407/7826
f 1372/1380 1331/1339 1370/1378
f 7398/7812 7382/7794 7399/7813
f 1370/1378 1327/1335 1342/1350
f 7386/7800 7379/7791 7400/7814
f 1335/1343 1315/1323 1298/1306
f 7363/7771 3926/7789 7377/7788
f 1300/1308 1259/1267 1299/1307
f 1299/1307 1259/1267 1258/1266
f 7361/7769 7362/7770 7373/7784
f 7341/7744 7342/7745 7360/7768
f 1245/1253 1244/1252 1225/1233
f 7299/7695 7298/7694 7318/7717
f 7301/7697 7297/7693 7299/7695
f 7310/7708 7322/7721 3816/7727
f 1196/1204 1197/1205 1235/1243
f 1274/1282 1235/1243 1263/1271
f 3772/7731 3763/7730 3816/7727
f 1274/1282 1263/1271 1316/1324
f 3762/3908 3763/3909 3772/3920
f 3637/3774 3739/3885 3762/3908
f 3608/3745 3739/3885 3637/3774
f 3570/3707 3608/3745 3637/3774
f 3537/3674 3541/3678 3570/3707
f 2495/2516 1892/2538 2509/2532
f 3476/3613 3481/3618 3486/3623
f 5909/6131 5873/6094 5854/6073
f 5911/6135 5809/6021 5874/6095
f 5907/6129 5831/6046 5897/6118
f 5933/6161 5892/6113 5939/6168
f 5884/6105 5892/6113 5933/6161
f 5881/6102 5884/6105 5885/6106
f 5984/6216 1949/6178 1947/6256
f 5939/6168 1949/6178 5984/6216
f 1938/1946 1810/1818 1937/1945
f 1937/1945 1810/1818 1805/1813
f 1810/1818 1809/1817 1805/1813
f 1805/1813 1640/1648 1641/1649
f 1641/1649 1533/1541 1532/1540
f 6001/6233 6003/6235 6004/6236
f 1404/1412 1372/1380 1403/1411
f 7407/7826 6162/6400 6166/6404
f 1371/1379 1370/1378 1342/1350
f 1359/1367 1315/1323 1335/1343
f 1336/1344 1335/1343 1300/1308
f 1335/1343 1298/1306 1300/1308
f 7362/7770 7363/7771 7377/7788
f 1299/1307 1258/1266 1246/1254
f 1245/1253 1243/1251 1244/1252
f 1245/1253 1225/1233 1248/1256
f 7339/7742 7341/7744 7358/7766
f 7318/7717 7337/7740 7334/7737
f 1071/1079 1187/1195 1068/1076
f 7299/7695 7318/7717 7334/7737
f 1203/1211 1071/1079 1070/1078
f 1163/1171 1070/1078 1162/1170
f 7333/7736 7322/7721 7321/7720
f 7322/7721 7301/7697 7321/7720
f 1196/1204 1163/1171 1162/1170
f 3772/3920 3816/3966 3785/3933
f 1352/1360 1316/1324 1326/1334
f 3677/3814 3637/3774 3762/3908
f 1352/1360 1326/1334 1417/1425
f 3577/3714 3570/3707 3637/3774
f 3537/3674 3570/3707 3577/3714
f 1742/1750 1502/1510 1731/1739
f 1502/1510 1531/1539 1731/1739
f 3488/3625 3537/3674 3513/3650
f 2496/2517 1742/2533 1892/2538
f 1742/2533 1731/2546 1892/2538
f 2496/2517 1892/2538 2495/2516
f 2474/2488 2487/2507 2488/2508
f 5910/6132 5854/6073 5908/6130
f 5854/6073 5846/6061 5908/6130
f 5909/6131 5854/6073 5910/6132
f 5932/6160 5884/6105 5933/6161
f 5885/6106 5884/6105 5932/6160
f 5897/6118 5809/6021 5911/6135
f 5941/6170 5907/6129 5897/6118
f 5984/6216 1947/6256 6024/6257
f 1947/1955 1938/1946 1936/1944
f 1805/1813 1641/1649 1806/1814
f 6003/6235 6005/6237 6091/6326
f 6004/6236 6003/6235 6090/6325
f 6084/6319 6004/6236 6159/6397
f 1405/1413 1404/1412 1403/1411
f 1403/1411 1372/1380 1402/1410
f 1402/1410 1370/1378 1371/1379
f 1342/1350 1315/1323 1367/1375
f 1371/1379 1342/1350 1367/1375
f 7400/7814 7398/7812 7417/7841
f 3961/7839 7400/7814 7417/7841
f 1367/1375 1315/1323 1359/1367
f 1360/1368 1359/1367 1336/1344
f 1359/1367 1335/1343 1336/1344
f 3926/7789 7386/7800 3916/7838
f 3925/4078 3926/4079 3916/4069
f 3925/7831 7377/7788 3926/7789
f 1337/1345 1336/1344 1300/1308
f 1300/1308 1299/1307 1302/1310
f 7376/7787 7362/7770 7377/7788
f 7376/7787 7373/7784 7362/7770
f 1246/1254 1243/1251 1245/1253
f 7358/7766 7341/7744 7360/7768
f 1248/1256 1225/1233 1260/1268
f 1225/1233 1224/1232 1260/1268
f 1260/1268 1224/1232 1223/1231
f 7334/7737 7337/7740 7338/7741
f 1204/1212 1187/1195 1071/1079
f 7336/7739 7321/7720 7299/7695
f 1203/1211 1070/1078 1163/1171
f 7333/7736 7321/7720 7336/7739
f 1198/1206 1163/1171 1196/1204
f 3802/7750 7322/7721 7333/7736
f 1236/1244 1196/1204 1235/1243
f 3785/7751 3816/7727 3802/7750
f 1274/1282 1236/1244 1235/1243
f 1323/1331 1274/1282 1316/1324
f 3678/3815 3762/3908 3772/3920
f 1323/1331 1316/1324 1352/1360
f 3677/3814 3762/3908 3678/3815
f 1435/1443 1352/1360 1417/1425
f 1502/1510 1435/1443 1491/1499
f 1435/1443 1417/1425 1491/1499
f 3487/3624 3488/3625 3513/3650
f 3486/3623 3488/3625 3487/3624
f 3465/3602 3470/3607 3468/3605
f 5908/6130 5885/6106 5936/6165
f 5937/6166 5908/6130 5936/6165
f 5938/6167 5908/6130 5937/6166
f 5910/6132 5908/6130 5938/6167
f 5897/6118 5911/6135 5941/6170
f 5986/6218 5936/6165 5932/6160
f 5936/6165 5885/6106 5932/6160
f 6024/6257 1947/6256 1944/6363
f 1935/1943 1937/1945 1806/1814
f 1937/1945 1805/1813 1806/1814
f 6005/6237 6006/6238 6089/6324
f 6091/6326 6005/6237 6089/6324
f 6090/6325 6003/6235 6091/6326
f 1532/1540 1498/1506 1522/1530
f 6165/6403 6085/6320 6167/6405
f 1498/1506 1445/1453 1405/1413
f 1416/1424 1405/1413 1403/1411
f 7398/7812 7399/7813 6166/6404
f 7373/7784 7376/7787 7375/7786
f 7360/7768 7373/7784 7374/7785
f 1247/1255 1245/1253 1248/1256
f 7358/7766 7360/7768 7374/7785
f 1204/1212 1071/1079 1203/1211
f 7336/7739 7299/7695 7335/7738
f 1231/1239 1203/1211 1163/1171
f 1231/1239 1163/1171 1198/1206
f 1198/1206 1196/1204 1236/1244
f 1283/1291 1236/1244 1274/1282
f 3755/3901 3772/3920 3785/3933
f 1283/1291 1274/1282 1323/1331
f 3678/3815 3772/3920 3755/3901
f 1392/1400 1323/1331 1352/1360
f 1392/1400 1352/1360 1435/1443
f 3621/3758 3637/3774 3677/3814
f 3577/3714 3637/3774 3621/3758
f 3542/3679 3537/3674 3577/3714
f 2471/2484 2495/2516 2486/2506
f 3469/3606 3472/3609 3466/3603
f 2472/2485 2486/2506 2474/2488
f 2486/2506 2487/2507 2474/2488
f 5935/6164 5909/6131 5954/6186
f 6002/6234 5937/6166 5936/6165
f 5933/6161 5987/6219 5990/6222
f 5989/6221 5933/6161 5990/6222
f 5986/6218 5932/6160 5989/6221
f 6063/6298 5936/6165 5986/6218
f 6002/6234 5936/6165 6063/6298
f 6062/6297 5937/6166 6002/6234
f 1945/6364 6024/6257 1944/6363
f 1947/1955 1936/1944 1944/1952
f 1939/1947 1936/1944 1935/1943
f 1642/1650 1641/1649 1522/1530
f 1641/1649 1532/1540 1522/1530
f 6168/6406 6084/6319 6159/6397
f 1415/1423 1403/1411 1402/1410
f 7416/7840 6166/6404 6163/6401
f 1402/1410 1371/1379 1414/1422
f 7417/7841 7398/7812 7416/7840
f 1414/1422 1371/1379 1367/1375
f 3961/7839 7417/7841 3921/7849
f 1387/1395 1360/1368 1336/1344
f 3914/4067 3916/4069 3915/4068
f 3914/4067 3925/4078 3916/4069
f 7376/7787 7377/7788 7397/7811
f 7375/7786 7376/7787 7397/7811
f 1256/1264 1246/1254 1247/1255
f 7374/7785 7373/7784 7375/7786
f 1249/1257 1247/1255 1248/1256
f 7359/7767 7358/7766 7374/7785
f 1249/1257 1248/1256 1250/1258
f 1205/1213 1223/1231 1204/1212
f 1223/1231 1224/1232 1204/1212
f 1204/1212 1203/1211 1205/1213
f 1206/1214 1203/1211 1231/1239
f 3837/7757 7333/7736 7336/7739
f 1231/1239 1198/1206 1270/1278
f 3802/7750 7333/7736 3803/7758
f 1283/1291 1198/1206 1236/1244
f 3755/3901 3785/3933 3802/3952
f 3663/3800 3678/3815 3755/3901
f 3677/3814 3678/3815 3663/3800
f 3621/3758 3677/3814 3663/3800
f 1485/1493 1435/1443 1502/1510
f 3581/3718 3577/3714 3621/3758
f 1763/1771 1485/1493 1502/1510
f 3542/3679 3577/3714 3581/3718
f 2480/2500 1763/2515 1742/2533
f 1763/2515 1502/2534 1742/2533
f 3499/3636 3513/3650 3542/3679
f 2480/2500 1742/2533 2496/2517
f 3487/3624 3513/3650 3499/3636
f 2471/2484 2480/2500 2495/2516
f 2480/2500 2496/2517 2495/2516
f 3487/3624 3499/3636 3467/3604
f 3465/3602 3464/3601 3462/3599
f 2468/2481 2470/2483 2469/2482
f 5938/6167 5937/6166 6062/6297
f 5990/6222 5987/6219 6061/6296
f 6128/6365 6024/6257 1945/6364
f 6061/6296 6024/6257 6128/6365
f 1944/1952 1936/1944 1939/1947
f 1806/1814 1641/1649 1807/1815
f 6090/6325 6091/6326 6157/6395
f 6163/6401 6165/6403 6272/6528
f 1414/1422 1367/1375 1430/1438
f 3919/7850 7417/7841 4006/7845
f 1430/1438 1367/1375 1411/1419
f 1411/1419 1359/1367 1410/1418
f 1410/1418 1360/1368 1387/1395
f 3914/4067 3915/4068 3913/4066
f 7396/7810 7375/7786 7397/7811
f 1253/1261 1256/1264 1247/1255
f 7364/7772 7339/7742 7359/7767
f 1252/1260 1260/1268 1223/1231
f 7338/7741 7339/7742 7364/7772
f 7335/7738 7338/7741 7364/7772
f 1205/1213 1203/1211 1206/1214
f 1270/1278 1198/1206 1283/1291
f 3756/3902 3802/3952 3803/3953
f 1297/1305 1270/1278 1283/1291
f 3755/3901 3802/3952 3756/3902
f 1297/1305 1283/1291 1323/1331
f 3731/3876 3663/3800 3755/3901
f 1297/1305 1323/1331 1392/1400
f 1483/1491 1392/1400 1435/1443
f 1483/1491 1435/1443 1485/1493
f 3543/3680 3542/3679 3581/3718
f 3464/3601 3456/3593 3455/3592
f 6071/6306 6062/6297 6002/6234
f 5954/6186 5938/6167 6096/6331
f 6076/6311 5986/6218 5989/6221
f 6063/6298 5986/6218 6076/6311
f 6080/6315 5990/6222 6061/6296
f 5989/6221 5990/6222 6080/6315
f 1944/1952 1939/1947 1943/1951
f 1807/1815 1641/1649 1642/1650
f 1523/1531 1522/1530 1493/1501
f 6167/6405 6168/6406 6169/6407
f 1492/1500 1416/1424 1415/1423
f 1415/1423 1414/1422 1446/1454
f 7416/7840 6163/6401 6272/6528
f 1446/1454 1430/1438 1474/1482
f 1422/1430 1410/1418 1387/1395
f 7397/7811 7377/7788 3907/7830
f 1338/1346 1337/1345 1293/1301
f 1337/1345 1302/1310 1293/1301
f 1257/1265 1293/1301 1256/1264
f 7385/7797 7374/7785 7396/7810
f 7359/7767 7374/7785 7385/7797
f 1251/1259 1249/1257 1250/1258
f 7366/7777 7359/7767 7384/7796
f 1250/1258 1260/1268 1252/1260
f 7364/7772 7359/7767 7366/7777
f 1222/1230 1223/1231 1205/1213
f 1281/1289 1206/1214 1231/1239
f 1281/1289 1205/1213 1206/1214
f 7336/7739 7335/7738 7355/7762
f 3837/7757 7336/7739 3847/7763
f 3828/3979 3803/3953 3837/3988
f 1231/1239 1270/1278 1295/1303
f 1295/1303 1282/1290 1231/1239
f 1295/1303 1270/1278 1297/1305
f 3756/3902 3803/3953 3789/3937
f 3731/3876 3755/3901 3756/3902
f 1391/1399 1297/1305 1392/1400
f 3663/3800 3731/3876 3662/3799
f 1391/1399 1392/1400 1483/1491
f 3566/3703 3581/3718 3621/3758
f 1483/1491 1485/1493 1763/1771
f 3543/3680 3581/3718 3566/3703
f 2464/2477 1763/2515 2480/2500
f 3523/3660 3499/3636 3543/3680
f 2463/2476 2464/2477 2471/2484
f 3467/3604 3477/3614 3463/3600
f 2448/2458 2463/2476 2466/2479
f 2463/2476 2472/2485 2466/2479
f 2446/2456 2466/2479 2447/2457
f 6109/6344 5959/6191 6094/6329
f 6075/6310 5989/6221 6080/6315
f 6076/6311 5989/6221 6075/6310
f 6099/6334 5938/6167 6062/6297
f 6096/6331 5938/6167 6099/6334
f 1945/1953 1944/1952 1943/1951
f 6087/6322 6086/6321 6088/6323
f 6153/6391 6087/6322 6088/6323
f 1939/1947 1935/1943 1940/1948
f 1940/1948 1806/1814 1807/1815
f 1935/1943 1806/1814 1940/1948
f 1642/1650 1523/1531 1644/1652
f 1529/1537 1523/1531 1493/1501
f 1492/1500 1415/1423 1494/1502
f 1494/1502 1415/1423 1446/1454
f 1460/1468 1474/1482 1430/1438
f 3919/4072 4006/4163 3920/4073
f 3919/4072 3920/4073 3918/4071
f 1450/1458 1456/1464 1411/1419
f 1450/1458 1410/1418 1422/1430
f 3913/4066 3918/4071 3912/4065
f 3907/4060 3925/4078 3908/4061
f 7397/7811 3907/7830 7396/7810
f 7385/7797 7396/7810 7409/7828
f 1253/1261 1249/1257 1251/1259
f 1251/1259 1250/1258 1252/1260
f 7355/7762 7364/7772 7365/7774
f 1281/1289 1222/1230 1205/1213
f 3847/7763 7355/7762 3848/7776
f 1281/1289 1231/1239 1282/1290
f 1296/1304 1282/1290 1295/1303
f 3789/3937 3803/3953 3828/3979
f 1348/1356 1295/1303 1297/1305
f 1348/1356 1297/1305 1391/1399
f 1484/1492 1420/1428 1483/1491
f 1420/1428 1391/1399 1483/1491
f 3614/3751 3621/3758 3662/3799
f 3566/3703 3621/3758 3614/3751
f 1803/1811 1483/1491 1763/1771
f 1803/2491 1763/2515 2464/2477
f 2446/2456 2448/2458 2466/2479
f 3455/3592 3448/3585 3447/3584
f 6002/6234 6063/6298 6064/6299
f 6071/6306 6002/6234 6064/6299
f 6070/6305 6076/6311 6075/6310
f 6065/6300 6063/6298 6076/6311
f 6064/6299 6063/6298 6065/6300
f 6080/6315 6061/6296 6081/6316
f 6065/6300 6076/6311 6070/6305
f 6113/6348 6109/6344 6115/6350
f 6122/6357 6114/6349 6120/6355
f 1946/1954 1945/1953 1943/1951
f 1808/1816 1642/1650 1644/1652
f 1807/1815 1642/1650 1808/1816
f 6158/6396 6157/6395 6161/6399
f 1523/1531 1529/1537 1644/1652
f 1529/1537 1493/1501 1492/1500
f 4021/6542 6272/6528 6239/6488
f 1495/1503 1494/1502 1474/1482
f 1494/1502 1446/1454 1474/1482
f 3920/4073 4021/4178 3962/4115
f 3918/4071 3920/4073 3922/4075
f 1423/1431 1422/1430 1385/1393
f 1422/1430 1387/1395 1385/1393
f 3908/4061 3914/4067 3913/4066
f 7396/7810 3907/7830 7408/7827
f 7409/7828 7396/7810 7408/7827
f 7369/7780 7366/7777 7384/7796
f 1251/1259 1252/1260 1303/1311
f 1304/1312 1303/1311 1222/1230
f 1281/1289 1304/1312 1222/1230
f 3848/7776 7355/7762 7365/7774
f 3828/3979 3847/3998 3821/3972
f 3813/3963 3789/3937 3828/3979
f 1346/1354 1296/1304 1295/1303
f 1346/1354 1295/1303 1348/1356
f 3732/3877 3756/3902 3789/3937
f 3731/3876 3756/3902 3732/3877
f 1348/1356 1391/1399 1420/1428
f 3662/3799 3731/3876 3732/3877
f 1650/1658 1484/1492 1483/1491
f 3566/3703 3614/3751 3565/3702
f 1650/1658 1483/1491 1803/1811
f 2462/2475 1803/2491 2464/2477
f 2444/2454 2462/2475 2463/2476
f 2462/2475 2464/2477 2463/2476
f 2436/2444 2446/2456 2445/2455
f 2446/2456 2447/2457 2445/2455
f 6099/6334 6062/6297 6071/6306
f 6093/6328 5954/6186 6096/6331
f 6061/6296 6128/6365 6129/6366
f 6081/6316 6061/6296 6129/6366
f 6080/6315 6081/6316 6082/6317
f 6170/6408 1945/6364 1946/6415
f 6128/6365 1945/6364 6170/6408
f 1943/1951 1939/1947 1941/1949
f 1907/1915 1807/1815 1808/1816
f 1940/1948 1807/1815 1907/1915
f 6169/6407 6158/6396 6161/6399
f 1804/1812 1644/1652 1529/1537
f 1543/1551 1529/1537 1494/1502
f 1529/1537 1492/1500 1494/1502
f 1504/1512 1495/1503 1460/1468
f 1495/1503 1474/1482 1460/1468
f 3922/4075 3962/4115 3923/4076
f 1457/1465 1460/1468 1456/1464
f 3917/4070 3912/4065 3918/4071
f 1452/1460 1422/1430 1423/1431
f 3907/4060 3908/4061 3905/4058
f 1376/1384 1386/1394 1338/1346
f 1338/1346 1293/1301 1376/1384
f 1376/1384 1293/1301 1255/1263
f 7385/7797 7409/7828 7408/7827
f 1319/1327 1251/1259 1303/1311
f 3868/7775 7366/7777 7369/7780
f 3868/7775 7365/7774 7366/7777
f 3821/3972 3847/3998 3848/3999
f 3788/3936 3789/3937 3813/3963
f 3732/3877 3789/3937 3788/3936
f 1421/1429 1420/1428 1484/1492
f 1421/1429 1348/1356 1420/1428
f 3654/3791 3662/3799 3732/3877
f 2461/2474 1650/2498 1803/2491
f 3553/3690 3543/3680 3565/3702
f 2461/2474 1803/2491 2462/2475
f 3527/3664 3543/3680 3553/3690
f 3447/3584 3448/3585 3445/3582
f 6099/6334 6071/6306 6077/6312
f 6075/6310 6080/6315 6082/6317
f 6070/6305 6075/6310 6074/6309
f 6066/6301 6064/6299 6065/6300
f 6077/6312 6071/6306 6066/6301
f 6071/6306 6064/6299 6066/6301
f 6081/6316 6129/6366 6171/6409
f 6074/6309 6075/6310 6082/6317
f 6118/6353 6116/6351 6119/6354
f 6116/6351 6115/6350 6119/6354
f 6129/6366 6128/6365 6170/6408
f 1941/1949 1939/1947 1940/1948
f 1946/1954 1943/1951 1941/1949
f 1942/1950 1940/1948 1907/1915
f 6160/6398 6154/6392 6221/6466
f 1808/1816 1644/1652 1804/1812
f 1543/1551 1494/1502 1542/1550
f 3923/4076 3962/4115 3989/4144
f 3962/4115 4020/4177 3989/4144
f 1504/1512 1460/1468 1457/1465
f 3889/4042 3922/4075 3923/4076
f 3917/4070 3918/4071 3888/4041
f 3910/4063 3913/4066 3912/4065
f 3910/4063 3908/4061 3913/4066
f 1424/1432 1385/1393 1386/1394
f 3905/4058 3908/4061 3910/4063
f 3907/4060 3905/4058 3906/4059
f 7408/7827 3907/7830 3906/7829
f 1376/1384 1255/1263 1329/1337
f 1329/1337 1255/1263 1254/1262
f 3901/7798 7369/7780 7384/7796
f 7369/7780 3901/7798 3868/7775
f 1304/1312 1281/1289 1317/1325
f 3821/3972 3848/3999 3839/3990
f 1334/1342 1310/1318 1296/1304
f 3787/3935 3813/3963 3821/3972
f 1383/1391 1346/1354 1348/1356
f 3728/3870 3732/3877 3757/3903
f 1383/1391 1348/1356 1421/1429
f 3654/3791 3732/3877 3728/3870
f 1514/1522 1421/1429 1484/1492
f 3615/3752 3614/3751 3654/3791
f 1514/1522 1484/1492 1650/1658
f 3565/3702 3614/3751 3615/3752
f 2442/2451 2462/2475 2444/2454
f 3500/3637 3482/3619 3527/3664
f 2427/2435 2448/2458 2431/2439
f 3451/3588 3463/3600 3458/3595
f 6100/6335 6099/6334 6077/6312
f 6096/6331 6099/6334 6100/6335
f 6174/6416 6081/6316 6171/6409
f 6082/6317 6081/6316 6174/6416
f 6127/6362 6124/6359 6125/6360
f 6243/6492 6160/6398 6221/6466
f 1909/1917 1804/1812 1543/1551
f 1909/1917 1906/1914 1804/1812
f 1906/1914 1808/1816 1804/1812
f 1811/1819 1542/1550 1504/1512
f 3958/4111 3923/4076 3959/4112
f 3923/4076 3989/4144 3959/4112
f 1504/1512 1457/1465 1459/1467
f 3889/4042 3923/4076 3958/4111
f 3911/4064 3912/4065 3917/4070
f 1424/1432 1386/1394 1390/1398
f 3909/7824 7385/7797 7408/7827
f 1329/1337 1254/1262 1328/1336
f 1254/1262 1319/1327 1328/1336
f 3867/7799 3868/7775 3901/7798
f 1321/1329 1320/1328 1304/1312
f 1321/1329 1304/1312 1318/1326
f 1318/1326 1304/1312 1317/1325
f 3838/7815 3839/7773 3868/7775
f 3801/3951 3821/3972 3839/3990
f 3787/3935 3821/3972 3801/3951
f 3757/3903 3788/3936 3787/3935
f 3615/3752 3654/3791 3646/3783
f 2456/2467 1514/2499 1650/2498
f 3571/3708 3565/3702 3615/3752
f 2456/2467 1650/2498 2461/2474
f 3553/3690 3565/3702 3571/3708
f 3535/3672 3527/3664 3553/3690
f 2426/2434 2442/2451 2444/2454
f 3477/3614 3500/3637 3458/3595
f 6097/6332 6093/6328 6096/6331
f 6066/6301 6065/6300 6067/6302
f 6098/6333 6095/6330 6097/6332
f 6105/6340 6095/6330 6098/6333
f 6129/6366 6170/6408 6171/6409
f 6073/6308 6074/6309 6082/6317
f 6126/6361 6120/6355 6121/6356
f 6170/6408 1946/6415 2014/6412
f 1985/1993 1941/1949 1942/1950
f 1970/1978 1907/1915 1906/1914
f 1942/1950 1907/1915 1970/1978
f 1909/1917 1543/1551 1823/1831
f 4059/6493 6243/6492 4061/6494
f 3990/4145 4059/4220 4061/4222
f 1811/1819 1504/1512 1459/1467
f 1459/1467 1457/1465 1458/1466
f 3887/4040 3917/4070 3888/4041
f 1377/1385 1376/1384 1329/1337
f 3901/7798 7385/7797 3902/7823
f 1356/1364 1328/1336 1320/1328
f 1318/1326 1317/1325 1350/1358
f 1382/1390 1347/1355 1346/1354
f 3738/3884 3757/3903 3787/3935
f 1382/1390 1346/1354 1383/1391
f 3728/3870 3757/3903 3738/3884
f 3636/3773 3615/3752 3646/3783
f 3571/3708 3636/3773 3588/3725
f 3571/3708 3615/3752 3636/3773
f 2433/2441 2456/2467 2461/2474
f 3553/3690 3571/3708 3561/3698
f 2433/2441 2461/2474 2442/2451
f 2420/2428 2433/2441 2442/2451
f 2420/2428 2442/2451 2426/2434
f 3458/3595 3500/3637 3457/3594
f 2399/2407 2427/2435 2421/2429
f 6097/6332 6096/6331 6100/6335
f 6077/6312 6066/6301 6069/6304
f 6102/6337 6100/6335 6077/6312
f 6106/6341 6105/6340 6098/6333
f 6073/6308 6082/6317 6174/6416
f 6174/6416 6171/6409 6173/6411
f 6127/6362 6125/6360 6126/6361
f 6172/6410 6170/6408 2014/6412
f 6171/6409 6170/6408 6172/6410
f 6225/6472 6156/6394 6231/6480
f 1985/1993 1942/1950 1970/1978
f 4065/6495 6225/6472 6230/6479
f 1957/1965 1970/1978 1909/1917
f 1960/1968 1823/1831 1950/1958
f 1960/1968 1957/1965 1823/1831
f 1957/1965 1909/1917 1823/1831
f 3990/4145 4061/4222 4003/4159
f 3959/4112 3989/4144 3949/4102
f 3959/4112 3949/4102 3948/4101
f 1458/1466 1455/1463 1454/1462
f 3886/4039 3888/4041 3889/4042
f 3887/4040 3888/4041 3886/4039
f 1454/1462 1452/1460 1451/1459
f 3911/4064 3917/4070 3887/4040
f 3877/4030 3911/4064 3887/4040
f 1424/1432 1390/1398 1425/1433
f 3906/4059 3905/4058 3904/4057
f 3909/4062 3906/4059 3904/4057
f 1356/1364 1320/1328 1321/1329
f 3838/3989 3867/4019 3846/3997
f 3800/3950 3801/3951 3838/3989
f 1393/1401 1350/1358 1347/1355
f 1350/1358 1334/1342 1347/1355
f 3748/3894 3801/3951 3800/3950
f 3738/3884 3787/3935 3748/3894
f 1501/1509 1382/1390 1421/1429
f 1382/1390 1383/1391 1421/1429
f 3636/3773 3646/3783 3672/3809
f 3646/3783 3728/3870 3672/3809
f 1759/1767 1501/1509 1514/1522
f 1501/1509 1421/1429 1514/1522
f 1759/2448 1514/2499 2456/2467
f 3561/3698 3571/3708 3588/3725
f 3509/3646 3500/3637 3535/3672
f 2398/2406 2420/2428 2426/2434
f 2384/2392 2383/2391 2413/2421
f 6104/6339 6100/6335 6102/6337
f 6097/6332 6100/6335 6104/6339
f 6068/6303 6066/6301 6067/6302
f 6069/6304 6066/6301 6068/6303
f 6072/6307 6067/6302 6073/6308
f 6067/6302 6074/6309 6073/6308
f 6068/6303 6067/6302 6072/6307
f 6173/6411 6171/6409 6172/6410
f 6175/6417 6174/6416 6173/6411
f 2002/2010 1985/1993 1970/1978
f 1999/2007 1970/1978 1957/1965
f 3949/4102 4003/4159 3955/4108
f 1950/1958 1812/1820 1951/1959
f 1820/1828 1472/1480 1819/1827
f 3894/4047 3958/4111 3959/4112
f 3890/4043 3889/4042 3958/4111
f 3886/4039 3889/4042 3890/4043
f 1471/1479 1454/1462 1451/1459
f 3883/4036 3877/4030 3887/4040
f 3878/4031 3910/4063 3877/4030
f 1426/1434 1425/1433 1389/1397
f 3860/4012 3867/4019 3902/4055
f 3867/4019 3901/4054 3902/4055
f 3867/4019 3860/4012 3846/3997
f 3829/3980 3838/3989 3846/3997
f 3800/3950 3838/3989 3829/3980
f 3748/3894 3800/3950 3768/3914
f 1394/1402 1347/1355 1419/1427
f 3672/3809 3738/3884 3748/3894
f 1419/1427 1382/1390 1501/1509
f 3636/3773 3672/3809 3655/3792
f 2439/2447 1501/2486 1759/2448
f 3636/3773 3655/3792 3620/3757
f 3588/3725 3636/3773 3620/3757
f 2422/2430 1759/2448 2433/2441
f 1759/2448 2456/2467 2433/2441
f 2429/2437 1759/2448 2422/2430
f 3551/3688 3535/3672 3561/3698
f 2422/2430 2433/2441 2420/2428
f 3509/3646 3535/3672 3551/3688
f 2381/2389 2387/2395 2382/2390
f 2371/2379 2381/2389 2382/2390
f 6101/6336 6069/6304 6068/6303
f 6077/6312 6069/6304 6101/6336
f 6176/6418 6174/6416 6175/6417
f 6073/6308 6174/6416 6176/6418
f 6236/6485 6178/6420 6238/6487
f 6233/6482 6232/6481 6236/6485
f 6172/6410 2014/6412 2013/6532
f 3998/4154 4065/4226 4064/4225
f 4003/4159 4061/4222 3998/4154
f 4061/4222 4065/4226 3998/4154
f 1999/2007 1957/1965 2005/2013
f 2006/2014 1999/2007 2005/2013
f 4003/4159 3998/4154 3955/4108
f 3950/4103 3955/4108 3956/4109
f 1961/1969 1950/1958 1951/1959
f 1951/1959 1820/1828 1955/1963
f 3894/4047 3959/4112 3948/4101
f 1955/1963 1820/1828 1819/1827
f 3890/4043 3958/4111 3894/4047
f 3891/4044 3886/4039 3890/4043
f 1458/1466 1454/1462 1471/1479
f 1462/1470 1471/1479 1453/1461
f 1462/1470 1453/1461 1426/1434
f 1380/1388 1356/1364 1357/1365
f 3860/4012 3902/4055 3903/4056
f 1357/1365 1354/1362 1358/1366
f 1358/1366 1350/1358 1393/1401
f 3800/3950 3829/3980 3798/3948
f 3768/3914 3800/3950 3798/3948
f 3748/3894 3768/3914 3721/3860
f 3672/3809 3721/3860 3655/3792
f 3587/3724 3588/3725 3620/3757
f 3561/3698 3588/3725 3587/3724
f 2397/2405 2422/2430 2420/2428
f 3534/3671 3509/3646 3551/3688
f 2397/2405 2420/2428 2398/2406
f 6102/6337 6077/6312 6101/6336
f 6068/6303 6072/6307 6078/6313
f 6079/6314 6068/6303 6078/6313
f 6101/6336 6068/6303 6079/6314
f 6103/6338 6102/6337 6101/6336
f 6104/6339 6102/6337 6235/6484
f 6244/6496 6073/6308 6176/6418
f 6240/6489 6112/6347 6227/6474
f 6173/6411 6172/6410 6274/6530
f 6175/6417 6173/6411 6274/6530
f 6172/6410 2013/6532 2027/6531
f 2007/2015 1999/2007 2006/2014
f 2008/2016 2007/2015 2006/2014
f 3998/4154 4064/4225 4002/4158
f 2583/2623 2006/2655 2005/2656
f 2005/2656 1961/2661 2579/2615
f 3956/4109 3955/4108 3971/4126
f 1961/2661 1951/2617 2578/2614
f 3894/4047 3951/4104 3953/4106
f 1470/1478 1472/1480 1458/1466
f 1465/1473 1458/1466 1471/1479
f 3883/4036 3886/4039 3885/4038
f 3861/4013 3903/4056 3904/4057
f 1381/1389 1380/1388 1357/1365
f 3860/4012 3903/4056 3861/4013
f 3846/3997 3860/4012 3835/3986
f 1401/1409 1357/1365 1358/1366
f 1412/1420 1358/1366 1393/1401
f 3798/3948 3829/3980 3799/3949
f 1412/1420 1393/1401 1413/1421
f 1438/1446 1394/1402 1437/1445
f 1438/1446 1413/1421 1394/1402
f 1413/1421 1393/1401 1394/1402
f 3768/3914 3798/3948 3767/3913
f 3721/3860 3768/3914 3767/3913
f 3721/3860 3767/3913 3676/3813
f 3721/3860 3676/3813 3655/3792
f 2417/2425 1530/2468 2439/2447
f 3613/3750 3620/3757 3655/3792
f 3620/3757 3613/3750 3587/3724
f 3556/3693 3561/3698 3587/3724
f 2409/2417 2429/2437 2422/2430
f 3551/3688 3561/3698 3556/3693
f 3534/3671 3551/3688 3556/3693
f 3453/3590 3522/3659 3528/3665
f 2373/2381 2386/2394 2381/2389
f 3453/3590 3528/3665 3461/3598
f 6235/6484 6102/6337 6103/6338
f 6072/6307 6073/6308 6244/6496
f 6078/6313 6072/6307 6244/6496
f 6101/6336 6079/6314 6280/6538
f 6176/6418 6175/6417 6274/6530
f 6079/6314 6078/6313 6280/6538
f 6240/6489 6227/6474 6241/6490
f 2027/2035 2013/2021 2026/2034
f 4066/6478 6234/6483 4054/6582
f 4001/4157 4002/4158 4054/4212
f 4002/4158 4066/4228 4054/4212
f 2008/2654 2006/2655 2583/2623
f 3998/4154 4002/4158 4001/4157
f 3971/4126 3998/4154 4001/4157
f 2583/2623 2005/2656 2579/2615
f 3956/4109 3971/4126 3972/4127
f 2575/2611 2579/2615 2578/2614
f 3954/4107 3956/4109 3957/4110
f 3951/4104 3950/4103 3952/4105
f 1955/1963 1819/1827 1954/1962
f 3875/4028 3878/4031 3877/4030
f 3861/4013 3904/4057 3878/4031
f 1381/1389 1357/1365 1401/1409
f 3799/3949 3846/3997 3835/3986
f 3767/3913 3741/3887 3676/3813
f 1497/1505 1496/1504 1530/1538
f 3655/3792 3676/3813 3632/3769
f 3655/3792 3632/3769 3613/3750
f 3580/3717 3587/3724 3613/3750
f 3556/3693 3580/3717 3557/3694
f 3556/3693 3557/3694 3539/3676
f 2378/2386 2388/2396 2397/2405
f 2373/2381 2378/2386 2386/2394
f 2378/2386 2397/2405 2386/2394
f 3522/3659 3534/3671 3539/3676
f 2372/2380 2373/2381 2381/2389
f 2363/2371 2371/2379 2364/2372
f 3531/3668 3460/3597 3459/3596
f 2362/2370 2363/2371 2364/2372
f 6278/6536 6235/6484 6103/6338
f 6277/6535 6226/6473 6235/6484
f 6245/6497 6078/6313 6244/6496
f 6280/6538 6078/6313 6245/6497
f 6279/6537 6101/6336 6280/6538
f 6103/6338 6101/6336 6279/6537
f 6241/6490 6227/6474 6228/6475
f 6177/6419 6240/6489 6276/6534
f 6238/6487 6177/6419 6276/6534
f 2722/6540 6244/6496 6176/6418
f 6276/6534 6240/6489 6241/6490
f 6275/6533 6238/6487 6276/6534
f 2677/2730 2028/2777 2026/2720
f 4060/6583 6234/6483 6275/6533
f 6234/6483 6237/6486 6275/6533
f 4001/4157 4054/4212 4008/4165
f 2589/2629 2008/2654 2586/2626
f 3972/4127 3971/4126 3973/4128
f 2578/2614 1951/2617 2580/2616
f 3952/4105 3950/4103 3954/4107
f 1954/1962 1951/1959 1955/1963
f 3894/4047 3953/4106 3895/4048
f 3892/4045 3891/4044 3893/4046
f 3892/4045 3885/4038 3891/4044
f 3884/4037 3883/4036 3885/4038
f 3876/4029 3877/4030 3883/4036
f 3875/4028 3877/4030 3876/4029
f 3861/4013 3878/4031 3853/4005
f 1432/1440 1388/1396 1381/1389
f 1432/1440 1381/1389 1401/1409
f 1412/1420 1413/1421 1476/1484
f 3774/3922 3799/3949 3810/3960
f 1477/1485 1476/1484 1438/1446
f 1476/1484 1413/1421 1438/1446
f 3767/3913 3799/3949 3774/3922
f 1534/1542 1477/1485 1497/1505
f 1477/1485 1438/1446 1497/1505
f 3692/3829 3676/3813 3741/3887
f 3676/3813 3692/3829 3632/3769
f 3580/3717 3632/3769 3604/3741
f 3613/3750 3632/3769 3580/3717
f 3539/3676 3557/3694 3567/3704
f 3539/3676 3567/3704 3550/3687
f 2361/2369 2378/2386 2373/2381
f 2354/2362 2361/2369 2373/2381
f 2354/2362 2373/2381 2372/2380
f 2363/2371 2354/2362 2371/2379
f 2354/2362 2372/2380 2371/2379
f 6277/6535 6235/6484 6278/6536
f 6295/6561 6277/6535 6278/6536
f 6293/6559 6228/6475 6277/6535
f 6294/6560 6241/6490 6293/6559
f 6241/6490 6228/6475 6293/6559
f 2633/2679 2722/2778 2677/2730
f 4070/6574 6276/6534 6294/6560
f 6276/6534 6241/6490 6294/6560
f 4063/6575 6276/6534 4070/6574
f 6275/6533 6276/6534 4063/6575
f 2677/2730 2026/2720 2611/2651
f 4062/6584 6275/6533 4063/6575
f 4046/4203 4060/4221 4062/4223
f 4060/6583 6275/6533 4062/6584
f 4008/4165 4054/4212 4060/4221
f 2613/2653 2612/2652 2611/2651
f 4008/4165 4060/4221 4046/4203
f 3972/4127 3973/4128 3974/4129
f 3957/4110 3956/4109 3972/4127
f 1951/1959 1954/1962 1978/1986
f 2580/2616 1951/2617 1978/2618
f 3932/4085 3951/4104 3952/4105
f 3953/4106 3951/4104 3932/4085
f 1954/1962 1818/1826 1953/1961
f 1473/1481 1463/1471 1432/1440
f 1463/1471 1388/1396 1432/1440
f 3851/4002 3853/4005 3836/3987
f 3835/3986 3851/4002 3836/3987
f 3810/3960 3835/3986 3814/3964
f 3774/3922 3810/3960 3786/3934
f 3741/3887 3774/3922 3740/3886
f 3741/3887 3740/3886 3692/3829
f 3632/3769 3692/3829 3674/3811
f 3580/3717 3604/3741 3583/3720
f 3557/3694 3580/3717 3582/3719
f 3580/3717 3583/3720 3582/3719
f 3557/3694 3582/3719 3567/3704
f 3546/3683 3533/3670 3547/3684
f 2336/2344 2354/2362 2363/2371
f 6295/6561 6278/6536 6299/6571
f 6293/6559 6277/6535 6295/6561
f 2721/6590 6298/6569 2724/6570
f 2725/6588 6295/6561 6299/6571
f 6293/6559 6295/6561 2725/6588
f 2627/2673 2633/2679 2628/2674
f 6294/6560 6293/6559 2726/6592
f 4045/4202 4070/4238 4069/4236
f 4070/6574 6294/6560 4069/6602
f 4063/4224 4070/4238 4045/4202
f 4024/4181 4063/4224 4045/4202
f 4062/4223 4063/4224 4024/4181
f 4046/4203 4062/4223 4024/4181
f 2605/2645 2611/2651 2610/2650
f 2607/2647 2611/2651 2605/2645
f 4013/4170 4046/4203 4024/4181
f 4008/4165 4046/4203 4013/4170
f 3985/4140 3986/4141 4007/4164
f 3976/4131 3986/4141 3985/4140
f 3976/4131 3973/4128 3986/4141
f 3973/4128 4001/4157 3986/4141
f 3970/4125 3972/4127 3974/4129
f 3957/4110 3972/4127 3970/4125
f 3954/4107 3957/4110 3942/4095
f 3895/4048 3953/4106 3932/4085
f 3893/4046 3895/4048 3896/4049
f 1469/1477 1465/1473 1466/1474
f 1466/1474 1465/1473 1461/1469
f 1489/1497 1433/1441 1488/1496
f 1433/1441 1439/1447 1488/1496
f 3786/3934 3810/3960 3814/3964
f 3740/3886 3774/3922 3786/3934
f 1476/1484 1477/1485 1526/1534
f 1526/1534 1477/1485 1534/1542
f 3692/3829 3740/3886 3726/3868
f 3692/3829 3726/3868 3674/3811
f 3604/3741 3631/3768 3617/3754
f 3604/3741 3632/3769 3631/3768
f 3604/3741 3617/3754 3583/3720
f 2347/2355 2361/2369 2354/2362
f 2335/2343 2347/2355 2354/2362
f 2335/2343 2354/2362 2336/2344
f 2148/2156 2336/2344 2363/2371
f 3545/3682 3532/3669 3552/3689
f 2344/2352 2148/2156 2362/2370
f 6299/6571 6298/6569 2721/6590
f 2726/6592 6293/6559 2725/6588
f 2697/2752 2723/2779 2702/2757
f 2723/2779 2721/2776 2702/2757
f 2698/2753 2725/2781 2697/2752
f 2725/2781 2723/2779 2697/2752
f 4068/4234 2726/4237 2714/4233
f 4069/4236 2726/4237 4068/4234
f 4044/4201 4069/4236 4068/4234
f 4045/4202 4069/4236 4044/4201
f 2627/2673 2628/2674 2606/2646
f 2689/2744 2629/2675 2688/2743
f 4043/4200 4045/4202 4044/4201
f 4013/4170 4024/4181 4014/4171
f 3985/4140 4007/4164 3984/4139
f 3983/4138 3976/4131 3985/4140
f 2575/2611 2576/2612 2577/2613
f 3929/4082 3895/4048 3932/4085
f 3898/4051 3895/4048 3929/4082
f 3898/4051 3896/4049 3895/4048
f 3892/4045 3893/4046 3896/4049
f 3884/4037 3892/4045 3882/4035
f 3876/4029 3884/4037 3882/4035
f 3845/3996 3875/4028 3856/4008
f 3845/3996 3853/4005 3875/4028
f 1475/1483 1464/1472 1473/1481
f 1464/1472 1463/1471 1473/1481
f 3836/3987 3845/3996 3826/3977
f 3814/3964 3836/3987 3826/3977
f 3786/3934 3814/3964 3754/3900
f 3740/3886 3786/3934 3754/3900
f 3740/3886 3754/3900 3726/3868
f 3583/3720 3617/3754 3596/3733
f 3583/3720 3596/3733 3582/3719
f 2333/2341 2346/2354 2361/2369
f 3547/3684 3550/3687 3555/3692
f 2333/2341 2361/2369 2347/2355
f 2148/2156 2335/2343 2336/2344
f 2146/2154 2148/2156 2344/2352
f 2690/2745 2689/2744 2688/2743
f 2714/2769 2698/2753 2713/2768
f 4067/4231 4068/4234 2714/4233
f 4025/4182 4045/4202 4043/4200
f 2631/2677 2627/2673 2626/2672
f 4023/4180 4024/4181 4025/4182
f 4014/4171 4024/4181 4023/4180
f 2626/2672 2627/2673 2606/2646
f 4012/4169 4013/4170 4014/4171
f 4007/4164 4013/4170 4012/4169
f 3984/4139 4007/4164 4012/4169
f 3975/4130 3973/4128 3976/4131
f 3974/4129 3973/4128 3975/4130
f 3932/4085 3954/4107 3942/4095
f 2574/2610 1978/2618 1975/2619
f 1978/1986 1977/1985 1975/1983
f 3929/4082 3932/4085 3933/4086
f 1975/1983 1977/1985 1953/1961
f 1817/1825 1470/1478 1816/1824
f 3892/4045 3896/4049 3897/4050
f 3897/4050 3882/4035 3892/4045
f 1461/1469 1463/1471 1464/1472
f 1475/1483 1473/1481 1500/1508
f 1500/1508 1433/1441 1489/1497
f 3814/3964 3826/3977 3781/3929
f 3754/3900 3814/3964 3781/3929
f 3726/3868 3754/3900 3753/3899
f 3726/3868 3753/3899 3727/3869
f 3674/3811 3726/3868 3685/3822
f 3726/3868 3727/3869 3685/3822
f 3674/3811 3685/3822 3643/3780
f 3631/3768 3674/3811 3643/3780
f 3631/3768 3643/3780 3617/3754
f 3567/3704 3582/3719 3568/3705
f 3582/3719 3596/3733 3568/3705
f 2345/2353 2366/2374 2346/2354
f 2146/2154 2147/2155 2148/2156
f 3548/3685 3549/3686 3558/3695
f 2702/2757 2690/2745 2701/2756
f 4044/4201 4068/4234 4067/4231
f 3983/4138 3985/4140 3984/4139
f 3967/4120 3974/4129 3975/4130
f 3970/4125 3974/4129 3967/4120
f 3933/4086 3942/4095 3938/4091
f 1975/1983 1953/1961 1976/1984
f 1953/1961 1816/1824 1952/1960
f 3897/4050 3896/4049 3898/4051
f 3856/4008 3876/4029 3882/4035
f 1521/1529 1512/1520 1527/1535
f 3754/3900 3781/3929 3780/3928
f 3754/3900 3780/3928 3753/3899
f 3596/3733 3617/3754 3605/3742
f 3555/3692 3568/3705 3575/3712
f 2149/2157 2346/2354 2333/2341
f 2152/2160 2333/2341 2347/2355
f 2152/2160 2347/2355 2335/2343
f 2136/2144 2152/2160 2335/2343
f 2136/2144 2335/2343 2147/2155
f 2335/2343 2148/2156 2147/2155
f 2134/2142 2147/2155 2146/2154
f 2713/2768 2698/2753 2696/2751
f 4040/4197 4044/4201 4067/4231
f 4039/4196 4043/4200 4040/4197
f 4043/4200 4044/4201 4040/4197
f 4011/4168 3984/4139 4012/4169
f 3975/4130 3976/4131 3983/4138
f 2569/2605 2582/2622 2570/2606
f 2571/2607 2573/2609 2574/2610
f 3939/4092 3970/4125 3967/4120
f 3938/4091 3970/4125 3939/4092
f 3928/4081 3929/4082 3931/4084
f 1976/1984 1953/1961 1952/1960
f 3928/4081 3898/4051 3929/4082
f 1952/1960 1816/1824 1821/1829
f 3881/4034 3897/4050 3898/4051
f 1815/1823 1816/1824 1469/1477
f 3882/4035 3873/4025 3855/4007
f 1524/1532 1467/1475 1475/1483
f 3825/3976 3856/4008 3827/3978
f 1524/1532 1475/1483 1500/1508
f 1520/1528 1500/1508 1519/1527
f 3781/3929 3825/3976 3780/3928
f 3727/3869 3753/3899 3718/3857
f 3685/3822 3727/3869 3718/3857
f 3643/3780 3685/3822 3661/3798
f 3643/3780 3661/3798 3618/3755
f 3617/3754 3643/3780 3618/3755
f 3617/3754 3618/3755 3605/3742
f 3596/3733 3605/3742 3593/3730
f 3568/3705 3596/3733 3593/3730
f 3568/3705 3593/3730 3575/3712
f 2144/2152 2149/2157 2333/2341
f 3564/3701 3555/3692 3575/3712
f 2144/2152 2333/2341 2152/2160
f 3562/3699 3555/3692 3564/3701
f 2143/2151 2144/2152 2152/2160
f 2143/2151 2152/2160 2136/2144
f 2136/2144 2147/2155 2134/2142
f 2701/2756 2690/2745 2658/2707
f 2695/2750 2702/2757 2701/2756
f 2697/2752 2702/2757 2695/2750
f 2696/2751 2697/2752 2695/2750
f 2632/2678 2631/2677 2626/2672
f 2688/2743 2631/2677 2632/2678
f 4039/4196 4025/4182 4043/4200
f 4030/4187 4025/4182 4039/4196
f 2604/2644 2605/2645 2603/2643
f 4014/4171 4023/4180 4026/4183
f 2596/2636 2610/2650 2591/2631
f 2596/2636 2603/2643 2610/2650
f 4011/4168 4012/4169 4014/4171
f 3994/4149 3984/4139 4011/4168
f 2591/2631 2588/2628 2585/2625
f 3982/4137 3983/4138 3984/4139
f 2568/2604 2588/2628 2569/2605
f 3937/4090 3938/4091 3939/4092
f 3934/4087 3938/4091 3937/4090
f 3931/4084 3933/4086 3934/4087
f 3854/4006 3855/4007 3873/4025
f 3827/3978 3855/4007 3854/4006
f 3811/3961 3825/3976 3819/3970
f 3825/3976 3827/3978 3819/3970
f 3780/3928 3825/3976 3811/3961
f 3780/3928 3811/3961 3761/3907
f 3735/3880 3753/3899 3780/3928
f 2440/2449 2443/2452 2416/2424
f 3753/3899 3735/3880 3718/3857
f 3685/3822 3694/3831 3661/3798
f 3618/3755 3661/3798 3628/3765
f 3618/3755 3628/3765 3605/3742
f 2135/2143 2138/2146 2143/2151
f 2132/2140 2135/2143 2136/2144
f 2132/2140 2136/2144 2134/2142
f 2133/2141 2132/2140 2134/2142
f 2632/2678 2626/2672 2625/2671
f 2715/2770 2713/2768 2712/2767
f 4067/4231 2715/4232 2716/4230
f 4041/4198 4067/4231 2716/4230
f 2658/2707 2656/2705 2655/2704
f 2602/2642 2604/2644 2603/2643
f 3982/4137 3984/4139 3994/4149
f 2568/2604 2569/2605 2557/2593
f 3975/4130 3983/4138 3981/4136
f 3939/4092 3967/4120 3966/4119
f 1974/1982 1975/1983 1976/1984
f 3881/4034 3928/4081 3880/4033
f 1934/1942 1815/1823 1525/1533
f 3873/4025 3881/4034 3865/4017
f 1934/1942 1525/1533 1822/1830
f 3827/3978 3854/4006 3819/3970
f 3735/3880 3780/3928 3761/3907
f 3718/3857 3735/3880 3694/3831
f 3661/3798 3694/3831 3669/3806
f 3661/3798 3669/3806 3628/3765
f 3627/3764 3605/3742 3628/3765
f 3593/3730 3605/3742 3606/3743
f 3605/3742 3627/3764 3606/3743
f 2142/2150 2270/2278 2150/2158
f 2142/2150 2150/2158 2140/2148
f 2137/2145 2140/2148 2144/2152
f 2140/2148 2149/2157 2144/2152
f 3564/3701 3585/3722 3578/3715
f 3564/3701 3575/3712 3585/3722
f 3562/3699 3564/3701 3578/3715
f 2127/2135 2137/2145 2138/2146
f 2127/2135 2138/2146 2135/2143
f 2130/2138 2132/2140 2133/2141
f 3574/3711 3573/3710 3584/3721
f 2694/2749 2713/2768 2696/2751
f 2712/2767 2713/2768 2694/2749
f 2716/2771 2715/2770 2712/2767
f 2656/2705 2632/2678 2624/2670
f 2674/2726 2683/2738 2655/2704
f 2683/2738 2658/2707 2655/2704
f 2686/2741 2701/2756 2683/2738
f 2694/2749 2695/2750 2686/2741
f 2696/2751 2695/2750 2694/2749
f 2686/2741 2683/2738 2674/2726
f 2624/2670 2625/2671 2620/2666
f 2656/2705 2624/2670 2621/2667
f 4030/4187 4039/4196 4031/4188
f 4026/4183 4023/4180 4030/4187
f 4015/4172 4011/4168 4014/4171
f 3981/4136 3983/4138 3982/4137
f 3966/4119 3975/4130 3981/4136
f 3872/4024 3931/4084 3934/4087
f 1956/1964 1971/1979 1821/1829
f 1956/1964 1815/1823 1934/1942
f 3820/3971 3854/4006 3865/4017
f 3819/3970 3854/4006 3820/3971
f 2494/2514 1520/2529 2473/2487
f 3771/3917 3819/3970 3812/3962
f 3811/3961 3819/3970 3771/3917
f 3761/3907 3811/3961 3771/3917
f 3694/3831 3735/3880 3712/3850
f 3694/3831 3712/3850 3669/3806
f 3628/3765 3669/3806 3645/3782
f 3628/3765 3645/3782 3627/3764
f 3585/3722 3594/3731 3595/3732
f 2126/2134 2127/2135 2135/2143
f 2126/2134 2132/2140 2130/2138
f 2120/2128 2126/2134 2130/2138
f 4042/4199 4041/4198 2716/4230
f 2601/2641 2602/2642 2597/2637
f 2620/2666 2602/2642 2617/2663
f 2621/2667 2624/2670 2620/2666
f 3966/4119 3981/4136 3979/4134
f 1972/1980 1971/1979 1956/1964
f 1972/2560 1956/2579 2516/2542
f 1956/2579 1934/2543 2516/2542
f 3818/3969 3820/3971 3842/3993
f 3820/3971 3865/4017 3842/3993
f 2493/2513 1934/2543 2494/2514
f 3771/3917 3812/3962 3759/3905
f 3735/3880 3761/3907 3712/3850
f 3712/3850 3722/3861 3681/3818
f 3681/3818 3669/3806 3712/3850
f 3645/3782 3669/3806 3681/3818
f 3627/3764 3645/3782 3607/3744
f 2199/2207 2338/2346 2270/2278
f 2141/2149 2270/2278 2142/2150
f 3594/3731 3606/3743 3603/3740
f 3606/3743 3607/3744 3603/3740
f 2141/2149 2142/2150 2131/2139
f 3594/3731 3603/3740 3595/3732
f 2131/2139 2140/2148 2137/2145
f 2121/2129 2122/2130 2127/2135
f 2122/2130 2137/2145 2127/2135
f 2121/2129 2127/2135 2126/2134
f 2120/2128 2119/2127 2126/2134
f 2693/2748 2686/2741 2685/2740
f 4026/4183 4030/4187 4028/4185
f 3994/4149 4011/4168 4015/4172
f 2601/2641 2597/2637 2598/2638
f 3994/4149 4015/4172 4016/4173
f 3982/4137 3994/4149 3993/4148
f 3980/4135 3982/4137 3993/4148
f 3981/4136 3982/4137 3980/4135
f 3964/4117 3966/4119 3979/4134
f 3965/4118 3966/4119 3964/4117
f 3940/4093 3939/4092 3965/4118
f 3937/4090 3939/4092 3940/4093
f 3935/4088 3934/4087 3937/4090
f 2551/2586 2581/2620 1974/2621
f 3880/4033 3930/4083 3871/4023
f 3862/4014 3880/4033 3871/4023
f 3842/3993 3865/4017 3862/4014
f 2493/2513 2494/2514 2451/2461
f 3812/3962 3818/3969 3760/3906
f 3759/3905 3760/3906 3742/3888
f 2368/2376 2396/2404 2394/2402
f 2368/2376 2394/2402 2350/2358
f 3645/3782 3681/3818 3657/3794
f 3645/3782 3657/3794 3607/3744
f 2114/2122 2131/2139 2122/2130
f 3590/3727 3602/3739 3599/3736
f 2114/2122 2122/2130 2121/2129
f 2061/2069 2060/2068 2121/2129
f 2061/2069 2121/2129 2119/2127
f 2121/2129 2126/2134 2119/2127
f 3591/3728 3592/3729 3598/3735
f 2062/2070 2061/2069 2119/2127
f 2674/2726 2655/2704 2673/2725
f 4035/4192 4038/4195 4041/4198
f 4028/4185 4030/4187 4031/4188
f 4022/4179 4015/4172 4026/4183
f 4028/4185 4031/4188 4032/4189
f 3979/4134 3981/4136 3980/4135
f 2564/2600 2565/2601 2566/2602
f 2565/2601 2572/2608 2566/2602
f 3936/4089 3937/4090 3940/4093
f 2567/2603 2566/2602 2551/2586
f 2566/2602 2572/2608 2551/2586
f 3935/4088 3937/4090 3936/4089
f 3871/4023 3930/4083 3872/4024
f 2514/2540 1973/2561 1972/2560
f 3842/3993 3862/4014 3841/3992
f 2510/2535 2516/2542 2492/2512
f 3818/3969 3842/3993 3841/3992
f 3818/3969 3841/3992 3809/3959
f 3760/3906 3818/3969 3809/3959
f 3742/3888 3760/3906 3747/3893
f 3722/3861 3742/3888 3724/3866
f 3722/3861 3724/3866 3693/3830
f 3681/3818 3722/3861 3693/3830
f 3681/3818 3693/3830 3657/3794
f 3607/3744 3657/3794 3656/3793
f 2145/2153 2256/2264 2199/2207
f 2145/2153 2199/2207 2124/2132
f 2113/2121 2124/2132 2131/2139
f 3603/3740 3633/3770 3602/3739
f 3599/3736 3602/3739 3610/3747
f 3602/3739 3611/3748 3610/3747
f 2056/2064 2114/2122 2060/2068
f 2042/2050 2045/2053 2061/2069
f 3600/3737 3612/3749 3616/3753
f 2684/2739 2685/2740 2672/2724
f 2693/2748 2685/2740 2684/2739
f 4027/4184 4026/4183 4028/4185
f 4016/4173 4015/4172 4022/4179
f 3993/4148 3994/4149 4016/4173
f 2555/2591 2564/2600 2559/2595
f 2528/2559 1973/2561 2514/2540
f 2514/2540 1972/2560 2510/2535
f 3841/3992 3862/4014 3857/4009
f 3809/3959 3841/3992 3833/3984
f 3747/3893 3809/3959 3770/3916
f 3747/3893 3770/3916 3746/3892
f 3657/3794 3693/3830 3686/3823
f 2180/2188 2256/2264 2179/2187
f 3633/3770 3656/3793 3652/3789
f 3633/3770 3652/3789 3634/3771
f 3611/3748 3602/3739 3633/3770
f 2055/2063 2085/2093 2056/2064
f 2085/2093 2113/2121 2056/2064
f 2045/2053 2055/2063 2056/2064
f 2045/2053 2056/2064 2060/2068
f 4034/4191 4035/4192 4036/4193
f 4032/4189 4035/4192 4034/4191
f 4029/4186 4028/4185 4032/4189
f 4027/4184 4028/4185 4029/4186
f 4009/4166 4016/4173 4022/4179
f 2564/2600 2566/2602 2542/2576
f 2542/2576 2566/2602 2567/2603
f 2541/2575 2567/2603 2551/2586
f 2527/2558 2551/2586 2528/2559
f 3870/4022 3935/4088 3936/4089
f 2528/2559 2514/2540 2515/2541
f 2527/2558 2528/2559 2515/2541
f 3841/3992 3857/4009 3833/3984
f 2450/2460 2453/2464 2404/2412
f 3809/3959 3833/3984 3808/3958
f 3769/3915 3809/3959 3808/3958
f 3770/3916 3809/3959 3769/3915
f 3746/3892 3770/3916 3769/3915
f 3724/3866 3746/3892 3733/3878
f 3724/3866 3733/3878 3710/3848
f 3686/3823 3693/3830 3710/3848
f 2139/2147 2145/2153 2123/2131
f 2103/2111 2123/2131 2113/2121
f 3611/3748 3635/3772 3629/3766
f 3610/3747 3629/3766 3630/3767
f 3612/3749 3619/3756 3626/3763
f 3612/3749 3626/3763 3622/3759
f 2039/2047 2041/2049 2033/2041
f 2669/2721 2672/2724 2673/2725
f 2699/2754 2700/2755 2684/2739
f 2719/2774 2718/2773 2717/2772
f 3997/4152 3993/4148 4009/4166
f 3980/4135 3993/4148 3997/4152
f 3980/4135 3997/4152 3978/4133
f 3979/4134 3980/4135 3978/4133
f 3963/4116 3940/4093 3964/4117
f 3941/4094 3940/4093 3963/4116
f 3869/4021 3936/4089 3941/4094
f 3870/4022 3936/4089 3869/4021
f 3870/4022 3869/4021 3834/3985
f 3857/4009 3870/4022 3834/3985
f 2475/2492 2477/2494 2450/2460
f 3833/3984 3857/4009 3834/3985
f 3779/3927 3833/3984 3806/3956
f 3833/3984 3834/3985 3806/3956
f 3808/3958 3833/3984 3779/3927
f 2403/2411 2450/2460 2404/2412
f 2404/2412 2379/2387 2353/2361
f 3710/3848 3733/3878 3719/3858
f 3710/3848 3719/3858 3687/3824
f 3687/3824 3686/3823 3710/3848
f 3686/3823 3687/3824 3671/3808
f 3671/3808 3656/3793 3686/3823
f 3652/3789 3671/3808 3651/3788
f 3634/3771 3652/3789 3651/3788
f 3635/3772 3651/3788 3642/3779
f 2051/2059 2103/2111 2085/2093
f 2051/2059 2085/2093 2055/2063
f 2044/2052 2051/2059 2055/2063
f 2044/2052 2055/2063 2045/2053
f 2041/2049 2044/2052 2042/2050
f 2044/2052 2045/2053 2042/2050
f 2038/2046 2044/2052 2041/2049
f 2709/2764 2708/2763 2699/2754
f 2708/2763 2700/2755 2699/2754
f 4037/4194 4036/4193 2719/4235
f 4036/4193 2718/4229 2719/4235
f 2654/2703 2622/2668 2623/2669
f 2657/2706 2622/2668 2654/2703
f 2623/2669 2618/2664 2619/2665
f 4009/4166 4022/4179 4018/4175
f 4010/4167 4009/4166 4018/4175
f 3997/4152 4009/4166 4010/4167
f 2543/2577 2564/2600 2542/2576
f 3977/4132 3964/4117 3979/4134
f 3963/4116 3964/4117 3977/4132
f 3927/4080 3941/4094 3963/4116
f 2541/2575 2527/2558 2512/2537
f 3869/4021 3941/4094 3927/4080
f 3869/4021 3927/4080 3863/4015
f 2476/2493 2515/2541 2475/2492
f 3834/3985 3869/4021 3863/4015
f 3834/3985 3863/4015 3830/3981
f 3806/3956 3834/3985 3830/3981
f 2365/2373 2403/2411 2353/2361
f 3743/3889 3779/3927 3773/3921
f 3733/3878 3769/3915 3743/3889
f 3733/3878 3743/3889 3719/3858
f 3689/3826 3687/3824 3719/3858
f 2210/2218 2180/2188 2151/2159
f 3687/3824 3689/3826 3671/3808
f 3651/3788 3671/3808 3665/3802
f 3651/3788 3665/3802 3660/3797
f 3651/3788 3660/3797 3642/3779
f 2049/2057 2071/2079 2051/2059
f 2071/2079 2103/2111 2051/2059
f 2043/2051 2049/2057 2044/2052
f 2049/2057 2051/2059 2044/2052
f 2038/2046 2041/2049 2039/2047
f 3625/3762 3647/3784 3624/3761
f 4034/4191 4036/4193 4037/4194
f 2672/2724 2669/2721 2671/2723
f 2599/2639 2562/2598 2561/2597
f 3979/4134 3978/4133 3977/4132
f 3946/4099 3963/4116 3977/4132
f 2543/2577 2542/2576 2511/2536
f 3927/4080 3963/4116 3946/4099
f 3864/4016 3863/4015 3927/4080
f 3863/4015 3864/4016 3852/4003
f 3830/3981 3863/4015 3852/4003
f 3806/3956 3830/3981 3792/3941
f 3773/3921 3806/3956 3792/3941
f 2287/2295 2365/2373 2290/2298
f 3743/3889 3773/3921 3744/3890
f 3719/3858 3744/3890 3720/3859
f 3743/3889 3744/3890 3719/3858
f 2290/2298 2268/2276 2210/2218
f 3689/3826 3719/3858 3709/3847
f 3719/3858 3720/3859 3709/3847
f 2161/2169 2210/2218 2151/2159
f 3688/3825 3671/3808 3689/3826
f 2054/2062 2071/2079 2049/2057
f 2046/2054 2054/2062 2049/2057
f 2046/2054 2049/2057 2043/2051
f 2037/2045 2046/2054 2043/2051
f 2037/2045 2038/2046 2034/2042
f 2038/2046 2039/2047 2034/2042
f 2036/2044 2037/2045 2034/2042
f 2035/2043 2036/2044 2034/2042
f 2709/2764 2699/2754 2705/2760
f 2706/2761 2705/2760 2687/2742
f 2706/2761 2687/2742 2681/2737
f 2650/2698 2654/2703 2623/2669
f 3997/4152 4010/4167 3995/4150
f 3978/4133 3997/4152 3995/4150
f 2517/2544 2552/2588 2543/2577
f 3864/4016 3946/4099 3945/4098
f 3864/4016 3927/4080 3946/4099
f 3864/4016 3945/4098 3858/4010
f 3852/4003 3864/4016 3858/4010
f 2340/2348 2455/2466 2408/2416
f 3795/3944 3830/3981 3852/4003
f 2340/2348 2408/2416 2339/2347
f 2408/2416 2407/2415 2339/2347
f 2339/2347 2365/2373 2287/2295
f 3744/3890 3778/3926 3737/3883
f 3744/3890 3737/3883 3720/3859
f 2160/2168 2219/2227 2161/2169
f 2219/2227 2210/2218 2161/2169
f 3688/3825 3689/3826 3709/3847
f 3665/3802 3688/3825 3679/3816
f 3660/3797 3665/3802 3666/3803
f 3665/3802 3679/3816 3666/3803
f 2053/2061 2084/2092 2054/2062
f 2053/2061 2054/2062 2046/2054
f 2047/2055 2046/2054 2037/2045
f 2709/2764 2705/2760 2707/2762
f 4033/4190 4037/4194 4052/4210
f 2669/2721 2654/2703 2650/2698
f 2671/2723 2669/2721 2650/2698
f 4049/4207 4033/4190 4052/4210
f 4053/4211 4029/4186 4049/4207
f 2619/2665 2616/2659 2640/2686
f 2638/2684 2619/2665 2639/2685
f 4017/4174 4010/4167 4018/4175
f 3996/4151 4010/4167 4017/4174
f 3996/4151 3995/4150 4010/4167
f 2535/2568 2614/2657 2561/2597
f 2614/2657 2599/2639 2561/2597
f 3978/4133 3995/4150 3991/4146
f 3991/4146 3995/4150 3996/4151
f 3947/4100 3977/4132 3978/4133
f 3947/4100 3978/4133 3991/4146
f 3947/4100 3946/4099 3977/4132
f 3945/4098 3946/4099 3947/4100
f 2459/2472 2517/2544 2454/2465
f 2517/2544 2511/2536 2454/2465
f 3858/4010 3945/4098 3866/4018
f 3852/4003 3858/4010 3832/3983
f 3795/3944 3852/4003 3832/3983
f 2356/2364 2340/2348 2324/2332
f 2282/2290 2340/2348 2339/2347
f 2324/2332 2340/2348 2282/2290
f 3778/3926 3794/3943 3752/3898
f 3737/3883 3778/3926 3752/3898
f 2229/2237 2287/2295 2198/2206
f 2287/2295 2219/2227 2198/2206
f 2282/2290 2287/2295 2229/2237
f 2198/2206 2219/2227 2160/2168
f 3709/3847 3737/3883 3723/3865
f 3709/3847 3720/3859 3737/3883
f 3709/3847 3723/3865 3707/3844
f 3707/3844 3688/3825 3709/3847
f 3666/3803 3679/3816 3690/3827
f 3666/3803 3690/3827 3667/3804
f 2066/2074 2084/2092 2053/2061
f 2052/2060 2053/2061 2046/2054
f 2052/2060 2046/2054 2047/2055
f 3670/3807 3658/3795 3659/3796
f 2050/2058 2052/2060 2047/2055
f 2059/2067 2052/2060 2050/2058
f 2048/2056 2050/2058 2047/2055
f 2057/2065 2050/2058 2048/2056
f 2058/2066 2057/2065 2040/2048
f 2719/2774 2709/2764 2720/2775
f 2667/2717 2671/2723 2649/2697
f 4052/4210 4058/4218 4057/4215
f 2636/2682 2639/2685 2640/2686
f 2639/2685 2619/2665 2640/2686
f 2651/2699 2650/2698 2638/2684
f 4049/4207 4052/4210 4050/4208
f 4047/4205 4053/4211 4049/4207
f 4017/4174 4018/4175 4053/4211
f 2640/2686 2615/2658 2614/2657
f 4017/4174 4053/4211 4047/4205
f 4005/4161 4017/4174 4047/4205
f 4005/4161 3996/4151 4017/4174
f 3992/4147 3996/4151 4005/4161
f 2533/2566 2517/2544 2485/2505
f 3944/4097 3991/4146 3969/4124
f 3947/4100 3991/4146 3944/4097
f 2441/2450 2485/2505 2459/2472
f 3947/4100 3944/4097 3879/4032
f 3945/4098 3947/4100 3879/4032
f 3831/3982 3866/4018 3879/4032
f 3832/3983 3858/4010 3831/3982
f 2323/2331 2356/2364 2324/2332
f 3796/3945 3832/3983 3831/3982
f 2323/2331 2324/2332 2282/2290
f 3752/3898 3796/3945 3751/3897
f 2238/2246 2282/2290 2229/2237
f 3713/3852 3707/3844 3723/3865
f 3707/3844 3713/3852 3699/3836
f 3699/3836 3679/3816 3707/3844
f 3690/3827 3699/3836 3667/3804
f 2065/2073 2066/2074 2053/2061
f 2063/2071 2065/2073 2052/2060
f 2063/2071 2052/2060 2059/2067
f 2064/2072 2059/2067 2057/2065
f 3682/3819 3683/3820 3684/3821
f 3682/3819 3684/3821 3697/3834
f 2070/2078 2064/2072 2058/2066
f 2711/2766 2707/2762 2692/2747
f 4050/4208 4052/4210 4057/4215
f 2649/2697 2650/2698 2651/2699
f 2720/2775 2707/2762 2711/2766
f 2710/2765 2720/2775 2711/2766
f 4057/4215 2720/4227 2710/4216
f 4049/4207 4050/4208 4048/4206
f 4057/4215 2710/4216 4056/4214
f 4047/4205 4049/4207 4048/4206
f 2545/2580 2640/2686 2546/2581
f 4004/4160 4005/4161 4047/4205
f 2490/2510 2546/2581 2535/2568
f 2546/2581 2614/2657 2535/2568
f 2545/2580 2546/2581 2490/2510
f 3992/4147 4005/4161 3969/4124
f 2490/2510 2535/2568 2484/2504
f 3944/4097 3969/4124 3924/4077
f 2391/2399 2484/2504 2441/2450
f 3879/4032 3944/4097 3924/4077
f 2334/2342 2355/2363 2323/2331
f 3831/3982 3850/4001 3822/3973
f 2334/2342 2323/2331 2278/2286
f 2323/2331 2282/2290 2238/2246
f 2278/2286 2323/2331 2240/2248
f 3751/3897 3796/3945 3784/3932
f 2190/2198 2238/2246 2163/2171
f 3751/3897 3758/3904 3734/3879
f 3713/3852 3734/3879 3729/3872
f 3713/3852 3723/3865 3734/3879
f 3699/3836 3713/3852 3716/3855
f 3699/3836 3716/3855 3700/3837
f 3667/3804 3699/3836 3696/3833
f 2083/2091 2066/2074 2065/2073
f 2073/2081 2065/2073 2063/2071
f 2067/2075 2059/2067 2064/2072
f 2070/2078 2067/2075 2064/2072
f 2075/2083 2067/2075 2070/2078
f 3697/3834 3702/3839 3703/3840
f 2666/2716 2667/2717 2649/2697
f 2680/2736 2667/2717 2666/2716
f 2675/2728 2692/2747 2680/2736
f 4048/4206 4050/4208 4051/4209
f 2649/2697 2651/2699 2600/2640
f 2703/2758 2692/2747 2675/2728
f 2531/2564 2636/2682 2545/2580
f 2637/2683 2636/2682 2531/2564
f 2600/2640 2637/2683 2531/2564
f 4004/4160 4047/4205 3999/4155
f 2489/2509 2545/2580 2490/2510
f 3969/4124 4005/4161 4004/4160
f 2449/2459 2490/2510 2391/2399
f 2490/2510 2484/2504 2391/2399
f 3924/4077 3969/4124 3900/4053
f 2374/2382 2391/2399 2390/2398
f 3859/4011 3924/4077 3900/4053
f 3859/4011 3850/4001 3924/4077
f 3850/4001 3879/4032 3924/4077
f 2341/2349 2390/2398 2334/2342
f 3850/4001 3859/4011 3840/3991
f 3797/3946 3822/3973 3805/3955
f 3758/3904 3784/3932 3765/3911
f 2189/2197 2190/2198 2162/2170
f 3729/3872 3758/3904 3730/3873
f 3729/3872 3734/3879 3758/3904
f 2109/2117 2128/2136 2095/2103
f 3696/3833 3700/3837 3711/3849
f 2090/2098 2083/2091 2073/2081
f 3695/3832 3704/3841 3705/3842
f 2068/2076 2072/2080 2059/2067
f 2072/2080 2063/2071 2059/2067
f 2069/2077 2068/2076 2067/2075
f 2068/2076 2059/2067 2067/2075
f 3702/3839 3701/3838 2302/3845
f 3701/3838 3706/3843 2302/3845
f 2074/2082 2067/2075 2075/2083
f 2078/2086 2074/2082 2076/2084
f 2634/2680 2649/2697 2600/2640
f 2635/2681 2666/2716 2634/2680
f 2645/2693 2666/2716 2635/2681
f 2704/2759 2703/2758 2678/2731
f 2531/2564 2545/2580 2491/2511
f 2530/2563 2600/2640 2531/2564
f 4051/4209 4056/4214 4055/4213
f 2491/2511 2545/2580 2489/2509
f 4000/4156 4051/4209 4019/4176
f 3968/4123 4004/4160 3999/4155
f 2402/2410 2489/2509 2449/2459
f 2489/2509 2490/2510 2449/2459
f 3960/4113 3999/4155 4000/4156
f 3968/4123 3999/4155 3960/4113
f 3900/4053 3968/4123 3960/4113
f 3900/4053 3969/4124 3968/4123
f 2389/2397 2449/2459 2374/2382
f 2317/2325 2374/2382 2341/2349
f 3849/4000 3900/4053 3899/4052
f 3859/4011 3900/4053 3849/4000
f 2310/2318 2341/2349 2277/2285
f 3840/3991 3849/4000 3824/3975
f 2235/2243 2277/2285 2234/2242
f 2277/2285 2278/2286 2234/2242
f 3805/3955 3824/3975 3804/3954
f 3797/3946 3804/3954 3765/3911
f 2193/2201 2234/2242 2189/2197
f 2234/2242 2240/2248 2189/2197
f 3764/3910 3765/3911 3782/3930
f 3730/3873 3764/3910 3766/3912
f 3730/3873 3758/3904 3764/3910
f 3725/3867 3730/3873 3736/3882
f 3730/3873 3766/3912 3736/3882
f 3725/3867 3716/3855 3730/3873
f 3716/3855 3729/3872 3730/3873
f 2091/2099 2110/2118 2090/2098
f 2110/2118 2109/2117 2090/2098
f 2111/2119 2110/2118 2091/2099
f 2108/2116 2111/2119 2091/2099
f 3711/3849 3725/3867 3715/3854
f 2087/2095 2090/2098 2073/2081
f 2091/2099 2090/2098 2087/2095
f 2079/2087 2077/2085 2078/2086
f 2302/3845 3706/3843 2299/3863
f 2080/2088 2081/2089 2078/2086
f 2678/2731 2703/2758 2676/2729
f 2641/2687 2675/2728 2645/2693
f 2676/2729 2675/2728 2641/2687
f 4055/4213 2704/4217 2660/4204
f 2530/2563 2491/2511 2478/2496
f 2641/2687 2645/2693 2554/2590
f 2550/2585 2676/2729 2641/2687
f 2678/2731 2676/2729 2550/2585
f 2704/2759 2678/2731 2659/2708
f 2660/4204 2704/4217 2659/4219
f 4019/4176 4055/4213 2660/4204
f 3988/4143 4019/4176 2660/4204
f 3960/4113 4000/4156 3987/4142
f 2401/2409 2478/2496 2402/2410
f 2428/2436 2478/2496 2401/2409
f 3987/4142 4000/4156 3988/4143
f 2351/2359 2389/2397 2317/2325
f 2351/2359 2402/2410 2389/2397
f 3874/4026 3960/4113 3943/4096
f 3960/4113 3987/4142 3943/4096
f 2289/2297 2317/2325 2310/2318
f 3849/4000 3899/4052 3843/3994
f 2269/2277 2310/2318 2235/2243
f 3824/3975 3843/3994 3823/3974
f 2213/2221 2235/2243 2234/2242
f 3807/3957 3823/3974 3817/3967
f 3804/3954 3823/3974 3807/3957
f 2178/2186 2193/2201 2111/2119
f 2358/3881 3736/3882 2322/3918
f 3736/3882 2405/3919 2322/3918
f 2358/3881 3715/3854 3736/3882
f 3715/3854 3725/3867 3736/3882
f 2358/2366 2322/2330 2321/2329
f 2092/2100 2091/2099 2087/2095
f 2357/2365 2321/2329 2320/2328
f 2086/2094 2087/2095 2072/2080
f 2092/2100 2087/2095 2086/2094
f 2093/2101 2092/2100 2086/2094
f 2086/2094 2077/2085 2079/2087
f 2082/2090 2079/2087 2078/2086
f 2299/2307 2300/2308 2296/2304
f 2082/2090 2078/2086 2081/2089
f 2298/2306 2299/2307 2296/2304
f 2097/2105 2089/2097 2088/2096
f 2659/2708 2678/2731 2550/2585
f 2659/2708 2550/2585 2548/2583
f 3988/4143 2660/4204 2661/4162
f 2428/2436 2401/2409 2375/2383
f 2460/2473 2479/2497 2428/2436
f 2548/2583 2550/2585 2497/2518
f 2524/2555 2659/2708 2548/2583
f 2660/2709 2659/2708 2524/2555
f 2525/2556 2661/2710 2524/2555
f 3988/4143 2661/4162 2525/4153
f 3987/4142 3988/4143 2646/4122
f 2375/2383 2351/2359 2312/2320
f 2646/4122 3988/4143 2525/4153
f 3943/4096 3987/4142 2646/4122
f 2311/2319 2375/2383 2312/2320
f 2532/4027 3943/4096 2526/4121
f 3943/4096 2646/4122 2526/4121
f 3874/4026 3943/4096 2532/4027
f 2289/2297 2269/2277 2253/2261
f 3844/3995 3874/4026 2532/4027
f 3843/3994 3874/4026 3844/3995
f 2253/2261 2213/2221 2214/2222
f 2266/2274 2289/2297 2253/2261
f 2392/3968 3844/3995 2452/4004
f 2214/2222 2213/2221 2181/2189
f 2209/2217 2253/2261 2214/2222
f 3817/3967 2392/3968 2359/3947
f 2181/2189 2213/2221 2178/2186
f 2209/2217 2214/2222 2181/2189
f 2175/2183 2181/2189 2159/2167
f 2118/2126 2175/2183 2117/2125
f 2175/2183 2159/2167 2117/2125
f 2322/2330 2326/2334 2308/2316
f 2112/2120 2118/2126 2102/2110
f 2118/2126 2117/2125 2102/2110
f 2320/2328 2321/2329 2304/2312
f 2320/2328 2304/2312 2303/2311
f 2316/2324 2320/2328 2303/2311
f 2094/2102 2100/2108 2093/2101
f 2094/2102 2093/2101 2082/2090
f 2093/2101 2086/2094 2082/2090
f 2099/2107 2101/2109 2094/2102
f 2101/2109 2100/2108 2094/2102
f 2094/2102 2082/2090 2089/2097
f 2295/2303 2274/2282 2294/2302
f 2294/2302 2274/2282 2293/2301
f 2098/2106 2089/2097 2097/2105
f 2271/2279 2272/2280 2244/2252
f 2482/2502 2497/2518 2410/2418
f 2548/2583 2497/2518 2482/2502
f 2524/2555 2548/2583 2482/2502
f 2525/2556 2524/2555 2483/2503
f 2411/2419 2406/2414 2332/2340
f 2410/2418 2411/2419 2332/2340
f 2483/2503 2524/2555 2432/2440
f 2526/2557 2646/2694 2483/2503
f 2267/2275 2311/2319 2266/2274
f 2305/2313 2328/2336 2267/2275
f 2342/2350 2328/2336 2305/2313
f 2319/2327 2412/2420 2318/2326
f 2343/2351 2412/2420 2319/2327
f 2432/2440 2412/2420 2343/2351
f 2526/2557 2483/2503 2457/2470
f 2457/2470 2532/2565 2526/2557
f 2266/2274 2253/2261 2230/2238
f 2349/2357 2457/2470 2348/2356
f 2218/2226 2267/2275 2230/2238
f 2267/2275 2266/2274 2230/2238
f 2325/2333 2349/2357 2309/2317
f 2209/2217 2181/2189 2175/2183
f 2196/2204 2230/2238 2202/2210
f 2218/2226 2230/2238 2196/2204
f 2359/2367 2392/2400 2314/2322
f 2196/2204 2202/2210 2182/2190
f 2326/2334 2359/2367 2307/2315
f 2359/2367 2314/2322 2307/2315
f 2174/2182 2182/2190 2164/2172
f 2196/2204 2182/2190 2174/2182
f 2326/2334 2307/2315 2308/2316
f 2158/2166 2164/2172 2112/2120
f 2174/2182 2164/2172 2158/2166
f 2321/2329 2308/2316 2286/2294
f 2321/2329 2322/2330 2308/2316
f 2155/2163 2112/2120 2100/2108
f 2169/2177 2158/2166 2155/2163
f 2286/2294 2281/2289 2285/2293
f 2155/2163 2100/2108 2101/2109
f 2169/2177 2155/2163 2154/2162
f 2285/2293 2265/2273 2275/2283
f 2284/2292 2285/2293 2275/2283
f 2273/2281 2275/2283 2248/2256
f 2284/2292 2275/2283 2273/2281
f 2274/2282 2284/2292 2273/2281
f 2106/2114 2107/2115 2098/2106
f 2248/2256 2247/2255 2245/2253
f 2272/2280 2248/2256 2245/2253
f 2273/2281 2248/2256 2272/2280
f 2271/2279 2273/2281 2272/2280
f 2106/2114 2098/2106 2105/2113
f 2171/2179 2166/2174 2165/2173
f 2156/2164 2106/2114 2105/2113
f 2245/2253 2246/2254 2242/2250
f 2165/2173 2106/2114 2156/2164
f 2242/2250 2246/2254 2243/2251
f 2200/2208 2201/2209 2185/2193
f 2243/2251 2246/2254 2223/2231
f 2171/2179 2165/2173 2168/2176
f 2315/2323 2432/2440 2343/2351
f 2305/2313 2267/2275 2250/2258
f 2291/2299 2305/2313 2250/2258
f 2306/2314 2319/2327 2279/2287
f 2319/2327 2318/2326 2279/2287
f 2343/2351 2319/2327 2306/2314
f 2315/2323 2343/2351 2306/2314
f 2262/2270 2276/2284 2255/2263
f 2276/2284 2291/2299 2255/2263
f 2279/2287 2276/2284 2262/2270
f 2348/2356 2315/2323 2313/2321
f 2313/2321 2309/2317 2348/2356
f 2309/2317 2349/2357 2348/2356
f 2255/2263 2250/2258 2226/2234
f 2228/2236 2255/2263 2226/2234
f 2262/2270 2255/2263 2228/2236
f 2252/2260 2262/2270 2228/2236
f 2279/2287 2262/2270 2252/2260
f 2309/2317 2313/2321 2292/2300
f 2207/2215 2226/2234 2197/2205
f 2226/2234 2218/2226 2197/2205
f 2228/2236 2226/2234 2207/2215
f 2239/2247 2252/2260 2228/2236
f 2288/2296 2309/2317 2283/2291
f 2207/2215 2197/2205 2188/2196
f 2206/2214 2207/2215 2188/2196
f 2228/2236 2207/2215 2206/2214
f 2211/2219 2228/2236 2206/2214
f 2239/2247 2228/2236 2211/2219
f 2225/2233 2239/2247 2211/2219
f 2186/2194 2188/2196 2173/2181
f 2206/2214 2188/2196 2186/2194
f 2208/2216 2211/2219 2186/2194
f 2211/2219 2206/2214 2186/2194
f 2217/2225 2225/2233 2208/2216
f 2225/2233 2211/2219 2208/2216
f 2281/2289 2288/2296 2261/2269
f 2173/2181 2158/2166 2169/2177
f 2236/2244 2217/2225 2227/2235
f 2241/2249 2236/2244 2227/2235
f 2261/2269 2241/2249 2254/2262
f 2265/2273 2261/2269 2254/2262
f 2170/2178 2169/2177 2157/2165
f 2169/2177 2154/2162 2157/2165
f 2221/2229 2227/2235 2212/2220
f 2227/2235 2217/2225 2212/2220
f 2232/2240 2241/2249 2221/2229
f 2241/2249 2227/2235 2221/2229
f 2251/2259 2254/2262 2232/2240
f 2254/2262 2241/2249 2232/2240
f 2258/2266 2254/2262 2251/2259
f 2265/2273 2254/2262 2258/2266
f 2167/2175 2170/2178 2157/2165
f 2232/2240 2221/2229 2222/2230
f 2233/2241 2251/2259 2232/2240
f 2247/2255 2251/2259 2233/2241
f 2258/2266 2251/2259 2247/2255
f 2220/2228 2221/2229 2205/2213
f 2221/2229 2212/2220 2205/2213
f 2222/2230 2221/2229 2220/2228
f 2231/2239 2232/2240 2222/2230
f 2233/2241 2232/2240 2231/2239
f 2171/2179 2176/2184 2166/2174
f 2176/2184 2167/2175 2166/2174
f 2224/2232 2222/2230 2220/2228
f 2231/2239 2222/2230 2224/2232
f 2246/2254 2233/2241 2231/2239
f 2215/2223 2205/2213 2201/2209
f 2220/2228 2205/2213 2215/2223
f 2224/2232 2220/2228 2215/2223
f 2183/2191 2172/2180 2184/2192
f 2201/2209 2194/2202 2185/2193
f 2200/2208 2215/2223 2201/2209
f 671/3511 3367/3489 19/3512
f 53/3517 3390/3516 90/3540
f 3364/3485 3333/3449 3360/3480
f 19/3512 3364/3485 29/3510
f 19/3512 29/3510 18/3513
f 3335/3451 3333/3449 3364/3485
f 19/3512 3367/3489 3364/3485
f 3334/3450 3299/3412 3335/3451
f 3353/3472 3323/3437 3334/3450
f 3353/3472 3334/3450 3367/3489
f 669/3476 3324/3439 3352/3471
f 667/3488 669/3476 3352/3471
f 665/3440 3324/3439 669/3476
f 90/3540 3392/3519 115/3550
f 89/3568 90/3540 115/3550
f 3390/3516 53/3517 3360/3480
f 3390/3516 3360/3480 3361/3481
f 3303/3417 3304/3418 3354/3473
f 3299/3412 3238/3337 3303/3417
f 3335/3451 3299/3412 3333/3449
f 3299/3412 3231/3328 3238/3337
f 3323/3437 3279/3391 3299/3412
f 3301/3414 3279/3391 3323/3437
f 3300/3413 3279/3391 3301/3414
f 3324/3439 3300/3413 3301/3414
f 3295/3407 3300/3413 3324/3439
f 672/3438 3295/3407 3324/3439
f 3419/3549 3423/3554 119/3577
f 119/3577 115/3550 3419/3549
f 3392/3519 3389/3515 3419/3549
f 3419/3549 115/3550 3392/3519
f 3392/3519 3365/3486 3366/3487
f 3332/3448 3355/3474 3366/3487
f 3361/3481 3332/3448 3365/3486
f 3361/3481 3354/3473 3332/3448
f 3304/3418 3277/3388 3296/3409
f 3304/3418 3296/3409 3332/3448
f 3304/3418 3332/3448 3354/3473
f 3303/3417 3237/3336 3277/3388
f 3303/3417 3277/3388 3304/3418
f 3200/3287 3231/3328 3279/3391
f 3202/3289 3200/3287 3279/3391
f 3239/3338 3086/3142 3201/3288
f 670/3408 3239/3338 3295/3407
f 3423/3554 3394/3521 381/3576
f 381/3576 119/3577 3423/3554
f 3389/3515 3363/3484 3394/3521
f 3423/3554 3389/3515 3394/3521
f 3423/3554 3419/3549 3389/3515
f 3389/3515 3366/3487 3363/3484
f 3389/3515 3392/3519 3366/3487
f 3355/3474 3356/3475 3363/3484
f 3366/3487 3355/3474 3363/3484
f 3321/3435 3320/3434 3355/3474
f 3355/3474 3332/3448 3321/3435
f 3321/3435 3332/3448 3296/3409
f 3277/3388 3232/3329 3296/3409
f 3237/3336 3172/3250 3277/3388
f 3170/3248 3172/3250 3237/3336
f 3170/3248 3237/3336 3238/3337
f 3171/3249 3071/3127 3170/3248
f 3231/3328 3171/3249 3170/3248
f 3084/3140 3075/3131 3171/3249
f 381/3576 3394/3521 3435/3567
f 381/3576 3435/3567 380/3579
f 381/3576 380/3579 272/3580
f 3394/3521 3393/3520 3435/3567
f 3363/3484 3362/3483 3393/3520
f 3363/3484 3393/3520 3394/3521
f 3356/3475 3319/3433 3362/3483
f 3356/3475 3362/3483 3363/3484
f 3356/3475 3355/3474 3320/3434
f 3278/3389 3320/3434 3321/3435
f 3278/3389 3296/3409 3232/3329
f 3278/3389 3321/3435 3296/3409
f 3232/3329 3277/3388 3172/3250
f 3232/3329 3172/3250 3073/3129
f 3170/3248 3070/3126 3073/3129
f 3170/3248 3073/3129 3172/3250
f 3071/3127 3034/3090 3070/3126
f 3071/3127 3070/3126 3170/3248
f 3060/3116 3059/3115 3063/3119
f 3058/3114 3060/3116 3064/3120
f 349/6686 273/6688 380/6687
f 380/3579 3435/3567 3439/3572
f 3393/3520 3408/3535 3409/3536
f 3393/3520 3409/3536 3435/3567
f 3393/3520 3362/3483 3369/3491
f 3319/3433 3293/3405 3336/3452
f 3319/3433 3320/3434 3278/3389
f 3319/3433 3278/3389 3293/3405
f 3278/3389 3223/3319 3293/3405
f 3232/3329 3223/3319 3278/3389
f 3073/3129 3072/3128 3083/3139
f 3073/3129 3083/3139 3232/3329
f 3070/3126 3050/3106 3072/3128
f 3070/3126 3072/3128 3073/3129
f 3034/3090 3050/3106 3070/3126
f 3060/3116 3045/3101 3059/3115
f 235/6677 274/6676 236/6674
f 3439/6685 3438/6684 6362/6669
f 349/6686 6362/6669 6363/6670
f 349/6686 6363/6670 274/6676
f 3439/6685 6362/6669 349/6686
f 3439/6685 349/6686 380/6687
f 3409/3536 3434/3566 3438/3571
f 3409/3536 3438/3571 3439/3572
f 3409/3536 3439/3572 3435/3567
f 3408/3535 3369/3491 3368/3490
f 3408/3535 3393/3520 3369/3491
f 3336/3452 3331/3447 3368/3490
f 3369/3491 3336/3452 3368/3490
f 3336/3452 3369/3491 3362/3483
f 3293/3405 3280/3392 3336/3452
f 3293/3405 3223/3319 3221/3317
f 3083/3139 3082/3138 3178/3256
f 3083/3139 3178/3256 3223/3319
f 3072/3128 3082/3138 3083/3139
f 3047/3103 3061/3117 3072/3128
f 3050/3106 3028/3084 3047/3103
f 3050/3106 3047/3103 3072/3128
f 3027/3083 3028/3084 3050/3106
f 3034/3090 3027/3083 3050/3106
f 3022/3078 3017/3073 3045/3101
f 232/6675 211/6681 236/6674
f 6363/6670 6364/6671 274/6676
f 6362/6669 6360/6666 6363/6670
f 3438/6684 6361/6667 6362/6669
f 3434/3566 3411/3538 3436/3569
f 3434/3566 3436/3569 3437/3570
f 3438/3571 3434/3566 3437/3570
f 3411/3538 3409/3536 3408/3535
f 3411/3538 3434/3566 3409/3536
f 3408/3535 3368/3490 3391/3518
f 3408/3535 3391/3518 3411/3538
f 3368/3490 3359/3479 3391/3518
f 3331/3447 3302/3415 3359/3479
f 3331/3447 3359/3479 3368/3490
f 3280/3392 3233/3331 3302/3415
f 3331/3447 3336/3452 3280/3392
f 3280/3392 3293/3405 3221/3317
f 3221/3317 3177/3255 3233/3331
f 3082/3138 3081/3137 3178/3256
f 3061/3117 3082/3138 3072/3128
f 3047/3103 3020/3076 3061/3117
f 3028/3084 3016/3072 3020/3076
f 3028/3084 3020/3076 3047/3103
f 3027/3083 3012/3068 3016/3072
f 3027/3083 3016/3072 3028/3084
f 3009/3065 3023/3079 3024/3080
f 6366/6673 6364/6671 6365/6672
f 6360/6666 6359/6665 6358/6664
f 6358/6664 6363/6670 6360/6666
f 6366/6673 236/6674 6364/6671
f 6361/6667 3437/6679 3440/6678
f 6361/6667 6360/6666 6362/6669
f 3437/3570 3436/3569 3440/3573
f 3437/6679 6361/6667 3438/6684
f 3411/3538 3410/3537 3412/3539
f 3412/3539 3436/3569 3411/3538
f 3391/3518 3371/3493 3410/3537
f 3411/3538 3391/3518 3410/3537
f 3359/3479 3326/3442 3371/3493
f 3359/3479 3371/3493 3391/3518
f 3359/3479 3302/3415 3326/3442
f 3233/3331 3234/3332 3302/3415
f 3177/3255 3116/3174 3233/3331
f 3081/3137 3054/3110 3116/3174
f 3081/3137 3116/3174 3177/3255
f 3177/3255 3178/3256 3081/3137
f 3081/3137 3082/3138 3061/3117
f 3081/3137 3061/3117 3054/3110
f 3035/3091 3054/3110 3061/3117
f 2982/3038 2985/3041 3013/3069
f 2991/3047 2982/3038 3013/3069
f 3018/3074 3015/3071 2991/3047
f 6365/6672 6364/6671 6358/6664
f 6360/6666 6361/6667 6359/6665
f 3436/3569 3429/3560 3440/3573
f 3412/3539 3415/3544 3429/3560
f 3436/3569 3412/3539 3429/3560
f 3412/3539 3410/3537 3415/3544
f 3326/3442 3330/3446 3371/3493
f 3326/3442 3305/3419 3330/3446
f 3326/3442 3302/3415 3234/3332
f 3326/3442 3234/3332 3305/3419
f 3234/3332 3271/3378 3305/3419
f 3234/3332 3194/3280 3271/3378
f 3234/3332 3233/3331 3116/3174
f 3234/3332 3116/3174 3194/3280
f 3116/3174 3115/3173 3194/3280
f 3054/3110 3074/3130 3115/3173
f 3054/3110 3115/3173 3116/3174
f 3035/3091 3031/3087 3054/3110
f 3020/3076 3019/3075 3035/3091
f 3016/3072 2989/3045 3019/3075
f 3016/3072 3019/3075 3020/3076
f 3012/3068 2987/3043 2989/3045
f 3012/3068 2989/3045 3016/3072
f 3015/3071 2990/3046 2991/3047
f 3371/3493 3386/3508 3387/3509
f 3410/3537 3371/3493 3387/3509
f 3330/3446 3329/3445 3358/3478
f 3330/3446 3358/3478 3371/3493
f 3305/3419 3329/3445 3330/3446
f 3305/3419 3271/3378 3272/3379
f 3194/3280 3191/3277 3271/3378
f 3194/3280 3115/3173 3191/3277
f 3115/3173 3114/3172 3191/3277
f 3074/3130 3114/3172 3115/3173
f 3031/3087 3074/3130 3054/3110
f 3019/3075 3031/3087 3035/3091
f 2989/3045 2997/3053 3019/3075
f 6365/6672 6358/6664 6347/6646
f 3440/3573 3441/3574 3442/3575
f 6361/6667 3440/6678 3442/6668
f 3429/3560 3430/3561 3441/3574
f 3415/3544 3405/3532 3416/3545
f 3415/3544 3416/3545 3429/3560
f 3387/3509 3405/3532 3415/3544
f 3387/3509 3415/3544 3410/3537
f 3358/3478 3370/3492 3386/3508
f 3386/3508 3371/3493 3358/3478
f 3358/3478 3329/3445 3357/3477
f 3329/3445 3305/3419 3272/3379
f 3272/3379 3322/3436 3329/3445
f 3271/3378 3192/3278 3272/3379
f 3271/3378 3191/3277 3192/3278
f 3114/3172 3138/3205 3191/3277
f 3074/3130 3039/3095 3114/3172
f 3031/3087 3039/3095 3074/3130
f 2998/3054 3031/3087 3019/3075
f 2989/3045 2979/3035 2997/3053
f 2969/3025 2979/3035 2989/3045
f 2987/3043 2969/3025 2989/3045
f 2967/3023 2968/3024 2984/3040
f 6365/6672 6347/6646 6366/6673
f 6347/6646 6358/6664 6357/6663
f 6359/6665 6361/6667 3442/6668
f 3430/3561 3429/3560 3416/3545
f 3405/3532 3387/3509 3384/3506
f 3384/3506 3387/3509 3386/3508
f 3386/3508 3370/3492 3381/3503
f 3370/3492 3358/3478 3357/3477
f 3357/3477 3329/3445 3327/3443
f 3322/3436 3327/3443 3329/3445
f 3322/3436 3273/3380 3327/3443
f 3322/3436 3272/3379 3273/3380
f 3192/3278 3249/3353 3273/3380
f 3272/3379 3192/3278 3273/3380
f 3192/3278 3191/3277 3179/3257
f 3191/3277 3138/3205 3179/3257
f 3039/3095 3078/3134 3138/3205
f 3138/3205 3114/3172 3039/3095
f 3038/3094 3078/3134 3039/3095
f 3026/3082 3031/3087 2998/3054
f 3026/3082 3038/3094 3039/3095
f 3026/3082 3039/3095 3031/3087
f 2998/3054 2993/3049 3026/3082
f 2997/3053 2970/3026 2993/3049
f 2961/3017 2945/3001 2969/3025
f 2955/3011 2961/3017 2967/3023
f 2956/3012 2947/3003 2955/3011
f 2974/3030 2951/3007 2956/3012
f 2974/3030 2956/3012 2975/3031
f 209/6654 6345/6644 6352/6653
f 200/6658 209/6654 6352/6653
f 6345/6644 231/6655 6343/6642
f 6343/6642 231/6655 6366/6673
f 6357/6663 6359/6665 3442/6668
f 3416/3545 3417/3546 3430/3561
f 3416/3545 3405/3532 3402/3529
f 3416/3545 3402/3529 3417/3546
f 3405/3532 3384/3506 3378/3500
f 3384/3506 3386/3508 3381/3503
f 3357/3477 3351/3470 3370/3492
f 3327/3443 3328/3444 3351/3470
f 3327/3443 3351/3470 3357/3477
f 3327/3443 3273/3380 3328/3444
f 3249/3353 3192/3278 3179/3257
f 3179/3257 3128/3190 3204/3291
f 3179/3257 3204/3291 3249/3353
f 3179/3257 3078/3134 3128/3190
f 3179/3257 3138/3205 3078/3134
f 3038/3094 3055/3111 3078/3134
f 3026/3082 3000/3056 3038/3094
f 2969/3025 2945/3001 2970/3026
f 6352/6653 6345/6644 6344/6643
f 6366/6673 6346/6645 6339/6638
f 6343/6642 6366/6673 6339/6638
f 6346/6645 6366/6673 6347/6646
f 3441/3574 3430/3561 3427/3558
f 3441/3574 3427/3558 3428/3559
f 3442/3575 3441/3574 3428/3559
f 3405/3532 3378/3500 3402/3529
f 3381/3503 3378/3500 3384/3506
f 3382/3504 3370/3492 3351/3470
f 3382/3504 3381/3503 3370/3492
f 3273/3380 3258/3363 3297/3410
f 3273/3380 3297/3410 3328/3444
f 3249/3353 3204/3291 3258/3363
f 3249/3353 3258/3363 3273/3380
f 3128/3190 3203/3290 3204/3291
f 3078/3134 3055/3111 3128/3190
f 3055/3111 3038/3094 3000/3056
f 2993/3049 2973/3029 3000/3056
f 2936/2992 2943/2999 2970/3026
f 2936/2992 2970/3026 2945/3001
f 2937/2993 2934/2990 2945/3001
f 6357/6663 3442/6668 6332/6631
f 3430/3561 3417/3546 3427/3558
f 3402/3529 3401/3528 3417/3546
f 3378/3500 3381/3503 3377/3499
f 3351/3470 3344/3463 3382/3504
f 3344/3463 3328/3444 3340/3459
f 3344/3463 3351/3470 3328/3444
f 3258/3363 3204/3291 3222/3318
f 3128/3190 3158/3232 3203/3290
f 3128/3190 3056/3112 3158/3232
f 3055/3111 3056/3112 3128/3190
f 3000/3056 3001/3057 3056/3112
f 3000/3056 3056/3112 3055/3111
f 3000/3056 2978/3034 3001/3057
f 2973/3029 2978/3034 3000/3056
f 2948/3004 2922/2978 2925/2981
f 6347/6646 6357/6663 6332/6631
f 3442/3575 3428/3559 3443/3578
f 6332/6631 3442/6668 3443/6629
f 3426/3557 3428/3559 3427/3558
f 3427/3558 3418/3547 3424/3555
f 3418/3547 3427/3558 3417/3546
f 3418/3547 3417/3546 3401/3528
f 3402/3529 3379/3501 3401/3528
f 3378/3500 3379/3501 3402/3529
f 3377/3499 3381/3503 3382/3504
f 3344/3463 3340/3459 3345/3464
f 3297/3410 3325/3441 3340/3459
f 3297/3410 3340/3459 3328/3444
f 3297/3410 3258/3363 3298/3411
f 3297/3410 3298/3411 3325/3441
f 3222/3318 3276/3387 3258/3363
f 3222/3318 3204/3291 3203/3290
f 3203/3290 3158/3232 3222/3318
f 3001/3057 3036/3092 3056/3112
f 2943/2999 2927/2983 2938/2994
f 2943/2999 2938/2994 2944/3000
f 2930/2986 2927/2983 2943/2999
f 2929/2985 2913/2969 2912/2968
f 2919/2975 2913/2969 2929/2985
f 2919/2975 2929/2985 2934/2990
f 6354/6657 6352/6653 6351/6650
f 6342/6641 6343/6642 6339/6638
f 6344/6643 6351/6650 6352/6653
f 6339/6638 6346/6645 6337/6636
f 6347/6646 6332/6631 6337/6636
f 6346/6645 6347/6646 6337/6636
f 3418/3547 3401/3528 3413/3542
f 3382/3504 3372/3494 3377/3499
f 3372/3494 3382/3504 3345/3464
f 3344/3463 3345/3464 3382/3504
f 3298/3411 3258/3363 3276/3387
f 3276/3387 3222/3318 3236/3335
f 3222/3318 3159/3233 3236/3335
f 3159/3233 3222/3318 3158/3232
f 3159/3233 3158/3232 3056/3112
f 3159/3233 3056/3112 3117/3175
f 3056/3112 3037/3093 3117/3175
f 3036/3092 3037/3093 3056/3112
f 3001/3057 3011/3067 3036/3092
f 2978/3034 3011/3067 3001/3057
f 2973/3029 2942/2998 2978/3034
f 2938/2994 2942/2998 2973/3029
f 2930/2986 2917/2973 2927/2983
f 6353/6656 6354/6657 6355/6659
f 6356/6662 165/6661 6355/6659
f 6342/6641 6339/6638 6338/6637
f 6351/6650 6342/6641 6341/6640
f 6339/6638 6337/6636 6336/6635
f 3428/3559 3426/3557 3443/3578
f 3427/3558 3424/3555 3426/3557
f 3418/3547 3413/3542 3424/3555
f 3378/3500 3377/3499 3373/3495
f 3378/3500 3373/3495 3379/3501
f 3377/3499 3372/3494 3373/3495
f 3345/3464 3340/3459 3338/3457
f 3298/3411 3294/3406 3310/3424
f 3298/3411 3310/3424 3325/3441
f 3298/3411 3276/3387 3294/3406
f 3159/3233 3212/3300 3236/3335
f 3117/3175 3157/3230 3159/3233
f 2977/3033 3011/3067 2978/3034
f 2938/2994 2926/2982 2942/2998
f 6338/6637 6339/6638 6340/6639
f 6333/6632 6332/6631 6331/6627
f 6333/6632 6337/6636 6332/6631
f 6337/6636 6333/6632 6336/6635
f 3443/6629 3426/6630 3425/6628
f 3425/3556 3426/3557 3424/3555
f 3413/3542 3401/3528 3400/3527
f 3400/3527 3401/3528 3379/3501
f 3400/3527 3379/3501 3380/3502
f 3337/3456 3340/3459 3325/3441
f 3337/3456 3338/3457 3340/3459
f 3337/3456 3325/3441 3310/3424
f 3294/3406 3276/3387 3236/3335
f 3294/3406 3236/3335 3274/3381
f 3236/3335 3212/3300 3225/3321
f 3236/3335 3225/3321 3274/3381
f 3157/3230 3212/3300 3159/3233
f 3117/3175 3101/3157 3157/3230
f 3037/3093 3033/3089 3101/3157
f 3037/3093 3101/3157 3117/3175
f 3036/3092 3033/3089 3037/3093
f 3036/3092 3011/3067 3033/3089
f 3011/3067 2992/3048 3033/3089
f 2977/3033 2992/3048 3011/3067
f 2942/2998 2933/2989 2952/3008
f 2942/2998 2952/3008 2977/3033
f 2926/2982 2933/2989 2942/2998
f 2917/2973 2895/2951 2926/2982
f 2897/2953 2912/2968 2913/2969
f 2898/2954 2897/2953 2913/2969
f 6325/6620 6354/6657 6326/6621
f 6355/6659 6325/6620 6324/6619
f 6351/6650 6341/6640 6327/6622
f 6336/6635 6333/6632 6335/6634
f 6336/6635 6335/6634 6340/6639
f 6333/6632 6331/6627 6334/6633
f 6331/6627 6332/6631 3443/6629
f 3425/6628 6331/6627 3443/6629
f 3425/3556 3424/3555 3431/3562
f 3414/3543 3413/3542 3403/3530
f 3414/3543 3424/3555 3413/3542
f 3400/3527 3403/3530 3413/3542
f 3373/3495 3380/3502 3379/3501
f 3373/3495 3372/3494 3342/3461
f 3337/3456 3310/3424 3306/3420
f 3310/3424 3294/3406 3306/3420
f 3294/3406 3274/3381 3291/3403
f 3212/3300 3180/3258 3225/3321
f 3180/3258 3212/3300 3157/3230
f 3101/3157 3102/3158 3180/3258
f 3101/3157 3180/3258 3157/3230
f 2992/3048 3002/3058 3033/3089
f 2952/3008 2992/3048 2977/3033
f 2926/2982 2907/2963 2933/2989
f 2926/2982 2900/2956 2907/2963
f 2895/2951 2900/2956 2926/2982
f 6349/6648 6348/6647 6321/6616
f 6349/6648 6321/6616 6328/6623
f 6328/6623 176/6652 6349/6648
f 176/6652 6328/6623 6329/6624
f 182/6651 176/6652 6329/6624
f 6340/6639 6335/6634 6350/6649
f 6341/6640 6338/6637 6340/6639
f 6333/6632 6334/6633 6335/6634
f 3431/3562 3424/3555 3414/3543
f 3396/3523 3400/3527 3380/3502
f 3396/3523 3403/3530 3400/3527
f 3345/3464 3342/3461 3372/3494
f 3306/3420 3294/3406 3290/3402
f 3290/3402 3294/3406 3291/3403
f 3274/3381 3270/3377 3291/3403
f 3225/3321 3257/3362 3274/3381
f 3180/3258 3181/3259 3225/3321
f 3102/3158 3181/3259 3180/3258
f 3033/3089 3049/3105 3102/3158
f 3033/3089 3102/3158 3101/3157
f 3002/3058 3049/3105 3033/3089
f 2992/3048 2957/3013 3002/3058
f 2992/3048 2952/3008 2957/3013
f 2933/2989 2928/2984 2952/3008
f 2907/2963 2928/2984 2933/2989
f 2895/2951 2886/2942 2900/2956
f 6325/6620 6316/6607 6315/6606
f 6324/6619 6325/6620 6315/6606
f 6324/6619 6315/6606 6314/6605
f 6321/6616 6324/6619 6314/6605
f 6321/6616 6314/6605 6312/6603
f 6317/6610 6329/6624 6328/6623
f 6327/6622 6341/6640 6322/6617
f 6326/6621 6316/6607 6325/6620
f 182/6651 6329/6624 184/6608
f 6335/6634 6334/6633 6319/6613
f 6331/6627 3432/6626 6330/6625
f 6334/6633 6331/6627 6330/6625
f 3425/3556 3431/3562 3432/3563
f 6331/6627 3425/6628 3432/6626
f 3396/3523 3380/3502 3374/3496
f 3373/3495 3374/3496 3380/3502
f 3374/3496 3373/3495 3342/3461
f 3342/3461 3345/3464 3339/3458
f 3338/3457 3337/3456 3339/3458
f 3339/3458 3345/3464 3338/3457
f 3270/3377 3274/3381 3257/3362
f 3257/3362 3225/3321 3224/3320
f 3224/3320 3225/3321 3181/3259
f 3102/3158 3136/3203 3181/3259
f 3102/3158 3052/3108 3136/3203
f 3049/3105 3003/3059 3052/3108
f 3049/3105 3052/3108 3102/3158
f 3002/3058 3003/3059 3049/3105
f 2957/3013 3003/3059 3002/3058
f 2952/3008 2941/2997 2957/3013
f 2928/2984 2941/2997 2952/3008
f 2900/2956 2887/2943 2905/2961
f 2900/2956 2905/2961 2907/2963
f 2879/2935 2889/2945 2890/2946
f 6314/6605 6303/6578 6302/6577
f 6322/6617 6318/6611 6311/6601
f 6315/6606 6316/6607 6311/6601
f 6315/6606 6311/6601 6304/6579
f 6314/6605 6315/6606 6304/6579
f 184/6608 6329/6624 6317/6610
f 6322/6617 6350/6649 6318/6611
f 6322/6617 6311/6601 6316/6607
f 6322/6617 6316/6607 6327/6622
f 6335/6634 6319/6613 6323/6618
f 3432/3563 3431/3562 3420/3551
f 3414/3543 3404/3531 3420/3551
f 3431/3562 3414/3543 3420/3551
f 3414/3543 3403/3530 3404/3531
f 3403/3530 3396/3523 3404/3531
f 3374/3496 3342/3461 3341/3460
f 3343/3462 3342/3461 3339/3458
f 3306/3420 3290/3402 3307/3421
f 3307/3421 3337/3456 3306/3420
f 3270/3377 3289/3401 3290/3402
f 3270/3377 3290/3402 3291/3403
f 3270/3377 3257/3362 3247/3351
f 3224/3320 3247/3351 3257/3362
f 3224/3320 3219/3315 3247/3351
f 3181/3259 3190/3275 3219/3315
f 3224/3320 3181/3259 3219/3315
f 3181/3259 3136/3203 3190/3275
f 3003/3059 3025/3081 3052/3108
f 3003/3059 2986/3042 3025/3081
f 3003/3059 2957/3013 2986/3042
f 2928/2984 2906/2962 2941/2997
f 2905/2961 2906/2962 2928/2984
f 2905/2961 2928/2984 2907/2963
f 2879/2935 2880/2936 2889/2945
f 6303/6578 6304/6579 6263/6517
f 6302/6577 6303/6578 6263/6517
f 6302/6577 6263/6517 6264/6518
f 6284/6546 6302/6577 6264/6518
f 6311/6601 6305/6580 6297/6568
f 6311/6601 6318/6611 6305/6580
f 6311/6601 6297/6568 6290/6552
f 6304/6579 6311/6601 6290/6552
f 6304/6579 6290/6552 6263/6517
f 6296/6566 6317/6610 6306/6581
f 6296/6566 184/6608 6317/6610
f 5/6564 184/6608 6296/6566
f 5/6564 4/6609 184/6608
f 6318/6611 6323/6618 6310/6600
f 6318/6611 6310/6600 6305/6580
f 6334/6633 6330/6625 6320/6615
f 6319/6613 6334/6633 6320/6615
f 3396/3523 3388/3514 3399/3526
f 3404/3531 3396/3523 3399/3526
f 3388/3514 3374/3496 3375/3497
f 3388/3514 3396/3523 3374/3496
f 3308/3422 3339/3458 3337/3456
f 3308/3422 3337/3456 3307/3421
f 3290/3402 3292/3404 3307/3421
f 3270/3377 3267/3374 3289/3401
f 3270/3377 3247/3351 3267/3374
f 3247/3351 3259/3364 3267/3374
f 3136/3203 3137/3204 3190/3275
f 3052/3108 3053/3109 3137/3204
f 3052/3108 3137/3204 3136/3203
f 3025/3081 3053/3109 3052/3108
f 2957/3013 2949/3005 2986/3042
f 2941/2997 2949/3005 2957/3013
f 2887/2943 2884/2940 2905/2961
f 2886/2942 2875/2931 2884/2940
f 2886/2942 2884/2940 2887/2943
f 6297/6568 6258/6512 6265/6519
f 6290/6552 6297/6568 6265/6519
f 6263/6517 6290/6552 6262/6516
f 6285/6547 6306/6581 6286/6548
f 6287/6549 6296/6566 6285/6547
f 6287/6549 5/6564 6296/6566
f 6310/6600 6319/6613 6309/6599
f 6310/6600 6309/6599 6259/6513
f 6305/6580 6310/6600 6259/6513
f 6319/6613 6320/6615 6309/6599
f 3432/3563 3420/3551 3433/3564
f 3420/3551 3404/3531 3398/3525
f 3404/3531 3399/3526 3398/3525
f 3374/3496 3341/3460 3375/3497
f 3341/3460 3342/3461 3343/3462
f 3343/3462 3339/3458 3346/3465
f 3308/3422 3346/3465 3339/3458
f 3282/3394 3292/3404 3290/3402
f 3267/3374 3268/3375 3289/3401
f 3259/3364 3247/3351 3246/3350
f 3246/3350 3247/3351 3219/3315
f 3190/3275 3189/3274 3219/3315
f 3137/3204 3189/3274 3190/3275
f 3053/3109 3080/3136 3137/3204
f 3025/3081 3051/3107 3053/3109
f 3025/3081 2983/3039 3051/3107
f 3025/3081 2986/3042 2983/3039
f 2949/3005 2983/3039 2986/3042
f 2941/2997 2920/2976 2949/3005
f 2906/2962 2894/2950 2920/2976
f 2906/2962 2920/2976 2941/2997
f 2905/2961 2894/2950 2906/2962
f 2884/2940 2894/2950 2905/2961
f 2873/2929 2835/2891 2876/2932
f 6257/6511 6258/6512 6224/6471
f 6270/6526 259/6562 6287/6549
f 6259/6513 6309/6599 6191/6433
f 6309/6599 6308/6598 6191/6433
f 6330/6625 3433/6614 6308/6598
f 6320/6615 6330/6625 6308/6598
f 6320/6615 6308/6598 6309/6599
f 6330/6625 3432/6626 3433/6614
f 3420/3551 3398/3525 3421/3552
f 3375/3497 3341/3460 3347/3466
f 3341/3460 3343/3462 3347/3466
f 3346/3465 3308/3422 3315/3429
f 3268/3375 3267/3374 3259/3364
f 3246/3350 3244/3348 3259/3364
f 3246/3350 3219/3315 3244/3348
f 3219/3315 3209/3296 3244/3348
f 3219/3315 3189/3274 3209/3296
f 3189/3274 3137/3204 3149/3222
f 3080/3136 3149/3222 3137/3204
f 3080/3136 3053/3109 3051/3107
f 3051/3107 2983/3039 3010/3066
f 2949/3005 2939/2995 2983/3039
f 2920/2976 2939/2995 2949/3005
f 2875/2931 2837/2893 2884/2940
f 6248/6502 6284/6546 6251/6505
f 6248/6502 6283/6545 6284/6546
f 6256/6510 6265/6519 6257/6511
f 6250/6504 6287/6549 6285/6547
f 6250/6504 6285/6547 6249/6503
f 6270/6526 6287/6549 6250/6504
f 6224/6471 6259/6513 6191/6433
f 6224/6471 6191/6433 6190/6432
f 6224/6471 6258/6512 6259/6513
f 317/6500 267/6563 259/6562
f 317/6500 259/6562 6271/6527
f 6191/6433 6308/6598 6192/6434
f 6308/6598 6307/6586 6192/6434
f 3433/6614 3421/6612 6307/6586
f 3433/6614 6307/6586 6308/6598
f 3421/3552 3398/3525 3397/3524
f 3433/3564 3420/3551 3421/3552
f 3343/3462 3346/3465 3347/3466
f 3307/3421 3292/3404 3308/3422
f 3289/3401 3282/3394 3290/3402
f 2920/2976 2903/2959 2939/2995
f 2894/2950 2892/2948 2903/2959
f 2894/2950 2903/2959 2920/2976
f 2894/2950 2877/2933 2892/2948
f 2884/2940 2877/2933 2894/2950
f 4073/4244 542/4245 544/4239
f 4073/4244 544/4239 4072/4243
f 568/4254 542/4245 4073/4244
f 2798/2854 2873/2929 2874/2930
f 6252/6506 6261/6515 6260/6514
f 6133/6370 6262/6516 6256/6510
f 6260/6514 6262/6516 6133/6370
f 6194/6436 6224/6471 6190/6432
f 6223/6470 6224/6471 6194/6436
f 6190/6432 6191/6433 6192/6434
f 6192/6434 6307/6586 6208/6450
f 6307/6586 3421/6612 3422/6587
f 3421/3552 3397/3524 3422/3553
f 3399/3526 3376/3498 3397/3524
f 3397/3524 3398/3525 3399/3526
f 3399/3526 3388/3514 3376/3498
f 3388/3514 3375/3497 3376/3498
f 3315/3429 3318/3432 3346/3465
f 3308/3422 3309/3423 3315/3429
f 3309/3423 3308/3422 3292/3404
f 3269/3376 3282/3394 3289/3401
f 3289/3401 3268/3375 3269/3376
f 3253/3358 3259/3364 3244/3348
f 3209/3296 3245/3349 3244/3348
f 3187/3270 3208/3295 3209/3296
f 3187/3270 3189/3274 3149/3222
f 3187/3270 3209/3296 3189/3274
f 3149/3222 3148/3221 3187/3270
f 3080/3136 3148/3221 3149/3222
f 3079/3135 3080/3136 3051/3107
f 3010/3066 3079/3135 3051/3107
f 2966/3022 3004/3060 3010/3066
f 2966/3022 3010/3066 2983/3039
f 4071/4242 544/4239 538/4241
f 2789/2845 2833/2889 2837/2893
f 2789/2845 2837/2893 2834/2890
f 4072/4243 544/4239 4071/4242
f 6223/6470 6257/6511 6224/6471
f 6222/6469 6257/6511 6223/6470
f 6256/6510 6257/6511 6222/6469
f 6193/6435 6192/6434 6195/6437
f 6190/6432 6192/6434 6193/6435
f 6195/6437 6192/6434 6208/6450
f 6195/6437 6208/6450 6209/6451
f 6208/6450 6307/6586 6255/6509
f 3422/3553 3397/3524 3407/3534
f 3422/6587 3407/6591 6255/6509
f 3397/3524 3376/3498 3406/3533
f 3347/3466 3348/3467 3376/3498
f 3347/3466 3376/3498 3375/3497
f 3346/3465 3318/3432 3348/3467
f 3346/3465 3348/3467 3347/3466
f 3281/3393 3292/3404 3282/3394
f 3269/3376 3281/3393 3282/3394
f 3209/3296 3208/3295 3245/3349
f 3079/3135 3148/3221 3080/3136
f 3004/3060 3079/3135 3010/3066
f 2966/3022 2965/3021 3004/3060
f 582/6738 445/6814 447/6796
f 2903/2959 2935/2991 2939/2995
f 2797/2853 2744/2800 2743/2799
f 6135/6372 6260/6514 6133/6370
f 6249/6503 6247/6501 6182/6424
f 6216/6459 6249/6503 6182/6424
f 6215/6458 6219/6464 6216/6459
f 317/6500 6220/6465 6151/6388
f 6209/6451 6208/6450 6255/6509
f 6255/6509 3407/6591 6281/6543
f 303/7854 276/7857 316/6567
f 3406/3533 3407/3534 3397/3524
f 3383/3505 3406/3533 3376/3498
f 3348/3467 3350/3469 3376/3498
f 3292/3404 3288/3400 3309/3423
f 3292/3404 3281/3393 3288/3400
f 3269/3376 3268/3375 3260/3365
f 3268/3375 3259/3364 3260/3365
f 3260/3365 3259/3364 3253/3358
f 3245/3349 3253/3358 3244/3348
f 3208/3295 3229/3325 3245/3349
f 3187/3270 3207/3294 3208/3295
f 3148/3221 3125/3187 3173/3251
f 3148/3221 3173/3251 3187/3270
f 3079/3135 3125/3187 3148/3221
f 3004/3060 3005/3061 3065/3121
f 3004/3060 3065/3121 3079/3135
f 2965/3021 3005/3061 3004/3060
f 6446/6789 447/6796 448/6807
f 582/6738 447/6796 6446/6789
f 2903/2959 2902/2958 2935/2991
f 6369/6698 582/6738 6380/6713
f 2892/2948 2902/2958 2903/2959
f 2872/2928 2892/2948 2877/2933
f 6368/6697 6367/6692 578/6693
f 6368/6697 578/6693 6369/6698
f 4078/6696 4071/6695 6367/6692
f 4078/6696 6367/6692 6368/6697
f 2833/2889 2872/2928 2877/2933
f 4074/4246 4071/4242 4078/4250
f 2789/2845 2756/2812 2833/2889
f 6136/6373 6252/6506 6135/6372
f 6248/6502 6136/6373 6180/6422
f 6137/6374 6256/6510 6222/6469
f 6222/6469 6223/6470 6194/6436
f 6196/6438 6195/6437 6209/6451
f 6193/6435 6195/6437 6196/6438
f 6281/6543 6254/6508 6255/6509
f 6281/6543 3406/6594 6282/6544
f 6281/6543 3407/6591 3406/6594
f 3406/3533 3383/3505 3395/3522
f 3383/3505 3376/3498 3350/3469
f 3318/3432 3314/3428 3348/3467
f 3315/3429 3311/3425 3314/3428
f 3318/3432 3315/3429 3314/3428
f 3309/3423 3316/3430 3311/3425
f 3309/3423 3311/3425 3315/3429
f 7405/7821 373/7820 357/7822
f 3309/3423 3288/3400 3316/3430
f 390/7503 372/7506 374/7505
f 3288/3400 3281/3393 3287/3399
f 3281/3393 3269/3376 3275/3386
f 3253/3358 3254/3359 3260/3365
f 3207/3294 3187/3270 3173/3251
f 3125/3187 3079/3135 3065/3121
f 2909/2965 2965/3021 2935/2991
f 2902/2958 2909/2965 2935/2991
f 2888/2944 2902/2958 2892/2948
f 2872/2928 2888/2944 2892/2948
f 2778/2834 2872/2928 2833/2889
f 6136/6373 6135/6372 6060/6295
f 6134/6371 6256/6510 6137/6374
f 6135/6372 6133/6370 6060/6295
f 6193/6435 6189/6431 6194/6436
f 6193/6435 6194/6436 6190/6432
f 6196/6438 6209/6451 6206/6448
f 6209/6451 6253/6507 6206/6448
f 6209/6451 6255/6509 6253/6507
f 6254/6508 6281/6543 6282/6544
f 6282/6544 3395/6595 6301/6573
f 6282/6544 3406/6594 3395/6595
f 3383/3505 3350/3469 3395/3522
f 3350/3469 3348/3467 3349/3468
f 335/7848 291/7853 298/7851
f 335/7848 298/7851 7418/7842
f 3314/3428 3349/3468 3348/3467
f 3287/3399 3281/3393 3275/3386
f 3275/3386 3269/3376 3265/3370
f 3260/3365 3261/3366 3269/3376
f 3254/3359 3253/3358 3245/3349
f 3254/3359 3245/3349 3241/3340
f 3229/3325 3230/3326 3245/3349
f 433/7040 432/7041 439/6975
f 3207/3294 3220/3316 3229/3325
f 3207/3294 3229/3325 3208/3295
f 3125/3187 3124/3186 3168/3246
f 3125/3187 3168/3246 3173/3251
f 446/6871 440/6887 441/6886
f 3124/3186 3125/3187 3065/3121
f 448/6807 444/6850 6464/6811
f 3006/3062 3005/3061 2965/3021
f 3006/3062 3065/3121 3005/3061
f 2954/3010 3006/3062 2965/3021
f 6412/6752 6446/6789 6451/6794
f 2909/2965 2954/3010 2965/3021
f 6380/6713 6446/6789 6412/6752
f 2864/2920 2888/2944 2872/2928
f 6370/6699 6368/6697 6369/6698
f 6370/6699 6369/6698 6371/6701
f 2820/2876 2864/2920 2872/2928
f 4078/6696 6368/6697 6370/6699
f 4079/6700 4078/6696 6370/6699
f 2778/2834 2820/2876 2872/2928
f 4077/4249 4074/4246 4078/4250
f 4077/4249 4078/4250 4079/4251
f 4086/4259 569/4260 4081/4253
f 6035/6269 6136/6373 6060/6295
f 6137/6374 6140/6377 6138/6375
f 6058/6293 6133/6370 6134/6371
f 6060/6295 6133/6370 6058/6293
f 6180/6422 6136/6373 6036/6270
f 9/6390 6150/6387 6149/6386
f 6269/6525 6282/6544 6301/6573
f 3395/3522 3350/3469 3385/3507
f 3350/3469 3349/3468 3385/3507
f 3349/3468 3314/3428 3313/3427
f 3311/3425 3312/3426 3313/3427
f 3311/3425 3313/3427 3314/3428
f 3288/3400 3286/3398 3316/3430
f 3287/3399 3286/3398 3288/3400
f 3265/3370 3269/3376 3261/3366
f 3261/3366 3260/3365 3254/3359
f 423/7131 415/7290 6773/7139
f 3241/3340 3245/3349 3230/3326
f 3207/3294 3195/3281 3205/3292
f 3168/3246 3195/3281 3207/3294
f 3168/3246 3207/3294 3173/3251
f 3068/3124 3126/3188 3124/3186
f 3068/3124 3124/3186 3065/3121
f 6464/6811 444/6850 6497/6851
f 6463/6810 448/6807 6464/6811
f 3006/3062 3068/3124 3065/3121
f 6451/6794 448/6807 6463/6810
f 2908/2964 2954/3010 2909/2965
f 6394/6731 6380/6713 6412/6752
f 2908/2964 2909/2965 2902/2958
f 6371/6701 6380/6713 6394/6731
f 2888/2944 2908/2964 2902/2958
f 2740/2796 2777/2833 2778/2834
f 6058/6293 6134/6371 6138/6375
f 6036/6270 6136/6373 6035/6269
f 6188/6430 6194/6436 6189/6431
f 6141/6378 6194/6436 6188/6430
f 6141/6378 6222/6469 6194/6436
f 6140/6377 6137/6374 6222/6469
f 6140/6377 6222/6469 6141/6378
f 6193/6435 6197/6439 6189/6431
f 6200/6442 6196/6438 6206/6448
f 6196/6438 6197/6439 6193/6435
f 6207/6449 6206/6448 6253/6507
f 6253/6507 6254/6508 6054/6289
f 6254/6508 6282/6544 6055/6290
f 6282/6544 6269/6525 6055/6290
f 6269/6525 6301/6573 6291/6556
f 6301/6573 3385/6596 6292/6557
f 6301/6573 6292/6557 6291/6556
f 6301/6573 3395/6595 3385/6596
f 3349/3468 3313/3427 3385/3507
f 3312/3426 3311/3425 3316/3430
f 3316/3430 3286/3398 3317/3431
f 3275/3386 3265/3370 3287/3399
f 3265/3370 3261/3366 3262/3367
f 3261/3366 3255/3360 3262/3367
f 3254/3359 3255/3360 3261/3366
f 6689/7051 423/7131 6768/7130
f 3254/3359 3241/3340 3240/3339
f 6681/7042 430/7133 6689/7051
f 6681/7042 6689/7051 6604/6962
f 3220/3316 3228/3324 3230/3326
f 3220/3316 3230/3326 3229/3325
f 6610/6968 439/6975 6616/6974
f 3220/3316 3207/3294 3205/3292
f 6529/6885 441/6886 439/6975
f 446/6871 441/6886 6529/6885
f 3126/3188 3168/3246 3124/3186
f 6463/6810 6464/6811 6497/6851
f 2960/3016 3044/3100 3068/3124
f 2960/3016 3068/3124 3006/3062
f 2960/3016 3006/3062 2954/3010
f 2908/2964 2960/3016 2954/3010
f 6394/6731 6412/6752 6401/6740
f 2865/2921 2908/2964 2888/2944
f 2864/2920 2865/2921 2888/2944
f 6372/6702 6370/6699 6371/6701
f 2777/2833 2864/2920 2820/2876
f 4079/6700 6370/6699 6372/6702
f 4084/4257 4077/4249 4079/4251
f 2737/2793 2739/2795 2740/2796
f 4098/4274 570/4261 4086/4259
f 4098/4274 4086/4259 4091/4267
f 6058/6293 6138/6375 6132/6369
f 6198/6440 6189/6431 6197/6439
f 6149/6386 6146/6383 6143/6380
f 6197/6439 6196/6438 6200/6442
f 6205/6447 6206/6448 6207/6449
f 6200/6442 6206/6448 6205/6447
f 6207/6449 6253/6507 6054/6289
f 6054/6289 6254/6508 6055/6290
f 6055/6290 6269/6525 6052/6287
f 6212/6455 6273/6529 6213/6456
f 3385/3507 3313/3427 2031/3482
f 3313/3427 3312/3426 2031/3482
f 7401/7816 7402/7817 7403/7818
f 7401/7816 7403/7818 7395/7809
f 3312/3426 3316/3430 3317/3431
f 3285/3397 3317/3431 3286/3398
f 3283/3395 3286/3398 3287/3399
f 3287/3399 3265/3370 3283/3395
f 6768/7130 6773/7139 6772/7138
f 3254/3359 3240/3339 3255/3360
f 6689/7051 6768/7130 6688/7050
f 3241/3340 3230/3326 3235/3334
f 6616/6974 6681/7042 6604/6962
f 3205/3292 3228/3324 3220/3316
f 3205/3292 3195/3281 3206/3293
f 3169/3247 3168/3246 3126/3188
f 3169/3247 3126/3188 3153/3226
f 3169/3247 3195/3281 3168/3246
f 3104/3161 3126/3188 3068/3124
f 3068/3124 3044/3100 3104/3161
f 3030/3086 3044/3100 2960/3016
f 6449/6792 6451/6794 6463/6810
f 6449/6792 6463/6810 6461/6808
f 6401/6740 6451/6794 6449/6792
f 2910/2966 2960/3016 2908/2964
f 2885/2941 2910/2966 2908/2964
f 6378/6711 6371/6701 6394/6731
f 6378/6711 6394/6731 6396/6733
f 2865/2921 2885/2941 2908/2964
f 6373/6703 6371/6701 6378/6711
f 2839/2895 2865/2921 2864/2920
f 6373/6703 6372/6702 6371/6701
f 2777/2833 2839/2895 2864/2920
f 4094/6704 4079/6700 6372/6702
f 6059/6294 6058/6293 6132/6369
f 6038/6272 6037/6271 5974/6206
f 6039/6273 6038/6272 5974/6206
f 6040/6274 6039/6273 5974/6206
f 6032/6266 6141/6378 6187/6429
f 6140/6377 6141/6378 6032/6266
f 6187/6429 6189/6431 6198/6440
f 6187/6429 6188/6430 6189/6431
f 6199/6441 6197/6439 6200/6442
f 6198/6440 6197/6439 6199/6441
f 6207/6449 6054/6289 6053/6288
f 6204/6446 6269/6525 6291/6556
f 6204/6446 6052/6287 6269/6525
f 6291/6556 6203/6445 6204/6446
f 7388/7802 7412/7834 7411/7833
f 6291/6556 6292/6557 6288/6550
f 6292/6557 3385/6596 2031/6597
f 6772/7138 6927/7294 6924/7291
f 1996/3327 3230/3326 3228/3324
f 1996/3327 3235/3334 3230/3326
f 6610/6968 6616/6974 6608/6966
f 3205/3292 1997/3311 1996/3327
f 3205/3292 1996/3327 3228/3324
f 3206/3293 1997/3311 3205/3292
f 1850/3264 3206/3293 3195/3281
f 3169/3247 1850/3264 3195/3281
f 3104/3161 3153/3226 3126/3188
f 6472/6820 6497/6851 6507/6862
f 6472/6820 6463/6810 6497/6851
f 6461/6808 6463/6810 6472/6820
f 2958/3014 3030/3086 2960/3016
f 2910/2966 2958/3014 2960/3016
f 2839/2895 2885/2941 2865/2921
f 6035/6269 6060/6295 6057/6292
f 6033/6267 6035/6269 6034/6268
f 6130/6367 6042/6276 5992/6224
f 6199/6441 6200/6442 6205/6447
f 6205/6447 6207/6449 6053/6288
f 6051/6286 6054/6289 6055/6290
f 6055/6290 6052/6287 6051/6286
f 6052/6287 6204/6446 6022/6254
f 6203/6445 6291/6556 6288/6550
f 7387/7801 7388/7802 7354/7761
f 2030/6576 6288/6550 6292/6557
f 2030/6576 6292/6557 2031/6597
f 2031/3482 3312/3426 3317/3431
f 2031/3482 3317/3431 2029/3455
f 3265/3370 3264/3369 3283/3395
f 6924/7291 6927/7294 6925/7292
f 3264/3369 3265/3370 3262/3367
f 6772/7138 6924/7291 6771/7137
f 6604/6962 6688/7050 6603/6961
f 6609/6967 6610/6968 6608/6966
f 1850/3264 1849/3301 3206/3293
f 6520/6876 6529/6885 6609/6967
f 1850/3264 3169/3247 3153/3226
f 3152/3225 3153/3226 3104/3161
f 6461/6808 6472/6820 6467/6815
f 6402/6741 6449/6792 6461/6808
f 2958/3014 2959/3015 3030/3086
f 6401/6740 6449/6792 6402/6741
f 6374/6706 6372/6702 6373/6703
f 2795/2851 2839/2895 2777/2833
f 4094/6704 6372/6702 6374/6706
f 2762/2818 2795/2851 2777/2833
f 4093/4269 4084/4257 4094/4270
f 6034/6268 6035/6269 6057/6292
f 6139/6376 6140/6377 6032/6266
f 6138/6375 6140/6377 6139/6376
f 6132/6369 6138/6375 5978/6210
f 6185/6427 6184/6426 6186/6428
f 6053/6288 6054/6289 6051/6286
f 6023/6255 6204/6446 6203/6445
f 6022/6254 6204/6446 6023/6255
f 6203/6445 6288/6550 6202/6444
f 6288/6550 2030/6576 6289/6551
f 2030/2038 2029/2037 2024/2032
f 2030/2038 2031/2039 2029/2037
f 2029/3455 3284/3396 2025/3454
f 2029/3455 3317/3431 3284/3396
f 3284/3396 3317/3431 3285/3397
f 6929/7296 7109/7489 6926/7293
f 3283/3395 3264/3369 3284/3396
f 3283/3395 3284/3396 3285/3397
f 3283/3395 3285/3397 3286/3398
f 6925/7292 6929/7296 6926/7293
f 3262/3367 3263/3368 3264/3369
f 3255/3360 3256/3361 3262/3367
f 3235/3334 1995/3333 3240/3339
f 3235/3334 3240/3339 3241/3340
f 3206/3293 1922/3307 1997/3311
f 1849/3301 1922/3307 3206/3293
f 6520/6876 6609/6967 6591/6949
f 1850/3264 3153/3226 1848/3263
f 6495/6848 6507/6862 6520/6876
f 3152/3225 1848/3263 3153/3226
f 6495/6848 6472/6820 6507/6862
f 6467/6815 6472/6820 6495/6848
f 3030/3086 3087/3143 3104/3161
f 3030/3086 3104/3161 3044/3100
f 6400/6739 6401/6740 6402/6741
f 2916/2972 2959/3015 2958/3014
f 2916/2972 2958/3014 2910/2966
f 6396/6733 6401/6740 6400/6739
f 2885/2941 2916/2972 2910/2966
f 2838/2894 2885/2941 2839/2895
f 6376/6709 6373/6703 6378/6711
f 2795/2851 2838/2894 2839/2895
f 6374/6706 6373/6703 6376/6709
f 2752/2808 2763/2819 2762/2818
f 2735/2791 2738/2794 2731/2787
f 6187/6429 6198/6440 6031/6265
f 6051/6286 6052/6287 6050/6285
f 6203/6445 6202/6444 6023/6255
f 6202/6444 6288/6550 6289/6551
f 6202/6444 6289/6551 6267/6522
f 6289/6551 2030/6576 2024/6555
f 2024/2032 2029/2037 2025/2033
f 3263/3368 3262/3367 3256/3361
f 6687/7049 6771/7137 6685/7047
f 3255/3360 3252/3357 3256/3361
f 3240/3339 3243/3346 3252/3357
f 3240/3339 3252/3357 3255/3360
f 1995/3333 3243/3346 3240/3339
f 1995/3333 3235/3334 1996/3327
f 6606/6964 6605/6963 6602/6960
f 1994/2002 1996/2004 1997/2005
f 1848/1856 1849/1857 1850/1858
f 6493/6846 6467/6815 6495/6848
f 3087/3143 3151/3224 3152/3225
f 3087/3143 3152/3225 3104/3161
f 3048/3104 3087/3143 3030/3086
f 6416/6756 6461/6808 6467/6815
f 2959/3015 3048/3104 3030/3086
f 6402/6741 6461/6808 6416/6756
f 2916/2972 2940/2996 2959/3015
f 2883/2939 2916/2972 2885/2941
f 6376/6709 6378/6711 6396/6733
f 2838/2894 2883/2939 2885/2941
f 2807/2863 2838/2894 2795/2851
f 4093/6708 4094/6704 6375/6707
f 2754/2810 2763/2819 2752/2808
f 2746/2802 2754/2810 2752/2808
f 2746/2802 2752/2808 2741/2797
f 2735/2791 2745/2801 2738/2794
f 5972/6204 6057/6292 5971/6203
f 5972/6204 6034/6268 6057/6292
f 6033/6267 5972/6204 5948/6180
f 5979/6211 6139/6376 6032/6266
f 5978/6210 6139/6376 5979/6211
f 5991/6223 6132/6369 5978/6210
f 6059/6294 5991/6223 5971/6203
f 6059/6294 6132/6369 5991/6223
f 6032/6266 6187/6429 6031/6265
f 6030/6264 6145/6382 5994/6226
f 6014/6246 6198/6440 6199/6441
f 6031/6265 6198/6440 6014/6246
f 6013/6245 6199/6441 6205/6447
f 6050/6285 6052/6287 6022/6254
f 6021/6253 6022/6254 6023/6255
f 6021/6253 6023/6255 6202/6444
f 6267/6522 6289/6551 6266/6521
f 2024/6555 2019/6553 6266/6521
f 2024/6555 6266/6521 6289/6551
f 2024/2032 2022/2030 2019/2027
f 2024/2032 2025/2033 2022/2030
f 2025/3454 3284/3396 2022/3453
f 3284/3396 2023/3372 2022/3453
f 6770/7136 6926/7293 6932/7300
f 3264/3369 3263/3368 2023/3372
f 3264/3369 2023/3372 3284/3396
f 3256/3361 3252/3357 3266/3371
f 1995/3333 1990/3347 3243/3346
f 1997/3311 1922/3307 1994/3308
f 1845/1853 1922/1930 1849/1857
f 6519/6875 6520/6876 6591/6949
f 6519/6875 6591/6949 6530/6888
f 1845/1853 1849/1857 1848/1856
f 3151/3224 1848/3263 3152/3225
f 6416/6756 6467/6815 6465/6812
f 3007/3063 3048/3104 2959/3015
f 6415/6755 6402/6741 6416/6756
f 2940/2996 3007/3063 2959/3015
f 6400/6739 6402/6741 6415/6755
f 2901/2957 2940/2996 2916/2972
f 6395/6732 6396/6733 6400/6739
f 2883/2939 2901/2957 2916/2972
f 6376/6709 6396/6733 6395/6732
f 6374/6706 6376/6709 6379/6712
f 5978/6210 5979/6211 5958/6190
f 5940/6169 5991/6223 5978/6210
f 5971/6203 5991/6223 5940/6169
f 5974/6206 6037/6271 5948/6180
f 6013/6245 6205/6447 6053/6288
f 6056/6291 6053/6288 6051/6286
f 6022/6254 6021/6253 6019/6251
f 6021/6253 6202/6444 6201/6443
f 6201/6443 6202/6444 6267/6522
f 2019/2027 2022/2030 2004/2012
f 2022/2030 2023/2031 2012/2020
f 2022/2030 2012/2020 2004/2012
f 2023/3372 3263/3368 2017/3373
f 3263/3368 3266/3371 2017/3373
f 3266/3371 3263/3368 3256/3361
f 3266/3371 3252/3357 3242/3341
f 6600/6958 6687/7049 6685/7047
f 1995/2003 1918/1926 1990/1998
f 1994/2002 1995/2003 1996/2004
f 1920/3309 1994/3308 1922/3307
f 1920/1928 1922/1930 1921/1929
f 1923/1931 1921/1929 1922/1930
f 6530/6888 6591/6949 6593/6951
f 1844/1852 1922/1930 1845/1853
f 1844/1852 1923/1931 1922/1930
f 1847/1855 1845/1853 1848/1856
f 1847/3262 1848/3263 3151/3224
f 1847/3262 3151/3224 3166/3244
f 3088/3144 3166/3244 3151/3224
f 6465/6812 6493/6846 6494/6847
f 3088/3144 3151/3224 3087/3143
f 3048/3104 3088/3144 3087/3143
f 2953/3009 3007/3063 2940/2996
f 6414/6754 6400/6739 6415/6755
f 2901/2957 2953/3009 2940/2996
f 6395/6732 6400/6739 6414/6754
f 2859/2915 2901/2957 2883/2939
f 6386/6722 6376/6709 6395/6732
f 2859/2915 2883/2939 2838/2894
f 6379/6712 6376/6709 6386/6722
f 2810/2866 2859/2915 2838/2894
f 2810/2866 2838/2894 2807/2863
f 6377/6710 6374/6706 6379/6712
f 2773/2829 2810/2866 2807/2863
f 2773/2829 2807/2863 2763/2819
f 4090/4266 4093/4269 4108/4284
f 2748/2804 2749/2805 2745/2801
f 5883/6104 5940/6169 5895/6116
f 5880/6101 5971/6203 5940/6169
f 5880/6101 5940/6169 5883/6104
f 5878/6099 5948/6180 5972/6204
f 5913/6137 5878/6099 5877/6098
f 5913/6137 5948/6180 5878/6099
f 5960/6192 5979/6211 6031/6265
f 5958/6190 5979/6211 5960/6192
f 5961/6193 6031/6265 6014/6246
f 6056/6291 6051/6286 6049/6284
f 6050/6285 6022/6254 6019/6251
f 6021/6253 6201/6443 6020/6252
f 6201/6443 6267/6522 6266/6521
f 6201/6443 6266/6521 6217/6462
f 6266/6521 2019/6553 2009/6520
f 6266/6521 2009/6520 6217/6462
f 2019/6553 2010/6554 2009/6520
f 6997/7366 6998/7367 6969/7337
f 6883/7249 6930/7298 6997/7366
f 2004/2012 2010/2018 2019/2027
f 2012/2020 2023/2031 2017/2025
f 6686/7048 6769/7135 6770/7136
f 3242/3341 3243/3346 1989/3345
f 3242/3341 3252/3357 3243/3346
f 6600/6958 6685/7047 6684/7046
f 6602/6960 6603/6961 6600/6958
f 1989/3345 3243/3346 1990/3347
f 1994/2002 1918/1926 1995/2003
f 1994/3308 1920/3309 1919/3310
f 1843/1851 1844/1852 1845/1853
f 6517/6873 6510/6865 6530/6888
f 1846/1854 1843/1851 1845/1853
f 1846/1854 1845/1853 1847/1855
f 1846/1854 1847/1855 1881/1889
f 3166/3244 1881/3272 1847/3262
f 3145/3216 3166/3244 3088/3144
f 3069/3125 3088/3144 3048/3104
f 6415/6755 6416/6756 6465/6812
f 3007/3063 3069/3125 3048/3104
f 2859/2915 2858/2914 2901/2957
f 6383/6718 6379/6712 6386/6722
f 6377/6710 6379/6712 6383/6718
f 6381/6714 6375/6707 6377/6710
f 4108/6716 6375/6707 6381/6714
f 2754/2810 2771/2827 2773/2829
f 4097/4273 4095/4271 4096/4272
f 5779/5981 5878/6099 5880/6101
f 5779/5981 5880/6101 5853/6071
f 5877/6098 5778/5980 5816/6028
f 5912/6136 5913/6137 5816/6028
f 5864/6083 5918/6142 5912/6136
f 5888/6109 5958/6190 5960/6192
f 5895/6116 5958/6190 5888/6109
f 5960/6192 6031/6265 5961/6193
f 5946/6176 6014/6246 6013/6245
f 5961/6193 6014/6246 5946/6176
f 6013/6245 6056/6291 6012/6244
f 6049/6284 6051/6286 6050/6285
f 6049/6284 6050/6285 6048/6283
f 6050/6285 6019/6251 6048/6283
f 6020/6252 6019/6251 6021/6253
f 6201/6443 6047/6282 6020/6252
f 2010/2018 2004/2012 2003/2011
f 1991/1999 2012/2020 1992/2000
f 2004/2012 2012/2020 1991/1999
f 2012/2020 1993/2001 1992/2000
f 2012/2020 2017/2025 1993/2001
f 6690/7052 6686/7048 6818/7184
f 2017/3373 3266/3371 1993/3344
f 3266/3371 3242/3341 1993/3344
f 3242/3341 1989/3345 1965/3342
f 6601/6959 6602/6960 6600/6958
f 1918/1926 1989/1997 1990/1998
f 1919/1927 1918/1926 1994/2002
f 1919/1927 1920/1928 1912/1920
f 1912/1920 1920/1928 1921/1929
f 6496/6849 6494/6847 6510/6865
f 6496/6849 6465/6812 6494/6847
f 3069/3125 3145/3216 3088/3144
f 6445/6788 6415/6755 6465/6812
f 3014/3070 3069/3125 3007/3063
f 6414/6754 6415/6755 6445/6788
f 2953/3009 3014/3070 3007/3063
f 2904/2960 2953/3009 2901/2957
f 6399/6737 6395/6732 6414/6754
f 2858/2914 2904/2960 2901/2957
f 6386/6722 6395/6732 6399/6737
f 6393/6730 6386/6722 6399/6737
f 2810/2866 2809/2865 2858/2914
f 2810/2866 2858/2914 2859/2915
f 6382/6715 6377/6710 6383/6718
f 2809/2865 2810/2866 2773/2829
f 2771/2827 2772/2828 2773/2829
f 4104/4280 4096/4272 4108/4284
f 5851/6066 5895/6116 5806/6017
f 5864/6083 5816/6028 5815/6027
f 5864/6083 5912/6136 5816/6028
f 5863/6082 5864/6083 5815/6027
f 5889/6110 5960/6192 5961/6193
f 5888/6109 5960/6192 5889/6110
f 5946/6176 6013/6245 6012/6244
f 6012/6244 6056/6291 6049/6284
f 6012/6244 6049/6284 5970/6202
f 6017/6249 6048/6283 6019/6251
f 6018/6250 6019/6251 6020/6252
f 6047/6282 6201/6443 6217/6462
f 2009/6520 2011/6452 6217/6462
f 2009/2017 2010/2018 2003/2011
f 2003/2011 2004/2012 1987/1995
f 1991/1999 1987/1995 2004/2012
f 6774/7140 6690/7052 6812/7178
f 6683/7045 6690/7052 6774/7140
f 6598/6956 6686/7048 6683/7045
f 3242/3341 1965/3342 1964/3343
f 3242/3341 1964/3343 1993/3344
f 6599/6957 6684/7046 6598/6956
f 1988/1996 1989/1997 1918/1926
f 1918/1926 1917/1925 1988/1996
f 1919/1927 1911/1919 1918/1926
f 6614/6972 6530/6888 6593/6951
f 1921/1929 1923/1931 1842/1850
f 1842/1850 1923/1931 1844/1852
f 1844/1852 1843/1851 1842/1850
f 6517/6873 6530/6888 6614/6972
f 1846/1854 1851/1859 1843/1851
f 6503/6858 6496/6849 6517/6873
f 1882/3240 3166/3244 3145/3216
f 3121/3179 3145/3216 3069/3125
f 6460/6806 6465/6812 6471/6819
f 6445/6788 6465/6812 6460/6806
f 2962/3018 3014/3070 2953/3009
f 2904/2960 2962/3018 2953/3009
f 4104/4280 4108/4284 4111/4287
f 2759/2815 2750/2806 2751/2807
f 5805/6016 5851/6066 5806/6017
f 5727/5924 5851/6066 5805/6016
f 5583/5778 5779/5981 5780/5982
f 5373/5566 5583/5778 5372/5565
f 5534/5729 5778/5980 5373/5566
f 5868/6089 5894/6115 5919/6143
f 5868/6089 5919/6143 5862/6081
f 5889/6110 5961/6193 5946/6176
f 5889/6110 5946/6176 5886/6107
f 5946/6176 6012/6244 5947/6177
f 5970/6202 6049/6284 6048/6283
f 6017/6249 6019/6251 6018/6250
f 6018/6250 6020/6252 6016/6248
f 6016/6248 6020/6252 6047/6282
f 2011/2019 2009/2017 1998/2006
f 1986/1994 2003/2011 1987/1995
f 2009/2017 1986/1994 1998/2006
f 2009/2017 2003/2011 1986/1994
f 1991/1999 1992/2000 1963/1971
f 1992/2000 1964/1972 1963/1971
f 1992/2000 1993/2001 1964/1972
f 1988/1996 1965/1973 1989/1997
f 1911/1919 1917/1925 1918/1926
f 1912/1920 1911/1919 1919/1927
f 1912/1920 1921/1929 1890/1898
f 1843/1851 1841/1849 1842/1850
f 1843/1851 1851/1859 1841/1849
f 6523/6879 6517/6873 6525/6881
f 1851/1859 1846/1854 1881/1889
f 6503/6858 6517/6873 6523/6879
f 1881/3272 3166/3244 1880/3271
f 1880/3271 3166/3244 1882/3240
f 3121/3179 1882/3240 3145/3216
f 6460/6806 6471/6819 6473/6821
f 3066/3122 3121/3179 3069/3125
f 3014/3070 3066/3122 3069/3125
f 6409/6749 6414/6754 6445/6788
f 2871/2927 2904/2960 2858/2914
f 2832/2888 2871/2927 2858/2914
f 6384/6719 6381/6714 6382/6715
f 6384/6719 6382/6715 6385/6721
f 2772/2828 2788/2844 2809/2865
f 4111/6717 6381/6714 6384/6719
f 4107/4283 4104/4280 4111/4287
f 2761/2817 2753/2809 2750/2806
f 4106/4282 4104/4280 4107/4283
f 2758/2814 2760/2816 2751/2807
f 4982/5174 5233/5425 5232/5424
f 4982/5174 5372/5565 5233/5425
f 5382/5575 5806/6017 5804/6011
f 5382/5575 5805/6016 5806/6017
f 5507/5702 5382/5575 5232/5424
f 5507/5702 5805/6016 5382/5575
f 5507/5702 5727/5924 5805/6016
f 5233/5425 5780/5982 5727/5924
f 5233/5425 5727/5924 5507/5702
f 5463/5658 5373/5566 4984/5176
f 5463/5658 4984/5176 5086/5278
f 5629/5825 5862/6081 5773/5974
f 5629/5825 5773/5974 5463/5658
f 5868/6089 5862/6081 5648/5844
f 5868/6089 5648/5844 5795/6001
f 5893/6114 5894/6115 5868/6089
f 5882/6103 5946/6176 5947/6177
f 5886/6107 5946/6176 5882/6103
f 5947/6177 6012/6244 5970/6202
f 5965/6197 5970/6202 6048/6283
f 6016/6248 6047/6282 6044/6278
f 6047/6282 6217/6462 2011/6452
f 1998/2006 1986/1994 1968/1976
f 1986/1994 1987/1995 1931/1939
f 1987/1995 1933/1941 1931/1939
f 1987/1995 1991/1999 1933/1941
f 1933/1941 1991/1999 1963/1971
f 6595/6953 6598/6956 6597/6955
f 1916/1924 1965/1973 1988/1996
f 6601/6959 6595/6953 6594/6952
f 6588/6946 6612/6970 6589/6947
f 1842/1850 1890/1898 1921/1929
f 1851/1859 1881/1889 1853/1861
f 1881/1889 1880/1888 1853/1861
f 6448/6791 6445/6788 6460/6806
f 6409/6749 6445/6788 6448/6791
f 2962/3018 3066/3122 3014/3070
f 2899/2955 2962/3018 2904/2960
f 2871/2927 2899/2955 2904/2960
f 2788/2844 2832/2888 2809/2865
f 2775/2831 2788/2844 2772/2828
f 4119/4295 4111/4287 4120/4296
f 2761/2817 2770/2826 2753/2809
f 4977/5169 5232/5424 5382/5575
f 4977/5169 5382/5575 5129/5321
f 4978/5170 5232/5424 4977/5169
f 4983/5175 4982/5174 4980/5172
f 5744/5943 5804/6011 5822/6036
f 5823/6037 5886/6107 5882/6103
f 5844/6059 5893/6114 5795/6001
f 5882/6103 5947/6177 5970/6202
f 5965/6197 6048/6283 6017/6249
f 6017/6249 6018/6250 6015/6247
f 7392/7806 7391/7805 5962/6194
f 6015/6247 6018/6250 6016/6248
f 6045/6279 6047/6282 2011/6452
f 6044/6278 6047/6282 6045/6279
f 6045/6279 2011/6452 1998/6461
f 1986/1994 1931/1939 1930/1938
f 6787/7153 6788/7154 6882/7248
f 1929/1937 1931/1939 1933/1941
f 1962/1970 1963/1971 1964/1972
f 1962/1970 1965/1973 1916/1924
f 1962/1970 1964/1972 1965/1973
f 6596/6954 6595/6953 6597/6955
f 1988/1996 1917/1925 1916/1924
f 6611/6969 6607/6965 6594/6952
f 1911/1919 1913/1921 1917/1925
f 6589/6947 6612/6970 6611/6969
f 6577/6935 6614/6972 6613/6971
f 1840/1848 1890/1898 1842/1850
f 6571/6929 6578/6936 6577/6935
f 1841/1849 1852/1860 1835/1843
f 6524/6880 6578/6936 6571/6929
f 1841/1849 1851/1859 1852/1860
f 6503/6858 6523/6879 6513/6868
f 1859/1867 1853/1861 1880/1888
f 6488/6839 6473/6821 6503/6858
f 1882/1890 1859/1867 1880/1888
f 1874/3241 1882/3240 3121/3179
f 6448/6791 6460/6806 6473/6821
f 3120/3178 3121/3179 3066/3122
f 2963/3019 3066/3122 2962/3018
f 2899/2955 2963/3019 2962/3018
f 6408/6748 6392/6729 6409/6749
f 2849/2905 2899/2955 2871/2927
f 6388/6725 6385/6721 6392/6729
f 2832/2888 2806/2862 2849/2905
f 6387/6723 6385/6721 6388/6725
f 6387/6723 6384/6719 6385/6721
f 4120/6720 6384/6719 6387/6723
f 4110/4286 4106/4282 4107/4283
f 4974/5166 5129/5321 5113/5305
f 4981/5173 4986/5178 4983/5175
f 4987/5179 4986/5178 4981/5173
f 4987/5179 4988/5180 4986/5178
f 4989/5181 4988/5180 4987/5179
f 4990/5182 4988/5180 4989/5181
f 4990/5182 5234/5426 4988/5180
f 5743/5942 5822/6036 5823/6037
f 5459/5654 5113/5305 5129/5321
f 5407/5600 5518/5713 5234/5426
f 5407/5600 5234/5426 4993/5185
f 5407/5600 5795/6001 5518/5713
f 5733/5931 5795/6001 5407/5600
f 5823/6037 5882/6103 5824/6038
f 5920/6144 5970/6202 5965/6197
f 5882/6103 5970/6202 5920/6144
f 5917/6141 5980/6212 5906/6128
f 6017/6249 6015/6247 5966/6198
f 6017/6249 5966/6198 5965/6197
f 6015/6247 6016/6248 6011/6243
f 6011/6243 6016/6248 6044/6278
f 6045/6279 1998/6461 1969/6460
f 1968/1976 1969/1977 1998/2006
f 1968/1976 1986/1994 1930/1938
f 1930/1938 1931/1939 1929/1937
f 1962/1970 1933/1941 1963/1971
f 1890/1898 1840/1848 1839/1847
f 1841/1849 1840/1848 1842/1850
f 1852/1860 1851/1859 1853/1861
f 6513/6868 6523/6879 6524/6880
f 1874/1882 1859/1867 1882/1890
f 1868/3217 1874/3241 3121/3179
f 6466/6813 6473/6821 6488/6839
f 3120/3178 1868/3217 3121/3179
f 6466/6813 6448/6791 6473/6821
f 3067/3123 3120/3178 3066/3122
f 3067/3123 2963/3019 3040/3096
f 3067/3123 3066/3122 2963/3019
f 2946/3002 3040/3096 2963/3019
f 6408/6748 6409/6749 6426/6767
f 2899/2955 2946/3002 2963/3019
f 2849/2905 2914/2970 2899/2955
f 2765/2821 2766/2822 2761/2817
f 4110/4286 4105/4281 4106/4282
f 4112/4288 4109/4285 4105/4281
f 4969/5161 5113/5305 5118/5310
f 4971/5163 5113/5305 4969/5161
f 4975/5167 4976/5168 4974/5166
f 4975/5167 4974/5166 4973/5165
f 5109/5301 4979/5171 4975/5167
f 5109/5301 4981/5173 4979/5171
f 4991/5183 4987/5179 5090/5282
f 4991/5183 4989/5181 4987/5179
f 4991/5183 4990/5182 4989/5181
f 4992/5184 4993/5185 4990/5182
f 4992/5184 4990/5182 4991/5183
f 4994/5186 4993/5185 4992/5184
f 5743/5942 5823/6037 5824/6038
f 5458/5653 5459/5654 5743/5942
f 5458/5653 5118/5310 5113/5305
f 5458/5653 5113/5305 5459/5654
f 5732/5930 5821/6034 5733/5931
f 5732/5930 5733/5931 5407/5600
f 5920/6144 5965/6197 5921/6145
f 5920/6144 5824/6038 5882/6103
f 5917/6141 5906/6128 5820/6033
f 5965/6197 5966/6198 5921/6145
f 6043/6277 6011/6243 6044/6278
f 6043/6277 6044/6278 6045/6279
f 6046/6280 6045/6279 1967/6281
f 1967/6281 6045/6279 1969/6460
f 1926/1934 1929/1937 1933/1941
f 1933/1941 1908/1916 1926/1934
f 1962/1970 1924/1932 1933/1941
f 1913/1921 1915/1923 1916/1924
f 1913/1921 1916/1924 1917/1925
f 1913/1921 1911/1919 1910/1918
f 1910/1918 1911/1919 1912/1920
f 1910/1918 1912/1920 1890/1898
f 1890/1898 1839/1847 1889/1897
f 1841/1849 1835/1843 1840/1848
f 6571/6929 6577/6935 6543/6901
f 1832/1840 1835/1843 1852/1860
f 6570/6928 6524/6880 6571/6929
f 1825/1833 1852/1860 1853/1861
f 1868/1876 1858/1866 1874/1882
f 6447/6790 6448/6791 6466/6813
f 2946/3002 2899/2955 2914/2970
f 6406/6746 6408/6748 6417/6757
f 2850/2906 2914/2970 2849/2905
f 2849/2905 2846/2902 2850/2906
f 2805/2861 2806/2862 2788/2844
f 2775/2831 2805/2861 2788/2844
f 4129/6724 4120/6720 6387/6723
f 4119/4295 4120/4296 4129/4305
f 2766/2822 2776/2832 2770/2826
f 2767/2823 2766/2822 2765/2821
f 4113/4289 4110/4286 4115/4291
f 4995/5187 4992/5184 4991/5183
f 4995/5187 4991/5183 5088/5280
f 4995/5187 4994/5186 4992/5184
f 4996/5188 4994/5186 4995/5187
f 4997/5189 5110/5302 4994/5186
f 4997/5189 4994/5186 4996/5188
f 5358/5551 5458/5653 5743/5942
f 5358/5551 5118/5310 5458/5653
f 5460/5655 5109/5301 5359/5552
f 5396/5589 5109/5301 5460/5655
f 5297/5489 5407/5600 5110/5302
f 5297/5489 5110/5302 4997/5189
f 5563/5758 5732/5930 5297/5489
f 5824/6038 5920/6144 5872/6093
f 5966/6198 6015/6247 5967/6199
f 5967/6199 6015/6247 6011/6243
f 5969/6201 6011/6243 6043/6277
f 6043/6277 6045/6279 6046/6280
f 1932/1940 1969/1977 1968/1976
f 1932/1940 1968/1976 1930/1938
f 1925/1933 1932/1940 1930/1938
f 1925/1933 1930/1938 1929/1937
f 6782/7148 6787/7153 6786/7152
f 1908/1916 1933/1941 1924/1932
f 6660/7019 6661/7020 6722/7084
f 1915/1923 1962/1970 1916/1924
f 1915/1923 1924/1932 1962/1970
f 1913/1921 1914/1922 1915/1923
f 1910/1918 1914/1922 1913/1921
f 1890/1898 1889/1897 1910/1918
f 6543/6901 6577/6935 6579/6937
f 1825/1833 1832/1840 1852/1860
f 1824/1832 1825/1833 1853/1861
f 6513/6868 6531/6889 6514/6869
f 1824/1832 1853/1861 1859/1867
f 6499/6854 6513/6868 6514/6869
f 1859/1867 1874/1882 1858/1866
f 1868/3217 3120/3178 3067/3123
f 6426/6767 6447/6790 6454/6799
f 6390/6727 6388/6725 6397/6735
f 2785/2841 2805/2861 2775/2831
f 4115/4291 4114/4290 4121/4297
f 4965/5157 5118/5310 5358/5551
f 5045/5237 4972/5164 4985/5177
f 5360/5553 5359/5552 5045/5237
f 5087/5279 4995/5187 5088/5280
f 5010/5202 4996/5188 4995/5187
f 5010/5202 4995/5187 5087/5279
f 4998/5190 4997/5189 4996/5188
f 4998/5190 4996/5188 5010/5202
f 4999/5191 4997/5189 4998/5190
f 5680/5877 5824/6038 5782/5984
f 5360/5553 5045/5237 5124/5316
f 5609/5805 5359/5552 5360/5553
f 5610/5806 5396/5589 5460/5655
f 5468/5663 5396/5589 5611/5807
f 5468/5663 5090/5282 5396/5589
f 5872/6093 5920/6144 5921/6145
f 5872/6093 5782/5984 5824/6038
f 5922/6146 5966/6198 5967/6199
f 5921/6145 5966/6198 5922/6146
f 5985/6217 5962/6194 5926/6150
f 6963/7331 6964/7332 6965/7333
f 1966/6258 6046/6280 1967/6281
f 1967/1975 1969/1977 1932/1940
f 6864/7230 6882/7248 6920/7286
f 1896/1904 1932/1940 1925/1933
f 6782/7148 6786/7152 6784/7150
f 1925/1933 1929/1937 1926/1934
f 1926/1934 1908/1916 1888/1896
f 6590/6948 6596/6954 6615/6973
f 1915/1923 1914/1922 1878/1886
f 1914/1922 1857/1865 1878/1886
f 1910/1918 1857/1865 1914/1922
f 6584/6942 6585/6943 6576/6934
f 1835/1843 1839/1847 1840/1848
f 1832/1840 1825/1833 1826/1834
f 1858/1866 1824/1832 1859/1867
f 6479/6828 6488/6839 6499/6854
f 1868/1876 1802/1810 1858/1866
f 6479/6828 6466/6813 6488/6839
f 6454/6799 6466/6813 6479/6828
f 1867/3160 3067/3123 3040/3096
f 1867/3160 1868/3217 3067/3123
f 6436/6778 6426/6767 6454/6799
f 6417/6757 6426/6767 6436/6778
f 3040/3096 2946/3002 2915/2971
f 2915/2971 2946/3002 2914/2970
f 2850/2906 2915/2971 2914/2970
f 2819/2875 2846/2902 2806/2862
f 2805/2861 2819/2875 2806/2862
f 6389/6726 6387/6723 6390/6727
f 4129/6724 6387/6723 6389/6726
f 4116/4292 4112/4288 4113/4289
f 4964/5156 4965/5157 5358/5551
f 5124/5316 4985/5177 4968/5160
f 5124/5316 4968/5160 4966/5158
f 5000/5192 4998/5190 5010/5202
f 5000/5192 5010/5202 5089/5281
f 5000/5192 4999/5191 4998/5190
f 5001/5193 4999/5191 5000/5192
f 5002/5194 5296/5488 4999/5191
f 5002/5194 4999/5191 5001/5193
f 5357/5550 5358/5551 5680/5877
f 5357/5550 4964/5156 5358/5551
f 5512/5707 5360/5553 5124/5316
f 5646/5842 5360/5553 5512/5707
f 5722/5919 5610/5806 5609/5805
f 5531/5726 5819/6032 5563/5758
f 5531/5726 5563/5758 5170/5362
f 5866/6086 5921/6145 5922/6146
f 5872/6093 5921/6145 5866/6086
f 5967/6199 6011/6243 5969/6201
f 5967/6199 5969/6201 5922/6146
f 5943/6172 6043/6277 6046/6280
f 5968/6200 6043/6277 5943/6172
f 6923/7289 6920/7286 6961/7329
f 1932/1940 1928/1936 1966/1974
f 1932/1940 1966/1974 1967/1975
f 6864/7230 6920/7286 6923/7289
f 1888/1896 1925/1933 1926/1934
f 1888/1896 1908/1916 1879/1887
f 1879/1887 1908/1916 1924/1932
f 1876/1884 1924/1932 1915/1923
f 1876/1884 1879/1887 1924/1932
f 1915/1923 1878/1886 1877/1885
f 1915/1923 1877/1885 1876/1884
f 1889/1897 1838/1846 1857/1865
f 1889/1897 1857/1865 1910/1918
f 1839/1847 1838/1846 1889/1897
f 1834/1842 1839/1847 1835/1843
f 1833/1841 1834/1842 1835/1843
f 1833/1841 1835/1843 1832/1840
f 1825/1833 1781/1789 1826/1834
f 6542/6900 6514/6869 6531/6889
f 1781/1789 1825/1833 1824/1832
f 6545/6903 6514/6869 6542/6900
f 1782/1790 1781/1789 1824/1832
f 1782/1790 1824/1832 1858/1866
f 1782/1790 1858/1866 1793/1801
f 6506/6861 6514/6869 6545/6903
f 6479/6828 6499/6854 6506/6861
f 1867/1875 1792/1800 1802/1810
f 1867/1875 1802/1810 1868/1876
f 3103/3159 3040/3096 3041/3097
f 3103/3159 1867/3160 3040/3096
f 2915/2971 3041/3097 3040/3096
f 2915/2971 2850/2906 2862/2918
f 6398/6736 6397/6735 6406/6746
f 6398/6736 6406/6746 6407/6747
f 2846/2902 2862/2918 2850/2906
f 6390/6727 6397/6735 6398/6736
f 4131/6734 4129/6724 6389/6726
f 4122/4298 4115/4291 4121/4297
f 2767/2823 2780/2836 2779/2835
f 4897/5089 4964/5156 5357/5550
f 5003/5195 5002/5194 5001/5193
f 5003/5195 5001/5193 5000/5192
f 5004/5196 5002/5194 5003/5195
f 5005/5197 5002/5194 5004/5196
f 5620/5816 5872/6093 5866/6086
f 5357/5550 5529/5724 5295/5487
f 5511/5706 5124/5316 5311/5503
f 5512/5707 5124/5316 5511/5706
f 5759/5960 5273/5465 5760/5961
f 5645/5841 5609/5805 5646/5842
f 5722/5919 5609/5805 5645/5841
f 5720/5917 5611/5807 5721/5918
f 5922/6146 5969/6201 5916/6140
f 5943/6172 6046/6280 1966/6258
f 1928/1936 1932/1940 1896/1904
f 6783/7149 6782/7148 6784/7150
f 6723/7085 6782/7148 6783/7149
f 1886/1894 1925/1933 1888/1896
f 6632/6991 6587/6945 6615/6973
f 1857/1865 1877/1885 1878/1886
f 1857/1865 1838/1846 1856/1864
f 6543/6901 6576/6934 6538/6896
f 6544/6902 6543/6901 6538/6896
f 1832/1840 1827/1835 1833/1841
f 1827/1835 1832/1840 1826/1834
f 6542/6900 6543/6901 6544/6902
f 1826/1834 1781/1789 1770/1778
f 1802/1810 1793/1801 1858/1866
f 6480/6829 6479/6828 6506/6861
f 6475/6823 6454/6799 6480/6829
f 1792/3214 1867/3160 3103/3159
f 3041/3097 2915/2971 2996/3052
f 2862/2918 2996/3052 2915/2971
f 2846/2902 2861/2917 2862/2918
f 6391/6728 6390/6727 6398/6736
f 2811/2867 2819/2875 2805/2861
f 2785/2841 2811/2867 2805/2861
f 2782/2838 2794/2850 2785/2841
f 4125/4301 4117/4293 4122/4298
f 4871/5063 5357/5550 5295/5487
f 4903/5095 4962/5154 4897/5089
f 4903/5095 4897/5089 4902/5094
f 5466/5661 5311/5503 5053/5245
f 5466/5661 5053/5245 5445/5639
f 5003/5195 5000/5192 5140/5332
f 5620/5816 5866/6086 5621/5817
f 5295/5487 5529/5724 5620/5816
f 5451/5645 5818/6031 5531/5726
f 5451/5645 5531/5726 5169/5361
f 5866/6086 5922/6146 5916/6140
f 5645/5841 5646/5842 5512/5707
f 5916/6140 5969/6201 5968/6200
f 5969/6201 6043/6277 5968/6200
f 6965/7333 7110/7490 5904/6126
f 6963/7331 6965/7333 6962/7330
f 1887/1895 1896/1904 1925/1933
f 1886/1894 1887/1895 1925/1933
f 6703/7065 6723/7085 6783/7149
f 1886/1894 1888/1896 1800/1808
f 1829/1837 1888/1896 1879/1887
f 1829/1837 1800/1808 1888/1896
f 1877/1885 1857/1865 1856/1864
f 6574/6932 6585/6943 6586/6944
f 6574/6932 6586/6944 6587/6945
f 6576/6934 6585/6943 6574/6932
f 1838/1846 1837/1845 1856/1864
f 1837/1845 1839/1847 1834/1842
f 1837/1845 1838/1846 1839/1847
f 1833/1841 1836/1844 1834/1842
f 1827/1835 1770/1778 1769/1777
f 1826/1834 1770/1778 1827/1835
f 6545/6903 6542/6900 6533/6891
f 1764/1772 1781/1789 1782/1790
f 1780/1788 1764/1772 1782/1790
f 6509/6864 6545/6903 6546/6904
f 1780/1788 1782/1790 1793/1801
f 6509/6864 6506/6861 6545/6903
f 1793/1801 1802/1810 1754/1762
f 1783/1791 1754/1762 1802/1810
f 6480/6829 6506/6861 6509/6864
f 1792/1800 1783/1791 1802/1810
f 6475/6823 6480/6829 6490/6843
f 3098/3154 1792/3214 3103/3159
f 6452/6797 6454/6799 6475/6823
f 3041/3097 3098/3154 3103/3159
f 6452/6797 6436/6778 6454/6799
f 6435/6777 6436/6778 6437/6779
f 6423/6764 6436/6778 6435/6777
f 6410/6750 6398/6736 6407/6747
f 2824/2880 2861/2917 2819/2875
f 2811/2867 2824/2880 2819/2875
f 4131/6734 6389/6726 6404/6743
f 4125/4301 4122/4298 4132/4308
f 2780/2836 2783/2839 2779/2835
f 4123/4299 4124/4300 4116/4292
f 5445/5639 5053/5245 4903/5095
f 5006/5198 5004/5196 5003/5195
f 5006/5198 5003/5195 5140/5332
f 5006/5198 5005/5197 5004/5196
f 5007/5199 5005/5197 5006/5198
f 5009/5201 5169/5361 5005/5197
f 5009/5201 5005/5197 5007/5199
f 5295/5487 5620/5816 5621/5817
f 5576/5771 5466/5661 5445/5639
f 5475/5670 5092/5284 5505/5700
f 5842/6057 5916/6140 5914/6138
f 5842/6057 5866/6086 5916/6140
f 5643/5839 5512/5707 5511/5706
f 5645/5841 5512/5707 5643/5839
f 5767/5968 5768/5969 5759/5960
f 5914/6138 5916/6140 5968/6200
f 5549/5744 5721/5918 5722/5919
f 5968/6200 5943/6172 5914/6138
f 1927/1935 1966/1974 1928/1936
f 1897/1905 1928/1936 1895/1903
f 1895/1903 1928/1936 1896/1904
f 1879/1887 1876/1884 1828/1836
f 1879/1887 1828/1836 1829/1837
f 1855/1863 1876/1884 1877/1885
f 6575/6933 6587/6945 6632/6991
f 1856/1864 1855/1863 1877/1885
f 1834/1842 1836/1844 1831/1839
f 1834/1842 1831/1839 1837/1845
f 1827/1835 1836/1844 1833/1841
f 6544/6902 6538/6896 6535/6893
f 6546/6904 6545/6903 6532/6890
f 1781/1789 1764/1772 1770/1778
f 1780/1788 1689/1697 1764/1772
f 6508/6863 6480/6829 6509/6864
f 6490/6843 6480/6829 6508/6863
f 1791/3215 1792/3214 3098/3154
f 2964/3020 2996/3052 2862/2918
f 2861/2917 2964/3020 2862/2918
f 6403/6742 6398/6736 6410/6750
f 6403/6742 6391/6728 6398/6736
f 6404/6743 6403/6742 6405/6744
f 4144/6745 4131/6734 6404/6743
f 4127/4303 4123/4299 4128/4304
f 4871/5063 5295/5487 5294/5486
f 5008/5200 5007/5199 5006/5198
f 5621/5817 5866/6086 5842/6057
f 5294/5486 5295/5487 5621/5817
f 5379/5572 5008/5200 5140/5332
f 5612/5808 5841/6056 5684/5881
f 5612/5808 5684/5881 5168/5360
f 5639/5835 5466/5661 5641/5837
f 5639/5835 5511/5706 5466/5661
f 5644/5840 5645/5841 5643/5839
f 5577/5772 5645/5841 5644/5840
f 5577/5772 5722/5919 5645/5841
f 5549/5744 5722/5919 5577/5772
f 5943/6172 1966/6258 1927/6173
f 1897/1905 1927/1935 1928/1936
f 1895/1903 1893/1901 1897/1905
f 1862/1870 1895/1903 1896/1904
f 1862/1870 1896/1904 1887/1895
f 1800/1808 1799/1807 1886/1894
f 6702/7064 6704/7066 6703/7065
f 1828/1836 1876/1884 1830/1838
f 1830/1838 1876/1884 1855/1863
f 1854/1862 1856/1864 1837/1845
f 1854/1862 1855/1863 1856/1864
f 6537/6895 6538/6896 6539/6897
f 1767/1775 1836/1844 1827/1835
f 1827/1835 1769/1777 1767/1775
f 6534/6892 6533/6891 6544/6902
f 1771/1779 1770/1778 1764/1772
f 1780/1788 1793/1801 1754/1762
f 6508/6863 6509/6864 6521/6877
f 1791/1799 1783/1791 1792/1800
f 3098/3154 3041/3097 2996/3052
f 3098/3154 2996/3052 3097/3153
f 2964/3020 3097/3153 2996/3052
f 6424/6765 6410/6750 6423/6764
f 2861/2917 2931/2987 2964/3020
f 6413/6753 6410/6750 6422/6763
f 2857/2913 2931/2987 2861/2917
f 6403/6742 6410/6750 6413/6753
f 2824/2880 2857/2913 2861/2917
f 2808/2864 2811/2867 2794/2850
f 4132/4308 4130/4306 4142/4318
f 5405/5598 4903/5095 4896/5088
f 5405/5598 5445/5639 4903/5095
f 5046/5238 5011/5203 5008/5200
f 5046/5238 5008/5200 5379/5572
f 5012/5204 5014/5206 5009/5201
f 5012/5204 5009/5201 5011/5203
f 5574/5769 5445/5639 5405/5598
f 5623/5819 5379/5572 5475/5670
f 5843/6058 5914/6138 5915/6139
f 5842/6057 5914/6138 5843/6058
f 5690/5887 5475/5670 5691/5888
f 5690/5887 5623/5819 5475/5670
f 5915/6139 5914/6138 5943/6172
f 5582/5777 5643/5839 5639/5835
f 5644/5840 5643/5839 5582/5777
f 1894/1902 1897/1905 1893/1901
f 1893/1901 1895/1903 1862/1870
f 1862/1870 1887/1895 1799/1807
f 1799/1807 1887/1895 1886/1894
f 1800/1808 1829/1837 1798/1806
f 1854/1862 1837/1845 1831/1839
f 1836/1844 1767/1775 1766/1774
f 1769/1777 1770/1778 1768/1776
f 1686/1694 1771/1779 1764/1772
f 1686/1694 1764/1772 1689/1697
f 1688/1696 1689/1697 1780/1788
f 1688/1696 1780/1788 1754/1762
f 6491/6844 6508/6863 6515/6870
f 1783/1791 1703/1711 1754/1762
f 6491/6844 6490/6843 6508/6863
f 1791/1799 1740/1748 1783/1791
f 6474/6822 6475/6823 6490/6843
f 6452/6797 6475/6823 6474/6822
f 1794/1802 1743/1751 1791/1799
f 1794/3200 1791/3215 3098/3154
f 6443/6786 6437/6779 6452/6797
f 3097/3153 1794/3200 3098/3154
f 6435/6777 6437/6779 6443/6786
f 3097/3153 2964/3020 3043/3099
f 2931/2987 3043/3099 2964/3020
f 6411/6751 6403/6742 6413/6753
f 6405/6744 6403/6742 6411/6751
f 4136/4312 4125/4301 4132/4308
f 4134/4310 4128/4304 4126/4302
f 5015/5207 5012/5204 5011/5203
f 5015/5207 5011/5203 5046/5238
f 5013/5205 5014/5206 5012/5204
f 5594/5789 5842/6057 5843/6058
f 5293/5485 5294/5486 5621/5817
f 5624/5820 5379/5572 5623/5819
f 5641/5837 5576/5771 5564/5759
f 5915/6139 5943/6172 1899/6162
f 5532/5727 5639/5835 5641/5837
f 5533/5728 5639/5835 5532/5727
f 5582/5777 5639/5835 5533/5728
f 1899/1907 1927/1935 1894/1902
f 1899/6162 5943/6172 1927/6173
f 5515/5710 5582/5777 5533/5728
f 5541/5736 5644/5840 5582/5777
f 5474/5669 5558/5753 5549/5744
f 5426/5619 5558/5753 5474/5669
f 5426/5619 5573/5768 5558/5753
f 5591/5786 5691/5888 5571/5766
f 1894/1902 1927/1935 1897/1905
f 1885/1893 1893/1901 1862/1870
f 1798/1806 1799/1807 1800/1808
f 1798/1806 1829/1837 1775/1783
f 1829/1837 1828/1836 1775/1783
f 1830/1838 1777/1785 1828/1836
f 1854/1862 1785/1793 1830/1838
f 1854/1862 1830/1838 1855/1863
f 6540/6898 6575/6933 6582/6940
f 1772/1780 1854/1862 1831/1839
f 1766/1774 1831/1839 1836/1844
f 6536/6894 6535/6893 6537/6895
f 1767/1775 1769/1777 1768/1776
f 1768/1776 1770/1778 1771/1779
f 6547/6905 6546/6904 6548/6906
f 1686/1694 1689/1697 1688/1696
f 1688/1696 1754/1762 1703/1711
f 1740/1748 1703/1711 1783/1791
f 1743/1751 1740/1748 1791/1799
f 6434/6776 6435/6777 6443/6786
f 6424/6765 6435/6777 6434/6776
f 2836/2892 2857/2913 2824/2880
f 2821/2877 2836/2892 2824/2880
f 2821/2877 2824/2880 2811/2867
f 2808/2864 2821/2877 2811/2867
f 2786/2842 2793/2849 2787/2843
f 2791/2847 2786/2842 2783/2839
f 4866/5058 5294/5486 5293/5485
f 5594/5789 5843/6058 5799/6005
f 5843/6058 5858/6077 5799/6005
f 5843/6058 5915/6139 5858/6077
f 5642/5838 5575/5770 5574/5769
f 5564/5759 5576/5771 5575/5770
f 5564/5759 5575/5770 5642/5838
f 5929/6155 5915/6139 1899/6162
f 5929/6155 5858/6077 5915/6139
f 5532/5727 5641/5837 5564/5759
f 5690/5887 5691/5888 5591/5786
f 1899/1907 1894/1902 1884/1892
f 5455/5649 5541/5736 5409/5602
f 5455/5649 5577/5772 5541/5736
f 5411/5604 5577/5772 5455/5649
f 5411/5604 5549/5744 5577/5772
f 5474/5669 5549/5744 5411/5604
f 5496/5691 5571/5766 5483/5678
f 5394/5587 5474/5669 5411/5604
f 1884/1892 1894/1902 1893/1901
f 1884/1892 1893/1901 1885/1893
f 1861/1869 1885/1893 1862/1870
f 1801/1809 1862/1870 1799/1807
f 1801/1809 1798/1806 1795/1803
f 1801/1809 1799/1807 1798/1806
f 1796/1804 1795/1803 1798/1806
f 1796/1804 1798/1806 1775/1783
f 1775/1783 1828/1836 1776/1784
f 1776/1784 1828/1836 1777/1785
f 1777/1785 1830/1838 1785/1793
f 1785/1793 1854/1862 1772/1780
f 6541/6899 6537/6895 6540/6898
f 1766/1774 1772/1780 1831/1839
f 1765/1773 1766/1774 1767/1775
f 1768/1776 1765/1773 1767/1775
f 6549/6907 6534/6892 6550/6908
f 6549/6907 6532/6890 6534/6892
f 6549/6907 6548/6906 6532/6890
f 1771/1779 1686/1694 1685/1693
f 1687/1695 1683/1691 1686/1694
f 1687/1695 1686/1694 1688/1696
f 1740/1748 1706/1714 1703/1711
f 6474/6822 6490/6843 6491/6844
f 1743/1751 1739/1747 1740/1748
f 6469/6817 6443/6786 6474/6822
f 2999/3055 3043/3099 2931/2987
f 2836/2892 2860/2916 2857/2913
f 6405/6744 6411/6751 6420/6761
f 4150/6760 4144/6745 6404/6743
f 4150/6760 6404/6743 6418/6758
f 4141/4317 4136/4312 4142/4318
f 5557/5752 5405/5598 5200/5392
f 5016/5208 5012/5204 5015/5207
f 5016/5208 5015/5207 5376/5569
f 5018/5210 5013/5205 5017/5209
f 5018/5210 5099/5291 5013/5205
f 5256/5448 5293/5485 5594/5789
f 5256/5448 4960/5152 5293/5485
f 5692/5889 5404/5597 5624/5820
f 5390/5583 5376/5569 5404/5597
f 5619/5815 5828/6042 5612/5808
f 5619/5815 5612/5808 5098/5290
f 5929/6155 1899/6162 1883/6159
f 6919/7285 6918/7284 6995/7364
f 1883/1891 1899/1907 1884/1892
f 5472/5667 5533/5728 5532/5727
f 5472/5667 5515/5710 5533/5728
f 5497/5692 5591/5786 5496/5691
f 5212/5404 5455/5649 5409/5602
f 5211/5403 5411/5604 5455/5649
f 5211/5403 5455/5649 5212/5404
f 5394/5587 5411/5604 5211/5403
f 1873/1881 1885/1893 1861/1869
f 1861/1869 1862/1870 1801/1809
f 1766/1774 1720/1728 1772/1780
f 1718/1726 1765/1773 1768/1776
f 1718/1726 1768/1776 1693/1701
f 1768/1776 1771/1779 1685/1693
f 6554/6912 6548/6906 6549/6907
f 1683/1691 1685/1693 1686/1694
f 6557/6915 6548/6906 6554/6912
f 6547/6905 6548/6906 6557/6915
f 1692/1700 1687/1695 1688/1696
f 1703/1711 1706/1714 1692/1700
f 1703/1711 1692/1700 1688/1696
f 1739/1747 1706/1714 1740/1748
f 6487/6838 6491/6844 6515/6870
f 6487/6838 6474/6822 6491/6844
f 6469/6817 6474/6822 6487/6838
f 6444/6787 6443/6786 6469/6817
f 1774/3182 3097/3153 3043/3099
f 1774/3182 3043/3099 3100/3156
f 1774/3182 1794/3200 3097/3153
f 6425/6766 6422/6763 6434/6776
f 2932/2988 2999/3055 2931/2987
f 6413/6753 6422/6763 6425/6766
f 2860/2916 2932/2988 2931/2987
f 2860/2916 2931/2987 2857/2913
f 6420/6761 6413/6753 6421/6762
f 6419/6759 6405/6744 6420/6761
f 6418/6758 6405/6744 6419/6759
f 2812/2868 2821/2877 2808/2864
f 4143/4319 4142/4318 4150/4326
f 4139/4315 4134/4310 4135/4311
f 4137/4313 4133/4309 4134/4310
f 5019/5211 5017/5209 5016/5208
f 5019/5211 5016/5208 5390/5583
f 5042/5234 5018/5210 5062/5254
f 5061/5253 5098/5290 5018/5210
f 5061/5253 5018/5210 5042/5234
f 5560/5755 5799/6005 5858/6077
f 5766/5967 5574/5769 5557/5752
f 5835/6050 5858/6077 5929/6155
f 5835/6050 5929/6155 5931/6157
f 5626/5822 5574/5769 5766/5967
f 5931/6157 5929/6155 1883/6159
f 5532/5727 5564/5759 5565/5760
f 5581/5776 5690/5887 5580/5775
f 6919/7285 6995/7364 5830/6044
f 5491/5686 5532/5727 5492/5687
f 1873/1881 1884/1892 1885/1893
f 5230/5422 5406/5599 5394/5587
f 5229/5421 5406/5599 5230/5422
f 5179/5371 5425/5618 5229/5421
f 5434/5628 5496/5691 5435/5629
f 1873/1881 1861/1869 1860/1868
f 1860/1868 1861/1869 1797/1805
f 1797/1805 1861/1869 1801/1809
f 1797/1805 1801/1809 1795/1803
f 1748/1756 1795/1803 1796/1804
f 6696/7058 6692/7054 6706/7068
f 1796/1804 1775/1783 1748/1756
f 1748/1756 1775/1783 1737/1745
f 1737/1745 1775/1783 1776/1784
f 1737/1745 1776/1784 1738/1746
f 1776/1784 1735/1743 1738/1746
f 1776/1784 1777/1785 1735/1743
f 6648/7007 6583/6941 6654/7013
f 1735/1743 1777/1785 1785/1793
f 6618/6977 6583/6941 6648/7007
f 1720/1728 1785/1793 1772/1780
f 1720/1728 1735/1743 1785/1793
f 6572/6930 6540/6898 6618/6977
f 6572/6930 6541/6899 6540/6898
f 1766/1774 1765/1773 1720/1728
f 6552/6910 6536/6894 6553/6911
f 1693/1701 1768/1776 1685/1693
f 1691/1699 1683/1691 1687/1695
f 6557/6915 6528/6884 6547/6905
f 6515/6870 6528/6884 6518/6874
f 6486/6837 6469/6817 6487/6838
f 1774/1782 1743/1751 1794/1802
f 3100/3156 1773/3183 1774/3182
f 6441/6784 6434/6776 6444/6787
f 6421/6762 6425/6766 6432/6774
f 2821/2877 2827/2883 2843/2899
f 2821/2877 2843/2899 2836/2892
f 4139/4315 4135/4311 4140/4316
f 5199/5391 5200/5392 4868/5060
f 5560/5755 5858/6077 5835/6050
f 5766/5967 5557/5752 5781/5983
f 5390/5583 5692/5889 5708/5905
f 5291/5483 5098/5290 5061/5253
f 5578/5773 5801/6007 5619/5815
f 5578/5773 5619/5815 5291/5483
f 5642/5838 5574/5769 5626/5822
f 1872/1880 1883/1891 1884/1892
f 1872/1880 1884/1892 1873/1881
f 5492/5687 5532/5727 5565/5760
f 5538/5733 5580/5775 5497/5692
f 5243/5435 5435/5629 5178/5370
f 6777/7143 6776/7142 6778/7144
f 1747/1755 1797/1805 1795/1803
f 1747/1755 1795/1803 1748/1756
f 1748/1756 1737/1745 1676/1684
f 6553/6911 6541/6899 6572/6930
f 1719/1727 1765/1773 1718/1726
f 1719/1727 1720/1728 1765/1773
f 6550/6908 6551/6909 6552/6910
f 1693/1701 1694/1702 1718/1726
f 1693/1701 1685/1693 1684/1692
f 6555/6913 6549/6907 6558/6916
f 1683/1691 1684/1692 1685/1693
f 1683/1691 1691/1699 1690/1698
f 6557/6915 6554/6912 6556/6914
f 1691/1699 1687/1695 1692/1700
f 6567/6925 6528/6884 6557/6915
f 1706/1714 1660/1668 1692/1700
f 1706/1714 1739/1747 1663/1671
f 6504/6859 6487/6838 6518/6874
f 6486/6837 6487/6838 6504/6859
f 1724/1732 1739/1747 1743/1751
f 1724/1732 1743/1751 1774/1782
f 1724/1732 1774/1782 1723/1731
f 6468/6816 6469/6817 6486/6837
f 6468/6816 6486/6837 6489/6842
f 1773/1781 1723/1731 1774/1782
f 6441/6784 6444/6787 6468/6816
f 2999/3055 3099/3155 3100/3156
f 2860/2916 2836/2892 2843/2899
f 5199/5391 4867/5059 5201/5393
f 5043/5235 5041/5233 5019/5211
f 5043/5235 5019/5211 5389/5582
f 5256/5448 5560/5755 5257/5449
f 5707/5904 5390/5583 5708/5905
f 5626/5822 5766/5967 5627/5823
f 5635/5831 5708/5905 5636/5832
f 5931/6157 1883/6159 1872/6158
f 5559/5754 5642/5838 5626/5822
f 5539/5734 5581/5776 5538/5733
f 5180/5372 5243/5435 5178/5370
f 1873/1881 1860/1868 1813/1821
f 5176/5368 5178/5370 5179/5371
f 1788/1796 1860/1868 1797/1805
f 6763/7125 6776/7142 6777/7143
f 1788/1796 1797/1805 1747/1755
f 6763/7125 6707/7069 6776/7142
f 6696/7058 6706/7068 6760/7122
f 1746/1754 1747/1755 1748/1756
f 1748/1756 1676/1684 1746/1754
f 6695/7057 6696/7058 6697/7059
f 1738/1746 1714/1722 1737/1745
f 1715/1723 1735/1743 1720/1728
f 6580/6938 6572/6930 6618/6977
f 1715/1723 1720/1728 1719/1727
f 1719/1727 1718/1726 1702/1710
f 1701/1709 1702/1710 1718/1726
f 1701/1709 1718/1726 1694/1702
f 1693/1701 1684/1692 1694/1702
f 6555/6913 6558/6916 6559/6917
f 1690/1698 1684/1692 1683/1691
f 1696/1704 1690/1698 1691/1699
f 1654/1662 1691/1699 1692/1700
f 6526/6882 6518/6874 6567/6925
f 1663/1671 1660/1668 1706/1714
f 6504/6859 6518/6874 6526/6882
f 6489/6842 6486/6837 6504/6859
f 1724/1732 1663/1671 1739/1747
f 6442/6785 6441/6784 6458/6804
f 2972/3028 3099/3155 2999/3055
f 2972/3028 2999/3055 2932/2988
f 6430/6772 6421/6762 6432/6774
f 2870/2926 2932/2988 2860/2916
f 6420/6761 6421/6762 6430/6772
f 2843/2899 2870/2926 2860/2916
f 6418/6758 6419/6759 6427/6768
f 4150/6760 6418/6758 6428/6769
f 4146/4322 4143/4319 4153/4329
f 4145/4321 4140/4316 4146/4322
f 2801/2857 2802/2858 2800/2856
f 4863/5055 5256/5448 5257/5449
f 5201/5393 4867/5059 5198/5390
f 5040/5232 5061/5253 5042/5234
f 5040/5232 5042/5234 5041/5233
f 5606/5802 5835/6050 5836/6051
f 5688/5885 5693/5890 5201/5393
f 5836/6051 5835/6050 5931/6157
f 5931/6157 1872/6158 1814/6123
f 5522/5717 5626/5822 5627/5823
f 5548/5743 5636/5832 5539/5734
f 5433/5627 5491/5686 5492/5687
f 5244/5436 5434/5628 5243/5435
f 1813/1821 1860/1868 1788/1796
f 1813/1821 1788/1796 1779/1787
f 5210/5402 5211/5403 5212/5404
f 1747/1755 1745/1753 1788/1796
f 6697/7059 6696/7058 6760/7122
f 1714/1722 1738/1746 1735/1743
f 1713/1721 1735/1743 1715/1723
f 1701/1709 1699/1707 1702/1710
f 6562/6920 6552/6910 6569/6927
f 6562/6920 6550/6908 6552/6910
f 1694/1702 1684/1692 1682/1690
f 6566/6924 6557/6915 6556/6914
f 6566/6924 6556/6914 6565/6923
f 1655/1663 1654/1662 1692/1700
f 1660/1668 1655/1663 1692/1700
f 1663/1671 1662/1670 1660/1668
f 1724/1732 1662/1670 1663/1671
f 6505/6860 6489/6842 6504/6859
f 6478/6827 6468/6816 6489/6842
f 1723/1731 1773/1781 1760/1768
f 6458/6804 6468/6816 6478/6827
f 2826/2882 2827/2883 2812/2868
f 4155/6770 4150/6760 6428/6769
f 2814/2870 2816/2872 2813/2869
f 4147/4323 4145/4321 4151/4327
f 4147/4323 4138/4314 4139/4315
f 2801/2857 2817/2873 2802/2858
f 4862/5054 4863/5055 4861/5053
f 5035/5227 5041/5233 5043/5235
f 5035/5227 5043/5235 5388/5581
f 5039/5231 5040/5232 5041/5233
f 5039/5231 5041/5233 5035/5227
f 5673/5870 5389/5582 5707/5904
f 5622/5818 5830/6044 5578/5773
f 5622/5818 5578/5773 5290/5482
f 5627/5823 5781/5983 5628/5824
f 1814/1822 1872/1880 1813/1821
f 1814/6123 5836/6051 5931/6157
f 1813/1821 1872/1880 1873/1881
f 5433/5627 5492/5687 5432/5626
f 5457/5652 5539/5734 5538/5733
f 5221/5413 5408/5601 5410/5603
f 5221/5413 5410/5603 5365/5558
f 5243/5435 5180/5372 5240/5432
f 1779/1787 1788/1796 1752/1760
f 1752/1760 1788/1796 1745/1753
f 1745/1753 1747/1755 1746/1754
f 6713/7075 6697/7059 6760/7122
f 1671/1679 1746/1754 1676/1684
f 1676/1684 1672/1680 1671/1679
f 1675/1683 1676/1684 1737/1745
f 1675/1683 1737/1745 1714/1722
f 1714/1722 1735/1743 1713/1721
f 6631/6990 6580/6938 6618/6977
f 1705/1713 1713/1721 1715/1723
f 6581/6939 6580/6938 6631/6990
f 1705/1713 1715/1723 1719/1727
f 1702/1710 1705/1713 1719/1727
f 1699/1707 1697/1705 1702/1710
f 1701/1709 1716/1724 1700/1708
f 1716/1724 1701/1709 1694/1702
f 1682/1690 1716/1724 1694/1702
f 1695/1703 1684/1692 1690/1698
f 1695/1703 1690/1698 1696/1704
f 6564/6922 6556/6914 6555/6913
f 6565/6923 6556/6914 6564/6922
f 1579/1587 1696/1704 1691/1699
f 1579/1587 1691/1699 1654/1662
f 6526/6882 6567/6925 6568/6926
f 6505/6860 6504/6859 6526/6882
f 1723/1731 1662/1670 1724/1732
f 1760/1768 1679/1687 1723/1731
f 3099/3155 1760/3184 1773/3183
f 2971/3027 2972/3028 2932/2988
f 6433/6775 6430/6772 6432/6774
f 2870/2926 2971/3027 2932/2988
f 6429/6771 6420/6761 6430/6772
f 2866/2922 2870/2926 2843/2899
f 6427/6768 6420/6761 6429/6771
f 2844/2900 2866/2922 2843/2899
f 2844/2900 2843/2899 2827/2883
f 2826/2882 2844/2900 2827/2883
f 2817/2873 2814/2870 2802/2858
f 5198/5390 4862/5054 4860/5052
f 5037/5229 5061/5253 5040/5232
f 5037/5229 5040/5232 5039/5231
f 5257/5449 5606/5802 5258/5450
f 5672/5869 5388/5581 5673/5870
f 5628/5824 5781/5983 5784/5987
f 5673/5870 5707/5904 5681/5878
f 5516/5711 5627/5823 5628/5824
f 5523/5718 5627/5823 5516/5711
f 5245/5437 5252/5444 5244/5436
f 1672/1680 1676/1684 1675/1683
f 1667/1675 1714/1722 1713/1721
f 1681/1689 1713/1721 1705/1713
f 1653/1661 1702/1710 1697/1705
f 1653/1661 1705/1713 1702/1710
f 6562/6920 6569/6927 6563/6921
f 1700/1708 1699/1707 1701/1709
f 1695/1703 1682/1690 1684/1692
f 6560/6918 6555/6913 6559/6917
f 6564/6922 6555/6913 6560/6918
f 1577/1585 1695/1703 1696/1704
f 1579/1587 1578/1586 1577/1585
f 1579/1587 1577/1585 1696/1704
f 1655/1663 1570/1578 1654/1662
f 1660/1668 1614/1622 1594/1602
f 1660/1668 1594/1602 1655/1663
f 6526/6882 6568/6926 6527/6883
f 1614/1622 1660/1668 1662/1670
f 6527/6883 6505/6860 6526/6882
f 1679/1687 1662/1670 1723/1731
f 1679/1687 1760/1768 1680/1688
f 6450/6793 6442/6785 6458/6804
f 3099/3155 2972/3028 3077/3133
f 6433/6775 6442/6785 6450/6793
f 2971/3027 3077/3133 2972/3028
f 2911/2967 2971/3027 2870/2926
f 6428/6769 6427/6768 6431/6773
f 2818/2874 2815/2871 2817/2873
f 4953/5145 5257/5449 5258/5450
f 5262/5454 5198/5390 4860/5052
f 5728/5925 5836/6051 5867/6087
f 5688/5885 5201/5393 5262/5454
f 5785/5988 5781/5983 5688/5885
f 5867/6087 5836/6051 1814/6123
f 1778/1786 1814/1822 1813/1821
f 1779/1787 1778/1786 1813/1821
f 5375/5568 5522/5717 5523/5718
f 5375/5568 5432/5626 5495/5690
f 5517/5712 5548/5743 5457/5652
f 5517/5712 5457/5652 5430/5624
f 5253/5445 5252/5444 5245/5437
f 5253/5445 5457/5652 5252/5444
f 6789/7155 6763/7125 6790/7156
f 5224/5416 5365/5558 5366/5559
f 5242/5434 5243/5435 5240/5432
f 1729/1737 1752/1760 1734/1742
f 1729/1737 1779/1787 1752/1760
f 1734/1742 1752/1760 1745/1753
f 1734/1742 1746/1754 1671/1679
f 1734/1742 1745/1753 1746/1754
f 1670/1678 1671/1679 1672/1680
f 1675/1683 1714/1722 1667/1675
f 6658/7017 6708/7070 6709/7071
f 1667/1675 1713/1721 1681/1689
f 6633/6992 6631/6990 6658/7017
f 6633/6992 6581/6939 6631/6990
f 1651/1659 1681/1689 1705/1713
f 6560/6918 6559/6917 6561/6919
f 1579/1587 1654/1662 1570/1578
f 6621/6980 6566/6924 6622/6981
f 6621/6980 6568/6926 6566/6924
f 1571/1579 1570/1578 1655/1663
f 1594/1602 1571/1579 1655/1663
f 6527/6883 6568/6926 6620/6979
f 1661/1669 1662/1670 1679/1687
f 1760/3184 3113/3171 1680/3185
f 1760/3184 3099/3155 3113/3171
f 3077/3133 3113/3171 3099/3155
f 6431/6773 6429/6771 6438/6780
f 2844/2900 2848/2904 2866/2922
f 2823/2879 2848/2904 2844/2900
f 2823/2879 2844/2900 2826/2882
f 4164/6781 4155/6770 6428/6769
f 4152/4328 4151/4327 4154/4330
f 4149/4325 4147/4323 4152/4328
f 5032/5224 5034/5226 5035/5227
f 5038/5230 5037/5229 5034/5226
f 5258/5450 5728/5925 5259/5451
f 5745/5944 6954/7322 5622/5818
f 5745/5944 5622/5818 5369/5562
f 5867/6087 1814/6123 1778/6134
f 5614/5810 5784/5987 5785/5988
f 1778/1786 1779/1787 1728/1736
f 5516/5711 5628/5824 5614/5810
f 5471/5666 5523/5718 5516/5711
f 5517/5712 5561/5756 5548/5743
f 5430/5624 5457/5652 5253/5445
f 1727/1735 1729/1737 1734/1742
f 5231/5423 5230/5422 5226/5418
f 5227/5419 5230/5422 5231/5423
f 1673/1681 1734/1742 1671/1679
f 1671/1679 1670/1678 1673/1681
f 1668/1676 1670/1678 1672/1680
f 1668/1676 1675/1683 1667/1675
f 1668/1676 1672/1680 1675/1683
f 6617/6976 6581/6939 6633/6992
f 1653/1661 1651/1659 1705/1713
f 6561/6919 6563/6921 6617/6976
f 1699/1707 1698/1706 1697/1705
f 6561/6919 6562/6920 6563/6921
f 1700/1708 1698/1706 1699/1707
f 1580/1588 1669/1677 1716/1724
f 1580/1588 1716/1724 1682/1690
f 1682/1690 1695/1703 1577/1585
f 1573/1581 1577/1585 1578/1586
f 6622/6981 6565/6923 6564/6922
f 6622/6981 6566/6924 6565/6923
f 1572/1580 1578/1586 1579/1587
f 1572/1580 1579/1587 1570/1578
f 1570/1578 1571/1579 1562/1570
f 6512/6867 6527/6883 6629/6988
f 1661/1669 1614/1622 1662/1670
f 6482/6831 6462/6809 6478/6827
f 6482/6831 6478/6827 6492/6845
f 6440/6783 6433/6775 6450/6793
f 3077/3133 2971/3027 2911/2967
f 3077/3133 2911/2967 3076/3132
f 2822/2878 2825/2881 2815/2871
f 4841/5033 5258/5450 5259/5451
f 5036/5228 5032/5224 5035/5227
f 5036/5228 5035/5227 5386/5579
f 5658/5854 5728/5925 5867/6087
f 5259/5451 5728/5925 5658/5854
f 5386/5579 5387/5580 5521/5716
f 5867/6087 1778/6134 1736/6133
f 5567/5762 5681/5878 5561/5756
f 1728/1736 1779/1787 1729/1737
f 5195/5387 5375/5568 5471/5666
f 5193/5385 5375/5568 5195/5387
f 5337/5529 5430/5624 5253/5445
f 5338/5530 5430/5624 5337/5529
f 5225/5417 5366/5559 5374/5567
f 5220/5412 5219/5411 5222/5414
f 6662/7021 6658/7017 6709/7071
f 6662/7021 6633/6992 6658/7017
f 1632/1640 1681/1689 1651/1659
f 1697/1705 1652/1660 1653/1661
f 1669/1677 1646/1654 1700/1708
f 1669/1677 1700/1708 1716/1724
f 6619/6978 6560/6918 6628/6987
f 1580/1588 1682/1690 1577/1585
f 1580/1588 1577/1585 1567/1575
f 1567/1575 1577/1585 1573/1581
f 6622/6981 6564/6922 6623/6982
f 1572/1580 1573/1581 1578/1586
f 1570/1578 1569/1577 1572/1580
f 1569/1577 1570/1578 1562/1570
f 6639/6998 6620/6979 6621/6980
f 6629/6988 6620/6979 6639/6998
f 1593/1601 1571/1579 1594/1602
f 1593/1601 1614/1622 1613/1621
f 1593/1601 1594/1602 1614/1622
f 1661/1669 1612/1620 1613/1621
f 1661/1669 1613/1621 1614/1622
f 1679/1687 1678/1686 1661/1669
f 1679/1687 1680/1688 1678/1686
f 1722/1730 1678/1686 1680/1688
f 6459/6805 6450/6793 6462/6809
f 3113/3171 1750/3164 1722/3202
f 3113/3171 3077/3133 1750/3164
f 3076/3132 1750/3164 3077/3133
f 4173/6802 4164/6781 6431/6773
f 2829/2885 2840/2896 2823/2879
f 2829/2885 2823/2879 2816/2872
f 4158/4334 4154/4330 4159/4335
f 4158/4334 4152/4328 4154/4330
f 4829/5021 4858/5050 4830/5022
f 5033/5225 5038/5230 5034/5226
f 5033/5225 5034/5226 5032/5224
f 5658/5854 5867/6087 5852/6067
f 5259/5451 5658/5854 5207/5399
f 5686/5883 5785/5988 5687/5884
f 5852/6067 5867/6087 1736/6133
f 5710/5907 5672/5869 5709/5906
f 1736/1744 1778/1786 1728/1736
f 5513/5708 5516/5711 5614/5810
f 1728/1736 1729/1737 1727/1735
f 5464/5659 5516/5711 5513/5708
f 5250/5442 5253/5445 5245/5437
f 1674/1682 1727/1735 1734/1742
f 5223/5415 5222/5414 5224/5416
f 1674/1682 1734/1742 1673/1681
f 6754/7116 6762/7124 6781/7147
f 1621/1629 1673/1681 1670/1678
f 1618/1626 1621/1629 1670/1678
f 1618/1626 1668/1676 1619/1627
f 1618/1626 1670/1678 1668/1676
f 1619/1627 1667/1675 1624/1632
f 1619/1627 1668/1676 1667/1675
f 1624/1632 1667/1675 1633/1641
f 6634/6993 6633/6992 6662/7021
f 6627/6986 6617/6976 6634/6993
f 1652/1660 1651/1659 1653/1661
f 6625/6984 6561/6919 6617/6976
f 6625/6984 6617/6976 6627/6986
f 6628/6987 6561/6919 6625/6984
f 1647/1655 1698/1706 1700/1708
f 1647/1655 1700/1708 1646/1654
f 1574/1582 1646/1654 1669/1677
f 1574/1582 1669/1677 1580/1588
f 1567/1575 1574/1582 1580/1588
f 1568/1576 1567/1575 1573/1581
f 6639/6998 6621/6980 6644/7003
f 1571/1579 1593/1601 1562/1570
f 6630/6989 6512/6867 6629/6988
f 1612/1620 1661/1669 1678/1686
f 4167/4343 4164/4340 4173/4349
f 4163/4339 4158/4334 4159/4335
f 4160/4336 4152/4328 4158/4334
f 4160/4336 4156/4332 4152/4328
f 4841/5033 5259/5451 5207/5399
f 4853/5045 4859/5051 4829/5021
f 5030/5222 5032/5224 5036/5228
f 5607/5803 5658/5854 5852/6067
f 5207/5399 5658/5854 5607/5803
f 5769/5970 5686/5883 5667/5863
f 5604/5800 5386/5579 5671/5868
f 5604/5800 5671/5868 5711/5908
f 6953/7321 6952/7320 5745/5944
f 6953/7321 5745/5944 5504/5699
f 5769/5970 5613/5809 5686/5883
f 5709/5906 5567/5762 5566/5761
f 1728/1736 1727/1735 1677/1685
f 5195/5387 5464/5659 5188/5380
f 5519/5714 5561/5756 5517/5712
f 5192/5384 5374/5567 5193/5385
f 5339/5531 5431/5625 5338/5530
f 1677/1685 1727/1735 1674/1682
f 5192/5384 5194/5386 5374/5567
f 1677/1685 1674/1682 1622/1630
f 5218/5410 5219/5411 5220/5412
f 5210/5402 5219/5411 5218/5410
f 5240/5432 5177/5369 5175/5367
f 1622/1630 1674/1682 1673/1681
f 1622/1630 1673/1681 1621/1629
f 1620/1628 1619/1627 1624/1632
f 1608/1616 1633/1641 1632/1640
f 1610/1618 1632/1640 1651/1659
f 1652/1660 1611/1619 1609/1617
f 1652/1660 1609/1617 1651/1659
f 1652/1660 1698/1706 1647/1655
f 1652/1660 1697/1705 1698/1706
f 1563/1571 1567/1575 1568/1576
f 1569/1577 1568/1576 1573/1581
f 1569/1577 1573/1581 1572/1580
f 1562/1570 1559/1567 1569/1577
f 1560/1568 1562/1570 1593/1601
f 6630/6989 6629/6988 6640/6999
f 1592/1600 1593/1601 1613/1621
f 1612/1620 1678/1686 1634/1642
f 6481/6830 6482/6831 6498/6852
f 1678/1686 1722/1730 1704/1712
f 6470/6818 6459/6805 6481/6830
f 1750/3164 3076/3132 2994/3050
f 1750/3164 2994/3050 3106/3163
f 6453/6798 6439/6782 6440/6783
f 2995/3051 2994/3050 2848/2904
f 2863/2919 2995/3051 2848/2904
f 2840/2896 2863/2919 2848/2904
f 4160/4336 4158/4334 4162/4338
f 2831/2887 2841/2897 2825/2881
f 2831/2887 2825/2881 2830/2886
f 4853/5045 4829/5021 4854/5046
f 5029/5221 5033/5225 5032/5224
f 5029/5221 5032/5224 5030/5222
f 5747/5947 6953/7321 5504/5699
f 5553/5748 5613/5809 5769/5970
f 5514/5709 5613/5809 5553/5748
f 5465/5660 5513/5708 5489/5684
f 5519/5714 5517/5712 5340/5532
f 5187/5379 5195/5387 5188/5380
f 5337/5529 5250/5442 5251/5443
f 5225/5417 5194/5386 5137/5329
f 5239/5431 5241/5433 5240/5432
f 1618/1626 1619/1627 1620/1628
f 1608/1616 1624/1632 1633/1641
f 1608/1616 1632/1640 1610/1618
f 6646/7005 6634/6993 6662/7021
f 6646/7005 6662/7021 6663/7022
f 6646/7005 6627/6986 6634/6993
f 1609/1617 1610/1618 1651/1659
f 1652/1660 1647/1655 1611/1619
f 6619/6978 6628/6987 6625/6984
f 1566/1574 1574/1582 1567/1575
f 6623/6982 6619/6978 6624/6983
f 1566/1574 1567/1575 1563/1571
f 6644/7003 6622/6981 6635/6994
f 1569/1577 1563/1571 1568/1576
f 6643/7002 6639/6998 6644/7003
f 1560/1568 1559/1567 1562/1570
f 6640/6999 6639/6998 6643/7002
f 6642/7001 6516/6872 6630/6989
f 1612/1620 1592/1600 1613/1621
f 1750/1758 1749/1757 1722/1730
f 3106/3163 1749/3197 1750/3164
f 4168/4344 4159/4335 4167/4343
f 4163/4339 4159/4335 4168/4344
f 5028/5220 5029/5221 5030/5222
f 5027/5219 5029/5221 5028/5220
f 5208/5400 4840/5032 5207/5399
f 5208/5400 5207/5399 5607/5803
f 5667/5863 4853/5045 4854/5046
f 5122/5314 5030/5222 5036/5228
f 5122/5314 5036/5228 5386/5579
f 5504/5699 5197/5389 5254/5446
f 1721/6068 5852/6067 1736/6133
f 5553/5748 5769/5970 5554/5749
f 6960/7328 6953/7321 5747/5947
f 6869/7235 6880/7246 6960/7328
f 1659/1667 1736/1744 1728/1736
f 1659/1667 1728/1736 1677/1685
f 5694/5891 5710/5907 5709/5906
f 5520/5715 5566/5761 5519/5714
f 5315/5507 5339/5531 5338/5530
f 5190/5382 5192/5384 5187/5379
f 5316/5508 5338/5530 5337/5529
f 5316/5508 5337/5529 5251/5443
f 5246/5438 5241/5433 5239/5431
f 6780/7146 6781/7147 6800/7166
f 1622/1630 1621/1629 1617/1625
f 5202/5394 5220/5412 5223/5415
f 5226/5418 5215/5407 5216/5408
f 1617/1625 1621/1629 1618/1626
f 1616/1624 1618/1626 1620/1628
f 1553/1561 1624/1632 1608/1616
f 1553/1561 1620/1628 1624/1632
f 6626/6985 6627/6986 6646/7005
f 6624/6983 6619/6978 6625/6984
f 1588/1596 1646/1654 1574/1582
f 1565/1573 1588/1596 1574/1582
f 1565/1573 1574/1582 1566/1574
f 6636/6995 6623/6982 6624/6983
f 6635/6994 6623/6982 6636/6995
f 1559/1567 1563/1571 1569/1577
f 1561/1569 1560/1568 1593/1601
f 6641/7000 6630/6989 6640/6999
f 1592/1600 1561/1569 1593/1601
f 6642/7001 6630/6989 6641/7000
f 6522/6878 6516/6872 6642/7001
f 1612/1620 1590/1598 1589/1597
f 1612/1620 1589/1597 1592/1600
f 1634/1642 1590/1598 1612/1620
f 1634/1642 1678/1686 1635/1643
f 1704/1712 1722/1730 1749/1757
f 4182/6834 4173/6802 6455/6800
f 4171/4347 4173/4349 4182/4358
f 4854/5046 4818/5010 4852/5044
f 5608/5804 5852/6067 1721/6068
f 5603/5799 5386/5579 5604/5800
f 5603/5799 5604/5800 5696/5893
f 5747/5947 5504/5699 5255/5447
f 1721/1729 1736/1744 1659/1667
f 5554/5749 5769/5970 5717/5914
f 5520/5715 5519/5714 5440/5634
f 5318/5510 5339/5531 5315/5507
f 5340/5532 5339/5531 5318/5510
f 1658/1666 1677/1685 1622/1630
f 5315/5507 5338/5530 5316/5508
f 5191/5383 5194/5386 5192/5384
f 1623/1631 1622/1630 1617/1625
f 5216/5408 5213/5405 5217/5409
f 5174/5366 5228/5420 5172/5364
f 5239/5431 5175/5367 5173/5365
f 1617/1625 1618/1626 1616/1624
f 1553/1561 1608/1616 1554/1562
f 1554/1562 1608/1616 1586/1594
f 1585/1593 1609/1617 1587/1595
f 1585/1593 1610/1618 1609/1617
f 1611/1619 1587/1595 1609/1617
f 1588/1596 1611/1619 1647/1655
f 1588/1596 1647/1655 1646/1654
f 1563/1571 1565/1573 1566/1574
f 1558/1566 1564/1572 1563/1571
f 6645/7004 6644/7003 6635/6994
f 6643/7002 6644/7003 6645/7004
f 1558/1566 1563/1571 1559/1567
f 1557/1565 1558/1566 1559/1567
f 1561/1569 1557/1565 1560/1568
f 6651/7010 6640/6999 6643/7002
f 1561/1569 1592/1600 1583/1591
f 1589/1597 1583/1591 1592/1600
f 1708/1716 1704/1712 1749/1757
f 6477/6826 6470/6818 6484/6835
f 3105/3162 3106/3163 2994/3050
f 2995/3051 3105/3162 2994/3050
f 4184/6833 6455/6800 6457/6803
f 4184/6833 6457/6803 6483/6832
f 3095/3151 2995/3051 2863/2919
f 4182/6834 6455/6800 4184/6833
f 2868/2924 3095/3151 2863/2919
f 2868/2924 2863/2919 2847/2903
f 2841/2897 2854/2910 2842/2898
f 2851/2907 2841/2897 2831/2887
f 4166/4342 4162/4338 4169/4345
f 5025/5217 5027/5219 5028/5220
f 5026/5218 5254/5446 5027/5219
f 5026/5218 5027/5219 5025/5217
f 5666/5862 4854/5046 4852/5044
f 1659/1667 1677/1685 1658/1666
f 5479/5674 5514/5709 5553/5748
f 5555/5750 5694/5891 5556/5751
f 5185/5377 5188/5380 5189/5381
f 5320/5512 5340/5532 5318/5510
f 1658/1666 1622/1630 1623/1631
f 5191/5383 5192/5384 5190/5382
f 5246/5438 5239/5431 5247/5439
f 1617/1625 1616/1624 1548/1556
f 1547/1555 1616/1624 1620/1628
f 1547/1555 1548/1556 1616/1624
f 1547/1555 1620/1628 1553/1561
f 6656/7015 6646/7005 6663/7022
f 6656/7015 6663/7022 6693/7055
f 6655/7014 6638/6997 6626/6985
f 6655/7014 6626/6985 6656/7015
f 1588/1596 1587/1595 1611/1619
f 6637/6996 6624/6983 6638/6997
f 1564/1572 1565/1573 1563/1571
f 6652/7011 6643/7002 6645/7004
f 6652/7011 6651/7010 6643/7002
f 6664/7023 6642/7001 6641/7000
f 1599/1607 1590/1598 1634/1642
f 1635/1643 1704/1712 1645/1653
f 1708/1716 1645/1653 1704/1712
f 3106/3163 3127/3189 1708/3198
f 3106/3163 1708/3198 1749/3197
f 3106/3163 3105/3162 3127/3189
f 6476/6825 6457/6803 6477/6826
f 6483/6832 6457/6803 6476/6825
f 3095/3151 3105/3162 2995/3051
f 2855/2911 2856/2912 2845/2901
f 4168/4344 4171/4347 4176/4352
f 2852/2908 2841/2897 2851/2907
f 5025/5217 5028/5220 5023/5215
f 5608/5804 1721/6068 1657/6045
f 5208/5400 5298/5490 4842/5034
f 5208/5400 5608/5804 5298/5490
f 5601/5797 5603/5799 5695/5892
f 5748/5948 5747/5947 5385/5578
f 1657/1665 1721/1729 1659/1667
f 5551/5746 5717/5914 5666/5862
f 5479/5674 5553/5748 5550/5745
f 5310/5502 5189/5381 5489/5684
f 5543/5738 5556/5751 5520/5715
f 1625/1633 1658/1666 1623/1631
f 5186/5378 5187/5379 5185/5377
f 1550/1558 1623/1631 1617/1625
f 5137/5329 5194/5386 5191/5383
f 5330/5522 5316/5508 5251/5443
f 5136/5328 5225/5417 5137/5329
f 1549/1557 1617/1625 1548/1556
f 5209/5401 5217/5409 5218/5410
f 6759/7121 6758/7120 6791/7157
f 1553/1561 1554/1562 1555/1563
f 1031/1039 1586/1594 1585/1593
f 1582/1590 1587/1595 1588/1596
f 1575/1583 1588/1596 1565/1573
f 6649/7008 6636/6995 6637/6996
f 6649/7008 6645/7004 6636/6995
f 1576/1584 1564/1572 1558/1566
f 823/831 1557/1565 824/832
f 823/831 1558/1566 1557/1565
f 6670/7029 6651/7010 6652/7011
f 853/861 824/832 1557/1565
f 853/861 1557/1565 1561/1569
f 6668/7027 6500/6855 6511/6866
f 6484/6835 6485/6836 6500/6855
f 4172/4348 4168/4344 4176/4352
f 5024/5216 5026/5218 5025/5217
f 5024/5216 5025/5217 5023/5215
f 5031/5223 5255/5447 5026/5218
f 5031/5223 5026/5218 5024/5216
f 5348/5540 5122/5314 5601/5797
f 1657/1665 1659/1667 1626/1634
f 5790/5993 6868/7234 6960/7328
f 1626/1634 1659/1667 1658/1666
f 1626/1634 1658/1666 1625/1633
f 5550/5745 5553/5748 5551/5746
f 5183/5375 5185/5377 5184/5376
f 5183/5375 5186/5378 5185/5377
f 1550/1558 1617/1625 1549/1557
f 5249/5441 5250/5442 5247/5439
f 1555/1563 1547/1555 1553/1561
f 1555/1563 1554/1562 1441/1449
f 1441/1449 1554/1562 1586/1594
f 1441/1449 1586/1594 1031/1039
f 1585/1593 1587/1595 1581/1589
f 1581/1589 1587/1595 1582/1590
f 1575/1583 1582/1590 1588/1596
f 6650/7009 6637/6996 6638/6997
f 1575/1583 1565/1573 1564/1572
f 6649/7008 6637/6996 6650/7009
f 1576/1584 1575/1583 1564/1572
f 6672/7031 6652/7011 6649/7008
f 6672/7031 6670/7029 6652/7011
f 853/861 825/833 824/832
f 6666/7025 6664/7023 6665/7024
f 854/862 1583/1591 856/864
f 854/862 853/861 1583/1591
f 856/864 1583/1591 1589/1597
f 1589/1597 866/874 856/864
f 1589/1597 1590/1598 866/874
f 4335/6840 6477/6826 6484/6835
f 3095/3151 3094/3150 3112/3170
f 4183/4359 4182/4358 4184/4360
f 4176/4352 4182/4358 4183/4359
f 4180/4356 4176/4352 4183/4359
f 4174/4350 4169/4345 4172/4348
f 4175/4351 4169/4345 4174/4350
f 4175/4351 4170/4346 4169/4345
f 4842/5034 5298/5490 4805/4997
f 5298/5490 5608/5804 5299/5491
f 5790/5993 5748/5948 5385/5578
f 5585/5780 5666/5862 5665/5861
f 6877/7243 6868/7234 5790/5993
f 1625/1633 1623/1631 1550/1558
f 5184/5376 5185/5377 5189/5381
f 5325/5517 5440/5634 5320/5512
f 6795/7161 6792/7158 6796/7162
f 1546/1554 1549/1557 1548/1556
f 5142/5334 5216/5408 5217/5409
f 5143/5335 5216/5408 5142/5334
f 5143/5335 5226/5418 5216/5408
f 1546/1554 1548/1556 1547/1555
f 1556/1564 1547/1555 1555/1563
f 999/1007 1031/1039 1585/1593
f 6669/7028 6655/7014 6656/7015
f 1582/1590 847/855 1581/1589
f 823/831 822/830 1576/1584
f 6676/7035 6670/7029 6672/7031
f 6726/7088 6668/7027 6667/7026
f 866/874 1590/1598 1599/1607
f 6501/6856 6484/6835 6500/6855
f 1707/1715 1645/1653 1708/1716
f 4325/6841 6483/6832 6476/6825
f 4179/4355 4174/4350 4178/4354
f 2867/2923 2854/2910 2852/2908
f 2853/2909 2867/2923 2852/2908
f 4805/4997 5298/5490 5299/5491
f 4845/5037 4816/5008 4811/5003
f 4945/5137 5031/5223 5024/5216
f 4945/5137 5024/5216 5023/5215
f 5653/5849 1657/6045 1605/6072
f 5664/5860 5665/5861 4845/5037
f 5632/5828 5790/5993 5385/5578
f 1605/1613 1657/1665 1626/1634
f 5552/5747 5551/5746 5585/5780
f 5310/5502 5479/5674 5478/5673
f 1550/1558 1549/1557 1546/1554
f 5182/5374 5186/5378 5183/5375
f 5182/5374 5191/5383 5186/5378
f 5329/5521 5317/5509 5330/5522
f 5130/5322 5217/5409 5209/5401
f 5142/5334 5217/5409 5130/5322
f 5238/5430 5173/5365 5171/5363
f 5104/5296 5247/5439 5238/5430
f 1545/1553 1546/1554 1547/1555
f 1545/1553 1547/1555 1556/1564
f 1556/1564 1555/1563 1442/1450
f 1442/1450 1555/1563 1441/1449
f 1441/1449 1214/1222 1442/1450
f 1441/1449 1031/1039 1214/1222
f 6679/7038 6656/7015 6694/7056
f 848/856 999/1007 1581/1589
f 847/855 848/856 1581/1589
f 6657/7016 6655/7014 6669/7028
f 849/857 847/855 1582/1590
f 6675/7034 6649/7008 6650/7009
f 830/838 1575/1583 1576/1584
f 822/830 830/838 1576/1584
f 6673/7032 6672/7031 6649/7008
f 820/828 822/830 823/831
f 821/829 820/828 823/831
f 6677/7036 6670/7029 6676/7035
f 821/829 825/833 826/834
f 821/829 824/832 825/833
f 6677/7036 6671/7030 6670/7029
f 838/846 825/833 854/862
f 6666/7025 6665/7024 6678/7037
f 856/864 839/847 838/846
f 866/874 839/847 856/864
f 3127/3189 3112/3170 1755/3201
f 4301/4482 4184/4360 4325/4509
f 4286/4467 4174/4350 4179/4355
f 4845/5037 4811/5003 4807/4999
f 4945/5137 5023/5215 5022/5214
f 4943/5135 4954/5146 4945/5137
f 5716/5913 5665/5861 5664/5860
f 6959/7327 6877/7243 5790/5993
f 1626/1634 1625/1633 1552/1560
f 5524/5719 5542/5737 5439/5633
f 1552/1560 1625/1633 1550/1558
f 5335/5527 5439/5633 5325/5517
f 5322/5514 5319/5511 5329/5521
f 5330/5522 5249/5441 5331/5523
f 5131/5323 5202/5394 5132/5324
f 5131/5323 5209/5401 5202/5394
f 5248/5440 5247/5439 5104/5296
f 5248/5440 5249/5441 5247/5439
f 5130/5322 5209/5401 5131/5323
f 1443/1451 1545/1553 1556/1564
f 1443/1451 1556/1564 1442/1450
f 6752/7114 6679/7038 6694/7056
f 6682/7044 6657/7016 6669/7028
f 847/855 849/857 832/840
f 832/840 849/857 830/838
f 6674/7033 6649/7008 6675/7034
f 829/837 830/838 822/830
f 820/828 829/837 822/830
f 6719/7081 6677/7036 6676/7035
f 6678/7037 6671/7030 6677/7036
f 828/836 826/834 825/833
f 838/846 828/836 825/833
f 6824/7190 6500/6855 6738/7100
f 6824/7190 6501/6856 6500/6855
f 4341/6853 4335/6840 6484/6835
f 1755/3201 1707/3209 3127/3189
f 3093/3149 3107/3165 3094/3150
f 4181/4357 4180/4356 4290/4471
f 4181/4357 4178/4354 4180/4356
f 4179/4355 4178/4354 4181/4357
f 3089/3145 3090/3146 2853/2909
f 4287/4468 4175/4351 4286/4467
f 4805/4997 5299/5491 4793/4984
f 4944/5136 4945/5137 5022/5214
f 4943/5135 4945/5137 4944/5136
f 5299/5491 5653/5849 5473/5668
f 5414/5607 5022/5214 5348/5540
f 5702/5899 6959/7327 5632/5828
f 5702/5899 5632/5828 5364/5557
f 5584/5779 5585/5780 5716/5913
f 1600/1608 1626/1634 1552/1560
f 5552/5747 5585/5780 5584/5779
f 5640/5836 5662/5858 5524/5719
f 4856/5048 4873/5065 5478/5673
f 1551/1559 1552/1560 1550/1558
f 1551/1559 1550/1558 1544/1552
f 1544/1552 1550/1558 1546/1554
f 4825/5017 5183/5375 4826/5018
f 1544/1552 1546/1554 1545/1553
f 5135/5327 5191/5383 5181/5373
f 5135/5327 5134/5326 5191/5383
f 5126/5318 5132/5324 5136/5328
f 5108/5300 5144/5336 5143/5335
f 5171/5363 5144/5336 5108/5300
f 1180/1188 1442/1450 1214/1222
f 6752/7114 6694/7056 6767/7129
f 848/856 842/850 999/1007
f 6724/7086 6669/7028 6679/7038
f 6724/7086 6679/7038 6752/7114
f 847/855 841/849 848/856
f 829/837 832/840 830/838
f 819/827 820/828 821/829
f 827/835 819/827 821/829
f 826/834 827/835 821/829
f 840/848 839/847 866/874
f 855/863 840/848 866/874
f 855/863 866/874 1598/1606
f 6502/6857 6501/6856 6824/7190
f 6502/6857 6484/6835 6501/6856
f 1664/1672 1645/1653 1707/1715
f 3092/3148 3093/3149 2869/2925
f 3091/3147 3092/3148 2869/2925
f 3091/3147 2869/2925 2867/2923
f 4271/4452 4286/4467 4179/4355
f 4271/4452 4179/4355 4285/4466
f 4944/5136 5022/5214 5105/5297
f 4942/5134 4954/5146 4943/5135
f 5762/5963 1605/6072 1606/6019
f 4855/5047 4845/5037 4807/4999
f 5664/5860 4845/5037 4855/5047
f 1604/1612 1605/1613 1600/1608
f 4785/4976 4872/5064 4873/5065
f 5401/5594 5335/5527 5334/5526
f 5401/5594 5439/5633 5335/5527
f 5334/5526 5325/5517 5324/5516
f 5331/5523 5249/5441 5248/5440
f 1400/1408 1544/1552 1443/1451
f 1442/1450 1400/1408 1443/1451
f 1180/1188 1214/1222 1030/1038
f 947/955 1030/1038 1214/1222
f 947/955 1214/1222 1031/1039
f 6682/7044 6669/7028 6724/7086
f 832/840 835/843 841/849
f 832/840 841/849 847/855
f 6721/7083 6675/7034 6682/7044
f 831/839 832/840 829/837
f 6720/7082 6675/7034 6721/7083
f 6720/7082 6674/7033 6675/7034
f 819/827 831/839 829/837
f 6717/7079 6674/7033 6720/7082
f 6717/7079 6673/7032 6674/7033
f 6718/7080 6676/7035 6673/7032
f 826/834 836/844 827/835
f 828/836 783/791 837/845
f 6725/7087 6678/7037 6727/7089
f 6810/7176 6738/7100 6726/7088
f 1595/1603 855/863 1598/1606
f 1595/1603 1645/1653 1664/1672
f 1595/1603 1598/1606 1645/1653
f 4336/7435 4341/6853 6990/7358
f 4290/4471 4301/4482 4291/4472
f 3092/3148 3111/3169 3093/3149
f 4285/4466 4179/4355 4181/4357
f 4270/4451 4286/4467 4271/4452
f 4941/5133 4943/5135 4944/5136
f 4941/5133 4944/5136 4950/5142
f 4942/5134 4943/5135 4941/5133
f 5674/5871 5716/5913 5664/5860
f 5584/5779 5716/5913 5674/5871
f 6879/7245 6878/7244 6959/7327
f 6879/7245 6959/7327 6970/7338
f 1600/1608 1552/1560 1540/1548
f 5477/5672 5552/5747 5584/5779
f 1540/1548 1552/1560 1551/1559
f 5477/5672 5476/5671 5552/5747
f 4849/5041 4856/5048 5476/5671
f 5502/5697 5524/5719 5403/5596
f 5579/5774 5524/5719 5502/5697
f 1551/1559 1544/1552 1399/1407
f 1399/1407 1544/1552 1400/1408
f 4786/4977 4825/5017 4826/5018
f 4824/5016 4825/5017 4788/4979
f 5321/5513 5322/5514 5323/5515
f 5321/5513 5324/5516 5322/5514
f 5323/5515 5329/5521 5328/5520
f 5070/5262 5142/5334 5130/5322
f 5069/5261 5143/5335 5142/5334
f 5069/5261 5142/5334 5070/5262
f 6807/7173 6804/7170 6805/7171
f 1179/1187 1442/1450 1180/1188
f 1180/1188 1030/1038 1028/1036
f 832/840 831/839 835/843
f 833/841 831/839 819/827
f 827/835 833/841 819/827
f 6732/7094 6719/7081 6742/7104
f 6732/7094 6677/7036 6719/7081
f 836/844 826/834 837/845
f 6732/7094 6728/7090 6677/7036
f 6734/7096 6725/7087 6730/7092
f 724/732 816/824 840/848
f 6810/7176 6726/7088 6734/7096
f 6885/7251 6502/6857 6824/7190
f 1595/1603 1664/1672 699/707
f 1786/3208 1755/3201 3122/3180
f 3123/3181 1786/3208 3122/3180
f 3129/3191 3123/3181 3107/3165
f 3118/3176 3092/3148 3091/3147
f 4271/4452 4285/4466 4272/4453
f 3108/3166 3118/3176 3091/3147
f 3108/3166 3091/3147 3090/3146
f 3096/3152 3108/3166 3090/3146
f 4793/4984 5299/5491 5080/5272
f 4820/5012 4807/4999 4804/4996
f 4939/5131 4942/5134 4941/5133
f 5461/5656 5762/5963 1606/6019
f 5473/5668 5762/5963 5461/5656
f 5473/5668 5080/5272 5299/5491
f 5657/5853 5414/5607 5605/5801
f 5674/5871 5664/5860 5668/5864
f 1539/1547 1600/1608 1540/1548
f 5477/5672 5584/5779 5485/5680
f 1540/1548 1551/1559 1399/1407
f 4784/4975 4785/4976 4856/5048
f 5127/5319 5134/5326 5135/5327
f 5074/5266 5130/5322 5131/5323
f 5103/5295 5104/5296 5102/5294
f 5107/5299 5104/5296 5103/5295
f 6753/7115 6752/7114 6764/7126
f 6739/7101 6682/7044 6724/7086
f 6739/7101 6724/7086 6753/7115
f 6740/7102 6721/7083 6682/7044
f 6740/7102 6682/7044 6739/7101
f 6735/7097 6717/7079 6720/7082
f 6735/7097 6718/7080 6717/7079
f 6742/7104 6718/7080 6741/7103
f 776/784 778/786 827/835
f 776/784 827/835 836/844
f 713/721 724/732 840/848
f 713/721 840/848 855/863
f 1717/1725 1755/1763 1786/1794
f 4309/4492 4310/4493 4311/4494
f 4298/4479 4310/4493 4309/4492
f 4284/4465 4290/4471 4283/4464
f 3118/3176 3119/3177 3092/3148
f 4269/4450 4270/4451 4271/4452
f 5668/5864 4855/5047 4820/5012
f 5703/5900 6970/7338 5702/5899
f 5703/5900 5702/5899 5351/5544
f 1539/1547 1606/1614 1604/1612
f 5485/5680 5584/5779 5674/5871
f 4783/4974 4786/4977 4785/4976
f 1399/1407 1400/1408 1178/1186
f 5332/5524 5321/5513 5326/5518
f 5327/5519 5328/5520 5331/5523
f 5121/5313 5331/5523 5107/5299
f 5074/5266 5131/5323 5114/5306
f 1179/1187 1180/1188 1028/1036
f 1028/1036 1030/1038 946/954
f 946/954 1030/1038 947/955
f 842/850 946/954 947/955
f 841/849 817/825 842/850
f 6737/7099 6721/7083 6740/7102
f 834/842 818/826 835/843
f 6737/7099 6720/7082 6721/7083
f 6736/7098 6735/7097 6720/7082
f 783/791 776/784 836/844
f 6733/7095 6729/7091 6732/7094
f 6811/7177 6810/7176 6734/7096
f 698/706 855/863 1595/1603
f 699/707 698/706 1595/1603
f 1717/1725 1636/1644 1664/1672
f 4319/4502 4311/4494 4336/4520
f 1717/1725 1786/1794 1712/1720
f 4274/4455 4284/4465 4283/4464
f 4269/4450 4271/4452 4268/4449
f 3110/3168 3108/3166 3109/3167
f 5080/5272 5473/5668 5461/5656
f 4791/4982 4803/4995 4793/4984
f 4940/5132 4941/5133 4950/5142
f 4939/5131 4941/5133 4940/5132
f 5116/5308 4942/5134 4939/5131
f 5461/5656 1606/6019 5776/5978
f 5414/5607 5345/5537 5105/5297
f 5678/5875 5579/5774 5562/5757
f 1398/1406 1540/1548 1220/1228
f 5484/5679 5477/5672 5485/5680
f 1220/1228 1540/1548 1399/1407
f 5336/5528 5334/5526 5332/5524
f 1399/1407 1178/1186 1026/1034
f 5076/5268 5069/5261 5075/5267
f 1178/1186 1179/1187 1029/1037
f 1029/1037 1179/1187 1028/1036
f 998/1006 1028/1036 946/954
f 845/853 946/954 842/850
f 6753/7115 6764/7126 6820/7186
f 817/825 845/853 842/850
f 835/843 818/826 817/825
f 835/843 817/825 841/849
f 834/842 777/785 779/787
f 777/785 834/842 833/841
f 6741/7103 6735/7097 6736/7098
f 778/786 777/785 833/841
f 6733/7095 6732/7094 6742/7104
f 772/780 776/784 783/791
f 6751/7113 6729/7091 6733/7095
f 6731/7093 6729/7091 6751/7113
f 735/743 772/780 783/791
f 722/730 724/732 713/721
f 6811/7177 6734/7096 6831/7197
f 6861/7227 6811/7177 6831/7197
f 6947/7315 6885/7251 6861/7227
f 4337/7359 4336/7435 6990/7358
f 1712/1720 1636/1644 1717/1725
f 3135/3199 3129/3191 3119/3177
f 3134/3196 3135/3199 3119/3177
f 3118/3176 3134/3196 3119/3177
f 4268/4449 4272/4453 4274/4455
f 3110/3168 3130/3192 3108/3166
f 4820/5012 4804/4996 4791/4982
f 4940/5132 4950/5142 5345/5537
f 5669/5865 5668/5864 4820/5012
f 5675/5872 5668/5864 5669/5865
f 5587/5782 5485/5680 5675/5872
f 5562/5757 5579/5774 5502/5697
f 5402/5595 5401/5594 5286/5478
f 1220/1228 1399/1407 1026/1034
f 4759/4950 4784/4975 4813/5005
f 4787/4978 4788/4979 4783/4974
f 4787/4978 4824/5016 4788/4979
f 4823/5015 4824/5016 4787/4978
f 5261/5453 5323/5515 5327/5519
f 5138/5330 5181/5373 4824/5016
f 5138/5330 4824/5016 4823/5015
f 5121/5313 5107/5299 5120/5312
f 5114/5306 5127/5319 5111/5303
f 5068/5260 5076/5268 5067/5259
f 1027/1035 1178/1186 1029/1037
f 845/853 908/916 946/954
f 6745/7107 6737/7099 6740/7102
f 6746/7108 6737/7099 6745/7107
f 779/787 818/826 834/842
f 6747/7109 6737/7099 6746/7108
f 6747/7109 6736/7098 6737/7099
f 775/783 777/785 778/786
f 6744/7106 6742/7104 6743/7105
f 6751/7113 6733/7095 6744/7106
f 733/741 772/780 735/743
f 721/729 735/743 722/730
f 721/729 733/741 735/743
f 6881/7247 6861/7227 6831/7197
f 698/706 712/720 713/721
f 6947/7315 6861/7227 6881/7247
f 697/705 699/707 1636/1644
f 3135/3199 3139/3206 3129/3191
f 4267/4448 4283/4464 4278/4459
f 4267/4448 4274/4455 4283/4464
f 3131/3193 3134/3196 3118/3176
f 3131/3193 3118/3176 3130/3192
f 4258/4439 4261/4442 4268/4449
f 4797/4988 5080/5272 5461/5656
f 4797/4988 5461/5656 5448/5642
f 4938/5130 4939/5131 4940/5132
f 4938/5130 4940/5132 4957/5149
f 4937/5129 5116/5308 4939/5131
f 4937/5129 4939/5131 4938/5130
f 5448/5642 5461/5656 5776/5978
f 6911/7277 5803/6009 5802/6008
f 1539/1547 1398/1406 1152/1160
f 1152/1160 1398/1406 1220/1228
f 5484/5679 5485/5680 5587/5782
f 4814/5006 4849/5041 5484/5679
f 5562/5757 5502/5697 5503/5698
f 5397/5590 5402/5595 5286/5478
f 4754/4945 4783/4974 4759/4950
f 5287/5479 5336/5528 5332/5524
f 4782/4973 4783/4974 4754/4945
f 5332/5524 5326/5518 5333/5525
f 4827/5019 5138/5330 4823/5015
f 5261/5453 5327/5519 5121/5313
f 5261/5453 5121/5313 5120/5312
f 5111/5303 5127/5319 5138/5330
f 5050/5242 5069/5261 5070/5262
f 5050/5242 5070/5262 5071/5263
f 5058/5250 5103/5295 5068/5260
f 5106/5298 5103/5295 5058/5250
f 5106/5298 5107/5299 5103/5295
f 1027/1035 1029/1037 1024/1032
f 5067/5259 5076/5268 5075/5267
f 6844/7210 6846/7212 6842/7208
f 1024/1032 1029/1037 1028/1036
f 1024/1032 1028/1036 988/996
f 844/852 908/916 845/853
f 6816/7182 6753/7115 6820/7186
f 817/825 844/852 845/853
f 6739/7101 6753/7115 6816/7182
f 818/826 780/788 817/825
f 779/787 780/788 818/826
f 6748/7110 6741/7103 6747/7109
f 770/778 775/783 776/784
f 712/720 721/729 722/730
f 6881/7247 6831/7197 6859/7225
f 7042/7411 4337/7359 6947/7315
f 4257/4438 4274/4455 4267/4448
f 4257/4438 4268/4449 4274/4455
f 4258/4439 4268/4449 4257/4438
f 4810/5002 4820/5012 4791/4982
f 5669/5865 4820/5012 4810/5002
f 6949/7317 6911/7277 5802/6008
f 1216/1224 1539/1547 1152/1160
f 5586/5781 5587/5782 5675/5872
f 5484/5679 5587/5782 5586/5781
f 1152/1160 1220/1228 1026/1034
f 1152/1160 1026/1034 1025/1033
f 5286/5478 5336/5528 5287/5479
f 1025/1033 1026/1034 1027/1035
f 4756/4947 4782/4973 4754/4945
f 4819/5011 4823/5015 4787/4978
f 5071/5263 5074/5266 5073/5265
f 5050/5242 5071/5263 5060/5252
f 988/996 998/1006 908/916
f 6840/7206 6820/7186 6860/7226
f 6816/7182 6820/7186 6840/7206
f 801/809 844/852 817/825
f 6809/7175 6739/7101 6816/7182
f 6809/7175 6740/7102 6739/7101
f 800/808 817/825 780/788
f 6817/7183 6746/7108 6745/7107
f 773/781 780/788 779/787
f 6827/7193 6747/7109 6746/7108
f 6827/7193 6746/7108 6817/7183
f 773/781 779/787 774/782
f 6748/7110 6747/7109 6827/7193
f 770/778 769/777 775/783
f 6750/7112 6751/7113 6744/7106
f 700/708 721/729 712/720
f 692/700 700/708 712/720
f 692/700 712/720 698/706
f 691/699 692/700 698/706
f 689/697 691/699 697/705
f 3143/3212 3150/3223 3139/3206
f 3143/3212 3139/3206 3135/3199
f 4256/4437 4267/4448 4278/4459
f 4256/4437 4278/4459 4275/4456
f 3142/3211 3143/3212 3135/3199
f 3134/3196 3142/3211 3135/3199
f 4257/4438 4267/4448 4256/4437
f 3141/3210 3134/3196 3131/3193
f 4254/4435 4258/4439 4257/4438
f 3133/3195 3141/3210 3131/3193
f 3133/3195 3131/3193 3130/3192
f 4253/4434 4258/4439 4254/4435
f 4797/4988 5448/5642 5370/5563
f 4810/5002 4791/4982 4768/4959
f 4936/5128 4938/5130 4957/5149
f 4937/5129 4938/5130 4936/5128
f 5647/5843 5669/5865 4810/5002
f 4831/5023 5484/5679 5586/5781
f 5490/5685 5592/5787 5562/5757
f 1025/1033 1027/1035 994/1002
f 5287/5479 5332/5524 5333/5525
f 4781/4972 4787/4978 4782/4973
f 4822/5014 5138/5330 4827/5019
f 5072/5264 5111/5303 4821/5013
f 5119/5311 5120/5312 5106/5298
f 994/1002 1027/1035 1024/1032
f 994/1002 1024/1032 991/999
f 5060/5252 5071/5263 5073/5265
f 991/999 1024/1032 988/996
f 769/777 773/781 774/782
f 6750/7112 6744/7106 6749/7111
f 771/779 770/778 772/780
f 6859/7225 6823/7189 6858/7224
f 700/708 711/719 723/731
f 700/708 723/731 721/729
f 6916/7282 6881/7247 6859/7225
f 6948/7316 7042/7411 6947/7315
f 690/698 689/697 697/705
f 4254/4435 4257/4438 4256/4437
f 3141/3210 3142/3211 3134/3196
f 5448/5642 1541/6014 1517/6013
f 1219/1227 1541/1549 1216/1224
f 1219/1227 1216/1224 1215/1223
f 5625/5821 5679/5876 5592/5787
f 1151/1159 1152/1160 1150/1158
f 4831/5023 5586/5781 4832/5024
f 5625/5821 5592/5787 5490/5685
f 1150/1158 1152/1160 1025/1033
f 5398/5591 5397/5590 5284/5476
f 5398/5591 5399/5592 5397/5590
f 1150/1158 1025/1033 994/1002
f 4752/4943 4755/4946 4760/4951
f 4753/4944 4754/4945 4752/4943
f 5282/5474 5286/5478 5287/5479
f 5287/5479 5333/5525 5237/5429
f 5119/5311 5106/5298 5057/5249
f 5260/5452 5261/5453 5119/5311
f 988/996 908/916 941/949
f 901/909 941/949 908/916
f 846/854 901/909 908/916
f 846/854 908/916 844/852
f 801/809 846/854 844/852
f 6835/7201 6816/7182 6840/7206
f 6835/7201 6809/7175 6816/7182
f 785/793 801/809 800/808
f 6826/7192 6809/7175 6835/7201
f 6825/7191 6809/7175 6826/7192
f 6825/7191 6817/7183 6809/7175
f 781/789 784/792 780/788
f 781/789 780/788 773/781
f 6830/7196 6817/7183 6825/7191
f 782/790 781/789 773/781
f 6829/7195 6748/7110 6828/7194
f 6834/7200 6750/7112 6749/7111
f 6833/7199 6750/7112 6834/7200
f 736/744 772/780 734/742
f 725/733 734/742 733/741
f 6896/7262 6859/7225 6858/7224
f 6915/7281 6859/7225 6896/7262
f 6916/7282 6859/7225 6915/7281
f 689/697 688/696 691/699
f 4327/7457 4333/7412 7042/7411
f 4327/7457 7042/7411 4342/7434
f 4276/4457 4275/4456 4292/4473
f 4259/4440 4275/4456 4276/4457
f 3146/3219 3141/3210 3133/3195
f 4248/4429 4253/4434 4254/4435
f 4249/4430 4253/4434 4248/4429
f 5264/5456 4797/4988 5370/5563
f 5370/5563 5448/5642 1517/6013
f 4844/5036 5647/5843 4810/5002
f 4851/5043 5647/5843 4844/5036
f 4851/5043 5715/5912 5647/5843
f 4832/5024 5715/5912 4851/5043
f 4790/4981 4831/5023 4789/4980
f 4757/4948 4756/4947 4753/4944
f 5282/5474 5287/5479 5237/5429
f 4780/4971 4819/5011 4781/4972
f 5057/5249 5058/5250 5051/5243
f 990/998 991/999 988/996
f 6854/7220 6830/7196 6825/7191
f 769/777 768/776 764/772
f 768/776 769/777 770/778
f 734/742 725/733 730/738
f 734/742 730/738 736/744
f 711/719 715/723 723/731
f 693/701 711/719 700/708
f 4288/4469 4292/4473 4293/4474
f 1757/3242 3156/3229 3150/3223
f 1757/3242 1756/3231 3156/3229
f 1875/3237 1757/3242 3150/3223
f 3147/3220 3142/3211 3141/3210
f 3146/3219 3147/3220 3141/3210
f 4936/5128 4957/5149 5314/5506
f 4933/5125 4937/5129 4936/5128
f 5115/5307 4937/5129 4933/5125
f 5370/5563 1517/6013 1516/6010
f 1215/1223 1151/1159 1176/1184
f 6950/7318 6852/7218 6949/7317
f 1023/1031 1151/1159 1150/1158
f 1022/1030 1150/1158 994/1002
f 993/1001 994/1002 989/997
f 5283/5475 5282/5474 5237/5429
f 989/997 994/1002 991/999
f 4758/4949 4781/4972 4757/4948
f 4780/4971 4781/4972 4758/4949
f 5123/5315 5119/5311 5059/5251
f 989/997 991/999 990/998
f 4795/4986 4821/5013 4776/4967
f 4958/5150 5049/5241 5044/5236
f 4958/5150 5044/5236 4848/5040
f 4959/5151 5051/5243 5049/5241
f 4959/5151 5049/5241 4958/5150
f 5047/5239 5051/5243 4959/5151
f 5047/5239 5057/5249 5051/5243
f 990/998 941/949 942/950
f 6898/7264 6886/7252 6899/7265
f 6835/7201 6840/7206 6898/7264
f 6855/7221 6825/7191 6826/7192
f 6855/7221 6826/7192 6857/7223
f 765/773 784/792 781/789
f 764/772 763/771 782/790
f 6853/7219 6830/7196 6854/7220
f 6853/7219 6828/7194 6830/7196
f 6876/7242 6829/7195 6828/7194
f 6874/7240 6829/7195 6876/7242
f 736/744 768/776 771/779
f 6873/7239 6858/7224 6832/7198
f 6887/7253 6858/7224 6873/7239
f 715/723 716/724 725/733
f 693/701 694/702 711/719
f 688/696 693/701 692/700
f 4343/7413 6948/7316 6916/7282
f 689/697 682/690 688/696
f 4342/7434 6948/7316 4343/7413
f 690/698 682/690 689/697
f 1710/1718 1756/1764 1757/1765
f 1710/1718 1627/1635 1756/1764
f 4264/4445 4276/4457 4288/4469
f 3161/3235 3160/3234 3142/3211
f 3147/3220 3161/3235 3142/3211
f 3155/3228 3147/3220 3146/3219
f 4247/4428 4249/4430 4248/4429
f 3154/3227 3155/3228 3146/3219
f 4763/4954 4768/4959 4766/4957
f 4934/5126 5115/5307 4933/5125
f 1516/1524 1219/1227 1218/1226
f 5264/5456 5370/5563 1516/6010
f 1218/1226 1215/1223 1176/1184
f 6992/7361 7065/7439 7066/7440
f 1176/1184 1151/1159 1023/1031
f 4750/4941 4790/4981 4789/4980
f 5285/5477 5284/5476 5281/5473
f 5285/5477 5398/5591 5284/5476
f 993/1001 992/1000 1022/1030
f 4751/4942 4757/4948 4753/4944
f 4743/4933 4780/4971 4758/4949
f 5079/5271 5123/5315 5059/5251
f 5133/5325 5123/5315 5079/5271
f 4742/4932 4795/4986 4776/4967
f 989/997 990/998 942/950
f 6857/7223 6835/7201 6895/7261
f 767/775 785/793 784/792
f 765/773 767/775 784/792
f 6856/7222 6854/7220 6855/7221
f 763/771 764/772 745/753
f 6875/7241 6828/7194 6853/7219
f 6871/7237 6833/7199 6834/7200
f 6871/7237 6834/7200 6874/7240
f 736/744 742/750 768/776
f 694/702 710/718 711/719
f 6985/7353 6916/7282 6915/7281
f 683/691 693/701 688/696
f 683/691 688/696 682/690
f 4343/7413 6916/7282 6985/7353
f 4289/4470 4288/4469 4312/4495
f 4252/4433 4256/4437 4259/4440
f 4252/4433 4246/4427 4256/4437
f 3162/3236 3161/3235 3147/3220
f 4247/4428 4248/4429 4236/4416
f 3155/3228 3162/3236 3147/3220
f 4238/4418 4249/4430 4247/4428
f 5347/5539 5314/5506 5630/5826
f 5347/5539 5630/5826 5757/5958
f 4779/4970 4851/5043 4844/5036
f 4771/4962 4832/5024 4851/5043
f 4750/4941 4789/4980 4761/4952
f 5288/5480 5283/5475 5280/5472
f 992/1000 993/1001 989/997
f 4743/4933 4758/4949 4661/4850
f 4742/4932 4776/4967 4744/4934
f 4833/5025 4958/5150 4848/5040
f 4833/5025 4848/5040 4748/4939
f 4901/5093 4959/5151 4958/5150
f 4901/5093 4958/5150 4833/5025
f 4949/5141 5047/5239 4959/5151
f 4949/5141 4959/5151 4901/5093
f 5054/5246 5047/5239 4949/5141
f 942/950 941/949 940/948
f 6899/7265 6903/7269 6900/7266
f 860/868 941/949 901/909
f 790/798 860/868 846/854
f 785/793 767/775 789/797
f 785/793 789/797 790/798
f 6888/7254 6854/7220 6856/7222
f 6888/7254 6853/7219 6854/7220
f 6875/7241 6853/7219 6888/7254
f 729/737 742/750 736/744
f 6887/7253 6873/7239 6914/7280
f 6917/7283 6915/7281 6896/7262
f 6917/7283 6896/7262 6897/7263
f 6985/7353 6915/7281 6917/7283
f 4340/4525 4342/4527 4343/4528
f 4279/4460 4288/4469 4289/4470
f 1757/1765 1787/1795 1710/1718
f 4252/4433 4259/4440 4251/4432
f 3163/3238 3162/3236 3155/3228
f 4238/4418 4247/4428 4236/4416
f 4934/5126 4933/5125 4931/5123
f 1518/5543 5264/5456 1516/6010
f 1176/1184 1023/1031 1021/1029
f 4850/5042 4851/5043 4779/4970
f 4771/4962 4851/5043 4850/5042
f 1021/1029 1023/1031 1019/1027
f 1019/1027 1023/1031 1022/1030
f 5285/5477 5281/5473 5288/5480
f 4663/4852 4751/4942 4662/4851
f 5280/5472 5236/5428 5235/5427
f 983/991 992/1000 989/997
f 4660/4849 4743/4933 4661/4850
f 5117/5309 5133/5325 5079/5271
f 5117/5309 5079/5271 5078/5270
f 4655/4844 4742/4932 4744/4934
f 4655/4844 4744/4934 4659/4848
f 5048/5240 5054/5246 4949/5141
f 983/991 989/997 942/950
f 4833/5025 4748/4939 4378/4567
f 983/991 942/950 940/948
f 789/797 860/868 790/798
f 6892/7258 6855/7221 6857/7223
f 6892/7258 6857/7223 6894/7260
f 6892/7258 6856/7222 6855/7221
f 6890/7256 6875/7241 6888/7254
f 762/770 763/771 745/753
f 6889/7255 6875/7241 6890/7256
f 6891/7257 6876/7242 6875/7241
f 743/751 746/754 745/753
f 6912/7278 6871/7237 6874/7240
f 6913/7279 6871/7237 6912/7278
f 702/710 1710/1718 1656/1664
f 4289/4470 4312/4495 4308/4489
f 1787/1795 1656/1664 1710/1718
f 4279/4460 4289/4470 4294/4475
f 3167/3245 1864/3260 1875/3237
f 3167/3245 1875/3237 3160/3234
f 3167/3245 3160/3234 3161/3235
f 4240/4420 4252/4433 4251/4432
f 4240/4420 4236/4416 4246/4427
f 3164/3239 3162/3236 3163/3238
f 4762/4953 4766/4957 4765/4956
f 1518/1526 1516/1524 1218/1226
f 1518/1526 1218/1226 1217/1225
f 4779/4970 4763/4954 4731/4920
f 5424/5617 4934/5126 4935/5127
f 5839/6054 6992/7361 7066/7440
f 7049/7420 6992/7361 5839/6054
f 4770/4961 4771/4962 4850/5042
f 1020/1028 1021/1029 1019/1027
f 4635/4824 4662/4851 4750/4941
f 5395/5588 5285/5477 5277/5469
f 5277/5469 5285/5477 5288/5480
f 982/990 992/1000 983/991
f 4632/4821 4663/4852 4631/4820
f 4632/4821 4661/4850 4663/4852
f 5117/5309 5078/5270 5064/5256
f 4383/4572 4668/4857 4655/4844
f 4379/4568 4668/4857 4383/4572
f 4378/4567 4748/4939 4379/4568
f 5064/5256 5078/5270 5048/5240
f 6931/7299 6895/7261 6898/7264
f 766/774 767/775 765/773
f 750/758 753/761 762/770
f 6893/7259 6890/7256 6888/7254
f 751/759 750/758 762/770
f 6937/7305 6891/7257 6889/7255
f 6912/7278 6891/7257 6937/7305
f 727/735 743/751 742/750
f 714/722 716/724 715/723
f 6933/7301 6887/7253 6914/7280
f 6933/7301 6897/7263 6887/7253
f 710/718 714/722 715/723
f 695/703 710/718 694/702
f 6934/7302 6917/7283 6897/7263
f 6991/7360 6917/7283 6934/7302
f 6991/7360 6985/7353 6917/7283
f 678/686 675/683 683/691
f 7043/7414 6985/7353 6991/7360
f 4346/7426 4343/7413 6985/7353
f 4346/7426 6985/7353 7043/7414
f 684/692 673/681 682/690
f 4340/7453 4343/7413 4346/7426
f 4294/4475 4289/4470 4308/4489
f 4235/4415 4238/4418 4236/4416
f 4237/4417 4238/4418 4235/4415
f 4764/4955 4765/4956 5128/5320
f 4762/4953 4765/4956 4764/4955
f 1518/5543 5350/5542 5264/5456
f 7045/7416 6974/7342 7049/7420
f 4739/4929 4761/4952 4770/4961
f 7044/7415 6974/7342 7045/7416
f 6973/7341 6974/7342 7044/7415
f 978/986 1019/1027 982/990
f 6975/7343 6905/7271 6973/7341
f 6958/7326 6905/7271 6975/7343
f 6957/7325 6902/7268 6905/7271
f 6957/7325 6905/7271 6958/7326
f 981/989 982/990 983/991
f 5279/5471 5235/5427 5205/5397
f 4634/4823 4660/4849 4632/4821
f 5205/5397 5235/5427 5117/5309
f 4383/4572 4655/4844 4390/4579
f 4380/4569 4379/4568 4383/4572
f 6956/7324 6902/7268 6957/7325
f 6976/7344 6904/7270 6956/7324
f 6931/7299 6904/7270 6976/7344
f 6935/7303 6894/7260 6895/7261
f 766/774 787/795 789/797
f 6936/7304 6894/7260 6935/7303
f 748/756 751/759 746/754
f 695/703 709/717 710/718
f 685/693 673/681 684/692
f 4324/4508 4321/4504 4340/4525
f 4308/4489 4321/4504 4324/4508
f 4243/4423 4251/4432 4263/4444
f 3175/3253 3167/3245 3161/3235
f 4231/4411 4240/4420 4239/4419
f 3174/3252 3175/3253 3161/3235
f 3174/3252 3161/3235 3164/3239
f 4930/5122 4932/5124 5347/5539
f 4931/5123 4932/5124 4930/5122
f 4778/4969 4779/4970 4731/4920
f 5838/6053 5839/6054 5740/5939
f 1154/1162 1217/1225 1155/1163
f 5756/5957 5765/5966 5764/5965
f 5764/5965 5765/5966 5650/5846
f 5764/5965 5650/5846 5651/5847
f 7045/7416 7049/7420 7067/7441
f 4739/4929 4770/4961 4769/4960
f 5508/5703 5509/5704 5395/5588
f 5508/5703 5395/5588 5436/5630
f 5651/5847 5650/5846 5509/5704
f 5651/5847 5509/5704 5508/5703
f 4629/4818 4635/4824 4627/4816
f 5276/5468 5277/5469 5275/5467
f 5436/5630 5395/5588 5276/5468
f 6975/7343 6973/7341 7044/7415
f 5278/5470 5280/5472 5274/5466
f 5274/5466 5280/5472 5279/5471
f 4628/4817 4632/4821 4631/4820
f 4633/4822 4632/4821 4628/4817
f 5279/5471 5205/5397 5204/5396
f 5095/5287 5117/5309 5064/5256
f 5204/5396 5205/5397 5117/5309
f 4387/4576 4383/4572 4390/4579
f 4380/4569 4383/4572 4387/4576
f 5064/5256 5056/5248 5077/5269
f 5064/5256 5077/5269 5095/5287
f 981/989 940/948 907/915
f 907/915 940/948 891/899
f 851/859 891/899 850/858
f 754/762 766/774 753/761
f 752/760 754/762 753/761
f 752/760 753/761 750/758
f 748/756 749/757 751/759
f 744/752 743/751 727/735
f 744/752 727/735 728/736
f 6945/7313 6914/7280 6913/7279
f 718/726 727/735 714/722
f 718/726 728/736 727/735
f 686/694 673/681 685/693
f 704/712 686/694 685/693
f 4732/4921 4762/4953 4764/4955
f 4731/4920 4762/4953 4732/4921
f 4930/5122 5347/5539 5346/5538
f 5313/5505 5424/5617 4935/5127
f 5740/5939 5424/5617 5313/5505
f 5754/5955 5756/5957 5764/5965
f 977/985 978/986 976/984
f 6989/7357 6957/7325 6958/7326
f 4391/4580 4556/4745 4551/4740
f 4381/4570 4380/4569 4384/4573
f 5077/5269 5056/5248 4798/4989
f 6986/7354 6931/7299 6976/7344
f 717/725 718/726 714/722
f 717/725 714/722 709/717
f 6972/7340 6934/7302 6933/7301
f 6993/7362 6934/7302 6972/7340
f 4324/4508 4340/4525 4345/4530
f 1615/1623 704/712 1656/1664
f 4242/4422 4263/4444 4279/4460
f 4242/4422 4279/4460 4277/4458
f 1863/1871 1744/1752 1787/1795
f 1863/1871 1787/1795 1864/1872
f 4242/4422 4243/4423 4263/4444
f 3186/3269 3167/3245 3175/3253
f 4229/4409 4231/4411 4239/4419
f 4230/4410 4231/4411 4229/4409
f 4732/4921 4764/4955 4774/4965
f 5739/5938 5740/5939 5313/5505
f 5838/6053 5740/5939 5739/5938
f 1210/1218 1154/1162 1136/1144
f 1210/1218 1217/1225 1154/1162
f 5652/5848 5764/5965 5651/5847
f 4729/4918 4739/4929 4769/4960
f 5488/5683 5508/5703 5436/5630
f 5652/5848 5651/5847 5508/5703
f 5652/5848 5508/5703 5488/5683
f 7051/7422 7044/7415 7045/7416
f 4625/4814 4629/4818 4627/4816
f 7048/7419 6975/7343 7044/7415
f 7048/7419 7044/7415 7051/7422
f 4628/4817 4629/4818 4630/4819
f 7046/7417 6958/7326 7048/7419
f 5161/5353 5204/5396 5095/5287
f 4391/4580 4551/4740 4429/4618
f 5161/5353 5095/5287 5096/5288
f 4384/4573 4380/4569 4387/4576
f 4385/4574 4381/4570 4384/4573
f 5077/5269 4798/4989 4799/4990
f 6988/7356 6957/7325 6989/7357
f 6988/7356 6976/7344 6957/7325
f 843/851 851/859 850/858
f 6978/7346 6936/7304 6977/7345
f 786/794 787/795 754/762
f 756/764 754/762 752/760
f 752/760 749/757 760/768
f 6984/7352 6941/7309 6938/7306
f 6982/7350 6942/7310 6941/7309
f 757/765 747/755 744/752
f 732/740 744/752 728/736
f 718/726 732/740 728/736
f 6972/7340 6933/7301 6971/7339
f 696/704 695/703 675/683
f 696/704 675/683 674/682
f 673/681 674/682 675/683
f 4326/4510 4324/4508 4345/4530
f 1513/1521 686/694 704/712
f 4307/4488 4308/4489 4324/4508
f 4307/4488 4324/4508 4326/4510
f 1615/1623 1513/1521 704/712
f 5856/6075 5838/6053 5739/5938
f 5754/5955 5764/5965 5763/5964
f 7077/7452 7067/7441 5838/6053
f 7077/7452 5838/6053 5856/6075
f 5652/5848 5488/5683 5590/5785
f 979/987 980/988 977/985
f 4626/4815 4627/4816 4644/4833
f 4625/4814 4627/4816 4626/4815
f 968/976 977/985 976/984
f 5269/5461 5275/5467 5274/5466
f 967/975 968/976 976/984
f 4541/4730 4633/4822 4628/4817
f 4541/4730 4628/4817 4538/4727
f 5266/5458 5274/5466 5267/5459
f 7046/7417 6989/7357 6958/7326
f 7047/7418 6989/7357 7046/7417
f 4385/4574 4384/4573 4386/4575
f 6988/7356 6989/7357 7047/7418
f 906/914 975/983 907/915
f 906/914 907/915 851/859
f 6987/7355 6976/7344 6988/7356
f 786/794 754/762 756/764
f 755/763 756/764 752/760
f 755/763 752/760 760/768
f 6983/7351 6981/7349 6982/7350
f 731/739 732/740 718/726
f 717/725 731/739 718/726
f 676/684 674/682 673/681
f 1863/1871 1741/1749 1744/1752
f 3188/3273 1891/3284 3186/3269
f 3184/3267 3193/3279 3183/3266
f 4725/4914 4731/4920 4732/4921
f 1209/1217 1369/1377 1210/1218
f 5447/5641 5506/5701 5754/5955
f 5436/5630 5276/5468 5422/5615
f 4630/4819 4625/4814 4543/4732
f 7046/7417 7048/7419 7051/7422
f 7047/7418 7046/7417 7063/7437
f 4394/4583 4391/4580 4429/4618
f 4394/4583 4429/4618 4428/4617
f 4386/4575 4384/4573 4388/4577
f 4411/4600 4385/4574 4386/4575
f 4487/4676 4385/4574 4411/4600
f 4696/4885 4799/4990 4691/4880
f 761/769 755/763 760/768
f 7008/7377 6982/7350 6984/7352
f 759/767 761/769 760/768
f 759/767 760/768 747/755
f 757/765 759/767 747/755
f 741/749 744/752 732/740
f 6980/7348 6945/7313 6979/7347
f 4334/7487 4345/7445 7084/7461
f 1513/1521 687/695 686/694
f 4233/4413 4242/4422 4241/4421
f 3196/3282 1891/3284 3188/3273
f 4233/4413 4223/4403 4218/4398
f 4233/4413 4218/4398 4229/4409
f 4221/4401 4229/4409 4218/4398
f 4733/4922 4732/4921 4774/4965
f 4733/4922 4774/4965 4837/5029
f 4725/4914 4732/4921 4733/4922
f 4947/5139 5346/5538 5447/5641
f 5447/5641 5754/5955 5755/5956
f 5856/6075 5739/5938 5855/6074
f 4723/4912 4801/4993 4800/4992
f 5755/5956 5754/5955 5763/5964
f 1135/1143 979/987 984/992
f 1135/1143 1136/1144 979/987
f 5763/5964 5652/5848 5655/5851
f 5487/5682 5436/5630 5422/5615
f 5590/5785 5488/5683 5487/5682
f 7064/7438 7051/7422 7076/7451
f 4539/4728 4630/4819 4543/4732
f 5270/5462 5269/5461 5268/5460
f 7063/7437 7046/7417 7051/7422
f 7063/7437 7051/7422 7064/7438
f 4538/4727 4636/4825 4630/4819
f 4538/4727 4630/4819 4539/4728
f 5265/5457 5266/5458 5267/5459
f 7053/7424 7047/7418 7063/7437
f 4392/4581 4389/4578 4394/4583
f 5145/5337 5081/5273 5082/5274
f 5145/5337 5096/5288 5081/5273
f 4467/4656 4510/4699 4487/4676
f 4511/4700 4510/4699 4467/4656
f 4511/4700 4691/4880 4510/4699
f 4511/4700 4696/4885 4691/4880
f 7053/7424 6988/7356 7047/7418
f 7052/7423 6988/7356 7053/7424
f 7052/7423 6987/7355 6988/7356
f 803/811 802/810 788/796
f 803/811 843/851 802/810
f 7010/7379 6983/7351 7008/7377
f 758/766 759/767 757/765
f 7000/7369 6981/7349 7003/7372
f 740/748 741/749 731/739
f 6980/7348 6979/7347 7000/7369
f 719/727 731/739 717/725
f 707/715 719/727 696/704
f 1292/1300 687/695 1513/1521
f 4300/4481 4307/4488 4326/4510
f 1591/1599 1292/1300 1513/1521
f 1591/1599 1513/1521 1615/1623
f 4295/4476 4307/4488 4300/4481
f 1648/1656 1591/1599 1615/1623
f 1648/1656 1615/1623 1649/1657
f 1741/1749 1648/1656 1649/1657
f 1866/1874 1741/1749 1863/1871
f 4214/4394 4219/4399 4220/4400
f 4947/5139 5447/5641 5349/5541
f 5312/5504 5313/5505 4935/5127
f 7089/7466 7077/7452 5856/6075
f 7089/7466 5856/6075 5855/6074
f 7076/7451 7077/7452 7089/7466
f 4544/4733 4626/4815 4643/4832
f 4543/4732 4626/4815 4544/4733
f 7053/7424 7063/7437 7075/7450
f 5146/5338 5161/5353 5145/5337
f 4392/4581 4394/4583 4395/4584
f 4388/4577 4392/4581 4396/4585
f 4492/4681 4511/4700 4467/4656
f 4467/4656 4487/4676 4411/4600
f 7054/7425 6987/7355 7052/7423
f 7054/7425 6986/7354 6987/7355
f 814/822 793/801 791/799
f 7007/7376 7006/7375 7033/7402
f 792/800 791/799 761/769
f 792/800 761/769 794/802
f 794/802 759/767 758/766
f 7003/7372 6983/7351 7010/7379
f 7002/7371 7000/7369 7003/7372
f 740/748 798/806 741/749
f 7069/7443 7050/7421 7070/7444
f 4300/4481 4326/4510 4328/4512
f 4273/4454 4295/4476 4300/4481
f 4273/4454 4255/4436 4295/4476
f 4241/4421 4255/4436 4273/4454
f 3199/3286 3197/3283 3193/3279
f 3198/3285 3199/3286 3184/3267
f 4213/4393 4219/4399 4214/4394
f 5112/5304 4837/5029 5456/5650
f 4727/4916 4733/4922 4837/5029
f 4727/4916 4837/5029 5112/5304
f 4725/4914 4733/4922 4727/4916
f 1208/1216 1211/1219 1209/1217
f 1208/1216 1209/1217 1133/1141
f 5706/5903 5763/5964 5655/5851
f 5706/5903 5755/5956 5763/5964
f 5655/5851 5590/5785 5589/5784
f 7088/7465 7076/7451 7089/7466
f 5589/5784 5590/5785 5487/5682
f 7074/7449 7064/7438 7076/7451
f 7074/7449 7076/7451 7088/7465
f 5421/5614 5422/5615 5391/5584
f 5307/5499 5268/5460 5302/5494
f 7074/7449 7063/7437 7064/7438
f 4537/4726 4538/4727 4539/4728
f 4537/4726 4539/4728 4540/4729
f 5302/5494 5268/5460 5301/5493
f 7073/7448 7063/7437 7074/7449
f 7073/7448 7075/7450 7063/7437
f 5300/5492 5161/5353 5146/5338
f 5300/5492 5265/5457 5161/5353
f 4395/4584 4394/4583 4428/4617
f 4395/4584 4428/4617 4421/4610
f 5147/5339 5082/5274 5083/5275
f 5146/5338 5145/5337 5147/5339
f 4396/4585 4392/4581 4397/4586
f 4400/4589 4393/4582 4388/4577
f 4408/4597 4393/4582 4400/4589
f 4467/4656 4411/4600 4466/4655
f 7071/7446 7053/7424 7075/7450
f 945/953 966/974 965/973
f 945/953 965/973 939/947
f 7071/7446 7052/7423 7053/7424
f 792/800 797/805 791/799
f 7009/7378 7010/7379 7007/7376
f 798/806 794/802 758/766
f 738/746 740/748 731/739
f 7002/7371 6980/7348 7000/7369
f 737/745 738/746 731/739
f 737/745 731/739 719/727
f 7037/7406 6980/7348 7001/7370
f 4354/7477 7069/7443 7070/7444
f 1440/1448 1292/1300 1591/1599
f 1648/1656 1440/1448 1591/1599
f 4245/4426 4241/4421 4273/4454
f 4228/4408 4241/4421 4245/4426
f 4210/4390 4213/4393 4214/4394
f 4724/4913 4725/4914 4727/4916
f 4719/4908 4726/4915 4725/4914
f 4719/4908 4725/4914 4724/4913
f 5312/5504 4929/5121 4928/5120
f 5800/6006 5618/5814 5312/5504
f 5857/6076 5855/6074 5618/5814
f 5857/6076 5618/5814 5800/6006
f 4667/4856 4740/4930 4773/4964
f 5654/5850 5655/5851 5589/5784
f 7088/7465 7089/7466 7116/7496
f 4641/4830 4643/4832 4656/4845
f 4641/4830 4656/4845 4657/4846
f 4544/4733 4643/4832 4641/4830
f 4399/4588 4388/4577 4396/4585
f 4400/4589 4388/4577 4399/4588
f 4452/4641 4411/4600 4408/4597
f 4466/4655 4411/4600 4452/4641
f 971/979 966/974 945/953
f 7072/7447 7052/7423 7071/7446
f 7054/7425 7052/7423 7072/7447
f 797/805 792/800 796/804
f 795/803 792/800 794/802
f 7012/7381 7003/7372 7010/7379
f 7012/7381 7010/7379 7011/7380
f 799/807 805/813 798/806
f 7058/7430 7002/7371 7012/7381
f 7055/7427 7038/7407 7037/7406
f 701/709 680/688 681/689
f 4297/4478 4273/4454 4300/4481
f 4262/4443 4273/4454 4297/4478
f 1730/1738 1648/1656 1741/1749
f 4245/4426 4273/4454 4262/4443
f 1865/1873 1730/1738 1741/1749
f 1865/1873 1741/1749 1866/1874
f 5755/5956 5706/5903 5777/5979
f 5355/5548 5447/5641 5755/5956
f 5487/5682 5422/5615 5421/5614
f 7093/7470 7074/7449 7088/7465
f 4545/4734 4544/4733 4641/4830
f 4545/4734 4542/4731 4544/4733
f 5421/5614 5309/5501 5423/5616
f 7092/7469 7074/7449 7093/7470
f 7092/7469 7073/7448 7074/7449
f 5306/5498 5302/5494 5303/5495
f 5148/5340 5147/5339 5160/5352
f 5149/5341 5300/5492 5146/5338
f 4395/4584 4421/4610 4416/4605
f 4701/4890 4709/4898 4503/4692
f 944/952 971/979 945/953
f 895/903 894/902 892/900
f 810/818 814/822 797/805
f 7031/7400 7033/7402 7034/7403
f 706/714 720/728 708/716
f 703/711 705/713 680/688
f 4338/4522 4328/4512 4354/4540
f 4300/4481 4328/4512 4314/4497
f 1603/1611 1440/1448 1648/1656
f 1730/1738 1603/1611 1648/1656
f 3199/3286 3213/3303 3211/3298
f 4208/4388 4210/4390 4211/4391
f 4955/5147 4727/4916 5112/5304
f 4955/5147 5112/5304 5456/5650
f 4724/4913 4727/4916 4955/5147
f 5800/6006 5312/5504 5272/5464
f 1208/1216 1159/1167 1211/1219
f 5705/5902 5706/5903 5654/5850
f 1133/1141 1014/1022 1013/1021
f 5654/5850 5589/5784 5588/5783
f 4642/4831 4641/4830 4657/4846
f 5482/5677 5487/5682 5421/5614
f 5482/5677 5421/5614 5423/5616
f 5589/5784 5482/5677 5588/5783
f 5589/5784 5487/5682 5482/5677
f 972/980 1015/1023 973/981
f 5309/5501 5307/5499 5306/5498
f 5303/5495 5300/5492 5149/5341
f 7087/7464 7073/7448 7092/7469
f 4421/4610 4423/4612 4422/4611
f 7087/7464 7075/7450 7073/7448
f 7081/7458 7075/7450 7087/7464
f 7081/7458 7071/7446 7075/7450
f 7072/7447 7071/7446 7081/7458
f 964/972 971/979 944/952
f 7062/7436 7054/7425 7072/7447
f 813/821 814/822 810/818
f 809/817 810/818 796/804
f 808/816 795/803 807/815
f 7013/7382 7011/7380 7032/7401
f 7013/7382 7012/7381 7011/7380
f 805/813 807/815 794/802
f 7059/7431 7058/7430 7012/7381
f 806/814 804/812 738/746
f 806/814 738/746 737/745
f 7056/7428 7001/7370 7057/7429
f 7055/7427 7001/7370 7056/7428
f 4354/7477 7070/7444 4357/7480
f 4297/4478 4300/4481 4314/4497
f 4232/4412 4245/4426 4262/4443
f 4232/4412 4228/4408 4245/4426
f 3215/3305 3214/3304 3199/3286
f 4204/4384 4210/4390 4208/4388
f 4720/4909 4724/4913 4955/5147
f 4719/4908 4724/4913 4720/4909
f 4717/4906 4721/4910 4719/4908
f 4920/5112 5349/5541 5355/5548
f 5272/5464 5312/5504 4928/5120
f 5419/5612 5456/5650 5525/5720
f 5826/6040 5800/6006 5272/5464
f 5857/6076 5800/6006 5826/6040
f 7173/7561 7116/7496 5857/6076
f 7173/7561 5857/6076 5826/6040
f 7117/7497 7116/7496 7173/7561
f 4624/4813 4641/4830 4642/4831
f 4546/4735 4641/4830 4624/4813
f 5308/5500 5309/5501 5306/5498
f 7094/7471 7092/7469 7093/7470
f 1012/1020 1016/1024 972/980
f 4416/4605 4421/4610 4420/4609
f 4498/4687 4492/4681 4477/4666
f 4500/4689 4503/4692 4492/4681
f 4500/4689 4492/4681 4498/4687
f 4471/4660 4466/4655 4452/4641
f 4477/4666 4466/4655 4471/4660
f 943/951 944/952 938/946
f 7062/7436 7072/7447 7083/7460
f 938/946 895/903 892/900
f 7015/7384 7031/7400 7034/7403
f 806/814 737/745 739/747
f 739/747 737/745 720/728
f 726/734 720/728 706/714
f 726/734 739/747 720/728
f 4339/4523 4354/4540 4357/4543
f 904/912 703/711 701/709
f 4315/4498 4314/4497 4338/4522
f 4297/4478 4314/4497 4306/4487
f 1725/1733 1603/1611 1730/1738
f 3214/3304 1981/3314 3213/3303
f 4718/4907 4719/4908 4720/4909
f 4717/4906 4719/4908 4718/4907
f 4920/5112 5355/5548 5354/5547
f 5272/5464 4928/5120 4922/5114
f 1378/5926 5525/5720 1368/5936
f 1378/1386 1368/1376 1159/1167
f 5354/5547 5355/5548 5777/5979
f 5826/6040 5272/5464 5825/6039
f 1159/1167 1133/1141 1149/1157
f 4666/4855 4375/4564 4374/4563
f 5783/5986 5705/5902 5704/5901
f 4624/4813 4642/4831 4651/4840
f 5308/5500 5306/5498 5304/5496
f 7113/7493 7094/7471 7093/7470
f 5304/5496 5303/5495 5149/5341
f 7087/7464 7094/7471 7113/7493
f 4417/4606 4416/4605 4420/4609
f 5159/5351 5160/5352 5084/5276
f 4484/4673 4477/4666 4471/4660
f 5084/5276 4701/4890 4700/4889
f 7097/7474 7081/7458 7087/7464
f 7095/7472 7081/7458 7097/7474
f 7095/7472 7072/7447 7081/7458
f 7083/7460 7072/7447 7095/7472
f 886/894 852/860 813/821
f 812/820 813/821 809/817
f 7030/7399 7032/7401 7019/7388
f 807/815 811/819 808/816
f 7030/7399 7013/7382 7032/7401
f 858/866 805/813 804/812
f 858/866 804/812 806/814
f 7061/7433 7055/7427 7056/7428
f 7078/7454 7055/7427 7061/7433
f 1344/1352 1134/1142 1291/1299
f 1869/1877 1865/1873 1958/1966
f 4216/4396 4202/4382 4208/4388
f 4216/4396 4208/4388 4217/4397
f 4961/5153 4720/4909 4955/5147
f 4961/5153 4955/5147 5419/5612
f 4718/4907 4720/4909 4961/5153
f 4376/4565 4717/4906 4716/4905
f 5825/6039 5272/5464 5593/5788
f 5876/6097 5826/6040 5825/6039
f 1177/1185 1159/1167 1149/1157
f 7173/7561 5826/6040 5876/6097
f 5699/5896 5704/5901 5588/5783
f 7172/7560 7093/7470 7117/7497
f 4531/4720 4545/4734 4546/4735
f 4530/4719 4545/4734 4531/4720
f 5158/5350 5148/5340 5159/5351
f 4412/4601 4416/4605 4417/4606
f 4398/4587 4416/4605 4412/4601
f 7097/7474 7087/7464 7113/7493
f 4410/4599 4408/4597 4407/4596
f 4471/4660 4452/4641 4410/4599
f 4700/4889 4701/4890 4500/4689
f 995/1003 974/982 964/972
f 995/1003 964/972 943/951
f 7096/7473 7083/7460 7095/7472
f 7060/7432 7059/7431 7013/7382
f 903/911 889/897 705/713
f 4316/4499 4338/4522 4339/4523
f 1343/1351 1134/1142 1344/1352
f 1584/1592 1343/1351 1344/1352
f 4207/4387 4216/4396 4226/4406
f 4202/4382 4216/4396 4207/4387
f 4204/4384 4203/4383 4201/4381
f 4204/4384 4201/4381 4205/4385
f 4749/4940 4718/4907 4961/5153
f 4715/4904 4717/4906 4718/4907
f 4715/4904 4718/4907 4749/4940
f 4716/4905 4717/4906 4715/4904
f 5203/5395 5272/5464 4922/5114
f 5593/5788 5272/5464 5203/5395
f 5699/5896 5783/5986 5704/5901
f 5699/5896 5734/5932 5783/5986
f 4650/4839 4651/4840 4666/4855
f 4550/4739 4624/4813 4650/4839
f 5481/5676 5423/5616 5437/5631
f 5544/5739 5482/5677 5481/5676
f 4548/4737 4546/4735 4624/4813
f 4531/4720 4546/4735 4548/4737
f 5437/5631 5423/5616 5308/5500
f 4525/4714 4530/4719 4531/4720
f 4525/4714 4527/4716 4530/4719
f 7172/7560 7113/7493 7093/7470
f 4402/4591 4398/4587 4412/4601
f 4699/4888 4700/4889 4500/4689
f 4699/4888 4500/4689 4499/4688
f 5159/5351 5084/5276 5162/5354
f 4499/4688 4500/4689 4498/4687
f 7090/7467 7083/7460 7096/7473
f 7020/7389 7019/7388 7014/7383
f 7020/7389 7030/7399 7019/7388
f 7023/7392 7060/7432 7013/7382
f 858/866 806/814 861/869
f 863/871 861/869 806/814
f 863/871 806/814 862/870
f 862/870 806/814 739/747
f 726/734 862/870 739/747
f 4355/7547 4339/7546 7102/7481
f 4266/4447 4265/4446 4306/4487
f 4226/4406 4265/4446 4266/4447
f 1784/1792 1725/1733 1869/1877
f 3227/3323 3214/3304 3217/3312
f 4201/4381 4203/4383 4199/4379
f 3218/3313 3227/3323 3217/3312
f 5052/5244 5354/5547 5093/5285
f 1379/5866 5419/5612 1378/5926
f 1379/1387 1378/1386 1212/1220
f 5356/5549 5354/5547 5734/5932
f 5876/6097 5825/6039 5593/5788
f 4650/4839 4666/4855 4658/4847
f 7175/7563 7173/7561 7176/7564
f 5544/5739 5481/5676 5545/5740
f 4401/4590 4397/4586 4402/4591
f 4483/4672 4498/4687 4484/4673
f 4499/4688 4498/4687 4483/4672
f 5162/5354 4700/4889 4699/4888
f 7112/7492 7097/7474 7113/7493
f 7111/7491 7095/7472 7097/7474
f 7111/7491 7097/7474 7112/7492
f 7111/7491 7096/7473 7095/7472
f 985/993 995/1003 950/958
f 985/993 950/958 928/936
f 7029/7398 7060/7432 7024/7393
f 7098/7475 7082/7459 7061/7433
f 932/940 889/897 903/911
f 932/940 903/911 904/912
f 1113/1121 904/912 1134/1142
f 4313/4496 4315/4498 4316/4499
f 1434/1442 1227/1235 1343/1351
f 1709/1717 1597/1605 1725/1733
f 4227/4407 4226/4406 4266/4447
f 1784/1792 1709/1717 1725/1733
f 4206/4386 4226/4406 4227/4407
f 5141/5333 4749/4940 4961/5153
f 4690/4879 4715/4904 4749/4940
f 4690/4879 4749/4940 5141/5333
f 4637/4826 4716/4905 4715/4904
f 4637/4826 4715/4904 4690/4879
f 4647/4836 4664/4853 4377/4566
f 5791/5996 5593/5788 5203/5395
f 5597/5793 5734/5932 5699/5896
f 4555/4744 4650/4839 4658/4847
f 5699/5896 5544/5739 5698/5895
f 5305/5497 5304/5496 5151/5343
f 7167/7555 7113/7493 7172/7560
f 4484/4673 4471/4660 4473/4662
f 7090/7467 7096/7473 7111/7491
f 873/881 882/890 869/877
f 873/881 869/877 872/880
f 7021/7390 7020/7389 7014/7383
f 885/893 863/871 862/870
f 4361/7548 7102/7481 7114/7494
f 4347/4532 4316/4499 4355/4541
f 4281/4462 4306/4487 4313/4496
f 4281/4462 4313/4496 4317/4500
f 3251/3355 1903/3330 3226/3322
f 4199/4379 4200/4380 4195/4374
f 3250/3354 3226/3322 3227/3323
f 3248/3352 3227/3323 3218/3313
f 5141/5333 4961/5153 5418/5611
f 4620/4809 4376/4565 4637/4826
f 5418/5611 1379/5866 1212/6029
f 5598/5794 5699/5896 5698/5895
f 7197/7587 7176/7564 5879/6100
f 4549/4738 4548/4737 4550/4739
f 4549/4738 4550/4739 4555/4744
f 5540/5735 5481/5676 5437/5631
f 4533/4722 4526/4715 4548/4737
f 4426/4615 4427/4616 4525/4714
f 5152/5344 5150/5342 5157/5349
f 5151/5343 5150/5342 5152/5344
f 4406/4595 4401/4590 4405/4594
f 4473/4662 4471/4660 4460/4649
f 4502/4691 4699/4888 4499/4688
f 4698/4887 4699/4888 4502/4691
f 7166/7554 7113/7493 7167/7555
f 7166/7554 7112/7492 7113/7493
f 7120/7500 7112/7492 7166/7554
f 914/922 898/906 890/898
f 914/922 890/898 905/913
f 4347/4532 4355/4541 4361/4549
f 4329/4513 4313/4496 4347/4532
f 4206/4386 4227/4407 4224/4404
f 1903/1911 1753/1761 1784/1792
f 1898/1906 1753/1761 1903/1911
f 3248/3352 3250/3354 3227/3323
f 4952/5144 4690/4879 5141/5333
f 4621/4810 4637/4826 4690/4879
f 4621/4810 4690/4879 4952/5144
f 4620/4809 4637/4826 4621/4810
f 5289/5481 4918/5110 4914/5106
f 1364/5997 5418/5611 1212/6029
f 4646/4835 4647/4836 4622/4811
f 5356/5549 5343/5535 5093/5285
f 5356/5549 5597/5793 5343/5535
f 5879/6100 5791/5996 5676/5873
f 1167/1175 1212/1220 1173/1181
f 7191/7581 7176/7564 7197/7587
f 4549/4738 4555/4744 4554/4743
f 5540/5735 5437/5631 5446/5640
f 5545/5740 5540/5735 5547/5742
f 4454/4643 4526/4715 4533/4722
f 5155/5347 5151/5343 5152/5344
f 5437/5631 5305/5497 5446/5640
f 7182/7570 7167/7555 7175/7563
f 4403/4592 4402/4591 4412/4601
f 5163/5355 5162/5354 4703/4892
f 4496/4685 4499/4688 4483/4672
f 4502/4691 4499/4688 4496/4685
f 7119/7499 7111/7491 7120/7500
f 7118/7498 7090/7467 7111/7491
f 7122/7502 7091/7468 7121/7501
f 7104/7483 7021/7390 7103/7482
f 883/891 871/879 867/875
f 7025/7394 7024/7393 7022/7391
f 7099/7476 7029/7398 7025/7394
f 1330/1338 1227/1235 1434/1442
f 1507/1515 1330/1338 1434/1442
f 1507/1515 1434/1442 1596/1604
f 1638/1646 1507/1515 1596/1604
f 4198/4378 4206/4386 4224/4404
f 4198/4378 4200/4380 4206/4386
f 4195/4374 4200/4380 4198/4378
f 4618/4807 4620/4809 4621/4810
f 4912/5104 5093/5285 5343/5535
f 5420/5613 5418/5611 1364/5997
f 5420/5613 5141/5333 5418/5611
f 1290/1298 1364/1372 1212/1220
f 7197/7587 5879/6100 5871/6092
f 5547/5742 5540/5735 5446/5640
f 5153/5345 5152/5344 5154/5346
f 7191/7581 7182/7570 7175/7563
f 4425/4614 4424/4613 4426/4615
f 4412/4601 4417/4606 4419/4608
f 5164/5356 5156/5348 5163/5355
f 4473/4662 4460/4649 4464/4653
f 7169/7557 7120/7500 7166/7554
f 7168/7556 7120/7500 7169/7557
f 7119/7499 7120/7500 7168/7556
f 905/913 899/907 900/908
f 7131/7515 7107/7486 7122/7502
f 7131/7515 7122/7502 7132/7516
f 900/908 873/881 874/882
f 4347/4532 4361/4549 4359/4546
f 4329/4513 4347/4532 4351/4537
f 4304/4485 4281/4462 4317/4500
f 4280/4461 4281/4462 4304/4485
f 4193/4369 4195/4374 4189/4365
f 2682/3382 3250/3354 3248/3352
f 4951/5143 4952/5144 5377/5570
f 4619/4808 4621/4810 4952/5144
f 4619/4808 4952/5144 4951/5143
f 4618/4807 4621/4810 4619/4808
f 5289/5481 4914/5106 4911/5103
f 1353/6035 5420/5613 1364/5997
f 1353/1361 1364/1372 1290/1298
f 5343/5535 5597/5793 5342/5534
f 5772/5973 5598/5794 5698/5895
f 4553/4742 4554/4743 4648/4837
f 5697/5894 5545/5740 5547/5742
f 7196/7586 7191/7581 7197/7587
f 4549/4738 4554/4743 4553/4742
f 4532/4721 4533/4722 4549/4738
f 5441/5635 5155/5347 5153/5345
f 5446/5640 5155/5347 5441/5635
f 4403/4592 4412/4601 4415/4604
f 5164/5356 5163/5355 4704/4893
f 4448/4637 4406/4595 4439/4628
f 4703/4892 4699/4888 4698/4887
f 7183/7571 7166/7554 7182/7570
f 7169/7557 7166/7554 7183/7571
f 1104/1112 1105/1113 1010/1018
f 7165/7553 7119/7499 7168/7556
f 7118/7498 7119/7499 7165/7553
f 7121/7501 7118/7498 7163/7551
f 7027/7396 7025/7394 7026/7395
f 4317/4500 4329/4513 4332/4516
f 2020/3384 1984/3383 3251/3355
f 4189/4365 4195/4374 4190/4366
f 4192/4368 4193/4369 4189/4365
f 4645/4834 4649/4838 4646/4835
f 4645/4834 4646/4835 4596/4785
f 7248/7641 7197/7587 5871/6092
f 5546/5741 5446/5640 5441/5635
f 7195/7585 7191/7581 7196/7586
f 7192/7582 7191/7581 7195/7585
f 4403/4592 4415/4604 4414/4603
f 7192/7582 7182/7570 7191/7581
f 4464/4653 4460/4649 4448/4637
f 7171/7559 7169/7557 7183/7571
f 7170/7558 7168/7556 7169/7557
f 7170/7558 7169/7557 7171/7559
f 7170/7558 7165/7553 7168/7556
f 1104/1112 1010/1018 1001/1009
f 7163/7551 7118/7498 7165/7553
f 7158/7542 7131/7515 7154/7538
f 925/933 924/932 881/889
f 879/887 878/886 871/879
f 897/905 884/892 896/904
f 7126/7510 7115/7495 7125/7509
f 915/923 897/905 896/904
f 4351/4537 4347/4532 4359/4546
f 1637/1645 1638/1646 1753/1761
f 1898/1906 1870/1878 1753/1761
f 4209/4389 4198/4378 4224/4404
f 4209/4389 4224/4404 4225/4405
f 4190/4366 4198/4378 4196/4375
f 4190/4366 4195/4374 4198/4378
f 2020/3384 1983/3390 1984/3383
f 4669/4858 4951/5143 5384/5577
f 4669/4858 4619/4808 4951/5143
f 4614/4803 4618/4807 4619/4808
f 4614/4803 4619/4808 4669/4858
f 5599/5795 5772/5973 5771/5972
f 5771/5972 5772/5973 5697/5894
f 7196/7586 7197/7587 7248/7641
f 5526/5721 5441/5635 5442/5636
f 5167/5359 5154/5346 5165/5357
f 5442/5636 5441/5635 5167/5359
f 5165/5357 5154/5346 5156/5348
f 4704/4893 4703/4892 4702/4891
f 7183/7571 7182/7570 7192/7582
f 7171/7559 7183/7571 7188/7578
f 7153/7537 7158/7542 7154/7538
f 7133/7517 7105/7484 7158/7542
f 7133/7517 7158/7542 7157/7541
f 7133/7517 7128/7512 7105/7484
f 1112/1120 1095/1103 952/960
f 1429/1437 1345/1353 1507/1515
f 1637/1645 1429/1437 1507/1515
f 2679/3385 2021/3416 2020/3384
f 5443/5637 4911/5103 4908/5100
f 5443/5637 4908/5100 4907/5099
f 1409/5950 5377/5570 1353/6035
f 5384/5577 5377/5570 1409/5950
f 4639/4828 4645/4834 4596/4785
f 5342/5534 5599/5795 5341/5533
f 4640/4829 4648/4837 4649/4838
f 7248/7641 5871/6092 5837/6052
f 4534/4723 4549/4738 4553/4742
f 5570/5765 5547/5742 5546/5741
f 4456/4645 4532/4721 4534/4723
f 4418/4607 4415/4604 4419/4608
f 4414/4603 4415/4604 4418/4607
f 4705/4894 4704/4893 4702/4891
f 4437/4626 4404/4593 4403/4592
f 4437/4626 4403/4592 4413/4602
f 4442/4631 4439/4628 4438/4627
f 4472/4661 4473/4662 4461/4650
f 4480/4669 4473/4662 4472/4661
f 4482/4671 4483/4672 4473/4662
f 4482/4671 4473/4662 4480/4669
f 7188/7578 7183/7571 7192/7582
f 7181/7569 7165/7553 7170/7558
f 7181/7569 7163/7551 7165/7553
f 7130/7514 7128/7512 7134/7518
f 913/921 877/885 911/919
f 911/919 877/885 878/886
f 909/917 878/886 880/888
f 909/917 880/888 910/918
f 929/937 910/918 897/905
f 4363/7573 4359/7572 7162/7550
f 4351/4537 4359/4546 4363/4551
f 4332/4516 4351/4537 4352/4538
f 4299/4480 4282/4463 4305/4486
f 4296/4477 4282/4463 4299/4480
f 4225/4405 4282/4463 4296/4477
f 2018/2026 1983/1991 2020/2028
f 2021/2029 2018/2026 2020/2028
f 4187/4363 4189/4365 4190/4366
f 4187/4363 4186/4362 4189/4365
f 5055/5247 4669/4858 5384/5577
f 4610/4799 4623/4812 4669/4858
f 4610/4799 4669/4858 5055/5247
f 4595/4784 4596/4785 4614/4803
f 4595/4784 4614/4803 4623/4812
f 4909/5101 4912/5104 5342/5534
f 4909/5101 5342/5534 5341/5533
f 1409/1417 1353/1361 1294/1302
f 5770/5971 5697/5894 5570/5765
f 4553/4742 4648/4837 4640/4829
f 5570/5765 5546/5741 5569/5764
f 7242/7635 7196/7586 7248/7641
f 5526/5721 5442/5636 5470/5665
f 5569/5764 5546/5741 5526/5721
f 7241/7634 7195/7585 7196/7586
f 5470/5665 5167/5359 5166/5358
f 5470/5665 5442/5636 5167/5359
f 5165/5357 4704/4893 4705/4894
f 4697/4886 4698/4887 4502/4691
f 4697/4886 4502/4691 4501/4690
f 4697/4886 4702/4891 4698/4887
f 7193/7583 7192/7582 7195/7585
f 7185/7575 7171/7559 7186/7576
f 7181/7569 7170/7558 7185/7575
f 7180/7568 7163/7551 7181/7569
f 7152/7536 7155/7539 7146/7530
f 7140/7524 7153/7537 7152/7536
f 922/930 919/927 925/933
f 7137/7521 7157/7541 7140/7524
f 7137/7521 7133/7517 7157/7541
f 912/920 911/919 878/886
f 7162/7550 7126/7510 7177/7565
f 1607/1615 1428/1436 1429/1437
f 1982/1990 1871/1879 1870/1878
f 1982/1990 1870/1878 1983/1991
f 4190/4366 4196/4375 4194/4370
f 4190/4366 4194/4370 4191/4367
f 4191/4367 4187/4363 4190/4366
f 4595/4784 4623/4812 4610/4799
f 5600/5796 5771/5972 5770/5971
f 5737/5935 5443/5637 5486/5681
f 5817/6030 5837/6052 5737/5935
f 4552/4741 4640/4829 4639/4828
f 7248/7641 5837/6052 5817/6030
f 4534/4723 4553/4742 4552/4741
f 4455/4644 4456/4645 4518/4707
f 4455/4644 4430/4619 4456/4645
f 5568/5763 5526/5721 5527/5722
f 5569/5764 5526/5721 5568/5763
f 7242/7635 7241/7634 7196/7586
f 4432/4621 4418/4607 4431/4620
f 4708/4897 5165/5357 4705/4894
f 5166/5358 5165/5357 4708/4897
f 4413/4602 4414/4603 4433/4622
f 4461/4650 4464/4653 4462/4651
f 7186/7576 7188/7578 7194/7584
f 921/929 920/928 919/927
f 921/929 919/927 922/930
f 922/930 925/933 926/934
f 7135/7519 7130/7514 7134/7518
f 927/935 911/919 912/920
f 933/941 909/917 930/938
f 7177/7565 7126/7510 7125/7509
f 4209/4389 4225/4405 4244/4424
f 4194/4370 4209/4389 4244/4424
f 4194/4370 4196/4375 4209/4389
f 2664/2714 2021/2734 2668/2718
f 2665/2715 2664/2714 2668/2718
f 4857/5049 4610/4799 5055/5247
f 4605/4794 4595/4784 4610/4799
f 4605/4794 4610/4799 4857/5049
f 5341/5533 5600/5796 5367/5560
f 7248/7641 5817/6030 5927/6151
f 7242/7635 7248/7641 5927/6151
f 4434/4623 4413/4602 4435/4624
f 4705/4894 4702/4891 4707/4896
f 4449/4638 4442/4631 4457/4646
f 4462/4651 4449/4638 4457/4646
f 4495/4684 4496/4685 4482/4671
f 7201/7591 7186/7576 7194/7584
f 7185/7575 7186/7576 7201/7591
f 7187/7577 7181/7569 7185/7575
f 1109/1117 1108/1116 1091/1099
f 7148/7532 7155/7539 7180/7568
f 7148/7532 7180/7568 7189/7579
f 7146/7530 7155/7539 7148/7532
f 7139/7523 7137/7521 7140/7524
f 935/943 934/942 930/938
f 935/943 930/938 929/937
f 4365/7632 4363/7573 7184/7574
f 4352/4538 4363/4551 4365/4553
f 1751/1759 1607/1615 1871/1879
f 2662/2712 2018/2732 2021/2734
f 2664/2714 2662/2712 2021/2734
f 4187/4363 4191/4367 3524/4371
f 4187/4363 3524/4371 4188/4364
f 2665/2715 2663/2713 2664/2714
f 4857/5049 5055/5247 5383/5576
f 4587/4776 4588/4777 4595/4784
f 4587/4776 4595/4784 4605/4794
f 4900/5092 5341/5533 5367/5560
f 5378/5571 4907/5099 4905/5097
f 1447/5945 5383/5576 1409/5950
f 1447/1455 1409/1417 1313/1321
f 4584/4773 4638/4827 4588/4777
f 4616/4805 4552/4741 4617/4806
f 5731/5929 5770/5971 5570/5765
f 5568/5763 5527/5722 5535/5730
f 4451/4640 4455/4644 4516/4705
f 5166/5358 5438/5632 5470/5665
f 4442/4631 4438/4627 4440/4629
f 7246/7639 7193/7583 7241/7634
f 7246/7639 7194/7584 7193/7583
f 7201/7591 7194/7584 7202/7592
f 7200/7590 7185/7575 7201/7591
f 7187/7577 7185/7575 7200/7590
f 7189/7579 7181/7569 7187/7577
f 7141/7525 7137/7521 7139/7523
f 7178/7566 7174/7562 7136/7520
f 7198/7588 7177/7565 7178/7566
f 4344/4529 4352/4538 4365/4553
f 4323/4507 4344/4529 4353/4539
f 4322/4506 4323/4507 4331/4515
f 4302/4483 4296/4477 4303/4484
f 4244/4424 4296/4477 4302/4483
f 1979/1987 1751/1759 1871/1879
f 1979/1987 1871/1879 1982/1990
f 2016/2024 1979/1987 1982/1990
f 2016/2711 1982/2733 2018/2732
f 3525/4377 4191/4367 4194/4370
f 3524/4371 4191/4367 3525/4377
f 2663/2713 2662/2712 2664/2714
f 4604/4793 4605/4794 4857/5049
f 4587/4776 4605/4794 4604/4793
f 4891/5083 4904/5096 4893/5085
f 4891/5083 4893/5085 4892/5084
f 5378/5571 4905/5097 4891/5083
f 5378/5571 4891/5083 5263/5455
f 1506/5623 5383/5576 1447/5945
f 4615/4804 4638/4827 4584/4773
f 5638/5834 5770/5971 5731/5929
f 5713/5910 5486/5681 5378/5571
f 1361/1369 1313/1321 1279/1287
f 5927/6151 5817/6030 5861/6080
f 4516/4705 4517/4706 4535/4724
f 5500/5695 5470/5665 5438/5632
f 7290/7685 7242/7635 7291/7686
f 4435/4624 4413/4602 4433/4622
f 7289/7684 7247/7640 7242/7635
f 7289/7684 7242/7635 7290/7685
f 7247/7640 7246/7639 7241/7634
f 7208/7598 7187/7577 7200/7590
f 7189/7579 7187/7577 7208/7598
f 7145/7529 7149/7533 7146/7530
f 7150/7534 7149/7533 7145/7529
f 961/969 956/964 955/963
f 7144/7528 7135/7519 7138/7522
f 951/959 937/945 936/944
f 4367/7627 7184/7574 7198/7588
f 1979/1987 1904/1912 1751/1759
f 4188/4364 3520/4372 3515/4373
f 4188/4364 3524/4371 3520/4372
f 2647/2695 2663/2713 2648/2696
f 4558/4747 4536/4725 4616/4805
f 5730/5928 5731/5929 5568/5763
f 5928/6152 5927/6151 5861/6080
f 7291/7686 5927/6151 5928/6152
f 4451/4640 4516/4705 4519/4708
f 5438/5632 4707/4896 5412/5605
f 7289/7684 7290/7685 7291/7686
f 4442/4631 4440/4629 4443/4632
f 4457/4646 4442/4631 4443/4632
f 4463/4652 4462/4651 4457/4646
f 7253/7647 7202/7592 7246/7639
f 7209/7599 7200/7590 7201/7591
f 1048/1056 1018/1026 1044/1052
f 7141/7525 7139/7523 7150/7534
f 7179/7567 7178/7566 7159/7543
f 1032/1040 963/971 934/942
f 1666/1674 1503/1511 1751/1759
f 1904/1912 1666/1674 1751/1759
f 3519/3656 3525/3662 3526/3663
f 2652/2700 2000/2702 2016/2711
f 2652/2700 2016/2711 2662/2712
f 2653/2701 2652/2700 2662/2712
f 3520/3657 3524/3661 3518/3655
f 2647/2695 2653/2701 2663/2713
f 4728/4917 4604/4793 4857/5049
f 4728/4917 4857/5049 5094/5286
f 4586/4775 4585/4774 4587/4776
f 4586/4775 4587/4776 4604/4793
f 4578/4767 4585/4774 4586/4775
f 4899/5091 5367/5560 5368/5561
f 5378/5571 5263/5455 5469/5664
f 1486/1494 1506/1514 1361/1369
f 1486/1494 1361/1369 1362/1370
f 5368/5561 5367/5560 5638/5834
f 5730/5928 5568/5763 5729/5927
f 4519/4708 4516/4705 4535/4724
f 1285/1293 1266/1274 1229/1237
f 4450/4639 4451/4640 4491/4680
f 5500/5695 5438/5632 5412/5605
f 4706/4895 4697/4886 4497/4686
f 7304/7700 7289/7684 7291/7686
f 4474/4663 4472/4661 4463/4652
f 7257/7651 7247/7640 7289/7684
f 7253/7647 7246/7639 7257/7651
f 7236/7628 7202/7592 7253/7647
f 7209/7599 7201/7591 7236/7628
f 1125/1133 1118/1126 1115/1123
f 7231/7621 7148/7532 7190/7580
f 1048/1056 1086/1094 1037/1045
f 7228/7618 7147/7531 7230/7620
f 7143/7527 7141/7525 7150/7534
f 7179/7567 7159/7543 7160/7544
f 4368/7626 7198/7588 7199/7589
f 4360/4548 4365/4553 4367/4555
f 4350/4536 4353/4539 4360/4548
f 1601/1609 1490/1498 1503/1511
f 3519/3656 3526/3663 3521/3658
f 2644/2691 2653/2701 2647/2695
f 4578/4767 4586/4775 4603/4792
f 4577/4766 4579/4768 4578/4767
f 5368/5561 5615/5811 5344/5536
f 5368/5561 5730/5928 5615/5811
f 5659/5855 5378/5571 5469/5664
f 4519/4708 4535/4724 4557/4746
f 5925/6149 5928/6152 5861/6080
f 4520/4709 4491/4680 4519/4708
f 7291/7686 5928/6152 7307/7703
f 7306/7702 7291/7686 7307/7703
f 4440/4629 4434/4623 4436/4625
f 4481/4670 4482/4671 4480/4669
f 4481/4670 4495/4684 4482/4671
f 7306/7702 7304/7700 7291/7686
f 4474/4663 4463/4652 4465/4654
f 4480/4669 4472/4661 4474/4663
f 7288/7683 7289/7684 7304/7700
f 7230/7620 7147/7531 7231/7621
f 2644/2691 2652/2700 2653/2701
f 3520/3657 3512/3649 3515/3652
f 4576/4765 4577/4766 4578/4767
f 4576/4765 4578/4767 4653/4842
f 4899/5091 5368/5561 5344/5536
f 5417/5610 5469/5664 5085/5277
f 4560/4749 4558/4747 4615/4804
f 5659/5855 5469/5664 5417/5610
f 5714/5911 5659/5855 5797/6003
f 5670/5867 5535/5730 5536/5731
f 5925/6149 5861/6080 5798/6004
f 5536/5731 5500/5695 5537/5732
f 4447/4636 4441/4630 4450/4639
f 4447/4636 4435/4624 4441/4630
f 4445/4634 4435/4624 4447/4636
f 5500/5695 5498/5693 5537/5732
f 4443/4632 4440/4629 4444/4633
f 4458/4647 4463/4652 4457/4646
f 4465/4654 4463/4652 4458/4647
f 4475/4664 4480/4669 4474/4663
f 5412/5605 4706/4895 4711/4900
f 7254/7648 7253/7647 7257/7651
f 7237/7629 7209/7599 7236/7628
f 7252/7646 7208/7598 7209/7599
f 7252/7646 7209/7599 7237/7629
f 7232/7622 7231/7621 7239/7631
f 1077/1085 1088/1096 1086/1094
f 1077/1085 1086/1094 1048/1056
f 1045/1053 1041/1049 1042/1050
f 7206/7596 7160/7544 7161/7545
f 1034/1042 963/971 1033/1041
f 1101/1109 1094/1102 1032/1040
f 4366/4554 4367/4555 4368/4556
f 4366/7671 4368/7626 4370/7645
f 1233/1241 1148/1156 1340/1348
f 4349/4535 4350/4536 4358/4545
f 3536/3673 3540/3677 3640/3777
f 3521/3658 3540/3677 3536/3673
f 2001/2009 1905/1913 1904/1912
f 2001/2009 1904/1912 2000/2008
f 2643/2690 2001/2689 2000/2702
f 3518/3655 3519/3656 3511/3648
f 2642/2688 2643/2690 2644/2691
f 4747/4938 4728/4917 5094/5286
f 4747/4938 5094/5286 5363/5556
f 4747/4938 4653/4842 4728/4917
f 4886/5078 4899/5091 5344/5536
f 1366/1374 1482/1490 1362/1370
f 4559/4748 4520/4709 4557/4746
f 5729/5927 5670/5867 5616/5812
f 5925/6149 5798/6004 5896/6117
f 7307/7703 5925/6149 5896/6117
f 4447/4636 4491/4680 4507/4696
f 4446/4635 4436/4625 4445/4634
f 5413/5606 5412/5605 4711/4900
f 5413/5606 4711/4900 4712/4901
f 7306/7702 7307/7703 7327/7726
f 4476/4665 4474/4663 4465/4654
f 7305/7701 7304/7700 7306/7702
f 7255/7649 7237/7629 7236/7628
f 7217/7607 7228/7618 7230/7620
f 4370/7645 4368/7626 7240/7633
f 4370/7645 7240/7633 7249/7642
f 1146/1154 1147/1155 1101/1109
f 3510/3647 3521/3658 3516/3653
f 3511/3648 3519/3656 3521/3658
f 3511/3648 3521/3658 3510/3647
f 3512/3649 3518/3655 3511/3648
f 4561/4750 4560/4749 4577/4766
f 4561/4750 4577/4766 4576/4765
f 1538/5790 5361/5554 5363/5556
f 5797/6003 5659/5855 5796/6002
f 4521/4710 4520/4709 4563/4752
f 5738/5937 5536/5731 5537/5732
f 5896/6117 5798/6004 5797/6003
f 7327/7726 7307/7703 5896/6117
f 5499/5694 5498/5693 5413/5606
f 4458/4647 4459/4648 4470/4659
f 4489/4678 4475/4664 4476/4665
f 4489/4678 4481/4670 4475/4664
f 4508/4697 4481/4670 4509/4698
f 4508/4697 4497/4686 4481/4670
f 7326/7725 7306/7702 7327/7726
f 7305/7701 7306/7702 7326/7725
f 7284/7679 7282/7677 7288/7683
f 7280/7675 7254/7648 7282/7677
f 7256/7650 7237/7629 7255/7649
f 7252/7646 7237/7629 7256/7650
f 7239/7631 7238/7630 7258/7652
f 7249/7642 7240/7633 7243/7636
f 1233/1241 1147/1155 1146/1154
f 1601/1609 1396/1404 1490/1498
f 1901/1909 1726/1734 1905/1913
f 2594/2634 2001/2689 2643/2690
f 2538/2572 2594/2634 2643/2690
f 2538/2572 2643/2690 2642/2688
f 3504/3641 3512/3649 3505/3642
f 3504/3641 3515/3652 3512/3649
f 5020/5212 4652/4841 4747/4938
f 5417/5610 5085/5277 5416/5609
f 5617/5813 5616/5812 5738/5937
f 5392/5585 5344/5536 5616/5812
f 5890/6111 5797/6003 5796/6002
f 5896/6117 5797/6003 5890/6111
f 4523/4712 4469/4658 4507/4696
f 5633/5829 5498/5693 5499/5694
f 5537/5732 5633/5829 5738/5937
f 4490/4679 4489/4678 4476/4665
f 4490/4679 4476/4665 4486/4675
f 4509/4698 4489/4678 4490/4679
f 5501/5696 5413/5606 4712/4901
f 5499/5694 5413/5606 5501/5696
f 7345/7748 7327/7726 5955/6187
f 1287/1295 1284/1292 1288/1296
f 7305/7701 7284/7679 7304/7700
f 7267/7661 7218/7608 7232/7622
f 7217/7607 7218/7608 7219/7609
f 7220/7610 7227/7617 7217/7607
f 1051/1059 1047/1055 1046/1054
f 7213/7603 7212/7602 7223/7613
f 4364/4552 4366/4554 4370/4559
f 4364/4552 4370/4559 4369/4557
f 1602/1610 1448/1456 1396/1404
f 3586/4524 4330/4514 3644/4533
f 2595/2635 1901/2660 1905/2692
f 3506/3643 3511/3648 3510/3647
f 3505/3642 3512/3649 3511/3648
f 3505/3642 3511/3648 3506/3643
f 4575/4764 4561/4750 4576/4765
f 4575/4764 4576/4765 4652/4841
f 4884/5076 5344/5536 5392/5585
f 5596/5792 5362/5555 5361/5554
f 4562/4751 4563/4752 4559/4748
f 5393/5586 5392/5585 5617/5813
f 5712/5909 5417/5610 5416/5609
f 5859/6078 5796/6002 5712/5909
f 5787/5990 5633/5829 5634/5830
f 5890/6111 5796/6002 5859/6078
f 4506/4695 4468/4657 4522/4711
f 5955/6187 5896/6117 5890/6111
f 4479/4668 4446/4635 4468/4657
f 4485/4674 4470/4659 4478/4667
f 4695/4884 4737/4926 4509/4698
f 7326/7725 7327/7726 7345/7748
f 7325/7724 7305/7701 7326/7725
f 1174/1182 1129/1137 1128/1136
f 7258/7652 7252/7646 7277/7672
f 7234/7624 7216/7606 7235/7625
f 4356/4542 4358/4545 4364/4552
f 1448/1456 1395/1403 1396/1404
f 3503/3640 3505/3642 3506/3643
f 3505/3642 3503/3640 3494/3631
f 2537/2571 2538/2572 2539/2573
f 5021/5213 4652/4841 5020/5212
f 5021/5213 5020/5212 5362/5555
f 4843/5035 4575/4764 4652/4841
f 4843/5035 4652/4841 5021/5213
f 4564/4753 4561/4750 4575/4764
f 4564/4753 4562/4751 4561/4750
f 5683/5880 5738/5937 5787/5990
f 5393/5586 5206/5398 4884/5076
f 5393/5586 4884/5076 5392/5585
f 1431/1439 1510/1518 1487/1495
f 5890/6111 5859/6078 5891/6112
f 4479/4668 4468/4657 4506/4695
f 5736/5934 4695/4884 4738/4927
f 5736/5934 4737/4926 4695/4884
f 5735/5933 5501/5696 4737/4926
f 5735/5933 4737/4926 5736/5934
f 5634/5830 5501/5696 5735/5933
f 5956/6188 5955/6187 5890/6111
f 4485/4674 4493/4682 4494/4683
f 4512/4701 4486/4675 4494/4683
f 4512/4701 4490/4679 4486/4675
f 4513/4702 4490/4679 4512/4701
f 4513/4702 4514/4703 4490/4679
f 4514/4703 4738/4927 4695/4884
f 7285/7680 7305/7701 7325/7724
f 1174/1182 1171/1179 1166/1174
f 7281/7676 7256/7650 7255/7649
f 7277/7672 7256/7650 7281/7676
f 1079/1087 1158/1166 1078/1086
f 7268/7662 7259/7653 7269/7663
f 7220/7610 7217/7607 7219/7609
f 1062/1070 1050/1058 1049/1057
f 3586/3723 3644/3781 3576/3713
f 2553/2589 1902/2587 1901/2660
f 3502/3639 3510/3647 3516/3653
f 2553/2589 1901/2660 2595/2635
f 3502/3639 3506/3643 3510/3647
f 2547/2582 2553/2589 2595/2635
f 3503/3640 3506/3643 3502/3639
f 5021/5213 5362/5555 5452/5646
f 4606/4795 4564/4753 4575/4764
f 4606/4795 4575/4764 4843/5035
f 4880/5072 4884/5076 5206/5398
f 5427/5620 5416/5609 5100/5292
f 1643/5985 5362/5555 5596/5792
f 1643/5985 5596/5792 1510/6088
f 4591/4780 4563/4752 4566/4755
f 5206/5398 5393/5586 5683/5880
f 5775/5977 5416/5609 5427/5620
f 5860/6079 5859/6078 5712/5909
f 1511/1519 1510/1518 1431/1439
f 5787/5990 5634/5830 5682/5879
f 5891/6112 5859/6078 5860/6079
f 4493/4682 4479/4668 4504/4693
f 4713/4902 4513/4702 4512/4701
f 4713/4902 4512/4701 4689/4878
f 4713/4902 4514/4703 4513/4702
f 4738/4927 4514/4703 4713/4902
f 5735/5933 5788/5991 5634/5830
f 5956/6188 5891/6112 5957/6189
f 5956/6188 7345/7748 5955/6187
f 1307/1315 1288/1296 1267/1275
f 1307/1315 1267/1275 1268/1276
f 7281/7676 7280/7675 7283/7678
f 1053/1061 1052/1060 1054/1062
f 7226/7616 7216/7606 7215/7605
f 7279/7674 7249/7642 7250/7643
f 3776/4544 4364/4552 4369/4557
f 3776/4544 4369/4557 3775/4558
f 3517/3654 3501/3638 3502/3639
f 3517/3654 3502/3639 3516/3653
f 5063/5255 4843/5035 5021/5213
f 5063/5255 5021/5213 5452/5646
f 5063/5255 4606/4795 4843/5035
f 4565/4754 4564/4753 4606/4795
f 4567/4756 4566/4755 4565/4754
f 4880/5072 5206/5398 4875/5067
f 5427/5620 5100/5292 4898/5090
f 5206/5398 5682/5879 4688/4877
f 5206/5398 4688/4877 4875/5067
f 5206/5398 5683/5880 5682/5879
f 5735/5933 5736/5934 5810/6022
f 5899/6120 5891/6112 5860/6079
f 4689/4878 4515/4704 4685/4874
f 4714/4903 4713/4902 4689/4878
f 5736/5934 4738/4927 5810/6022
f 7370/7781 7345/7748 5956/6188
f 7324/7723 7326/7725 7346/7749
f 7324/7723 7285/7680 7325/7724
f 1199/1207 1174/1182 1165/1173
f 7302/7698 7277/7672 7281/7676
f 7302/7698 7281/7676 7303/7699
f 7292/7687 7277/7672 7302/7698
f 1073/1081 1075/1083 1074/1082
f 1061/1069 1049/1057 1053/1061
f 7244/7637 7226/7616 7245/7638
f 1103/1111 1098/1106 1096/1104
f 7251/7644 7250/7643 7244/7637
f 1528/1536 1397/1405 1395/1403
f 2544/2578 1902/2587 2553/2589
f 3502/3639 3501/3638 3492/3629
f 2547/2582 2544/2578 2553/2589
f 2529/2562 2544/2578 2547/2582
f 2529/2562 2547/2582 2540/2574
f 3495/3632 3494/3631 3503/3640
f 4741/4931 4606/4795 5063/5255
f 4741/4931 5063/5255 5449/5643
f 4741/4931 4565/4754 4606/4795
f 4608/4797 4567/4756 4565/4754
f 5428/5621 4898/5090 4894/5086
f 1629/6070 5452/5646 1643/5985
f 1629/1637 1643/1651 1511/1519
f 5449/5643 5452/5646 5685/5882
f 4569/4758 4592/4781 4566/4755
f 4569/4758 4593/4782 4592/4781
f 5758/5959 5788/5991 5812/6024
f 5758/5959 5682/5879 5788/5991
f 4688/4877 5682/5879 4694/4883
f 5746/5946 5427/5620 5428/5621
f 5827/6041 5427/5620 5746/5946
f 5827/6041 5860/6079 5775/5977
f 1515/1523 1511/1519 1481/1489
f 1515/1523 1629/1637 1511/1519
f 4612/4801 4594/4783 4611/4800
f 4505/4694 4504/4693 4612/4801
f 4745/4935 4714/4903 4689/4878
f 5814/6026 4714/4903 4745/4935
f 5813/6025 4714/4903 5814/6026
f 5813/6025 4713/4902 4714/4903
f 5811/6023 4738/4927 4713/4902
f 5811/6023 4713/4902 5813/6025
f 5810/6022 4738/4927 5811/6023
f 5812/6024 5735/5933 5810/6022
f 5812/6024 5788/5991 5735/5933
f 5898/6119 5860/6079 5827/6041
f 5898/6119 5899/6120 5860/6079
f 5963/6195 5891/6112 5899/6120
f 7383/7795 5956/6188 5957/6189
f 7372/7783 7370/7781 5956/6188
f 7372/7783 5956/6188 7383/7795
f 7356/7764 7351/7756 7345/7748
f 7356/7764 7345/7748 7370/7781
f 7308/7704 7281/7676 7286/7681
f 1213/1221 1199/1207 1192/1200
f 1190/1198 1192/1200 1158/1166
f 7270/7664 7269/7663 7313/7711
f 1185/1193 1079/1087 1184/1192
f 1073/1081 1074/1082 1064/1072
f 7272/7666 7267/7661 7271/7665
f 7262/7656 7222/7612 7221/7611
f 7266/7660 7226/7616 7225/7615
f 7245/7638 7226/7616 7266/7660
f 3492/3629 3501/3638 3497/3634
f 3491/3628 3495/3632 3492/3629
f 2520/2548 2529/2562 2540/2574
f 2520/2548 2540/2574 2537/2571
f 5450/5644 4741/4931 5449/5643
f 4373/4928 4608/4797 4741/4931
f 4373/4928 4741/4931 5450/5644
f 4568/4757 4567/4756 4609/4798
f 5428/5621 4894/5086 5066/5258
f 4611/4800 4594/4783 4573/4762
f 4694/4883 5758/5959 4693/4882
f 5746/5946 5428/5621 5429/5622
f 4686/4875 4685/4874 4524/4713
f 4745/4935 4685/4874 4686/4875
f 5898/6119 5827/6041 5849/6064
f 5950/6182 5899/6120 5898/6119
f 5963/6195 5899/6120 5950/6182
f 5988/6220 5957/6189 5963/6195
f 7383/7795 5957/6189 7404/7819
f 7302/7698 7303/7699 7308/7704
f 7315/7714 7270/7664 7313/7711
f 7293/7688 7251/7644 7244/7637
f 1143/1151 1103/1111 1126/1134
f 1536/1544 1436/1444 1397/1405
f 1536/1544 1397/1405 1528/1536
f 3530/3667 3639/3776 3609/3746
f 2536/2569 1902/2587 2544/2578
f 2523/2553 2536/2569 2544/2578
f 2523/2553 2544/2578 2529/2562
f 3491/3628 3485/3622 3493/3630
f 3491/3628 3493/3630 3494/3631
f 3491/3628 3494/3631 3495/3632
f 2503/2524 2529/2562 2520/2548
f 3484/3621 3493/3630 3485/3622
f 4372/4937 4609/4798 4373/4928
f 4571/4760 4568/4757 4372/4937
f 4571/4760 4570/4759 4568/4757
f 4682/4871 4693/4882 4679/4868
f 4682/4871 4694/4883 4693/4882
f 4682/4871 4688/4877 4694/4883
f 1631/6015 5449/5643 5685/5882
f 1631/6015 5685/5882 1629/6070
f 5660/5856 5449/5643 1631/6015
f 4672/4861 5813/6025 4671/4860
f 4672/4861 5811/6023 5813/6025
f 4679/4868 5810/6022 5811/6023
f 4679/4868 5811/6023 4672/4861
f 4693/4882 5812/6024 5810/6022
f 4693/4882 5810/6022 4679/4868
f 5849/6064 5827/6041 5746/5946
f 5988/6220 5963/6195 5950/6182
f 1373/1381 1339/1347 1333/1341
f 7346/7749 7351/7756 7356/7764
f 7323/7722 7324/7723 7347/7752
f 7323/7722 7287/7682 7324/7723
f 7328/7728 7302/7698 7308/7704
f 1230/1238 1192/1200 1190/1198
f 7320/7719 7313/7711 7314/7712
f 1188/1196 1185/1193 1184/1192
f 7300/7696 7273/7667 7271/7665
f 7300/7696 7271/7665 7316/7715
f 1060/1068 1065/1073 1061/1069
f 3745/3891 3791/3939 3749/3895
f 4371/4560 4372/4561 4373/4562
f 4371/4991 4571/4760 4372/4937
f 4572/4761 4570/4759 4571/4760
f 4572/4761 4571/4760 4371/4991
f 4574/4763 4570/4759 4572/4761
f 4670/4859 4672/4861 4671/4860
f 4678/4867 4679/4868 4672/4861
f 4678/4867 4672/4861 4670/4859
f 5353/5546 5066/5258 4883/5075
f 4601/4790 4589/4778 4580/4769
f 4601/4790 4580/4769 4582/4771
f 4602/4791 4680/4869 4590/4779
f 4602/4791 4681/4870 4680/4869
f 4671/4860 4681/4870 4602/4791
f 5930/6156 5898/6119 5849/6064
f 5950/6182 5898/6119 5949/6181
f 7371/7782 7356/7764 7370/7781
f 7347/7752 7346/7749 7356/7764
f 1309/1317 1276/1284 1306/1314
f 7329/7732 7323/7722 7330/7733
f 1240/1248 1230/1238 1190/1198
f 7265/7659 7260/7654 7264/7658
f 1322/1330 1262/1270 1261/1269
f 1322/1330 1261/1269 1271/1279
f 3529/3666 3530/3667 3569/3706
f 3498/3635 3497/3634 3514/3651
f 3498/3635 3514/3651 3508/3645
f 2523/2553 2522/2552 2536/2569
f 2521/2549 2522/2552 2523/2553
f 3489/3626 3492/3629 3497/3634
f 3489/3626 3497/3634 3498/3635
f 3489/3626 3491/3628 3492/3629
f 3485/3622 3491/3628 3489/3626
f 3484/3621 3485/3622 3479/3616
f 2502/2523 2503/2524 2520/2548
f 4956/5148 4572/4761 4371/4991
f 4607/4796 4574/4763 4572/4761
f 4607/4796 4572/4761 4956/5148
f 4581/4770 4580/4769 4574/4763
f 4581/4770 4574/4763 4607/4796
f 4673/4862 4670/4859 4599/4788
f 5352/5545 5353/5546 4883/5075
f 5661/5857 5462/5657 5660/5856
f 5661/5857 5660/5856 1762/6084
f 5453/5647 5462/5657 5631/5827
f 5794/6000 5429/5622 5353/5546
f 5875/6096 5849/6064 5794/6000
f 5930/6156 5849/6064 5875/6096
f 5949/6181 5898/6119 5930/6156
f 1537/1545 1509/1517 1508/1516
f 6000/6232 7404/7819 5988/6220
f 1478/1486 1408/1416 1407/1415
f 1373/1381 1363/1371 1406/1414
f 7343/7746 7328/7728 7329/7732
f 7331/7734 7314/7712 7344/7747
f 1238/1246 1240/1248 1237/1245
f 7319/7718 7320/7719 7332/7735
f 7264/7658 7263/7657 7275/7669
f 1384/1392 1322/1330 1351/1359
f 1436/1444 1384/1392 1351/1359
f 1665/1673 1505/1513 1536/1544
f 3490/3627 3489/3626 3498/3635
f 2502/2523 2501/2522 2503/2524
f 3483/3620 3484/3621 3479/3616
f 4802/4994 4956/5148 5453/5647
f 4802/4994 4607/4796 4956/5148
f 4802/4994 4581/4770 4607/4796
f 4665/4854 4581/4770 4802/4994
f 4597/4786 4581/4770 4665/4854
f 4597/4786 4583/4772 4581/4770
f 4598/4787 4599/4788 4583/4772
f 4598/4787 4583/4772 4597/4786
f 4600/4789 4673/4862 4599/4788
f 4600/4789 4599/4788 4598/4787
f 5097/5289 4874/5066 4730/4919
f 5097/5289 4883/5075 4874/5066
f 5352/5545 4883/5075 5097/5289
f 5807/6018 5353/5546 5352/5545
f 5869/6090 5353/5546 5807/6018
f 5869/6090 5794/6000 5353/5546
f 5865/6085 5661/5857 1762/6084
f 5924/6148 5930/6156 5875/6096
f 5949/6181 5930/6156 5951/6183
f 1407/1415 1373/1381 1406/1414
f 7381/7793 7372/7783 7383/7795
f 7371/7782 7372/7783 7381/7793
f 7357/7765 7356/7764 7371/7782
f 7357/7765 7347/7752 7356/7764
f 7353/7760 7347/7752 7357/7765
f 7349/7754 7330/7733 7353/7760
f 1238/1246 1239/1247 1240/1248
f 1241/1249 1238/1246 1237/1245
f 1242/1250 1237/1245 1188/1196
f 1418/1426 1384/1392 1436/1444
f 1732/1740 1505/1513 1665/1673
f 2513/2539 2522/2552 2521/2549
f 3485/3622 3489/3626 3480/3617
f 3485/3622 3480/3617 3479/3616
f 3475/3612 3483/3620 3479/3616
f 5065/5257 4802/4994 5454/5648
f 5065/5257 4665/4854 4802/4994
f 4746/4936 4597/4786 4665/4854
f 4746/4936 4665/4854 5065/5257
f 4710/4899 4597/4786 4746/4936
f 4598/4787 4597/4786 4710/4899
f 4835/5027 4677/4866 4834/5026
f 5380/5573 5097/5289 4839/5031
f 5718/5915 5453/5647 5631/5827
f 5718/5915 5631/5827 5833/6048
f 5786/5989 5352/5545 5741/5940
f 5870/6091 5807/6018 5352/5545
f 5870/6091 5352/5545 5786/5989
f 5870/6091 5869/6090 5807/6018
f 5923/6147 5875/6096 5869/6090
f 5951/6183 5930/6156 5924/6148
f 5951/6183 5924/6148 5977/6209
f 5998/6230 5988/6220 5950/6182
f 5998/6230 5950/6182 5995/6227
f 5998/6230 6000/6232 5988/6220
f 1444/1452 1407/1415 1406/1414
f 7381/7793 7383/7795 7404/7819
f 7343/7746 7329/7732 7349/7754
f 7348/7753 7331/7734 7352/7759
f 1221/1229 1183/1191 1186/1194
f 7301/7697 7295/7691 7276/7670
f 7296/7692 7295/7691 7310/7708
f 7312/7710 7293/7688 7309/7707
f 3597/3734 3675/3812 3608/3745
f 2501/2522 2513/2539 2521/2549
f 5196/5388 4746/4936 5480/5675
f 5196/5388 4710/4899 4746/4936
f 4847/5039 4598/4787 4710/4899
f 4847/5039 4710/4899 5196/5388
f 4734/4923 4598/4787 4846/5038
f 4734/4923 4600/4789 4598/4787
f 4735/4924 4600/4789 4734/4923
f 4735/4924 4675/4864 4600/4789
f 5381/5574 4835/5027 4836/5028
f 5381/5574 4839/5031 4835/5027
f 5380/5573 4839/5031 5381/5574
f 5719/5916 5454/5648 5718/5915
f 5719/5916 5718/5915 5834/6049
f 5749/5949 5380/5573 5381/5574
f 5741/5940 5380/5573 5749/5949
f 5848/6063 5786/5989 5741/5940
f 5870/6091 5786/5989 5848/6063
f 5923/6147 5869/6090 5870/6091
f 5976/6208 5924/6148 5923/6147
f 5977/6209 5924/6148 5976/6208
f 1810/1818 1900/1908 1809/1817
f 5996/6228 5949/6181 5951/6183
f 5995/6227 5949/6181 5996/6228
f 1499/1507 1508/1516 1478/1486
f 7381/7793 7404/7819 6000/6232
f 7382/7794 7380/7792 7381/7793
f 7349/7754 7353/7760 7378/7790
f 7343/7746 7349/7754 7367/7778
f 7344/7747 7343/7746 7368/7779
f 1258/1266 1259/1267 1238/1246
f 1243/1251 1241/1249 1242/1250
f 1892/1900 1732/1740 1733/1741
f 3507/3644 3508/3645 3529/3666
f 3486/3623 3498/3635 3508/3645
f 3486/3623 3508/3645 3507/3644
f 2508/2531 2509/2532 2522/2552
f 3480/3617 3490/3627 3481/3618
f 5292/5484 4734/4923 4846/5038
f 5371/5564 4836/5028 4735/4924
f 5381/5574 4836/5028 5371/5564
f 5792/5998 5700/5897 5719/5916
f 5792/5998 5719/5916 5840/6055
f 5528/5723 5196/5388 5480/5675
f 5847/6062 5741/5940 5749/5949
f 5847/6062 5848/6063 5741/5940
f 5834/6049 5833/6048 5902/6124
f 6001/6233 5951/6183 5977/6209
f 5996/6228 5951/6183 6001/6233
f 5997/6229 5998/6230 5995/6227
f 7407/7826 7382/7794 7381/7793
f 7407/7826 7381/7793 6092/6327
f 7357/7765 7380/7792 7382/7794
f 7379/7791 7349/7754 7378/7790
f 7367/7778 7349/7754 7379/7791
f 7362/7770 7352/7759 7363/7771
f 1243/1251 1242/1250 1244/1252
f 7340/7743 7319/7718 7342/7745
f 7318/7717 7317/7716 7340/7743
f 7318/7717 7298/7694 7317/7716
f 3763/7730 3793/7729 7312/7710
f 1326/1334 1263/1271 1289/1297
f 1531/1539 1491/1499 1418/1426
f 3541/3678 3597/3734 3570/3707
f 1731/1739 1531/1539 1505/1513
f 1731/1739 1505/1513 1732/1740
f 3475/3612 3478/3615 3474/3611
f 3475/3612 3479/3616 3478/3615
f 2505/2526 2500/2521 2504/2525
f 5371/5564 5125/5317 5530/5725
f 5701/5898 5528/5723 5700/5897
f 5701/5898 5700/5897 5792/5998
f 5761/5962 5371/5564 5530/5725
f 5761/5962 5381/5574 5371/5564
f 5831/6046 5381/5574 5761/5962
f 5832/6047 5749/5949 5381/5574
f 5832/6047 5381/5574 5831/6046
f 5847/6062 5749/5949 5832/6047
f 5892/6113 5840/6055 5834/6049
f 5892/6113 5834/6049 5902/6124
f 5944/6174 5923/6147 5900/6121
f 5944/6174 5945/6175 5923/6147
f 6003/6235 6001/6233 5977/6209
f 5997/6229 5995/6227 5996/6228
f 5999/6231 5998/6230 5997/6229
f 1342/1350 1327/1335 1314/1322
f 1300/1308 1298/1306 1259/1267
f 1258/1266 1241/1249 1246/1254
f 7341/7744 7340/7743 7342/7745
f 7337/7740 7318/7717 7340/7743
f 1225/1233 1186/1194 1224/1232
f 7297/7693 7274/7668 7298/7694
f 1071/1079 1068/1076 1070/1078
f 3816/7727 7312/7710 7310/7708
f 5726/5923 5493/5688 5663/5859
f 5884/6105 5840/6055 5892/6113
f 5884/6105 5793/5999 5840/6055
f 5901/6122 5847/6062 5832/6047
f 5944/6174 5900/6121 5887/6108
f 5945/6175 5944/6174 6007/6239
f 6006/6238 5976/6208 5945/6175
f 6005/6237 5976/6208 6006/6238
f 6005/6237 5977/6209 5976/6208
f 5997/6229 5996/6228 6084/6319
f 1532/1540 1499/1507 1498/1506
f 6085/6320 5999/6231 5997/6229
f 6162/6400 6092/6327 5999/6231
f 1445/1453 1404/1412 1405/1413
f 6162/6400 7407/7826 6092/6327
f 7378/7790 7382/7794 7398/7812
f 7379/7791 7378/7790 7398/7812
f 7386/7800 7368/7779 7379/7791
f 3926/7789 7368/7779 7386/7800
f 7339/7742 7337/7740 7340/7743
f 7339/7742 7340/7743 7341/7744
f 7322/7721 7310/7708 7301/7697
f 3488/3625 3507/3644 3541/3678
f 3488/3625 3541/3678 3537/3674
f 3486/3623 3507/3644 3488/3625
f 2486/2506 2495/2516 2509/2532
f 2486/2506 2509/2532 2508/2531
f 2507/2530 2486/2506 2508/2531
f 3478/3615 3476/3613 3469/3606
f 3478/3615 3481/3618 3476/3613
f 2506/2527 2487/2507 2507/2530
f 3470/3607 3473/3610 3474/3611
f 5854/6073 5726/5923 5846/6061
f 5854/6073 5774/5976 5726/5923
f 5873/6094 5774/5976 5854/6073
f 5874/6095 5808/6020 5774/5976
f 5874/6095 5774/5976 5873/6094
f 5874/6095 5809/6021 5808/6020
f 5897/6118 5831/6046 5809/6021
f 5885/6106 5845/6060 5881/6102
f 5934/6163 5887/6108 5901/6122
f 5975/6207 5887/6108 5934/6163
f 6008/6240 6007/6239 5975/6207
f 6006/6238 5945/6175 6007/6239
f 1936/1944 1938/1946 1937/1945
f 6084/6319 6001/6233 6004/6236
f 6085/6320 5997/6229 6084/6319
f 6164/6402 5999/6231 6085/6320
f 1402/1410 1372/1380 1370/1378
f 7400/7814 7379/7791 7398/7812
f 7360/7768 7361/7769 7373/7784
f 7321/7720 7301/7697 7299/7695
f 1502/1510 1491/1499 1531/1539
f 2487/2507 2486/2506 2507/2530
f 2488/2508 2487/2507 2506/2527
f 3470/3607 3469/3606 3468/3605
f 3470/3607 3474/3611 3478/3615
f 3470/3607 3478/3615 3469/3606
f 2481/2501 2474/2488 2488/2508
f 2481/2501 2488/2508 2505/2526
f 5908/6130 5846/6061 5845/6060
f 5908/6130 5845/6060 5885/6106
f 5909/6131 5874/6095 5873/6094
f 5911/6135 5874/6095 5909/6131
f 5942/6171 5907/6129 5941/6170
f 5942/6171 5901/6122 5907/6129
f 5934/6163 5901/6122 5942/6171
f 5933/6161 5939/6168 5987/6219
f 6008/6240 5975/6207 5934/6163
f 6008/6240 5934/6163 6009/6241
f 5987/6219 5939/6168 5984/6216
f 6165/6403 6164/6402 6085/6320
f 6166/6404 6162/6400 6164/6402
f 7399/7813 7407/7826 6166/6404
f 3961/7839 7386/7800 7400/7814
f 3916/7838 7386/7800 3961/7839
f 1337/1345 1300/1308 1302/1310
f 1256/1264 1299/1307 1246/1254
f 1247/1255 1246/1254 1245/1253
f 7338/7741 7337/7740 7339/7742
f 1204/1212 1224/1232 1187/1195
f 3802/7750 3816/7727 7322/7721
f 3472/3609 3476/3613 3486/3623
f 3472/3609 3486/3623 3487/3624
f 3469/3606 3476/3613 3472/3609
f 3465/3602 3471/3608 3470/3607
f 2467/2480 2469/2482 2481/2501
f 5954/6186 5910/6132 5938/6167
f 5909/6131 5910/6132 5954/6186
f 5935/6164 5911/6135 5909/6131
f 5959/6191 5911/6135 5935/6164
f 5941/6170 5911/6135 5959/6191
f 6083/6318 5942/6171 5941/6170
f 6010/6242 5942/6171 6083/6318
f 6010/6242 5934/6163 5942/6171
f 6009/6241 5934/6163 6010/6242
f 5989/6221 5932/6160 5933/6161
f 6061/6296 5984/6216 6024/6257
f 5987/6219 5984/6216 6061/6296
f 6086/6321 6007/6239 6008/6240
f 6089/6324 6006/6238 6007/6239
f 1935/1943 1936/1944 1937/1945
f 6159/6397 6004/6236 6090/6325
f 6167/6405 6085/6320 6084/6319
f 1493/1501 1498/1506 1405/1413
f 1493/1501 1405/1413 1416/1424
f 6166/6404 6164/6402 6163/6401
f 3915/4068 3916/4069 3961/4114
f 1302/1310 1299/1307 1301/1309
f 1301/1309 1299/1307 1256/1264
f 1250/1258 1248/1256 1260/1268
f 7335/7738 7299/7695 7334/7737
f 3513/3650 3537/3674 3542/3679
f 3469/3606 3466/3603 3468/3605
f 3464/3601 3465/3602 3468/3605
f 2469/2482 2474/2488 2481/2501
f 6025/6259 5941/6170 5959/6191
f 6083/6318 5941/6170 6025/6259
f 6114/6349 6010/6242 6083/6318
f 6123/6358 6008/6240 6009/6241
f 6087/6322 6007/6239 6086/6321
f 6089/6324 6007/6239 6087/6322
f 6167/6405 6084/6319 6168/6406
f 1522/1530 1498/1506 1493/1501
f 6163/6401 6164/6402 6165/6403
f 1416/1424 1403/1411 1415/1423
f 7416/7840 7398/7812 6166/6404
f 1415/1423 1402/1410 1414/1422
f 3915/4068 3961/4114 3921/4074
f 1411/1419 1367/1375 1359/1367
f 1410/1418 1359/1367 1360/1368
f 1387/1395 1336/1344 1337/1345
f 7359/7767 7339/7742 7358/7766
f 3803/7758 7333/7736 3837/7757
f 3467/3604 3472/3609 3487/3624
f 2472/2485 2471/2484 2486/2506
f 3466/3603 3472/3609 3467/3604
f 3466/3603 3464/3601 3468/3605
f 2470/2483 2474/2488 2469/2482
f 5935/6164 5954/6186 6093/6328
f 6094/6329 5959/6191 5935/6164
f 6083/6318 6025/6259 6113/6348
f 6109/6344 6025/6259 5959/6191
f 6113/6348 6025/6259 6109/6344
f 6114/6349 6083/6318 6113/6348
f 6114/6349 6009/6241 6010/6242
f 6086/6321 6008/6240 6123/6358
f 6157/6395 6091/6326 6089/6324
f 1642/1650 1522/1530 1523/1531
f 1492/1500 1493/1501 1416/1424
f 4006/7845 7417/7841 7416/7840
f 1446/1454 1414/1422 1430/1438
f 3921/7849 7417/7841 3919/7850
f 1293/1301 1302/1310 1301/1309
f 1293/1301 1301/1309 1256/1264
f 7374/7785 7375/7786 7396/7810
f 1257/1265 1256/1264 1253/1261
f 1253/1261 1247/1255 1249/1257
f 7335/7738 7334/7737 7338/7741
f 3499/3636 3542/3679 3543/3680
f 2466/2479 2472/2485 2474/2488
f 2470/2483 2466/2479 2474/2488
f 2447/2457 2466/2479 2470/2483
f 3464/3601 3466/3603 3456/3593
f 2458/2471 2447/2457 2470/2483
f 3447/3584 3464/3601 3455/3592
f 3447/3584 3462/3599 3464/3601
f 2468/2481 2458/2471 2470/2483
f 6094/6329 5935/6164 6093/6328
f 6122/6357 6009/6241 6114/6349
f 6123/6358 6009/6241 6122/6357
f 6153/6391 6089/6324 6087/6322
f 6154/6392 6157/6395 6089/6324
f 6158/6396 6159/6397 6090/6325
f 6272/6528 6165/6403 6167/6405
f 1460/1468 1430/1438 1411/1419
f 1460/1468 1411/1419 1456/1464
f 3915/4068 3921/4074 3918/4071
f 1450/1458 1411/1419 1410/1418
f 3925/4078 3914/4067 3908/4061
f 1385/1393 1387/1395 1337/1345
f 3907/7830 7377/7788 3925/7831
f 1222/1230 1252/1260 1223/1231
f 7355/7762 7335/7738 7364/7772
f 3847/7763 7336/7739 7355/7762
f 3621/3758 3663/3800 3662/3799
f 3499/3636 3523/3660 3482/3619
f 2471/2484 2464/2477 2480/2500
f 3467/3604 3499/3636 3482/3619
f 3467/3604 3482/3619 3477/3614
f 2463/2476 2471/2484 2472/2485
f 3466/3603 3467/3604 3463/3600
f 3456/3593 3466/3603 3463/3600
f 6095/6330 6094/6329 6093/6328
f 6154/6392 6089/6324 6153/6391
f 6158/6396 6090/6325 6157/6395
f 6169/6407 6168/6406 6159/6397
f 6169/6407 6159/6397 6158/6396
f 6239/6488 6167/6405 6169/6407
f 6272/6528 6167/6405 6239/6488
f 4006/7845 7416/7840 6272/6528
f 4006/7845 6272/6528 4021/6542
f 3918/4071 3921/4074 3919/4072
f 3913/4066 3915/4068 3918/4071
f 1338/1346 1385/1393 1337/1345
f 1255/1263 1293/1301 1257/1265
f 1255/1263 1257/1265 1253/1261
f 7384/7796 7359/7767 7385/7797
f 1303/1311 1252/1260 1222/1230
f 3828/3979 3837/3988 3847/3998
f 2445/2455 2447/2457 2458/2471
f 6109/6344 6094/6329 6105/6340
f 6116/6351 6114/6349 6113/6348
f 6088/6323 6086/6321 6123/6358
f 6088/6323 6123/6358 6124/6359
f 3920/4073 4006/4163 4021/4178
f 1452/1460 1450/1458 1422/1430
f 1386/1394 1385/1393 1338/1346
f 1254/1262 1253/1261 1251/1259
f 7365/7774 7364/7772 7366/7777
f 1310/1318 1281/1289 1282/1290
f 1310/1318 1282/1290 1296/1304
f 3543/3680 3566/3703 3565/3702
f 3523/3660 3543/3680 3527/3664
f 3482/3619 3523/3660 3527/3664
f 2448/2458 2444/2454 2463/2476
f 2435/2443 2434/2442 2445/2455
f 6115/6350 6109/6344 6110/6345
f 6116/6351 6113/6348 6115/6350
f 6120/6355 6114/6349 6116/6351
f 6125/6360 6122/6357 6120/6355
f 6124/6359 6123/6358 6122/6357
f 6124/6359 6122/6357 6125/6360
f 6157/6395 6154/6392 6160/6398
f 6242/6491 6169/6407 6161/6399
f 6239/6488 6169/6407 6242/6491
f 1804/1812 1529/1537 1543/1551
f 4021/6542 6239/6488 4020/6541
f 1542/1550 1495/1503 1504/1512
f 1542/1550 1494/1502 1495/1503
f 3922/4075 3920/4073 3962/4115
f 1457/1465 1456/1464 1455/1463
f 1455/1463 1456/1464 1450/1458
f 1255/1263 1253/1261 1254/1262
f 1254/1262 1251/1259 1319/1327
f 1317/1325 1281/1289 1310/1318
f 3813/3963 3828/3979 3821/3972
f 3614/3751 3662/3799 3654/3791
f 2431/2439 2448/2458 2446/2456
f 3451/3588 3456/3593 3463/3600
f 2436/2444 2431/2439 2446/2456
f 3455/3592 3456/3593 3451/3588
f 2434/2442 2436/2444 2445/2455
f 6105/6340 6094/6329 6095/6330
f 6110/6345 6109/6344 6105/6340
f 6120/6355 6116/6351 6118/6353
f 6153/6391 6088/6323 6155/6393
f 6154/6392 6153/6391 6221/6466
f 1941/1949 1940/1948 1942/1950
f 6161/6399 6157/6395 6160/6398
f 1906/1914 1907/1915 1808/1816
f 4020/6541 6239/6488 6242/6491
f 4020/6541 6242/6491 4059/6493
f 3962/4115 4021/4178 4020/4177
f 1458/1466 1457/1465 1455/1463
f 3888/4041 3918/4071 3922/4075
f 1455/1463 1450/1458 1452/1460
f 1424/1432 1423/1431 1385/1393
f 1390/1398 1386/1394 1376/1384
f 1320/1328 1319/1327 1303/1311
f 1320/1328 1303/1311 1304/1312
f 3839/7773 3848/7776 7365/7774
f 3839/7773 7365/7774 3868/7775
f 1334/1342 1317/1325 1310/1318
f 3788/3936 3813/3963 3787/3935
f 1347/1355 1334/1342 1296/1304
f 1347/1355 1296/1304 1346/1354
f 3757/3903 3732/3877 3788/3936
f 2442/2451 2461/2474 2462/2475
f 3477/3614 3482/3619 3500/3637
f 2427/2435 2444/2454 2448/2458
f 3458/3595 3463/3600 3477/3614
f 3449/3586 3455/3592 3451/3588
f 3449/3586 3448/3585 3455/3592
f 3448/3585 3449/3586 3445/3582
f 2419/2427 2434/2442 2435/2443
f 6095/6330 6093/6328 6097/6332
f 6119/6354 6115/6350 6110/6345
f 6067/6302 6065/6300 6070/6305
f 6121/6356 6120/6355 6118/6353
f 6156/6394 6124/6359 6127/6362
f 6156/6394 6088/6323 6124/6359
f 6155/6393 6088/6323 6156/6394
f 6221/6466 6153/6391 6155/6393
f 6161/6399 6160/6398 6243/6492
f 3989/4144 4020/4177 4059/4220
f 1823/1831 1543/1551 1542/1550
f 1823/1831 1542/1550 1812/1820
f 1812/1820 1542/1550 1811/1819
f 1424/1432 1452/1460 1423/1431
f 3901/7798 7384/7796 7385/7797
f 1320/1328 1328/1336 1319/1327
f 1334/1342 1350/1358 1317/1325
f 3646/3783 3654/3791 3728/3870
f 3500/3637 3527/3664 3535/3672
f 2427/2435 2426/2434 2444/2454
f 2421/2429 2431/2439 2436/2444
f 3449/3586 3451/3588 3450/3587
f 2418/2426 2421/2429 2436/2444
f 2418/2426 2436/2444 2434/2442
f 2419/2427 2418/2426 2434/2442
f 6067/6302 6070/6305 6074/6309
f 6125/6360 6120/6355 6126/6361
f 6225/6472 6155/6393 6156/6394
f 6221/6466 6155/6393 6225/6472
f 2014/6412 1946/6415 1941/6413
f 2014/6412 1941/6413 1985/6414
f 1970/1978 1906/1914 1909/1917
f 4059/6493 6161/6399 6243/6492
f 4059/6493 6242/6491 6161/6399
f 3989/4144 4059/4220 3990/4145
f 1950/1958 1823/1831 1812/1820
f 3888/4041 3922/4075 3889/4042
f 1454/1462 1455/1463 1452/1460
f 3910/4063 3912/4065 3911/4064
f 1451/1459 1452/1460 1453/1461
f 1453/1461 1452/1460 1424/1432
f 3909/7824 7408/7827 3906/7829
f 3902/7823 7385/7797 3909/7824
f 1377/1385 1329/1337 1328/1336
f 3838/3989 3868/4020 3867/4019
f 1354/1362 1321/1329 1318/1326
f 1354/1362 1318/1326 1350/1358
f 3801/3951 3839/3990 3838/3989
f 3535/3672 3553/3690 3561/3698
f 3457/3594 3451/3588 3458/3595
f 2421/2429 2427/2435 2431/2439
f 3450/3587 3451/3588 3457/3594
f 3446/3583 3449/3586 3450/3587
f 3446/3583 3445/3582 3449/3586
f 2413/2421 2418/2426 2419/2427
f 3444/3581 3445/3582 3446/3583
f 6107/6342 6106/6341 6098/6333
f 6111/6346 6110/6345 6105/6340
f 6111/6346 6105/6340 6106/6341
f 6119/6354 6110/6345 6111/6346
f 6117/6352 6118/6353 6119/6354
f 6121/6356 6118/6353 6117/6352
f 6231/6480 6156/6394 6127/6362
f 6230/6479 6225/6472 6231/6480
f 4065/6495 6221/6466 6225/6472
f 6243/6492 6221/6466 4065/6495
f 4061/6494 6243/6492 4065/6495
f 3949/4102 3989/4144 3990/4145
f 1820/1828 1812/1820 1811/1819
f 1951/1959 1812/1820 1820/1828
f 1820/1828 1811/1819 1459/1467
f 1820/1828 1459/1467 1472/1480
f 1472/1480 1459/1467 1458/1466
f 3910/4063 3911/4064 3877/4030
f 1425/1433 1453/1461 1424/1432
f 1389/1397 1390/1398 1376/1384
f 1425/1433 1390/1398 1389/1397
f 1389/1397 1376/1384 1377/1385
f 3902/4055 3909/4062 3903/4056
f 1356/1364 1377/1385 1328/1336
f 1357/1365 1356/1364 1321/1329
f 1357/1365 1321/1329 1354/1362
f 1394/1402 1393/1401 1347/1355
f 3748/3894 3787/3935 3801/3951
f 1419/1427 1347/1355 1382/1390
f 3672/3809 3728/3870 3738/3884
f 2399/2407 2426/2434 2427/2435
f 2399/2407 2398/2406 2426/2434
f 3457/3594 3500/3637 3509/3646
f 2382/2390 2421/2429 2418/2426
f 3452/3589 3446/3583 3450/3587
f 2383/2391 2382/2390 2418/2426
f 2383/2391 2418/2426 2413/2421
f 3452/3589 3444/3581 3446/3583
f 6112/6347 6106/6341 6107/6342
f 6112/6347 6111/6346 6106/6341
f 6117/6352 6119/6354 6111/6346
f 6178/6420 6121/6356 6117/6352
f 6236/6485 6121/6356 6178/6420
f 6126/6361 6121/6356 6236/6485
f 6232/6481 6127/6362 6126/6361
f 6231/6480 6127/6362 6232/6481
f 2013/2021 1985/1993 2002/2010
f 2013/2021 2014/2022 1985/1993
f 2002/2010 1970/1978 1999/2007
f 3949/4102 3990/4145 4003/4159
f 2005/2013 1957/1965 1960/1968
f 2005/2656 1960/2662 1961/2661
f 3948/4101 3949/4102 3950/4103
f 1961/1969 1960/1968 1950/1958
f 1471/1479 1451/1459 1453/1461
f 1426/1434 1453/1461 1425/1433
f 3905/4058 3910/4063 3878/4031
f 3903/4056 3909/4062 3904/4057
f 1380/1388 1377/1385 1356/1364
f 1358/1366 1354/1362 1350/1358
f 1437/1445 1394/1402 1419/1427
f 1496/1504 1437/1445 1419/1427
f 1501/1509 1496/1504 1419/1427
f 3522/3659 3457/3594 3509/3646
f 2387/2395 2398/2406 2399/2407
f 3453/3590 3457/3594 3522/3659
f 2387/2395 2399/2407 2421/2429
f 3453/3590 3450/3587 3457/3594
f 2382/2390 2387/2395 2421/2429
f 3453/3590 3452/3589 3450/3587
f 3452/3589 3453/3590 3459/3596
f 2383/2391 2371/2379 2382/2390
f 3454/3591 3452/3589 3460/3597
f 3454/3591 3444/3581 3452/3589
f 6108/6343 6097/6332 6104/6339
f 6108/6343 6098/6333 6097/6332
f 6107/6342 6098/6333 6108/6343
f 6179/6421 6111/6346 6112/6347
f 6177/6419 6117/6352 6111/6346
f 6177/6419 6111/6346 6179/6421
f 6178/6420 6117/6352 6177/6419
f 6232/6481 6126/6361 6236/6485
f 6229/6477 6231/6480 6232/6481
f 6230/6479 6231/6480 6229/6477
f 4064/6476 4065/6495 6230/6479
f 2013/2021 2002/2010 2007/2015
f 2007/2015 2002/2010 1999/2007
f 3950/4103 3949/4102 3955/4108
f 2579/2615 1961/2661 2578/2614
f 1818/1826 1819/1827 1472/1480
f 3878/4031 3904/4057 3905/4058
f 1427/1435 1426/1434 1389/1397
f 1388/1396 1389/1397 1377/1385
f 1388/1396 1377/1385 1380/1388
f 3672/3809 3748/3894 3721/3860
f 1530/1538 1496/1504 1501/1509
f 2439/2447 1530/2468 1501/2486
f 2429/2437 2439/2447 1759/2448
f 2386/2394 2397/2405 2398/2406
f 3522/3659 3509/3646 3534/3671
f 2386/2394 2398/2406 2387/2395
f 2381/2389 2386/2394 2387/2395
f 3459/3596 3453/3590 3461/3598
f 3460/3597 3452/3589 3459/3596
f 2384/2392 2371/2379 2383/2391
f 6226/6473 6108/6343 6104/6339
f 6226/6473 6107/6342 6108/6343
f 6227/6474 6112/6347 6107/6342
f 6238/6487 6178/6420 6177/6419
f 6240/6489 6179/6421 6112/6347
f 6229/6477 6232/6481 6233/6482
f 6274/6530 6172/6410 2027/6531
f 4064/6476 6230/6479 6229/6477
f 4064/6476 6229/6477 4066/6478
f 2015/2023 2007/2015 2008/2016
f 2015/2023 2013/2021 2007/2015
f 3951/4104 3948/4101 3950/4103
f 3951/4104 3894/4047 3948/4101
f 3891/4044 3890/4043 3894/4047
f 1470/1478 1818/1826 1472/1480
f 1470/1478 1458/1466 1465/1473
f 3883/4036 3887/4040 3886/4039
f 1465/1473 1471/1479 1462/1470
f 1427/1435 1389/1397 1388/1396
f 1401/1409 1358/1366 1412/1420
f 3799/3949 3829/3980 3846/3997
f 1497/1505 1438/1446 1437/1445
f 1497/1505 1437/1445 1496/1504
f 2429/2437 2417/2425 2439/2447
f 3534/3671 3556/3693 3539/3676
f 2371/2379 2372/2380 2381/2389
f 2364/2372 2371/2379 2384/2392
f 6226/6473 6104/6339 6235/6484
f 6227/6474 6107/6342 6226/6473
f 6227/6474 6226/6473 6228/6475
f 6177/6419 6179/6421 6240/6489
f 6237/6486 6236/6485 6238/6487
f 6233/6482 6236/6485 6237/6486
f 2028/6539 6274/6530 2027/6531
f 2028/6539 6176/6418 6274/6530
f 6234/6483 6233/6482 6237/6486
f 4066/6478 6229/6477 6233/6482
f 4066/6478 6233/6482 6234/6483
f 2026/2034 2013/2021 2015/2023
f 2028/2036 2027/2035 2026/2034
f 4002/4158 4064/4225 4066/4228
f 2613/2653 2026/2720 2015/2727
f 2613/2653 2015/2727 2008/2654
f 3971/4126 3955/4108 3998/4154
f 2008/2654 2583/2623 2586/2626
f 2583/2623 2579/2615 2575/2611
f 3954/4107 3950/4103 3956/4109
f 1954/1962 1819/1827 1818/1826
f 1817/1825 1818/1826 1470/1478
f 3885/4038 3886/4039 3891/4044
f 1462/1470 1426/1434 1427/1435
f 1381/1389 1388/1396 1380/1388
f 3835/3986 3860/4012 3861/4013
f 3835/3986 3861/4013 3851/4002
f 3767/3913 3798/3948 3799/3949
f 2438/2446 1497/2490 1530/2468
f 2425/2433 2438/2446 1530/2468
f 2425/2433 1530/2468 2417/2425
f 2409/2417 2417/2425 2429/2437
f 3556/3693 3587/3724 3580/3717
f 2388/2396 2409/2417 2422/2430
f 2388/2396 2422/2430 2397/2405
f 3522/3659 3539/3676 3538/3675
f 3528/3665 3522/3659 3538/3675
f 3461/3598 3528/3665 3533/3670
f 3459/3596 3461/3598 3533/3670
f 3532/3669 3459/3596 3533/3670
f 3531/3668 3459/3596 3532/3669
f 6228/6475 6226/6473 6277/6535
f 6278/6536 6103/6338 6279/6537
f 2722/6540 6176/6418 2028/6539
f 6237/6486 6238/6487 6275/6533
f 4054/6582 6234/6483 4060/6583
f 2677/2730 2722/2778 2028/2777
f 2611/2651 2026/2720 2613/2653
f 2589/2629 2613/2653 2008/2654
f 2612/2652 2613/2653 2589/2629
f 3973/4128 3971/4126 4001/4157
f 2584/2624 2583/2623 2575/2611
f 2586/2626 2583/2623 2584/2624
f 2575/2611 2578/2614 2576/2612
f 2576/2612 2578/2614 2580/2616
f 3895/4048 3891/4044 3894/4047
f 1953/1961 1818/1826 1817/1825
f 1465/1473 1462/1470 1461/1469
f 1461/1469 1462/1470 1463/1471
f 1463/1471 1462/1470 1427/1435
f 1463/1471 1427/1435 1388/1396
f 3851/4002 3861/4013 3853/4005
f 1433/1441 1432/1440 1401/1409
f 3810/3960 3799/3949 3835/3986
f 1439/1447 1433/1441 1401/1409
f 1439/1447 1401/1409 1412/1420
f 1439/1447 1412/1420 1476/1484
f 3741/3887 3767/3913 3774/3922
f 2438/2446 1534/2469 1497/2490
f 2400/2408 2425/2433 2417/2425
f 2380/2388 2400/2408 2417/2425
f 2380/2388 2417/2425 2409/2417
f 2380/2388 2409/2417 2388/2396
f 2366/2374 2380/2388 2388/2396
f 2378/2386 2366/2374 2388/2396
f 3538/3675 3539/3676 3550/3687
f 3528/3665 3538/3675 3547/3684
f 3533/3670 3528/3665 3547/3684
f 3531/3668 3532/3669 3544/3681
f 6300/6572 6245/6497 6244/6496
f 6300/6572 6244/6496 2722/6540
f 6280/6538 6245/6497 6300/6572
f 6298/6569 6279/6537 6280/6538
f 2630/2676 2722/2778 2633/2679
f 2630/6585 6300/6572 2722/6540
f 2724/6570 6280/6538 6300/6572
f 2724/6570 6298/6569 6280/6538
f 2607/2647 2677/2730 2611/2651
f 2628/2674 2677/2730 2607/2647
f 2628/2674 2633/2679 2677/2730
f 3986/4141 4001/4157 4008/4165
f 2610/2650 2611/2651 2612/2652
f 2612/2652 2589/2629 2590/2630
f 2589/2629 2586/2626 2587/2627
f 2587/2627 2586/2626 2584/2624
f 1977/1985 1978/1986 1954/1962
f 3893/4046 3891/4044 3895/4048
f 3884/4037 3885/4038 3892/4045
f 1470/1478 1465/1473 1469/1477
f 3876/4029 3883/4036 3884/4037
f 3853/4005 3878/4031 3875/4028
f 1433/1441 1473/1481 1432/1440
f 1488/1496 1439/1447 1476/1484
f 2415/2423 2438/2446 2425/2433
f 2400/2408 2415/2423 2425/2433
f 2361/2369 2366/2374 2378/2386
f 3538/3675 3550/3687 3547/3684
f 3532/3669 3533/3670 3546/3683
f 3544/3681 3532/3669 3545/3682
f 6299/6571 6279/6537 6298/6569
f 6299/6571 6278/6536 6279/6537
f 2691/6593 6300/6572 2630/6585
f 2724/6570 6300/6572 2691/6593
f 2630/2676 2633/2679 2627/2673
f 2691/2746 2630/2676 2629/2675
f 2689/2744 2724/2780 2691/2746
f 2721/2776 2724/2780 2689/2744
f 4069/6602 6294/6560 2726/6592
f 2629/2675 2630/2676 2627/2673
f 3986/4141 4008/4165 4007/4164
f 2606/2646 2628/2674 2607/2647
f 1977/1985 1954/1962 1953/1961
f 3856/4008 3875/4028 3876/4029
f 3814/3964 3835/3986 3836/3987
f 1535/1543 1526/1534 1534/1542
f 2437/2445 1534/2469 2438/2446
f 2437/2445 1535/2453 1534/2469
f 2415/2423 2437/2445 2438/2446
f 3631/3768 3632/3769 3674/3811
f 2393/2401 2415/2423 2400/2408
f 2377/2385 2400/2408 2380/2388
f 2377/2385 2393/2401 2400/2408
f 2346/2354 2366/2374 2361/2369
f 3546/3683 3552/3689 3532/3669
f 2362/2370 2148/2156 2363/2371
f 3544/3681 3545/3682 3548/3685
f 2723/6589 6299/6571 2721/6590
f 2725/6588 6299/6571 2723/6589
f 2689/2744 2691/2746 2629/2675
f 2690/2745 2721/2776 2689/2744
f 2714/2769 2725/2781 2698/2753
f 2726/2782 2725/2781 2714/2769
f 2702/2757 2721/2776 2690/2745
f 2631/2677 2629/2675 2627/2673
f 4007/4164 4008/4165 4013/4170
f 2606/2646 2607/2647 2605/2645
f 2588/2628 2589/2629 2587/2627
f 2590/2630 2589/2629 2588/2628
f 2582/2622 2584/2624 2575/2611
f 2587/2627 2584/2624 2582/2622
f 3942/4095 3957/4110 3970/4125
f 2582/2622 2575/2611 2577/2613
f 2573/2609 2576/2612 2580/2616
f 2577/2613 2576/2612 2573/2609
f 3932/4085 3952/4105 3954/4107
f 2573/2609 2580/2616 1978/2618
f 1816/1824 1953/1961 1817/1825
f 3836/3987 3853/4005 3845/3996
f 1500/1508 1473/1481 1433/1441
f 1512/1520 1489/1497 1488/1496
f 1512/1520 1488/1496 1476/1484
f 1526/1534 1512/1520 1476/1484
f 2376/2384 2377/2385 2380/2388
f 2366/2374 2376/2384 2380/2388
f 3555/3692 3550/3687 3567/3704
f 3546/3683 3547/3684 3554/3691
f 3552/3689 3546/3683 3554/3691
f 3545/3682 3552/3689 3549/3686
f 3548/3685 3545/3682 3549/3686
f 4025/4182 4024/4181 4045/4202
f 2688/2743 2629/2675 2631/2677
f 2591/2631 2612/2652 2590/2630
f 2610/2650 2612/2652 2591/2631
f 2573/2609 1978/2618 2574/2610
f 1816/1824 1470/1478 1469/1477
f 1467/1475 1466/1474 1461/1469
f 1467/1475 1461/1469 1464/1472
f 1519/1527 1500/1508 1489/1497
f 1519/1527 1489/1497 1512/1520
f 1527/1535 1512/1520 1526/1534
f 2443/2452 1526/2495 1535/2453
f 2443/2452 1527/2462 1526/2495
f 2414/2422 2443/2452 1535/2453
f 2414/2422 1535/2453 2437/2445
f 2414/2422 2437/2445 2415/2423
f 2345/2353 2376/2384 2366/2374
f 3555/3692 3567/3704 3568/3705
f 3554/3691 3547/3684 3555/3692
f 3552/3689 3554/3691 3559/3696
f 3549/3686 3552/3689 3559/3696
f 4067/4231 2714/4233 2715/4232
f 2603/2643 2605/2645 2610/2650
f 2569/2605 2587/2627 2582/2622
f 2588/2628 2587/2627 2569/2605
f 3938/4091 3942/4095 3970/4125
f 2570/2606 2577/2613 2573/2609
f 2582/2622 2577/2613 2570/2606
f 3933/4086 3932/4085 3942/4095
f 1468/1476 1469/1477 1466/1474
f 1468/1476 1466/1474 1467/1475
f 1467/1475 1464/1472 1475/1483
f 3826/3977 3845/3996 3825/3976
f 1521/1529 1519/1527 1512/1520
f 2416/2424 2443/2452 2414/2422
f 2369/2377 2414/2422 2415/2423
f 2369/2377 2415/2423 2393/2401
f 2360/2368 2369/2377 2393/2401
f 2360/2368 2393/2401 2377/2385
f 2345/2353 2360/2368 2377/2385
f 2345/2353 2377/2385 2376/2384
f 2149/2157 2345/2353 2346/2354
f 3554/3691 3555/3692 3562/3699
f 3559/3696 3554/3691 3562/3699
f 3549/3686 3559/3696 3560/3697
f 3558/3695 3549/3686 3560/3697
f 2696/2751 2698/2753 2697/2752
f 2625/2671 2626/2672 2606/2646
f 2604/2644 2606/2646 2605/2645
f 2591/2631 2590/2630 2588/2628
f 2570/2606 2573/2609 2571/2607
f 3934/4087 3933/4086 3938/4091
f 3931/4084 3929/4082 3933/4086
f 1815/1823 1821/1829 1816/1824
f 3873/4025 3882/4035 3897/4050
f 1815/1823 1469/1477 1468/1476
f 3856/4008 3882/4035 3855/4007
f 1525/1533 1468/1476 1467/1475
f 1524/1532 1525/1533 1467/1475
f 3825/3976 3845/3996 3856/4008
f 1520/1528 1524/1532 1500/1508
f 3781/3929 3826/3977 3825/3976
f 2440/2449 1521/2489 1527/2462
f 2440/2449 1527/2462 2443/2452
f 2385/2393 2416/2424 2414/2422
f 2369/2377 2385/2393 2414/2422
f 2150/2158 2360/2368 2345/2353
f 2149/2157 2150/2158 2345/2353
f 3560/3697 3559/3696 3563/3700
f 2658/2707 2690/2745 2688/2743
f 2715/2770 2714/2769 2713/2768
f 4040/4197 4067/4231 4041/4198
f 2658/2707 2688/2743 2656/2705
f 2683/2738 2701/2756 2658/2707
f 2656/2705 2688/2743 2632/2678
f 4023/4180 4025/4182 4030/4187
f 2625/2671 2606/2646 2604/2644
f 2596/2636 2591/2631 2592/2632
f 2592/2632 2591/2631 2585/2625
f 2568/2604 2585/2625 2588/2628
f 3966/4119 3967/4120 3975/4130
f 2557/2593 2569/2605 2570/2606
f 2571/2607 2574/2610 2581/2620
f 2581/2620 2574/2610 1975/2619
f 3930/4083 3928/4081 3931/4084
f 3881/4034 3898/4051 3928/4081
f 1525/1533 1815/1823 1468/1476
f 3827/3978 3856/4008 3855/4007
f 1822/1830 1525/1533 1524/1532
f 2473/2487 1519/2528 1521/2489
f 2473/2487 1520/2529 1519/2528
f 2440/2449 2473/2487 1521/2489
f 2395/2403 2440/2449 2416/2424
f 3685/3822 3718/3857 3694/3831
f 2385/2393 2395/2403 2416/2424
f 2352/2360 2385/2393 2369/2377
f 2338/2346 2369/2377 2360/2368
f 2338/2346 2352/2360 2369/2377
f 2150/2158 2338/2346 2360/2368
f 2138/2146 2144/2152 2143/2151
f 3563/3700 3559/3696 3562/3699
f 2136/2144 2135/2143 2143/2151
f 3560/3697 3563/3700 3573/3710
f 3560/3697 3573/3710 3572/3709
f 3560/3697 3572/3709 3558/3695
f 4039/4196 4040/4197 4038/4195
f 4038/4195 4040/4197 4041/4198
f 2624/2670 2632/2678 2625/2671
f 2602/2642 2625/2671 2604/2644
f 2597/2637 2603/2643 2596/2636
f 2602/2642 2603/2643 2597/2637
f 2571/2607 2557/2593 2570/2606
f 2581/2620 1975/2619 1974/2621
f 1971/1979 1976/1984 1952/1960
f 1971/1979 1952/1960 1821/1829
f 3873/4025 3897/4050 3881/4034
f 1956/1964 1821/1829 1815/1823
f 1822/2551 1524/2550 2494/2514
f 2494/2514 1524/2550 1520/2529
f 2430/2438 2473/2487 2440/2449
f 2394/2402 2430/2438 2440/2449
f 2395/2403 2394/2402 2440/2449
f 2370/2378 2395/2403 2385/2393
f 2352/2360 2370/2378 2385/2393
f 2270/2278 2338/2346 2150/2158
f 3593/3730 3606/3743 3594/3731
f 2140/2148 2150/2158 2149/2157
f 3585/3722 3593/3730 3594/3731
f 3585/3722 3575/3712 3593/3730
f 2138/2146 2137/2145 2144/2152
f 3562/3699 3578/3715 3579/3716
f 3562/3699 3579/3716 3563/3700
f 3563/3700 3579/3716 3573/3710
f 2686/2741 2695/2750 2701/2756
f 2655/2704 2656/2705 2657/2706
f 4031/4188 4039/4196 4038/4195
f 2657/2706 2656/2705 2621/2667
f 2620/2666 2625/2671 2602/2642
f 2593/2633 2596/2636 2592/2632
f 2593/2633 2592/2632 2585/2625
f 2556/2592 2585/2625 2568/2604
f 2556/2592 2568/2604 2557/2593
f 2555/2591 2556/2592 2557/2593
f 2565/2601 2555/2591 2557/2593
f 2565/2601 2557/2593 2571/2607
f 2572/2608 2571/2607 2581/2620
f 2565/2601 2571/2607 2572/2608
f 1974/1982 1976/1984 1971/1979
f 3880/4033 3928/4081 3930/4083
f 3854/4006 3873/4025 3865/4017
f 1934/2543 1822/2551 2494/2514
f 2465/2478 2494/2514 2473/2487
f 2430/2438 2465/2478 2473/2487
f 2370/2378 2394/2402 2395/2403
f 2337/2345 2370/2378 2352/2360
f 2338/2346 2337/2345 2352/2360
f 3578/3715 3585/3722 3595/3732
f 3578/3715 3595/3732 3590/3727
f 3579/3716 3578/3715 3590/3727
f 3579/3716 3590/3727 3592/3729
f 3573/3710 3579/3716 3591/3728
f 2132/2140 2126/2134 2135/2143
f 3584/3721 3573/3710 3591/3728
f 2693/2748 2694/2749 2686/2741
f 2617/2663 2602/2642 2601/2641
f 4015/4172 4014/4171 4026/4183
f 2597/2637 2596/2636 2593/2633
f 3965/4118 3939/4092 3966/4119
f 3930/4083 3931/4084 3872/4024
f 1973/1981 1971/1979 1972/1980
f 3865/4017 3880/4033 3862/4014
f 3865/4017 3881/4034 3880/4033
f 2516/2542 1934/2543 2493/2513
f 3812/3962 3819/3970 3820/3971
f 3812/3962 3820/3971 3818/3969
f 2451/2461 2494/2514 2465/2478
f 2424/2432 2465/2478 2430/2438
f 2451/2461 2465/2478 2424/2432
f 3712/3850 3761/3907 3771/3917
f 3712/3850 3771/3917 3759/3905
f 2396/2404 2430/2438 2394/2402
f 2396/2404 2424/2432 2430/2438
f 2350/2358 2394/2402 2370/2378
f 2337/2345 2350/2358 2370/2378
f 2199/2207 2337/2345 2338/2346
f 3606/3743 3627/3764 3607/3744
f 2141/2149 2199/2207 2270/2278
f 2131/2139 2142/2150 2140/2148
f 2122/2130 2131/2139 2137/2145
f 3592/3729 3591/3728 3579/3716
f 3591/3728 3589/3726 3584/3721
f 2062/2070 2119/2127 2120/2128
f 2708/2763 2694/2749 2693/2748
f 2708/2763 2712/2767 2694/2749
f 2717/2772 2716/2771 2712/2767
f 2718/2773 2716/2771 2717/2772
f 2717/2772 2712/2767 2708/2763
f 2618/2664 2620/2666 2617/2663
f 2621/2667 2620/2666 2618/2664
f 2673/2725 2655/2704 2657/2706
f 2617/2663 2601/2641 2609/2649
f 2563/2599 2585/2625 2556/2592
f 2593/2633 2585/2625 2563/2599
f 2558/2594 2556/2592 2555/2591
f 2563/2599 2556/2592 2558/2594
f 2555/2591 2565/2601 2564/2600
f 3935/4088 3872/4024 3934/4087
f 2551/2586 2572/2608 2581/2620
f 1974/1982 1971/1979 1973/1981
f 2510/2535 1972/2560 2516/2542
f 2492/2512 2516/2542 2493/2513
f 2451/2461 2492/2512 2493/2513
f 3759/3905 3812/3962 3760/3906
f 3722/3861 3712/3850 3759/3905
f 3722/3861 3759/3905 3742/3888
f 2331/2339 2368/2376 2350/2358
f 2256/2264 2350/2358 2337/2345
f 2256/2264 2331/2339 2350/2358
f 2256/2264 2337/2345 2199/2207
f 3602/3739 3595/3732 3603/3740
f 3590/3727 3595/3732 3602/3739
f 3592/3729 3590/3727 3599/3736
f 3591/3728 3598/3735 3600/3737
f 3601/3738 3591/3728 3600/3737
f 3601/3738 3600/3737 3616/3753
f 2657/2706 2621/2667 2622/2668
f 2685/2740 2686/2741 2672/2724
f 4035/4192 4041/4198 4042/4199
f 4031/4188 4038/4195 4035/4192
f 2622/2668 2621/2667 2618/2664
f 2672/2724 2686/2741 2674/2726
f 4042/4199 2716/4230 2718/4229
f 4022/4179 4026/4183 4027/4184
f 2618/2664 2617/2663 2609/2649
f 2598/2638 2597/2637 2593/2633
f 2609/2649 2601/2641 2598/2638
f 2528/2559 1974/2621 1973/2561
f 2551/2586 1974/2621 2528/2559
f 2477/2494 2510/2535 2492/2512
f 2477/2494 2492/2512 2453/2464
f 2453/2464 2492/2512 2451/2461
f 2423/2431 2451/2461 2424/2432
f 2423/2431 2453/2464 2451/2461
f 2367/2375 2424/2432 2396/2404
f 2367/2375 2423/2431 2424/2432
f 2367/2375 2396/2404 2368/2376
f 2331/2339 2367/2375 2368/2376
f 3633/3770 3607/3744 3656/3793
f 2124/2132 2199/2207 2141/2149
f 3603/3740 3607/3744 3633/3770
f 2131/2139 2124/2132 2141/2149
f 2113/2121 2131/2139 2114/2122
f 2056/2064 2113/2121 2114/2122
f 2060/2068 2114/2122 2121/2129
f 3599/3736 3610/3747 3598/3735
f 3599/3736 3598/3735 3592/3729
f 3598/3735 3610/3747 3612/3749
f 3600/3737 3598/3735 3612/3749
f 2032/2040 2042/2050 2061/2069
f 2672/2724 2674/2726 2673/2725
f 2700/2755 2708/2763 2693/2748
f 4032/4189 4031/4188 4035/4192
f 2598/2638 2593/2633 2599/2639
f 2558/2594 2555/2591 2559/2595
f 3857/4009 3862/4014 3871/4023
f 2477/2494 2514/2540 2510/2535
f 3747/3893 3760/3906 3809/3959
f 2404/2412 2453/2464 2423/2431
f 2379/2387 2423/2431 2367/2375
f 2379/2387 2404/2412 2423/2431
f 3724/3866 3742/3888 3747/3893
f 3724/3866 3747/3893 3746/3892
f 2329/2337 2379/2387 2367/2375
f 2330/2338 2367/2375 2331/2339
f 2330/2338 2329/2337 2367/2375
f 2180/2188 2331/2339 2256/2264
f 2180/2188 2330/2338 2331/2339
f 3656/3793 3657/3794 3686/3823
f 2145/2153 2179/2187 2256/2264
f 2123/2131 2145/2153 2124/2132
f 2113/2121 2123/2131 2124/2132
f 3611/3748 3633/3770 3634/3771
f 3610/3747 3611/3748 3629/3766
f 2045/2053 2060/2068 2061/2069
f 3612/3749 3610/3747 3619/3756
f 3616/3753 3612/3749 3622/3759
f 2700/2755 2693/2748 2684/2739
f 4036/4193 4042/4199 2718/4229
f 4036/4193 4035/4192 4042/4199
f 4009/4166 3993/4148 4016/4173
f 2593/2633 2563/2599 2562/2598
f 2562/2598 2563/2599 2558/2594
f 2562/2598 2558/2594 2560/2596
f 3940/4093 3965/4118 3964/4117
f 3936/4089 3940/4093 3941/4094
f 2542/2576 2567/2603 2541/2575
f 2527/2558 2541/2575 2551/2586
f 3872/4024 3935/4088 3870/4022
f 3857/4009 3872/4024 3870/4022
f 3857/4009 3871/4023 3872/4024
f 2475/2492 2514/2540 2477/2494
f 2475/2492 2515/2541 2514/2540
f 2450/2460 2477/2494 2453/2464
f 2353/2361 2379/2387 2329/2337
f 3710/3848 3693/3830 3724/3866
f 2180/2188 2329/2337 2330/2338
f 2139/2147 2179/2187 2145/2153
f 3611/3748 3634/3771 3635/3772
f 2085/2093 2103/2111 2113/2121
f 3619/3756 3610/3747 3630/3767
f 2033/2041 2041/2049 2042/2050
f 2673/2725 2657/2706 2669/2721
f 4018/4175 4027/4184 4029/4186
f 4022/4179 4027/4184 4018/4175
f 2622/2668 2618/2664 2623/2669
f 2608/2648 2609/2649 2598/2638
f 2616/2659 2609/2649 2608/2648
f 2616/2659 2618/2664 2609/2649
f 2599/2639 2593/2633 2562/2598
f 2560/2596 2558/2594 2559/2595
f 2543/2577 2559/2595 2564/2600
f 2512/2537 2527/2558 2515/2541
f 2407/2415 2475/2492 2450/2460
f 2403/2411 2407/2415 2450/2460
f 3769/3915 3808/3958 3779/3927
f 2353/2361 2403/2411 2404/2412
f 3733/3878 3746/3892 3769/3915
f 2268/2276 2353/2361 2329/2337
f 2180/2188 2268/2276 2329/2337
f 2210/2218 2268/2276 2180/2188
f 2151/2159 2180/2188 2179/2187
f 2139/2147 2151/2159 2179/2187
f 3652/3789 3656/3793 3671/3808
f 2115/2123 2139/2147 2123/2131
f 2103/2111 2115/2123 2123/2131
f 3635/3772 3634/3771 3651/3788
f 3630/3767 3629/3766 3635/3772
f 3626/3763 3619/3756 3630/3767
f 3622/3759 3626/3763 3625/3762
f 3622/3759 3625/3762 3624/3761
f 3623/3760 3622/3759 3624/3761
f 3623/3760 3624/3761 3648/3785
f 2719/2774 2717/2772 2708/2763
f 2719/2774 2708/2763 2709/2764
f 4033/4190 4032/4189 4034/4191
f 4033/4190 4029/4186 4032/4189
f 2669/2721 2657/2706 2654/2703
f 2619/2665 2618/2664 2616/2659
f 2608/2648 2598/2638 2599/2639
f 2561/2597 2562/2598 2560/2596
f 2560/2596 2559/2595 2543/2577
f 2511/2536 2542/2576 2541/2575
f 2511/2536 2541/2575 2512/2537
f 2476/2493 2512/2537 2515/2541
f 2408/2416 2475/2492 2407/2415
f 2408/2416 2476/2493 2475/2492
f 2365/2373 2407/2415 2403/2411
f 3743/3889 3769/3915 3779/3927
f 2290/2298 2365/2373 2353/2361
f 2268/2276 2290/2298 2353/2361
f 2125/2133 2151/2159 2139/2147
f 2104/2112 2125/2133 2139/2147
f 2104/2112 2139/2147 2115/2123
f 2071/2079 2104/2112 2115/2123
f 2071/2079 2115/2123 2103/2111
f 3635/3772 3642/3779 3641/3778
f 3630/3767 3635/3772 3641/3778
f 3638/3775 3630/3767 3641/3778
f 3625/3762 3626/3763 3630/3767
f 3625/3762 3630/3767 3638/3775
f 2038/2046 2043/2051 2044/2052
f 3625/3762 3638/3775 3647/3784
f 3624/3761 3647/3784 3648/3785
f 2687/2742 2672/2724 2671/2723
f 2687/2742 2684/2739 2672/2724
f 2705/2760 2684/2739 2687/2742
f 2705/2760 2699/2754 2684/2739
f 4033/4190 4034/4191 4037/4194
f 2614/2657 2608/2648 2599/2639
f 2552/2588 2560/2596 2543/2577
f 2517/2544 2543/2577 2511/2536
f 2511/2536 2512/2537 2455/2466
f 2455/2466 2512/2537 2476/2493
f 2408/2416 2455/2466 2476/2493
f 3773/3921 3779/3927 3806/3956
f 2339/2347 2407/2415 2365/2373
f 2219/2227 2287/2295 2290/2298
f 2219/2227 2290/2298 2210/2218
f 2125/2133 2161/2169 2151/2159
f 3665/3802 3671/3808 3688/3825
f 2054/2062 2104/2112 2071/2079
f 3641/3778 3642/3779 3660/3797
f 3641/3778 3660/3797 3653/3790
f 3638/3775 3641/3778 3653/3790
f 2038/2046 2037/2045 2043/2051
f 4058/4218 4037/4194 2719/4235
f 4058/4218 2719/4235 2720/4227
f 4049/4207 4029/4186 4033/4190
f 2616/2659 2608/2648 2615/2658
f 2615/2658 2608/2648 2614/2657
f 2533/2566 2560/2596 2552/2588
f 2561/2597 2560/2596 2533/2566
f 2533/2566 2552/2588 2517/2544
f 2454/2465 2511/2536 2455/2466
f 2454/2465 2455/2466 2340/2348
f 3792/3941 3830/3981 3795/3944
f 3744/3890 3773/3921 3792/3941
f 3744/3890 3792/3941 3778/3926
f 2125/2133 2160/2168 2161/2169
f 2116/2124 2160/2168 2125/2133
f 2084/2092 2116/2124 2125/2133
f 2084/2092 2125/2133 2104/2112
f 2084/2092 2104/2112 2054/2062
f 3653/3790 3660/3797 3666/3803
f 3653/3790 3666/3803 3659/3796
f 3638/3775 3653/3790 3659/3796
f 3638/3775 3659/3796 3658/3795
f 3647/3784 3658/3795 3649/3786
f 3647/3784 3638/3775 3658/3795
f 2036/2044 2047/2055 2037/2045
f 3649/3786 3648/3785 3647/3784
f 3649/3786 3650/3787 3648/3785
f 3650/3787 3649/3786 3664/3801
f 2670/2722 2687/2742 2671/2723
f 2681/2737 2687/2742 2670/2722
f 2707/2762 2705/2760 2706/2761
f 4052/4210 4037/4194 4058/4218
f 2650/2698 2623/2669 2638/2684
f 4053/4211 4018/4175 4029/4186
f 2638/2684 2623/2669 2619/2665
f 2640/2686 2616/2659 2615/2658
f 2535/2568 2561/2597 2534/2567
f 2534/2567 2561/2597 2533/2566
f 2485/2505 2517/2544 2459/2472
f 2356/2364 2454/2465 2340/2348
f 2356/2364 2459/2472 2454/2465
f 3794/3943 3795/3944 3832/3983
f 3778/3926 3792/3941 3795/3944
f 3778/3926 3795/3944 3794/3943
f 2282/2290 2339/2347 2287/2295
f 2129/2137 2198/2206 2160/2168
f 2116/2124 2129/2137 2160/2168
f 3679/3816 3688/3825 3707/3844
f 2096/2104 2116/2124 2084/2092
f 2066/2074 2096/2104 2084/2092
f 3659/3796 3666/3803 3667/3804
f 3659/3796 3667/3804 3668/3805
f 3659/3796 3668/3805 3670/3807
f 3658/3795 3670/3807 3673/3810
f 3658/3795 3673/3810 3649/3786
f 2048/2056 2047/2055 2036/2044
f 3649/3786 3673/3810 3664/3801
f 3664/3801 3673/3810 3682/3819
f 2040/2048 2057/2065 2048/2056
f 2040/2048 2048/2056 2036/2044
f 2040/2048 2036/2044 2035/2043
f 2649/2697 2671/2723 2650/2698
f 2670/2722 2671/2723 2667/2717
f 2720/2775 2709/2764 2707/2762
f 4057/4215 4058/4218 2720/4227
f 2637/2683 2638/2684 2639/2685
f 2637/2683 2639/2685 2636/2682
f 2546/2581 2640/2686 2614/2657
f 3991/4146 3996/4151 3992/4147
f 2484/2504 2534/2567 2533/2566
f 2484/2504 2533/2566 2485/2505
f 2484/2504 2535/2568 2534/2567
f 2484/2504 2485/2505 2441/2450
f 3866/4018 3945/4098 3879/4032
f 3831/3982 3858/4010 3866/4018
f 2355/2363 2459/2472 2356/2364
f 2355/2363 2441/2450 2459/2472
f 2355/2363 2356/2364 2323/2331
f 3794/3943 3832/3983 3796/3945
f 3752/3898 3794/3943 3796/3945
f 3723/3865 3737/3883 3752/3898
f 3723/3865 3752/3898 3751/3897
f 2163/2171 2229/2237 2198/2206
f 2163/2171 2238/2246 2229/2237
f 2153/2161 2163/2171 2198/2206
f 2153/2161 2198/2206 2129/2137
f 2128/2136 2153/2161 2129/2137
f 2096/2104 2129/2137 2116/2124
f 2095/2103 2128/2136 2129/2137
f 2095/2103 2129/2137 2096/2104
f 3690/3827 3679/3816 3699/3836
f 2066/2074 2095/2103 2096/2104
f 2052/2060 2065/2073 2053/2061
f 3680/3817 3668/3805 3691/3828
f 3670/3807 3668/3805 3680/3817
f 3673/3810 3670/3807 3680/3817
f 2057/2065 2059/2067 2050/2058
f 3673/3810 3680/3817 3683/3820
f 2058/2066 2064/2072 2057/2065
f 3682/3819 3673/3810 3683/3820
f 2680/2736 2670/2722 2667/2717
f 2681/2737 2670/2722 2680/2736
f 2692/2747 2707/2762 2706/2761
f 2651/2699 2638/2684 2637/2683
f 2692/2747 2706/2761 2681/2737
f 2692/2747 2681/2737 2680/2736
f 4050/4208 4057/4215 4056/4214
f 2636/2682 2640/2686 2545/2580
f 3969/4124 3991/4146 3992/4147
f 2390/2398 2441/2450 2355/2363
f 2390/2398 2391/2399 2441/2450
f 3831/3982 3879/4032 3850/4001
f 2390/2398 2355/2363 2334/2342
f 3796/3945 3831/3982 3822/3973
f 3797/3946 3796/3945 3822/3973
f 2240/2248 2323/2331 2238/2246
f 3784/3932 3796/3945 3797/3946
f 3758/3904 3751/3897 3784/3932
f 2190/2198 2240/2248 2238/2246
f 3734/3879 3723/3865 3751/3897
f 2162/2170 2163/2171 2153/2161
f 2162/2170 2190/2198 2163/2171
f 2128/2136 2162/2170 2153/2161
f 2109/2117 2162/2170 2128/2136
f 2083/2091 2095/2103 2066/2074
f 3696/3833 3699/3836 3700/3837
f 3691/3828 3667/3804 3696/3833
f 3691/3828 3668/3805 3667/3804
f 3680/3817 3691/3828 3695/3832
f 3680/3817 3695/3832 3698/3835
f 3683/3820 3698/3835 3684/3821
f 3683/3820 3680/3817 3698/3835
f 3684/3821 3701/3838 3702/3839
f 3697/3834 3684/3821 3702/3839
f 2703/2758 2711/2766 2692/2747
f 2704/2759 2710/2765 2711/2766
f 2600/2640 2651/2699 2637/2683
f 2666/2716 2649/2697 2634/2680
f 2704/2759 2711/2766 2703/2758
f 4051/4209 4050/4208 4056/4214
f 3999/4155 4047/4205 4048/4206
f 3968/4123 3969/4124 4004/4160
f 2374/2382 2449/2459 2391/2399
f 2341/2349 2374/2382 2390/2398
f 3822/3973 3850/4001 3840/3991
f 2277/2285 2334/2342 2278/2286
f 2277/2285 2341/2349 2334/2342
f 3805/3955 3822/3973 3840/3991
f 2234/2242 2278/2286 2240/2248
f 3765/3911 3784/3932 3797/3946
f 2189/2197 2240/2248 2190/2198
f 2110/2118 2189/2197 2162/2170
f 3716/3855 3713/3852 3729/3872
f 2110/2118 2162/2170 2109/2117
f 2090/2098 2109/2117 2095/2103
f 3700/3837 3716/3855 3711/3849
f 2090/2098 2095/2103 2083/2091
f 2073/2081 2083/2091 2065/2073
f 3691/3828 3696/3833 3711/3849
f 3691/3828 3711/3849 3704/3841
f 2072/2080 2073/2081 2063/2071
f 3695/3832 3691/3828 3704/3841
f 3698/3835 3695/3832 3705/3842
f 3701/3838 3705/3842 3706/3843
f 3698/3835 3705/3842 3701/3838
f 3701/3838 3684/3821 3698/3835
f 2074/2082 2069/2077 2067/2075
f 3702/3839 2302/3845 3703/3840
f 3708/3846 2302/3845 2301/3851
f 3703/3840 2302/3845 3708/3846
f 2645/2693 2680/2736 2666/2716
f 2675/2728 2680/2736 2645/2693
f 2676/2729 2703/2758 2675/2728
f 4055/4213 2710/4216 2704/4217
f 4055/4213 4056/4214 2710/4216
f 4000/4156 4048/4206 4051/4209
f 3999/4155 4048/4206 4000/4156
f 2530/2563 2531/2564 2491/2511
f 2402/2410 2491/2511 2489/2509
f 2478/2496 2491/2511 2402/2410
f 2389/2397 2402/2410 2449/2459
f 2317/2325 2389/2397 2374/2382
f 3840/3991 3859/4011 3849/4000
f 2310/2318 2317/2325 2341/2349
f 3805/3955 3840/3991 3824/3975
f 2235/2243 2310/2318 2277/2285
f 3797/3946 3805/3955 3804/3954
f 3764/3910 3758/3904 3765/3911
f 2111/2119 2193/2201 2189/2197
f 2111/2119 2189/2197 2110/2118
f 3711/3849 3716/3855 3725/3867
f 3714/3853 3715/3854 2357/3871
f 3704/3841 3711/3849 3715/3854
f 3704/3841 3715/3854 3714/3853
f 2072/2080 2087/2095 2073/2081
f 3705/3842 3704/3841 3714/3853
f 3705/3842 3714/3853 3717/3856
f 2077/2085 2072/2080 2068/2076
f 2069/2077 2077/2085 2068/2076
f 3706/3843 3717/3856 2327/3862
f 3706/3843 3705/3842 3717/3856
f 2074/2082 2077/2085 2069/2077
f 2078/2086 2077/2085 2074/2082
f 2301/2309 2299/2307 2298/2306
f 2301/2309 2302/2310 2299/2307
f 2518/2545 2634/2680 2600/2640
f 2518/2545 2600/2640 2530/2563
f 2635/2681 2634/2680 2518/2545
f 4019/4176 4051/4209 4055/4213
f 2554/2590 2645/2693 2635/2681
f 2479/2497 2530/2563 2478/2496
f 2479/2497 2518/2545 2530/2563
f 4000/4156 4019/4176 3988/4143
f 2428/2436 2479/2497 2478/2496
f 3899/4052 3900/4053 3960/4113
f 2351/2359 2401/2409 2402/2410
f 2375/2383 2401/2409 2351/2359
f 3899/4052 3960/4113 3874/4026
f 2289/2297 2351/2359 2317/2325
f 2312/2320 2351/2359 2289/2297
f 3843/3994 3899/4052 3874/4026
f 3824/3975 3849/4000 3843/3994
f 2269/2277 2289/2297 2310/2318
f 3804/3954 3824/3975 3823/3974
f 2213/2221 2269/2277 2235/2243
f 2253/2261 2269/2277 2213/2221
f 3782/3930 3765/3911 3804/3954
f 3782/3930 3804/3954 3807/3957
f 2213/2221 2234/2242 2193/2201
f 3782/3930 3807/3957 3783/3931
f 3766/3912 3764/3910 3782/3930
f 2178/2186 2213/2221 2193/2201
f 3766/3912 3782/3930 3783/3931
f 3766/3912 3783/3931 3777/3925
f 2159/2167 2178/2186 2111/2119
f 3736/3882 3766/3912 3777/3925
f 3736/3882 3777/3925 2405/3919
f 2108/2116 2159/2167 2111/2119
f 2117/2125 2159/2167 2108/2116
f 2092/2100 2108/2116 2091/2099
f 2102/2110 2117/2125 2108/2116
f 2102/2110 2108/2116 2092/2100
f 2357/2365 2358/2366 2321/2329
f 2357/3871 3715/3854 2358/3881
f 3714/3853 2357/3871 2320/3874
f 2327/3862 2320/3874 2316/3875
f 2327/3862 3714/3853 2320/3874
f 2327/3862 3717/3856 3714/3853
f 2086/2094 2072/2080 2077/2085
f 2327/2335 2316/2324 2300/2308
f 2082/2090 2086/2094 2079/2087
f 2327/3862 2300/3864 2299/3863
f 2327/3862 2299/3863 3706/3843
f 2089/2097 2082/2090 2081/2089
f 2088/2096 2089/2097 2081/2089
f 2296/2304 2294/2302 2297/2305
f 2298/2306 2296/2304 2297/2305
f 2554/2590 2635/2681 2518/2545
f 2549/2584 2641/2687 2554/2590
f 2550/2585 2641/2687 2549/2584
f 2499/2520 2554/2590 2518/2545
f 2549/2584 2554/2590 2499/2520
f 2460/2473 2518/2545 2479/2497
f 2406/2414 2518/2545 2460/2473
f 2499/2520 2518/2545 2406/2414
f 2498/2519 2549/2584 2499/2520
f 2497/2518 2550/2585 2549/2584
f 2497/2518 2549/2584 2498/2519
f 2524/2555 2661/2710 2660/2709
f 2328/2336 2460/2473 2428/2436
f 2328/2336 2428/2436 2375/2383
f 2406/2414 2460/2473 2328/2336
f 2311/2319 2328/2336 2375/2383
f 2266/2274 2312/2320 2289/2297
f 2311/2319 2312/2320 2266/2274
f 3817/3967 3843/3994 3844/3995
f 3817/3967 3823/3974 3843/3994
f 3817/3967 3844/3995 2392/3968
f 3783/3931 3807/3957 3817/3967
f 2230/2238 2253/2261 2209/2217
f 3783/3931 3817/3967 2359/3947
f 3777/3925 3783/3931 2359/3947
f 2159/2167 2181/2189 2178/2186
f 2326/3940 3777/3925 2359/3947
f 2405/3919 3777/3925 2326/3940
f 2322/2330 2405/2413 2326/2334
f 2093/2101 2102/2110 2092/2100
f 2100/2108 2112/2120 2102/2110
f 2100/2108 2102/2110 2093/2101
f 2300/2308 2316/2324 2303/2311
f 2300/2308 2303/2311 2295/2303
f 2300/2308 2295/2303 2296/2304
f 2098/2106 2099/2107 2094/2102
f 2098/2106 2094/2102 2089/2097
f 2296/2304 2295/2303 2294/2302
f 2293/2301 2274/2282 2271/2279
f 2105/2113 2098/2106 2097/2105
f 2498/2519 2499/2520 2406/2414
f 2411/2419 2498/2519 2406/2414
f 2410/2418 2498/2519 2411/2419
f 2410/2418 2497/2518 2498/2519
f 2483/2503 2646/2694 2525/2556
f 2342/2350 2406/2414 2328/2336
f 2332/2340 2406/2414 2342/2350
f 2412/2420 2482/2502 2410/2418
f 2432/2440 2482/2502 2412/2420
f 2432/2440 2524/2555 2482/2502
f 2267/2275 2328/2336 2311/2319
f 2291/2299 2332/2340 2342/2350
f 2291/2299 2342/2350 2305/2313
f 2318/2326 2410/2418 2332/2340
f 2318/2326 2412/2420 2410/2418
f 2348/2356 2483/2503 2432/2440
f 2457/2470 2483/2503 2348/2356
f 2452/2463 2532/2565 2457/2470
f 2452/4004 3844/3995 2532/4027
f 2452/2463 2457/2470 2349/2357
f 2250/2258 2267/2275 2218/2226
f 2325/2333 2452/2463 2349/2357
f 2392/2400 2452/2463 2325/2333
f 2202/2210 2230/2238 2209/2217
f 2202/2210 2209/2217 2175/2183
f 2314/2322 2325/2333 2309/2317
f 2314/2322 2392/2400 2325/2333
f 2182/2190 2202/2210 2175/2183
f 2288/2296 2314/2322 2309/2317
f 2307/2315 2314/2322 2288/2296
f 2164/2172 2182/2190 2175/2183
f 2164/2172 2175/2183 2118/2126
f 2281/2289 2307/2315 2288/2296
f 2308/2316 2307/2315 2281/2289
f 2112/2120 2164/2172 2118/2126
f 2286/2294 2308/2316 2281/2289
f 2155/2163 2158/2166 2112/2120
f 2285/2293 2281/2289 2265/2273
f 2304/2312 2286/2294 2285/2293
f 2304/2312 2321/2329 2286/2294
f 2154/2162 2155/2163 2101/2109
f 2303/2311 2304/2312 2285/2293
f 2303/2311 2285/2293 2284/2292
f 2099/2107 2154/2162 2101/2109
f 2107/2115 2154/2162 2099/2107
f 2157/2165 2154/2162 2107/2115
f 2248/2256 2275/2283 2258/2266
f 2248/2256 2258/2266 2247/2255
f 2303/2311 2284/2292 2274/2282
f 2303/2311 2274/2282 2295/2303
f 2098/2106 2107/2115 2099/2107
f 2106/2114 2157/2165 2107/2115
f 2166/2174 2167/2175 2157/2165
f 2166/2174 2157/2165 2106/2114
f 2245/2253 2247/2255 2246/2254
f 2274/2282 2273/2281 2271/2279
f 2165/2173 2166/2174 2106/2114
f 2244/2252 2245/2253 2242/2250
f 2244/2252 2272/2280 2245/2253
f 2172/2180 2171/2179 2168/2176
f 2276/2284 2332/2340 2291/2299
f 2318/2326 2332/2340 2276/2284
f 2315/2323 2348/2356 2432/2440
f 2279/2287 2318/2326 2276/2284
f 2255/2263 2291/2299 2250/2258
f 2280/2288 2306/2314 2279/2287
f 2280/2288 2315/2323 2306/2314
f 2264/2272 2315/2323 2280/2288
f 2313/2321 2315/2323 2264/2272
f 2226/2234 2250/2258 2218/2226
f 2263/2271 2280/2288 2279/2287
f 2263/2271 2279/2287 2252/2260
f 2264/2272 2280/2288 2263/2271
f 2292/2300 2313/2321 2264/2272
f 2197/2205 2218/2226 2196/2204
f 2249/2257 2263/2271 2252/2260
f 2249/2257 2252/2260 2239/2247
f 2257/2265 2263/2271 2249/2257
f 2257/2265 2264/2272 2263/2271
f 2260/2268 2264/2272 2257/2265
f 2260/2268 2292/2300 2264/2272
f 2283/2291 2292/2300 2260/2268
f 2283/2291 2309/2317 2292/2300
f 2188/2196 2197/2205 2196/2204
f 2188/2196 2196/2204 2174/2182
f 2237/2245 2249/2257 2239/2247
f 2237/2245 2239/2247 2225/2233
f 2237/2245 2257/2265 2249/2257
f 2259/2267 2260/2268 2257/2265
f 2259/2267 2283/2291 2260/2268
f 2288/2296 2283/2291 2259/2267
f 2173/2181 2174/2182 2158/2166
f 2173/2181 2188/2196 2174/2182
f 2217/2225 2237/2245 2225/2233
f 2236/2244 2237/2245 2217/2225
f 2236/2244 2257/2265 2237/2245
f 2241/2249 2257/2265 2236/2244
f 2241/2249 2259/2267 2257/2265
f 2261/2269 2259/2267 2241/2249
f 2261/2269 2288/2296 2259/2267
f 2170/2178 2173/2181 2169/2177
f 2170/2178 2186/2194 2173/2181
f 2187/2195 2186/2194 2170/2178
f 2204/2212 2208/2216 2186/2194
f 2204/2212 2186/2194 2187/2195
f 2217/2225 2208/2216 2204/2212
f 2265/2273 2281/2289 2261/2269
f 2177/2185 2187/2195 2170/2178
f 2192/2200 2187/2195 2177/2185
f 2192/2200 2204/2212 2187/2195
f 2203/2211 2204/2212 2192/2200
f 2212/2220 2217/2225 2204/2212
f 2212/2220 2204/2212 2203/2211
f 2265/2273 2258/2266 2275/2283
f 2176/2184 2177/2185 2170/2178
f 2176/2184 2170/2178 2167/2175
f 2191/2199 2192/2200 2177/2185
f 2191/2199 2177/2185 2176/2184
f 2203/2211 2192/2200 2191/2199
f 2195/2203 2203/2211 2191/2199
f 2205/2213 2212/2220 2203/2211
f 2205/2213 2203/2211 2195/2203
f 2183/2191 2176/2184 2171/2179
f 2183/2191 2191/2199 2176/2184
f 2195/2203 2191/2199 2183/2191
f 2246/2254 2247/2255 2233/2241
f 2194/2202 2195/2203 2183/2191
f 2201/2209 2195/2203 2194/2202
f 2201/2209 2205/2213 2195/2203
f 2183/2191 2171/2179 2172/2180
f 2194/2202 2183/2191 2184/2192
f 2224/2232 2216/2224 2223/2231
f 2223/2231 2231/2239 2224/2232
f 2223/2231 2246/2254 2231/2239
f 2185/2193 2194/2202 2184/2192
f 2216/2224 2215/2223 2200/2208
f 2216/2224 2224/2232 2215/2223
